function	start	bytes	lengths
	00401000	10	
	00401010	10	
	00401020	12	
	00401030	10	
	00401040	10	
	00401050	10	
	00401060	12	
	00401070	10	
	00401080	10	
	00401090	16	
	004010a0	12	
	004010b0	10	
	004010c0	10	
	004010d0	16	
	004010e0	12	
	004010f0	10	
	00401100	2468	
	00401ab0	80	
00401ab0	00401b21	22	
	00401b40	610	
	00401db0	51	
	00401df0	179	
	00401eb0	324	
00401eb0	0040201b	203	
	00401ff4	39	
	004020f0	11	
	00402100	28	
	00402120	30	
	00402140	25	
	00402160	47	
	00402190	56	
	004021d0	24	
	004021f0	58	
	00402230	162	
00402230	004022fe	157	
	004022d2	38	
	004023a0	27	
	004023c0	99	
	00402430	116	
	004024b0	442	
004024b0	00402693	161	
	0040266a	38	
	00402740	37	
	00402770	95	
	004027d0	32	
	004027f0	729	
	00402ad0	25	
	00402af0	62	
	00402b30	512	
	00402d30	72	
	00402d80	72	
	00402dd0	156	
	00402e70	156	
	00402f10	212	
	00402ff0	216	
	004030d0	440	
	00403290	17	
	004032b0	282	
	004033d0	201	
	004034a0	1021	
	004038a0	1046	
	00403cc0	118	
	00403d40	27	
	00403d60	27	
	00403d80	6	
	00403d90	89	
	00403de9	33	
	00403e10	136	
	00403ea0	90	
	00403f00	27	
	00403f20	275	
	00404040	4	
	00404050	4	
	00404060	202	
	00404130	202	
	00404200	202	
	004042d0	30	
	004042f0	47	
	00404320	128	
	004043a0	128	
	00404420	150	
	004044c0	150	
	00404560	888	
	004048e0	888	
	00404c60	68	
	00404cb0	12	
	00404cc0	12	
	00404cd0	12	
	00404ce0	18	
	00404d00	3	
	00404d10	108	
	00404d80	3	
	00404d90	3	
	00404da0	5	
	00404db0	6	
	00404dc0	8	
	00404dd0	7	
	00404de0	7	
	00404df0	5	
	00404e00	18	
	00404e20	18	
	00404e40	4	
	00404e50	15	
	00404e60	139	
00404e60	00404f18	157	
	00404eeb	39	
	00404fc0	81	
	00405020	101	
00405020	004050b1	61	
	00405085	38	
	004050f0	480	
004050f0	004052f9	113	
	004052d0	38	
	00405370	276	
	00405490	7	
	004054a0	13	
	004054b0	25	
	004054d0	53	
	00405510	25	
	00405530	53	
	00405570	30	
	00405590	36	
	004055c0	36	
	004055f0	32	
	00405610	128	
	00405690	150	
	00405730	27	
	00405750	18	
	00405770	3	
	00405780	5	
	00405790	15	
	004057a0	84	
	00405800	84	
	00405860	84	
	004058c0	84	
	00405920	84	
	00405980	76	
	004059d0	84	
	00405a30	76	
	00405a80	42	
	00405ab0	8	
	00405ac0	10	
	00405ad0	16	
	00405ae0	12	
	00405af0	10	
	00405b00	10	
	00405b10	16	
	00405b20	12	
	00405b30	10	
	00405b40	10	
	00405b50	16	
	00405b60	12	
	00405b70	10	
	00405b80	10	
	00405b90	16	
	00405ba0	12	
	00405bb0	10	
	00405bc0	10	
	00405bd0	16	
	00405be0	12	
	00405bf0	10	
	00405c00	10	
	00405c10	16	
	00405c20	12	
	00405c30	10	
	00405c40	10	
	00405c50	16	
	00405c60	12	
	00405c70	10	
	00405c80	10	
	00405c90	13	
	00405ca0	12	
	00405cb0	10	
	00405cc0	10	
	00405cd0	16	
	00405ce0	12	
	00405cf0	10	
	00405d00	10	
	00405d10	16	
	00405d20	12	
	00405d30	10	
	00405d40	10	
	00405d50	1501	
	00406330	12	
	00406340	20	
	00406360	10	
	00406370	41	
	004063a0	12	
	004063b0	13	
	004063c0	118	
	00406440	141	
	004064d0	5	
	004064e0	4	
	004064f0	5	
	00406500	6	
	00406510	8	
	00406520	8	
	00406530	34	
	00406560	162	
	00406610	1577	
	00406c40	16	
	00406c50	2098	
	00407490	93	
	004074f0	158	
	00407590	8	
	004075a0	2937	
	00408120	53	
	00408160	270	
	00408270	254	
	00408370	28	
	00408390	2245	
	00408c60	51	
	00408ca0	51	
	00408ce0	51	
	00408d20	51	
	00408d60	51	
	00408da0	25	
	00408dc0	25	
	00408de0	16	
	00408df0	154	
	00408e90	154	
	00408f30	104	
	00408fa0	277	
	004090c0	299	
	004091f0	84	
	00409250	12	
	00409260	904	
	004095f0	51	
	00409630	151	
	004096d0	5	
	004096e0	17	
	00409700	12	
	00409710	12	
	00409720	17	
	00409740	17	
	00409760	17	
	00409780	17	
	004097a0	12	
	004097b0	17	
	004097d0	17	
	004097f0	12	
	00409800	17	
	00409820	12	
	00409830	17	
	00409850	17	
	00409870	17	
	00409890	17	
	004098b0	17	
	004098d0	17	
	004098f0	17	
	00409910	17	
	00409930	6	
	00409940	6	
	00409950	6	
	00409960	6	
	00409970	6	
	00409980	6	
	00409990	6	
	004099a0	6	
	004099b0	6	
	004099c0	6	
	004099d0	6	
	004099e0	6	
	004099f0	6	
	00409a00	6	
	00409a10	6	
	00409a20	6	
	00409a30	6	
	00409a40	6	
	00409a50	6	
	00409a60	6	
	00409a70	6	
	00409a80	6	
	00409a90	6	
	00409aa0	6	
	00409ab0	20	
	00409ad0	20	
	00409af0	6	
	00409b00	6	
	00409b10	19	
	00409b30	39	
	00409b60	500	
	00409d60	124	
	00409de0	79	
	00409e30	338	
00409e30	00409fab	196	
	00409f82	38	
	0040a070	37	
	0040a0a0	37	
	0040a0d0	37	
	0040a100	72	
	0040a150	18	
	0040a170	77	
	0040a1c0	84	
	0040a220	84	
	0040a280	84	
	0040a2e0	42	
	0040a310	84	
	0040a370	8	
	0040a380	888	
	0040a700	888	
	0040aa80	888	
	0040ae00	895	
	0040b180	895	
	0040b500	68	
	0040b550	12	
	0040b560	12	
	0040b570	12	
	0040b580	84	
	0040b5e0	76	
	0040b630	95	
	0040b690	109	
	0040b700	84	
	0040b760	84	
	0040b7c0	18	
	0040b7e0	5	
	0040b7f0	15	
	0040b800	18	
	0040b820	5	
	0040b830	18	
	0040b850	15	
	0040b860	18	
	0040b880	5	
	0040b890	15	
	0040b8a0	27	
	0040b8c0	76	
	0040b910	5	
	0040b920	20	
	0040b940	20	
	0040b960	4	
	0040b970	15	
	0040b980	39	
	0040b9b0	76	
	0040ba00	5	
	0040ba10	20	
	0040ba30	20	
	0040ba50	7	
	0040ba60	15	
	0040ba70	39	
	0040baa0	30	
	0040bac0	76	
	0040bb10	30	
	0040bb30	76	
	0040bb80	8	
	0040bb90	8	
	0040bba0	8	
	0040bbb0	8	
	0040bbc0	8	
	0040bbd0	8	
	0040bbe0	8	
	0040bbf0	10	
	0040bc00	16	
	0040bc10	12	
	0040bc20	10	
	0040bc30	10	
	0040bc40	16	
	0040bc50	12	
	0040bc60	10	
	0040bc70	118	
	0040bcf0	188	
	0040bdb0	5	
	0040bdc0	6	
	0040bdd0	8	
	0040bde0	8	
	0040bdf0	12	
	0040be00	13	
	0040be10	3	
	0040be20	7	
	0040be30	7	
	0040be40	14	
	0040be50	34	
	0040be80	145	
	0040bf20	25	
	0040bf40	3	
	0040bf50	1639	
	0040c5c0	525	
	0040c7d0	17	
	0040c7f0	1	
	0040c800	987	
	0040cbe0	1961	
	0040d390	208	
	0040d460	312	
	0040d640	38	
	0040d670	52	
	0040d6b0	191	
	0040d770	157	
	0040d840	72	
	0040d890	18	
	0040d8b0	888	
	0040dc30	148	
	0040dcd0	200	
	0040dda0	200	
	0040de70	68	
	0040dec0	12	
	0040ded0	12	
	0040dee0	12	
	0040def0	50	
	0040df30	50	
	0040df70	18	
	0040df90	5	
	0040dfa0	18	
	0040dfc0	4	
	0040dfd0	15	
	0040dfe0	4	
	0040dff0	8	
	0040e000	8	
	0040e010	8	
	0040e020	8	
	0040e030	8	
	0040e040	8	
	0040e050	8	
	0040e060	10	
	0040e070	16	
	0040e080	12	
	0040e090	10	
	0040e0a0	10	
	0040e0b0	16	
	0040e0c0	12	
	0040e0d0	10	
	0040e0e0	10	
	0040e0f0	16	
	0040e100	12	
	0040e110	10	
	0040e120	10	
	0040e130	16	
	0040e140	12	
	0040e150	10	
	0040e160	10	
	0040e170	16	
	0040e180	12	
	0040e190	10	
	0040e1a0	10	
	0040e1b0	13	
	0040e1c0	12	
	0040e1d0	10	
	0040e1e0	10	
	0040e1f0	16	
	0040e200	12	
	0040e210	10	
	0040e220	10	
	0040e230	16	
	0040e240	12	
	0040e250	10	
	0040e260	10	
	0040e270	13	
	0040e280	12	
	0040e290	10	
	0040e2a0	10	
	0040e2b0	10	
	0040e2c0	12	
	0040e2d0	10	
	0040e2e0	5	
	0040e2f0	14	
	0040e300	10	
	0040e310	16	
	0040e320	12	
	0040e330	10	
	0040e340	118	
	0040e3c0	3257	
	0040f080	5	
	0040f090	6	
	0040f0a0	220	
	0040f180	7	
	0040f190	21	
	0040f1b0	21	
	0040f1d0	21	
	0040f1f0	21	
	0040f210	21	
	0040f230	21	
	0040f250	21	
	0040f270	21	
	0040f290	21	
	0040f2b0	16	
	0040f2c0	17	
	0040f2e0	7	
	0040f2f0	7	
	0040f300	7	
	0040f310	7	
	0040f320	7	
	0040f330	7	
	0040f340	7	
	0040f350	7	
	0040f360	7	
	0040f370	7	
	0040f380	7	
	0040f390	7	
	0040f3a0	20	
	0040f3c0	29	
	0040f3e0	11	
	0040f3f0	13	
	0040f400	7	
	0040f410	7	
	0040f420	19	
	0040f440	18	
	0040f460	7	
	0040f470	18	
	0040f490	7	
	0040f4a0	18	
	0040f4c0	7	
	0040f4d0	7	
	0040f4e0	7	
	0040f4f0	19	
	0040f510	19	
	0040f530	107	
	0040f5a0	323	
	0040f6f0	76	
	0040f740	138	
	0040f7d0	7	
	0040f7e0	13	
	0040f7f0	7	
	0040f800	90	
	0040f860	17	
	0040f880	7	
	0040f890	7	
	0040f8a0	7	
	0040f8b0	22	
	0040f8d0	7	
	0040f8e0	7	
	0040f8f0	11	
	0040f900	7	
	0040f910	7	
	0040f920	34	
	0040f950	35	
	0040f980	102	
	0040f9f0	2594	
	00410420	3243	
00410420	004110d8	43	
	004110cb	13	
	00411110	377	
	00411290	192	
	00411350	117	
	004113d0	5	
	004113e0	65	
	00411430	65	
	00411480	1204	
	00411950	32	
	00411980	1204	
	00411e40	1211	
	00412300	1218	
	004127d0	1218	
	00412ca0	1174	
	00413140	2069	
	00413960	1215	
	00413e20	868	
	00414190	19	
	004141b0	1199	
	00414660	1420	
	00414bf0	1351	
	00415140	16	
	00415150	82	
	004151b0	4	
	004151c0	30	
	004151e0	7	
	004151f0	39	
	00415220	39	
	00415250	30	
	00415270	109	
	004152e0	32	
	00415300	30	
	00415320	43	
	00415350	426	
	00415500	104	
	00415570	1050	
	00415990	43	
	004159c0	320	
	00415b00	2019	
	004162f0	15	
	00416300	703	
	004165c0	666	
	00416860	147	
	00416900	62	
	00416940	676	
	00416bf0	562	
	00416e30	433	
	00416ff0	996	
	004173e0	1075	
	00417820	1106	
	00417c80	19	
	00417ca0	20	
	00417cc0	20	
	00417ce0	467	
	00417ec0	19	
	00417ee0	27	
	00417f00	27	
	00417f20	27	
	00417f40	27	
	00417f60	30	
	00417f80	30	
	00417fa0	30	
	00417fc0	30	
	00417fe0	30	
	00418000	140	
	00418090	213	
	00418170	213	
	00418250	213	
	00418330	1036	
	00418740	1007	
	00418b30	210	
	00418c10	77	
	00418c60	213	
	00418d40	213	
	00418e20	213	
	00418f00	213	
	00418fe0	238	
	004190d0	99	
	00419140	333	
	00419290	164	
	00419340	19	
	00419360	36	
	00419390	36	
	004193c0	627	
	00419640	171	
	004196f0	529	
	00419910	473	
	00419af0	464	
	00419cc0	869	
	0041a030	60	
	0041a070	266	
	0041a180	15	
	0041a190	15	
	0041a1a0	565	
	0041a3e0	213	
	0041a4c0	7	
	0041a4d0	22	
	0041a4f0	213	
	0041a5d0	11	
	0041a5e0	206	
	0041a6ae	6	
	0041a6c0	206	
	0041a78e	6	
	0041a7a0	76	
	0041a7ec	6	
	0041a800	206	
	0041a8ce	6	
	0041a8e0	64	
	0041a920	6	
	0041a930	206	
	0041a9fe	6	
	0041aa10	206	
	0041aade	6	
	0041aaf0	206	
	0041abbe	6	
	0041abd0	216	
	0041aca8	6	
	0041acb0	84	
	0041ad04	6	
	0041ad10	64	
	0041ad50	6	
	0041ad60	17	
	0041ad80	471	
	0041af60	51	
	0041afa0	51	
	0041afe0	499	
	0041b1e0	535	
	0041b400	499	
	0041b600	499	
	0041b800	499	
	0041ba00	499	
	0041bc00	202	
	0041bcd0	499	
	0041bed0	499	
	0041c0d0	225	
	0041c1c0	220	
	0041c2a0	498	
	0041c4a0	61	
	0041c510	251	
	0041c610	96	
	0041c670	569	
	0041c8b0	203	
	0041c980	1265	
	0041ce80	58	
	0041ced0	128	
0041ced0	0041cf5c	104	
	0041cf50	6	
	0041cfd0	204	
	0041d0a0	142	
	0041d130	27	
	0041d150	175	
	0041d200	89	
	0041d260	37	
	0041d290	37	
	0041d2c0	69	
	0041d310	44	
	0041d340	38	
	0041d370	13	
	0041d380	248	
	0041d480	241	
	0041d580	692	
	0041d840	171	
	0041d8f0	160	
	0041d990	350	
	0041daf0	169	
	0041dba0	160	
	0041dc40	261	
	0041dd50	198	
	0041de20	438	
	0041dfe0	569	
	0041e220	70	
	0041e270	62	
	0041e2b0	294	
	0041e3e0	41	
	0041e410	38	
	0041e440	38	
	0041e470	69	
	0041e4c0	69	
	0041e510	72	
	0041e560	4	
	0041e570	18	
	0041e590	1	
	0041e5a0	8	
	0041e5b0	104	
	0041e620	30	
	0041e640	30	
	0041e660	30	
	0041e680	30	
	0041e6a0	105	
	0041e710	80	
	0041e760	84	
	0041e7c0	159	
	0041e860	81	
	0041e8c0	87	
	0041e920	89	
	0041e980	84	
	0041e9e0	76	
	0041ea30	65	
	0041ea80	129	
	0041eb10	77	
	0041eb60	168	
	0041ec10	250	
	0041ed10	21	
	0041ed30	888	
	0041f0b0	234	
	0041f1a0	75	
	0041f1f0	180	
	0041f2b0	8	
	0041f2c0	186	
	0041f380	23	
	0041f3a0	124	
	0041f420	152	
	0041f4c0	220	
	0041f5a0	39	
	0041f5d0	135	
	0041f660	138	
	0041f6f0	135	
	0041f780	50	
	0041f7c0	307	
	0041f900	27	
	0041f920	30	
	0041f940	111	
	0041f9b0	349	
	0041fb10	200	
	0041fbe0	236	
	0041fcd0	94	
	0041fd30	68	
	0041fd80	12	
	0041fd90	12	
	0041fda0	12	
	0041fdb0	30	
	0041fdd0	111	
	0041fe40	84	
	0041fea0	96	
	0041ff00	30	
	0041ff20	84	
	0041ff80	40	
	0041ffb0	84	
	00420010	83	
	00420070	84	
	004200d0	83	
	00420130	84	
	00420190	83	
	004201f0	84	
	00420250	221	
	00420330	280	
	00420450	40	
	00420480	136	
	00420510	84	
	00420570	31	
	00420590	84	
	004205f0	14	
	00420600	84	
	00420660	157	
	00420700	84	
	00420760	84	
	004207c0	84	
	00420820	83	
	00420880	87	
	004208e0	106	
	00420950	79	
	004209a0	84	
	00420a00	160	
	00420aa0	420	
	00420c50	138	
	00420ce0	18	
	00420d00	5	
	00420d10	5	
	00420d20	15	
	00420d30	8	
	00420d40	8	
	00420d50	8	
	00420d60	8	
	00420d70	8	
	00420d80	8	
	00420d90	8	
	00420da0	8	
	00420db0	8	
	00420dc0	8	
	00420dd0	8	
	00420de0	8	
	00420df0	8	
	00420e00	8	
	00420e10	8	
	00420e20	8	
	00420e30	8	
	00420e40	8	
	00420e50	8	
	00420e60	8	
	00420e70	116	
	00420ef0	18	
	00420f10	30	
	00420f30	11	
	00420f40	10	
	00420f50	16	
	00420f60	12	
	00420f70	10	
	00420f80	10	
	00420f90	16	
	00420fa0	12	
	00420fb0	10	
	00420fc0	118	
	00421040	594	
	004212a0	5	
	004212b0	6	
	004212c0	7	
	004212d0	7	
	004212e0	7	
	004212f0	7	
	00421300	13	
	00421310	7	
	00421320	16	
	00421330	21	
	00421350	16	
	00421360	21	
	00421380	16	
	00421390	21	
	004213b0	12	
	004213c0	12	
	004213d0	34	
	00421400	22	
	00421420	7	
	00421430	19	
	00421450	19	
	00421470	19	
	00421490	19	
	004214b0	19	
	004214d0	19	
	004214f0	60	
	00421530	39	
	00421560	16	
	00421570	21	
	00421590	26	
	004215b0	26	
	004215d0	16	
	004215e0	8	
	004215f0	54	
	00421630	54	
	00421670	30	
	00421690	7	
	004216a0	17	
	004216c0	7	
	004216d0	7	
	004216e0	40	
	00421710	40	
	00421740	40	
	00421770	7	
	00421780	7	
	00421790	13	
	004217a0	7	
	004217b0	7	
	004217c0	7	
	004217d0	7	
	004217e0	7	
	004217f0	7	
	00421800	7	
	00421810	7	
	00421820	13	
	00421830	7	
	00421840	7	
	00421850	7	
	00421860	7	
	00421870	34	
	004218a0	385	
	00421a30	210	
	00421b10	1808	
	00422220	133	
	004222b0	150	
	00422350	30	
	00422370	151	
	00422410	23	
	00422430	265	
	00422540	43	
	00422570	48	
	004225a0	41	
	004225d0	46	
	00422600	57	
	00422640	41	
	00422670	46	
	004226a0	57	
	004226e0	20	
	00422700	20	
	00422720	20	
	00422740	20	
	00422760	20	
	00422780	27	
	004227a0	27	
	004227c0	465	
	004229a0	51	
	004229e0	424	
	00422b90	67	
	00422be0	103	
	00422c50	73	
	00422ca0	187	
	00422d60	8	
	00422d70	385	
	00422f00	207	
	00422fd0	191	
	00423090	217	
	00423170	85	
	004231d0	137	
	00423260	33	
	00423290	944	
	00423640	1058	
	00423a70	806	
	00423da0	820	
	004240e0	1271	
	004245f0	374	
	00424770	820	
	00424ab0	233	
	00424ba0	879	
	00424f52	2	
00424f52	00424f56	49	
00424f52	00425365	21	
	00425390	2748	
	00425e70	762	
	00426170	388	
	00426300	388	
	00426490	388	
	00426620	388	
	004267b0	388	
	00426940	1268	
	00426e40	1155	
	004272d0	1169	
	00427770	1263	
	00427c60	762	
	00427f60	1630	
	004285c0	1535	
	00428bc0	998	
	00428fb0	388	
	00429140	1332	
	00429680	926	
	00429a20	186	
	00429ae0	1918	
	0042a260	64	
	0042a2a0	70	
	0042a2f0	64	
	0042a330	667	
	0042a5d0	529	
	0042a7f0	1109	
	0042ac50	584	
	0042aea0	960	
	0042b260	18	
	0042b280	251	
	0042b380	313	
	0042b4c0	391	
	0042b650	38	
	0042b680	43	
	0042b6b0	65	
	0042b700	64	
	0042b740	112	
	0042b7b0	33	
	0042b7e0	31	
	0042b800	104	
	0042b870	135	
	0042b900	53	
	0042b940	58	
	0042b980	58	
	0042b9c0	58	
	0042ba00	58	
	0042ba40	62	
	0042ba80	62	
	0042bac0	62	
	0042bb00	109	
	0042bb70	109	
	0042bbe0	109	
	0042bc50	225	
	0042bd40	129	
	0042bdd0	145	
	0042be70	142	
	0042bf00	114	
	0042bf80	442	
	0042c140	804	
	0042c470	221	
	0042c550	195	
	0042c620	241	
	0042c720	49	
	0042c760	208	
	0042c830	1027	
	0042cc40	607	
	0042cea0	80	
	0042cef0	45	
	0042cf20	447	
	0042d0e0	27	
	0042d100	20	
	0042d120	503	
	0042d320	158	
	0042d3c0	63	
	0042d400	113	
	0042d480	68	
	0042d4d0	68	
	0042d520	10	
	0042d530	74	
	0042d580	110	
	0042d5f0	15	
	0042d600	15	
	0042d610	26	
	0042d630	475	
	0042d810	83	
	0042d870	25	
	0042d890	25	
	0042d8b0	76	
	0042d900	236	
	0042d9f0	622	
	0042dc60	221	
	0042dd40	58	
	0042dd80	543	
	0042dfa0	624	
	0042e210	46	
	0042e240	567	
	0042e480	260	
	0042e590	119	
	0042e610	441	
	0042e7d0	39	
	0042e800	377	
	0042e980	34	
	0042e9b0	72	
	0042ea00	69	
	0042ea50	99	
	0042eac0	7	
	0042ead0	211	
	0042ebb0	80	
	0042ec00	83	
	0042ec60	88	
	0042ecc0	75	
	0042ed10	578	
	0042ef60	107	
	0042efd0	65	
	0042f020	59	
	0042f060	63	
	0042f0a0	46	
	0042f0d0	172	
	0042f180	37	
	0042f1b0	37	
	0042f1e0	37	
	0042f210	83	
	0042f270	72	
	0042f2c0	18	
	0042f2e0	104	
	0042f350	888	
	0042f6d0	136	
	0042f760	68	
	0042f7b0	12	
	0042f7c0	12	
	0042f7d0	12	
	0042f7e0	181	
	0042f8a0	185	
	0042f960	18	
	0042f980	5	
	0042f990	15	
	0042f9a0	30	
	0042f9c0	8	
	0042f9d0	8	
	0042f9e0	8	
	0042f9f0	8	
	0042fa00	8	
	0042fa10	8	
	0042fa20	8	
	0042fa30	8	
	0042fa40	8	
	0042fa50	8	
	0042fa60	8	
	0042fa70	8	
	0042fa80	8	
	0042fa90	8	
	0042faa0	8	
	0042fab0	8	
	0042fac0	8	
	0042fad0	8	
	0042fae0	8	
	0042faf0	8	
	0042fb00	8	
	0042fb10	8	
	0042fb20	8	
	0042fb30	8	
	0042fb40	8	
	0042fb50	8	
	0042fb60	8	
	0042fb70	8	
	0042fb80	8	
	0042fb90	8	
	0042fba0	8	
	0042fbb0	8	
	0042fbc0	8	
	0042fbd0	8	
	0042fbe0	8	
	0042fbf0	10	
	0042fc00	16	
	0042fc10	12	
	0042fc20	10	
	0042fc30	10	
	0042fc40	16	
	0042fc50	12	
	0042fc60	10	
	0042fc70	10	
	0042fc80	16	
	0042fc90	12	
	0042fca0	10	
	0042fcb0	10	
	0042fcc0	16	
	0042fcd0	12	
	0042fce0	10	
	0042fcf0	10	
	0042fd00	16	
	0042fd10	12	
	0042fd20	10	
	0042fd30	10	
	0042fd40	1501	
	00430320	12	
	00430330	20	
	00430350	10	
	00430360	13	
	00430370	12	
	00430380	10	
	00430390	10	
	004303a0	16	
	004303b0	12	
	004303c0	10	
	004303d0	10	
	004303e0	16	
	004303f0	12	
	00430400	10	
	00430410	118	
	00430490	388	
	00430620	5	
	00430630	6	
	00430640	7	
	00430650	7	
	00430660	5	
	00430670	7	
	00430680	16	
	00430690	21	
	004306b0	13	
	004306c0	7	
	004306d0	13	
	004306e0	7	
	004306f0	8	
	00430700	8	
	00430710	21	
	00430730	8	
	00430740	8	
	00430750	8	
	00430760	21	
	00430780	8	
	00430790	21	
	004307b0	8	
	004307c0	8	
	004307d0	8	
	004307e0	8	
	004307f0	8	
	00430800	8	
	00430810	8	
	00430820	8	
	00430830	8	
	00430840	8	
	00430850	21	
	00430870	8	
	00430880	8	
	00430890	8	
	004308a0	8	
	004308b0	8	
	004308c0	8	
	004308d0	8	
	004308e0	8	
	004308f0	8	
	00430900	21	
	00430920	8	
	00430930	8	
	00430940	8	
	00430950	21	
	00430970	8	
	00430980	8	
	00430990	8	
	004309a0	16	
	004309b0	36	
	004309e0	7	
	004309f0	7	
	00430a00	19	
	00430a20	7	
	00430a30	8	
	00430a40	8	
	00430a50	8	
	00430a60	19	
	00430a80	7	
	00430a90	7	
	00430aa0	8	
	00430ab0	8	
	00430ac0	8	
	00430ad0	7	
	00430ae0	7	
	00430af0	8	
	00430b00	21	
	00430b20	7	
	00430b30	21	
	00430b50	7	
	00430b60	7	
	00430b70	8	
	00430b80	98	
	00430bf0	7	
	00430c00	8	
	00430c10	8	
	00430c20	7	
	00430c30	8	
	00430c40	8	
	00430c50	8	
	00430c60	7	
	00430c70	13	
	00430c80	7	
	00430c90	7	
	00430ca0	14	
	00430cb0	7	
	00430cc0	8	
	00430cd0	7	
	00430ce0	34	
	00430d10	102	
	00430d80	301	
	00430eb0	76	
	00430f00	1097	
	00431350	2027	
00431350	00431c56	82	
	00431b3b	140	
	00431bc7	140	
	00431cb0	237	
	00431da0	30	
	00431dc0	45	
	00431df0	20	
	00431e10	11	
	00431e20	16	
	00431e30	175	
	00431ee0	15	
	00431ef0	77	
	00431f40	6	
	00431f50	4	
	00431f60	43	
	00431f90	151	
	00432030	156	
	004320d0	20	
	004320f0	20	
	00432110	5	
	00432120	30	
	00432140	47	
	00432170	30	
	00432190	59	
	004321d0	11	
	004321e0	873	
	00432550	30	
	00432570	201	
	00432640	5	
	00432650	259	
	00432760	27	
	00432780	30	
	004327a0	90	
	00432800	104	
	00432870	104	
	004328e0	16	
	004328f0	148	
	00432990	275	
	00432ab0	45	
	00432ae0	260	
	00432bf0	23	
	00432c10	23	
	00432c30	23	
	00432c50	23	
	00432c70	23	
	00432c90	23	
	00432cb0	23	
	00432cd0	23	
	00432cf0	23	
	00432d10	23	
	00432d30	23	
	00432d50	23	
	00432d70	23	
	00432d90	23	
	00432db0	23	
	00432dd0	23	
	00432df0	23	
	00432e10	23	
	00432e30	23	
	00432e50	23	
	00432e70	23	
	00432e90	23	
	00432eb0	23	
	00432ed0	23	
	00432ef0	23	
	00432f10	23	
	00432f30	23	
	00432f50	23	
	00432f70	23	
	00432f90	23	
	00432fb0	23	
	00432fd0	23	
	00432ff0	23	
	00433010	23	
	00433030	23	
	00433050	23	
	00433070	23	
	00433090	23	
	004330b0	23	
	004330d0	23	
	004330f0	23	
	00433110	23	
	00433130	23	
	00433150	23	
	00433170	23	
	00433190	23	
	004331b0	23	
	004331d0	23	
	004331f0	23	
	00433210	23	
	00433230	23	
	00433250	23	
	00433270	23	
	00433290	23	
	004332b0	465	
	00433490	210	
	00433570	68	
	004335c0	16	
	004335d0	517	
	004337e0	68	
	00433830	624	
	00433aa0	16	
	00433ab0	30	
	00433ad0	336	
	00433c20	467	
	00433e00	406	
	00433fa0	48	
	00433fd0	490	
	004341c0	116	
	00434240	368	
	004343b0	47	
	004343e0	27	
	00434400	30	
	00434420	88	
	00434480	491	
	00434670	32	
	00434690	28	
	004346b0	156	
	00434750	118	
	004347d0	217	
	004348b0	76	
	00434900	45	
	00434930	20	
	00434950	592	
	00434ba0	284	
	00434cc0	273	
	00434de0	212	
	00434ec0	214	
	00434fa0	209	
	00435080	212	
	00435160	212	
	00435240	226	
	00435330	406	
	004354d0	412	
	00435670	306	
	004357b0	210	
	00435890	212	
	00435970	216	
	00435a50	220	
	00435b30	212	
	00435c10	226	
	00435d00	266	
	00435e10	292	
	00435f40	212	
	00436020	212	
	00436100	212	
	004361e0	212	
	004362c0	228	
	004363b0	212	
	00436490	212	
	00436570	212	
	00436650	212	
	00436730	212	
	00436810	212	
	004368f0	216	
	004369d0	212	
	00436ab0	211	
	00436b90	199	
	00436c60	240	
	00436d50	583	
	00436fa0	368	
	00437110	368	
	00437280	279	
	004373a0	267	
	004374b0	254	
	004375b0	959	
	00437970	16	
	00437980	2234	
	00438240	1194	
	004386f0	640	
	00438970	615	
	00438be0	60	
	00438c20	110	
	00438c90	62	
	00438cd0	13	
	00438ce0	226	
	00438dd0	320	
	00438f10	150	
	00438fb0	233	
	004390a0	1101	
	004394f0	65	
	00439540	93	
	004395a0	303	
	004396d0	10	
	004396e0	149	
	00439780	527	
	00439990	15	
	004399a0	112	
	00439a10	67	
	00439a60	462	
	00439c30	51	
	00439c70	428	
	00439e20	28	
	00439e40	33	
	00439e70	5	
	00439e80	188	
	00439f40	114	
	00439fc0	63	
	0043a000	269	
	0043a110	45	
	0043a140	568	
	0043a380	37	
	0043a3b0	22	
	0043a3d0	58	
	0043a410	37	
	0043a440	72	
	0043a490	18	
	0043a4b0	433	
0043a4b0	0043a68a	176	
	0043a661	38	
	0043a740	269	
	0043a850	106	
	0043a8c0	28	
	0043a8e0	23	
	0043a900	128	
	0043a980	150	
	0043aa20	888	
	0043ada0	89	
	0043ae00	12	
	0043ae10	12	
	0043ae20	12	
	0043ae30	12	
	0043ae40	18	
	0043ae60	5	
	0043ae70	4	
	0043ae80	15	
	0043ae90	8	
	0043aea0	8	
	0043aeb0	8	
	0043aec0	8	
	0043aed0	8	
	0043aee0	8	
	0043aef0	8	
	0043af00	8	
	0043af10	8	
	0043af20	8	
	0043af30	8	
	0043af40	8	
	0043af50	8	
	0043af60	8	
	0043af70	8	
	0043af80	8	
	0043af90	8	
	0043afa0	8	
	0043afb0	8	
	0043afc0	8	
	0043afd0	8	
	0043afe0	8	
	0043aff0	8	
	0043b000	8	
	0043b010	8	
	0043b020	8	
	0043b030	8	
	0043b040	8	
	0043b050	8	
	0043b060	8	
	0043b070	8	
	0043b080	8	
	0043b090	8	
	0043b0a0	8	
	0043b0b0	8	
	0043b0c0	8	
	0043b0d0	8	
	0043b0e0	8	
	0043b0f0	8	
	0043b100	8	
	0043b110	8	
	0043b120	8	
	0043b130	8	
	0043b140	8	
	0043b150	8	
	0043b160	8	
	0043b170	8	
	0043b180	8	
	0043b190	8	
	0043b1a0	8	
	0043b1b0	8	
	0043b1c0	8	
	0043b1d0	8	
	0043b1e0	8	
	0043b1f0	8	
	0043b200	8	
	0043b210	8	
	0043b220	8	
	0043b230	8	
	0043b240	8	
	0043b250	8	
	0043b260	8	
	0043b270	8	
	0043b280	8	
	0043b290	8	
	0043b2a0	8	
	0043b2b0	8	
	0043b2c0	8	
	0043b2d0	8	
	0043b2e0	8	
	0043b2f0	8	
	0043b300	8	
	0043b310	8	
	0043b320	8	
	0043b330	8	
	0043b340	8	
	0043b350	8	
	0043b360	8	
	0043b370	8	
	0043b380	8	
	0043b390	8	
	0043b3a0	8	
	0043b3b0	8	
	0043b3c0	8	
	0043b3d0	8	
	0043b3e0	10	
	0043b3f0	16	
	0043b400	12	
	0043b410	10	
	0043b420	10	
	0043b430	16	
	0043b440	12	
	0043b450	10	
	0043b460	118	
	0043b4e0	67	
	0043b530	5	
	0043b540	6	
	0043b550	8	
	0043b560	26	
	0043b580	26	
	0043b5a0	18	
	0043b5c0	21	
	0043b5e0	21	
	0043b600	16	
	0043b610	16	
	0043b620	29	
	0043b640	31	
	0043b660	21	
	0043b680	16	
	0043b690	8	
	0043b6a0	34	
	0043b6d0	53	
	0043b710	47	
	0043b740	12	
	0043b750	12	
	0043b760	8	
	0043b770	8	
	0043b780	8	
	0043b790	8	
	0043b7a0	8	
	0043b7b0	8	
	0043b7c0	8	
	0043b7d0	8	
	0043b7e0	8	
	0043b7f0	8	
	0043b800	8	
	0043b810	8	
	0043b820	8	
	0043b830	1093	
	0043bc80	30	
	0043bca0	165	
	0043bd50	125	
	0043bdd0	10	
	0043bde0	16	
	0043bdf0	12	
	0043be00	10	
	0043be10	10	
	0043be20	16	
	0043be30	12	
	0043be40	10	
	0043be50	151	
	0043bef0	30	
	0043bf10	243	
	0043c010	267	
	0043c120	124	
	0043c1a0	65	
	0043c1f0	184	
	0043c2b0	57	
	0043c2f0	516	
	0043c500	230	
	0043c5f0	61	
	0043c630	45	
	0043c660	35	
	0043c690	51	
	0043c6d0	51	
	0043c710	35	
	0043c740	47	
	0043c770	12	
	0043c780	12	
	0043c790	10	
	0043c7a0	16	
	0043c7b0	12	
	0043c7c0	10	
	0043c7d0	10	
	0043c7e0	16	
	0043c7f0	12	
	0043c800	10	
	0043c810	194	
	0043c8e0	4	
	0043c8f0	10	
	0043c900	12	
	0043c910	11	
	0043c920	4	
	0043c930	10	
	0043c940	4	
	0043c950	34	
	0043c980	7	
	0043c990	5	
	0043c9a0	32	
	0043c9c0	92	
	0043ca20	30	
	0043ca40	108	
	0043cab0	267	
	0043cbc0	47	
	0043cbf0	12	
	0043cc00	12	
	0043cc10	10	
	0043cc20	16	
	0043cc30	12	
	0043cc40	10	
	0043cc50	10	
	0043cc60	16	
	0043cc70	12	
	0043cc80	10	
	0043cc90	133	
	0043cd20	30	
	0043cd40	234	
	0043ce30	267	
	0043cf40	287	
	0043d060	174	
	0043d110	49	
	0043d150	53	
	0043d190	47	
	0043d1c0	12	
	0043d1d0	12	
	0043d1e0	144	
	0043d270	30	
	0043d290	31	
	0043d2b0	57	
	0043d2f0	35	
	0043d320	56	
	0043d360	52	
	0043d3a0	131	
	0043d430	124	
	0043d4b0	206	
	0043d580	10	
	0043d590	16	
	0043d5a0	12	
	0043d5b0	10	
	0043d5c0	10	
	0043d5d0	16	
	0043d5e0	12	
	0043d5f0	10	
	0043d600	10	
	0043d610	46	
	0043d640	12	
	0043d650	20	
	0043d670	10	
	0043d680	46	
	0043d6b0	12	
	0043d6c0	20	
	0043d6e0	10	
	0043d6f0	46	
	0043d720	12	
	0043d730	20	
	0043d750	570	
	0043d990	21	
	0043d9b0	265	
	0043dac0	955	
	0043de80	705	
	0043e150	723	
	0043e430	1350	
	0043e980	49	
	0043e9c0	133	
	0043ea50	713	
	0043ed20	1224	
	0043f1f0	319	
	0043f330	990	
	0043f710	352	
	0043f870	68	
	0043f8c0	12	
	0043f8d0	12	
	0043f8e0	12	
	0043f8f0	10	
	0043f900	16	
	0043f910	12	
	0043f920	10	
	0043f930	10	
	0043f940	16	
	0043f950	12	
	0043f960	10	
	0043f970	151	
	0043fa10	30	
	0043fa30	149	
	0043fad0	325	
	0043fc20	47	
	0043fc50	12	
	0043fc60	12	
	0043fc70	10	
	0043fc80	16	
	0043fc90	12	
	0043fca0	10	
	0043fcb0	10	
	0043fcc0	16	
	0043fcd0	12	
	0043fce0	10	
	0043fcf0	10	
	0043fd00	16	
	0043fd10	12	
	0043fd20	10	
	0043fd30	129	
	0043fdc0	5	
	0043fdd0	30	
	0043fdf0	95	
	0043fe50	95	
	0043feb0	19	
	0043fed0	357	
	00440040	214	
	00440120	184	
	004401e0	97	
	00440250	68	
	004402a0	12	
	004402b0	12	
	004402c0	12	
	004402d0	10	
	004402e0	16	
	004402f0	12	
	00440300	10	
	00440310	10	
	00440320	16	
	00440330	12	
	00440340	10	
	00440350	395	
	004404e0	90	
	00440540	5	
	00440550	30	
	00440570	117	
	004405f0	98	
	00440660	19	
	00440680	467	
	00440860	581	
	00440ab0	38	
	00440ae0	44	
	00440b10	51	
	00440b50	1109	
	00440fb0	943	
	00441360	23	
	00441380	369	
	00441500	68	
	00441550	12	
	00441560	12	
	00441570	12	
	00441580	10	
	00441590	16	
	004415a0	12	
	004415b0	10	
	004415c0	10	
	004415d0	16	
	004415e0	12	
	004415f0	10	
	00441600	10	
	00441610	16	
	00441620	12	
	00441630	10	
	00441640	10	
	00441650	16	
	00441660	12	
	00441670	10	
	00441680	123	
	00441700	74	
	00441750	5	
	00441760	6	
	00441770	7	
	00441780	8	
	00441790	21	
	004417b0	13	
	004417c0	11	
	004417d0	26	
	004417f0	7	
	00441800	8	
	00441810	8	
	00441820	25	
	00441840	16	
	00441850	17	
	00441870	16	
	00441880	22	
	004418a0	17	
	004418c0	17	
	004418e0	16	
	004418f0	7	
	00441900	8	
	00441910	16	
	00441920	16	
	00441930	17	
	00441950	7	
	00441960	8	
	00441970	16	
	00441980	34	
	004419b0	53	
	004419f0	266	
	00441b00	222	
	00441be0	529	
	00441e00	102	
	00441e70	39	
	00441ea0	97	
	00441f10	100	
	00441f80	174	
	00442030	82	
	00442110	101	
	00442180	54	
	004421c0	556	
	004423f0	582	
	00442640	303	
	00442770	320	
	004428b0	320	
	004429f0	254	
	00442af0	229	
	00442be0	281	
	00442d00	440	
	00442ec0	313	
	00443000	135	
	00443090	322	
	004431e0	55	
	00443220	744	
	00443510	35	
	00443540	281	
	00443660	285	
	00443780	47	
	004437b0	37	
	004437e0	625	
	00443a60	113	
	00443ae0	72	
	00443b30	21	
	00443b50	19	
	00443b70	18	
	00443b90	29	
	00443bb0	116	
	00443c30	68	
	00443c80	12	
	00443c90	12	
	00443ca0	12	
	00443cb0	30	
	00443cd0	14	
	00443ce0	222	
	00443dc0	160	
	00443e60	50	
	00443ea0	8	
	00443eb0	8	
	00443ec0	8	
	00443ed0	8	
	00443ee0	8	
	00443ef0	8	
	00443f00	8	
	00443f10	8	
	00443f20	8	
	00443f30	8	
	00443f40	8	
	00443f50	8	
	00443f60	8	
	00443f70	8	
	00443f80	8	
	00443f90	8	
	00443fa0	8	
	00443fb0	8	
	00443fc0	8	
	00443fd0	8	
	00443fe0	8	
	00443ff0	8	
	00444000	8	
	00444010	8	
	00444020	8	
	00444030	8	
	00444040	8	
	00444050	8	
	00444060	8	
	00444070	8	
	00444080	8	
	00444090	8	
	004440a0	8	
	004440b0	8	
	004440c0	10	
	004440d0	16	
	004440e0	12	
	004440f0	10	
	00444100	10	
	00444110	16	
	00444120	12	
	00444130	10	
	00444140	10	
	00444150	16	
	00444160	12	
	00444170	10	
	00444180	10	
	00444190	16	
	004441a0	12	
	004441b0	10	
	004441c0	30	
	004441e0	5	
	004441f0	30	
	00444210	279	
	00444330	18	
	00444350	94	
	004443b0	20	
	004443d0	250	
	004444d0	137	
	00444560	118	
	004445e0	349	
	00444740	500	
	00444940	32	
	00444960	139	
	004449f0	60	
	00444a30	60	
	00444a70	895	
	00444df0	895	
	00445170	47	
	004451a0	12	
	004451b0	12	
	004451c0	18	
	004451e0	5	
	004451f0	20	
	00445210	20	
	00445230	15	
	00445240	33	
	00445270	18	
	00445290	5	
	004452a0	20	
	004452c0	20	
	004452e0	15	
	004452f0	48	
	00445320	5	
	00445330	119	
	004453b0	8	
	004453c0	10	
	004453d0	16	
	004453e0	12	
	004453f0	10	
	00445400	10	
	00445410	16	
	00445420	12	
	00445430	10	
	00445440	10	
	00445450	16	
	00445460	12	
	00445470	10	
	00445480	10	
	00445490	16	
	004454a0	12	
	004454b0	10	
	004454c0	30	
	004454e0	5	
	004454f0	30	
	00445510	279	
	00445630	18	
	00445650	94	
	004456b0	20	
	004456d0	282	
	004457f0	170	
	004458a0	118	
	00445920	349	
	00445a80	47	
	00445ab0	12	
	00445ac0	12	
	00445ad0	8	
	00445ae0	10	
	00445af0	16	
	00445b00	12	
	00445b10	10	
	00445b20	10	
	00445b30	16	
	00445b40	12	
	00445b50	10	
	00445b60	10	
	00445b70	16	
	00445b80	12	
	00445b90	10	
	00445ba0	10	
	00445bb0	16	
	00445bc0	12	
	00445bd0	10	
	00445be0	30	
	00445c00	5	
	00445c10	30	
	00445c30	279	
	00445d50	18	
	00445d70	94	
	00445dd0	20	
	00445df0	237	
	00445ee0	132	
	00445f70	118	
	00445ff0	349	
	00446150	47	
	00446180	12	
	00446190	12	
	004461a0	8	
	004461b0	10	
	004461c0	16	
	004461d0	12	
	004461e0	10	
	004461f0	10	
	00446200	16	
	00446210	12	
	00446220	10	
	00446230	10	
	00446240	16	
	00446250	12	
	00446260	10	
	00446270	10	
	00446280	16	
	00446290	12	
	004462a0	10	
	004462b0	30	
	004462d0	5	
	004462e0	30	
	00446300	279	
	00446420	18	
	00446440	94	
	004464a0	20	
	004464c0	358	
	00446630	198	
	00446700	118	
	00446780	349	
	004468e0	37	
	00446910	37	
	00446940	47	
	00446970	12	
	00446980	12	
	00446990	8	
	004469a0	10	
	004469b0	16	
	004469c0	12	
	004469d0	10	
	004469e0	10	
	004469f0	16	
	00446a00	12	
	00446a10	10	
	00446a20	10	
	00446a30	16	
	00446a40	12	
	00446a50	10	
	00446a60	10	
	00446a70	16	
	00446a80	12	
	00446a90	10	
	00446aa0	30	
	00446ac0	5	
	00446ad0	30	
	00446af0	279	
	00446c10	18	
	00446c30	94	
	00446c90	20	
	00446cb0	343	
	00446e10	252	
	00446f10	118	
	00446f90	349	
	004470f0	47	
	00447120	12	
	00447130	12	
	00447140	8	
	00447150	10	
	00447160	16	
	00447170	12	
	00447180	10	
	00447190	10	
	004471a0	16	
	004471b0	12	
	004471c0	10	
	004471d0	10	
	004471e0	16	
	004471f0	12	
	00447200	10	
	00447210	10	
	00447220	16	
	00447230	12	
	00447240	10	
	00447250	30	
	00447270	5	
	00447280	30	
	004472a0	279	
	004473c0	18	
	004473e0	94	
	00447440	20	
	00447460	340	
	004475c0	171	
	00447670	118	
	004476f0	349	
	00447850	47	
	00447880	12	
	00447890	12	
	004478a0	8	
	004478b0	10	
	004478c0	16	
	004478d0	12	
	004478e0	10	
	004478f0	10	
	00447900	16	
	00447910	12	
	00447920	10	
	00447930	10	
	00447940	16	
	00447950	12	
	00447960	10	
	00447970	10	
	00447980	16	
	00447990	12	
	004479a0	10	
	004479b0	30	
	004479d0	5	
	004479e0	30	
	00447a00	279	
	00447b20	18	
	00447b40	94	
	00447ba0	20	
	00447bc0	35	
	00447bf0	18	
	00447c10	118	
	00447c90	349	
	00447df0	47	
	00447e20	12	
	00447e30	12	
	00447e40	8	
	00447e50	10	
	00447e60	16	
	00447e70	12	
	00447e80	10	
	00447e90	10	
	00447ea0	16	
	00447eb0	12	
	00447ec0	10	
	00447ed0	10	
	00447ee0	16	
	00447ef0	12	
	00447f00	10	
	00447f10	10	
	00447f20	16	
	00447f30	12	
	00447f40	10	
	00447f50	30	
	00447f70	5	
	00447f80	30	
	00447fa0	279	
	004480c0	18	
	004480e0	94	
	00448140	20	
	00448160	35	
	00448190	118	
	00448210	349	
	00448370	47	
	004483a0	12	
	004483b0	12	
	004483c0	8	
	004483d0	10	
	004483e0	16	
	004483f0	12	
	00448400	10	
	00448410	10	
	00448420	16	
	00448430	12	
	00448440	10	
	00448450	30	
	00448470	5	
	00448480	30	
	004484a0	279	
	004485c0	18	
	004485e0	94	
	00448640	20	
	00448660	328	
	004487b0	143	
	00448840	138	
	004488d0	349	
	00448a30	47	
	00448a60	12	
	00448a70	12	
	00448a80	8	
	00448a90	10	
	00448aa0	16	
	00448ab0	12	
	00448ac0	10	
	00448ad0	10	
	00448ae0	16	
	00448af0	12	
	00448b00	10	
	00448b10	10	
	00448b20	16	
	00448b30	12	
	00448b40	10	
	00448b50	10	
	00448b60	16	
	00448b70	12	
	00448b80	10	
	00448b90	30	
	00448bb0	5	
	00448bc0	30	
	00448be0	279	
	00448d00	18	
	00448d20	94	
	00448d80	20	
	00448da0	289	
	00448ed0	144	
	00448f60	118	
	00448fe0	349	
	00449140	47	
	00449170	12	
	00449180	12	
	00449190	8	
	004491a0	10	
	004491b0	16	
	004491c0	12	
	004491d0	10	
	004491e0	10	
	004491f0	16	
	00449200	12	
	00449210	10	
	00449220	10	
	00449230	16	
	00449240	12	
	00449250	10	
	00449260	10	
	00449270	16	
	00449280	12	
	00449290	10	
	004492a0	34	
	004492d0	5	
	004492e0	4	
	004492f0	30	
	00449310	283	
	00449430	18	
	00449450	94	
	004494b0	20	
	004494d0	650	
	00449760	246	
	00449860	118	
	004498e0	375	
	00449a60	30	
	00449a80	47	
	00449ab0	12	
	00449ac0	12	
	00449ad0	8	
	00449ae0	8	
	00449af0	10	
	00449b00	16	
	00449b10	12	
	00449b20	10	
	00449b30	10	
	00449b40	16	
	00449b50	12	
	00449b60	10	
	00449b70	10	
	00449b80	16	
	00449b90	12	
	00449ba0	10	
	00449bb0	10	
	00449bc0	16	
	00449bd0	12	
	00449be0	10	
	00449bf0	34	
	00449c20	5	
	00449c30	30	
	00449c50	283	
	00449d70	18	
	00449d90	94	
	00449df0	20	
	00449e10	600	
	0044a070	180	
	0044a130	138	
	0044a1c0	375	
	0044a340	33	
	0044a370	47	
	0044a3a0	12	
	0044a3b0	12	
	0044a3c0	8	
	0044a3d0	10	
	0044a3e0	16	
	0044a3f0	12	
	0044a400	10	
	0044a410	10	
	0044a420	16	
	0044a430	12	
	0044a440	10	
	0044a450	10	
	0044a460	16	
	0044a470	12	
	0044a480	10	
	0044a490	10	
	0044a4a0	16	
	0044a4b0	12	
	0044a4c0	10	
	0044a4d0	32	
	0044a4f0	5	
	0044a500	30	
	0044a520	11	
	0044a530	55	
	0044a570	92	
	0044a5d0	92	
	0044a630	47	
	0044a660	12	
	0044a670	12	
	0044a680	10	
	0044a690	16	
	0044a6a0	12	
	0044a6b0	10	
	0044a6c0	10	
	0044a6d0	16	
	0044a6e0	12	
	0044a6f0	10	
	0044a700	10	
	0044a710	16	
	0044a720	12	
	0044a730	10	
	0044a740	10	
	0044a750	16	
	0044a760	12	
	0044a770	10	
	0044a780	32	
	0044a7a0	5	
	0044a7b0	7	
	0044a7c0	13	
	0044a7d0	30	
	0044a7f0	11	
	0044a800	100	
	0044a870	95	
	0044a8d0	95	
	0044a930	47	
	0044a960	12	
	0044a970	12	
	0044a980	10	
	0044a990	16	
	0044a9a0	12	
	0044a9b0	10	
	0044a9c0	10	
	0044a9d0	16	
	0044a9e0	12	
	0044a9f0	10	
	0044aa00	70	
	0044aa50	70	
	0044aaa0	77	
	0044aaf0	77	
	0044ab40	305	
	0044ac80	305	
	0044adc0	89	
	0044ae20	89	
	0044ae80	47	
	0044aeb0	12	
	0044aec0	12	
	0044aed0	89	
	0044af30	5	
	0044af40	30	
	0044af60	91	
	0044afc0	8	
	0044afd0	53	
	0044b010	149	
	0044b0b0	30	
	0044b0d0	18	
	0044b0f0	8	
	0044b100	10	
	0044b110	16	
	0044b120	12	
	0044b130	10	
	0044b140	10	
	0044b150	16	
	0044b160	12	
	0044b170	10	
	0044b180	35	
	0044b1b0	5	
	0044b1c0	18	
	0044b1e0	45	
	0044b210	5	
	0044b220	30	
	0044b240	21	
	0044b260	399	
	0044b3f0	47	
	0044b420	12	
	0044b430	12	
	0044b440	11	
	0044b450	10	
	0044b460	16	
	0044b470	12	
	0044b480	10	
	0044b490	10	
	0044b4a0	16	
	0044b4b0	12	
	0044b4c0	10	
	0044b4d0	152	
	0044b570	30	
	0044b590	21	
	0044b5b0	345	
	0044b710	47	
	0044b740	12	
	0044b750	12	
	0044b760	11	
	0044b770	84	
	0044b7d0	16	
	0044b7e0	30	
	0044b800	20	
	0044b820	12	
	0044b830	98	
	0044b8a0	13	
	0044b8b0	13	
	0044b8c0	13	
	0044b8d0	13	
	0044b8e0	31	
	0044b900	25	
	0044b920	52	
	0044b960	42	
	0044b990	26	
	0044b9b0	95	
	0044ba10	12	
	0044ba20	12	
	0044ba30	12	
	0044ba40	12	
	0044ba50	12	
	0044ba60	12	
	0044ba70	12	
	0044ba80	23	
	0044baa0	27	
	0044bac0	42	
	0044baf0	38	
	0044bb20	22	
	0044bb40	13	
	0044bb50	191	
	0044bc10	76	
	0044bc60	53	
	0044bca0	20	
	0044bcc0	17	
	0044bce0	13	
	0044bcf0	16	
	0044bd00	40	
	0044bd30	126	
	0044bdb0	17	
	0044bdd0	25	
	0044bdf0	13	
	0044be00	181	
	0044bec0	27	
	0044bee0	14	
	0044bef0	36	
	0044bf20	58	
	0044bf60	19	
	0044bf80	11	
	0044bf90	225	
	0044c080	27	
	0044c0a0	106	
	0044c110	182	
	0044c1d0	29	
	0044c1f0	16	
	0044c200	55	
	0044c240	12	
	0044c250	33	
	0044c280	191	
	0044c340	272	
	0044c450	172	
	0044c500	10	
	0044c510	10	
	0044c520	23	
	0044c540	336	
	0044c690	280	
	0044c7b0	83	
	0044c810	171	
	0044c8c0	165	
	0044c970	168	
	0044ca20	27	
	0044ca40	128	
	0044cac0	14	
	0044cad0	13	
	0044cae0	26	
	0044cb00	498	
	0044cd00	457	
	0044ced0	286	
	0044cff0	21	
	0044d010	163	
	0044d0c0	360	
	0044d230	301	
	0044d360	102	
	0044d3d0	10	
	0044d3e0	25	
	0044d400	48	
	0044d430	40	
	0044d460	471	
	0044d640	16	
	0044d650	2429	
	0044dfd0	498	
	0044e1d0	290	
	0044e300	84	
	0044e360	5	
	0044e370	5	
	0044e380	68	
	0044e3d0	12	
	0044e3e0	12	
	0044e3f0	12	
	0044e400	265	
	0044e510	30	
	0044e530	111	
	0044e5a0	68	
	0044e5f0	75	
	0044e640	1173	
	0044eae0	15	
	0044eaf0	17	
	0044eb10	79	
	0044eb60	171	
	0044ec10	163	
	0044ecc0	482	
	0044eeb0	299	
	0044efe0	110	
	0044f050	68	
	0044f0a0	12	
	0044f0b0	12	
	0044f0c0	12	
	0044f0d0	417	
	0044f280	173	
	0044f330	173	
	0044f3e0	89	
	0044f440	89	
	0044f4a0	30	
	0044f4c0	318	
	0044f600	25	
	0044f620	27	
	0044f640	178	
	0044f700	55	
	0044f740	125	
	0044f7c0	212	
	0044f8a0	212	
	0044f980	199	
	0044fa50	76	
	0044faa0	263	
	0044fbb0	55	
	0044fbf0	282	
	0044fd10	10	
	0044fd20	160	
	0044fdc0	396	
	0044ff50	163	
	00450000	200	
	004500d0	177	
	00450190	123	
	00450210	49	
	00450250	449	
	00450420	630	
	004506a0	83	
	00450700	37	
	00450730	40	
	00450760	136	
	004507f0	143	
	00450880	68	
	004508d0	12	
	004508e0	12	
	004508f0	12	
	00450900	525	
	00450b10	248	
	00450c10	232	
	00450d00	235	
	00450df0	235	
	00450ee0	30	
	00450f00	552	
	00451130	80	
	00451180	70	
	004511d0	706	
	004514a0	17	
	004514c0	207	
	00451590	54	
	004515d0	22	
	004515f0	545	
	00451820	94	
	00451880	309	
	004519c0	378	
	00451b40	91	
	00451ba0	375	
	00451d20	164	
	00451dd0	532	
	00451ff0	112	
	00452060	317	
	004521a0	86	
	00452200	216	
	004522e0	119	
	00452360	95	
	004523c0	172	
	00452470	130	
	00452500	112	
	00452570	496	
	00452760	19	
	00452780	516	
	00452990	41	
	004529c0	727	
	00452ca0	180	
	00452d60	87	
	00452dc0	68	
	00452e10	12	
	00452e20	12	
	00452e30	12	
	00452e40	168	
	00452ef0	7	
	00452f00	4	
	00452f10	7	
	00452f20	13	
	00452f30	7	
	00452f40	136	
	00452fd0	7	
	00452fe0	7	
	00452ff0	7	
	00453000	118	
	00453080	7	
	00453090	4	
	004530a0	29	
	004530c0	82	
	00453120	24	
	00453140	10	
	00453150	5	
	00453160	7	
	00453170	7	
	00453180	67	
	004531d0	7	
	004531e0	13	
	004531f0	10	
	00453200	4	
	00453210	171	
	004532c0	102	
	00453330	30	
	00453350	128	
	004533d0	376	
	00453550	225	
	00453640	12	
	00453650	68	
	004536a0	12	
	004536b0	12	
	004536c0	12	
	004536d0	11	
	004536e0	10	
	004536f0	10	
	00453700	10	
	00453710	28	
	00453730	10	
	00453740	16	
	00453750	12	
	00453760	10	
	00453770	10	
	00453780	16	
	00453790	12	
	004537a0	10	
	004537b0	10	
	004537c0	16	
	004537d0	12	
	004537e0	10	
	004537f0	10	
	00453800	16	
	00453810	12	
	00453820	10	
	00453830	10	
	00453840	16	
	00453850	12	
	00453860	10	
	00453870	10	
	00453880	16	
	00453890	12	
	004538a0	10	
	004538b0	5	
004538b0	004538c0	11	
	004538d0	654	
	00453b60	25	
	00453b80	30	
	00453ba0	15	
	00453bb0	8	
	00453bc0	265	
	00453cd0	23	
	00453cf0	1575	
	00454320	1758	
	00454a00	124	
	00454a80	441	
	00454c60	415	
	00454e10	340	
	00454f70	486	
	00455180	4017	
	00456140	89	
	004561a0	1543	
	004567b0	468	
	00456990	700	
	00456c50	915	
	00456ff0	190	
	004570b0	2727	
	00457b60	36	
	00457b90	39	
	00457bc0	541	
	00457de0	49	
	00457e20	207	
	00457ef0	114	
	00457f70	38	
	00457fa0	38	
	00457fd0	84	
	00458030	68	
	00458080	12	
	00458090	12	
	004580a0	12	
	004580b0	66	
	00458100	35	
	00458130	71	
	00458180	152	
	00458220	16	
	00458230	17	
	00458250	17	
	00458270	10	
	00458280	4	
	00458290	11	
	004582a0	10	
	004582b0	10	
	004582c0	4	
	004582d0	4	
	004582e0	10	
	004582f0	16	
	00458300	22	
	00458320	47	
	00458350	36	
	00458380	26	
	004583a0	32	
	004583c0	30	
	004583e0	108	
	00458450	10	
	00458460	650	
	004586f0	584	
	00458950	690	
	00458c10	454	
	00458de0	25	
	00458e00	121	
	00458e80	115	
	00458f00	819	
	00459240	41	
	00459270	22	
	00459290	20	
	004592b0	61	
	004592f0	216	
	004593d0	68	
	00459420	12	
	00459430	12	
	00459440	12	
	00459450	136	
	004594e0	30	
	00459500	37	
	00459530	44	
	00459560	68	
	004595b0	12	
	004595c0	12	
	004595d0	12	
	004595e0	31	
	00459600	30	
	00459620	39	
	00459650	7	
	00459660	37	
	00459690	200	
	00459760	32	
	00459780	68	
	004597d0	12	
	004597e0	12	
	004597f0	12	
	00459800	507	
	00459a00	21	
	00459a20	30	
	00459a40	182	
	00459b00	18	
	00459b20	18	
	00459b40	482	
	00459d30	243	
	00459e30	907	
	0045a1c0	316	
	0045a320	124	
	0045a3a0	343	
	0045a500	437	
	0045a6c0	426	
	0045a870	1380	
	0045ade0	1816	
	0045b520	99	
	0045b590	55	
	0045b5d0	38	
	0045b600	37	
	0045b630	37	
	0045b660	68	
	0045b6b0	12	
	0045b6c0	12	
	0045b6d0	12	
	0045b6e0	73	
	0045b730	250	
	0045b830	116	
	0045b8b0	462	
	0045ba80	83	
	0045bae0	45	
	0045bb10	69	
	0045bb60	186	
	0045bc20	528	
	0045be30	68	
	0045be80	12	
	0045be90	12	
	0045bea0	12	
	0045beb0	10	
	0045bec0	1501	
	0045c4a0	12	
	0045c4b0	20	
	0045c4d0	5	
0045c4d0	0045c4e0	31	
	0045c500	5	
0045c500	0045c510	31	
	0045c530	84	
	0045c590	10	
	0045c5a0	76	
	0045c5f0	12	
	0045c600	20	
	0045c620	10	
	0045c630	16	
	0045c640	12	
	0045c650	10	
	0045c660	10	
	0045c670	25	
	0045c690	12	
	0045c6a0	10	
	0045c6b0	16	
	0045c6c0	10	
	0045c6d0	25	
	0045c6f0	12	
	0045c700	10	
	0045c710	64	
	0045c750	10	
	0045c760	25	
	0045c780	12	
	0045c790	10	
	0045c7a0	8	
	0045c7b0	10	
	0045c7c0	25	
	0045c7e0	12	
	0045c7f0	10	
	0045c800	16	
	0045c810	10	
	0045c820	25	
	0045c840	12	
	0045c850	10	
	0045c860	16	
	0045c870	123	
	0045c8f0	835	
	0045cc40	5	
	0045cc50	6	
	0045cc60	17	
	0045cc80	17	
	0045cca0	11	
	0045ccb0	11	
	0045ccc0	11	
	0045ccd0	11	
	0045cce0	11	
	0045ccf0	11	
	0045cd00	11	
	0045cd10	11	
	0045cd20	33	
	0045cd50	17	
	0045cd70	16	
	0045cd80	12	
	0045cd90	19	
	0045cdb0	11	
	0045cdc0	11	
	0045cdd0	11	
	0045cde0	70	
	0045ce30	7	
	0045ce40	32	
	0045ce60	32	
	0045ce80	30	
	0045cea0	30	
	0045cec0	164	
	0045cf70	41	
	0045cfa0	8	
	0045cfb0	14	
	0045cfc0	14	
	0045cfd0	41	
	0045d000	21	
	0045d020	16	
	0045d030	13	
	0045d040	26	
	0045d060	26	
	0045d080	9	
	0045d090	24	
	0045d0b0	13	
	0045d0c0	13	
	0045d0d0	8	
	0045d0e0	7	
	0045d0f0	19	
	0045d110	13	
	0045d120	7	
	0045d130	7	
	0045d140	34	
	0045d170	599	
	0045d3d0	500	
	0045d5d0	351	
	0045d730	219	
	0045d810	2129	
	0045e120	18	
	0045e140	35	
	0045e170	100	
	0045e1e0	171	
	0045e290	312	
	0045e3d0	68	
	0045e420	18	
	0045e440	31	
	0045e460	40	
	0045e490	93	
	0045e4f0	88	
	0045e550	24	
	0045e570	40	
	0045e5a0	40	
	0045e5d0	24	
	0045e5f0	24	
	0045e610	241	
	0045e710	265	
	0045e820	79	
	0045e870	54	
	0045e8b0	374	
	0045ea30	980	
	0045ee10	840	
	0045f160	43	
	0045f190	440	
	0045f350	3505	
	00460110	659	
	004603b0	178	
	00460470	151	
	00460510	717	
	004607e0	54	
	00460820	52	
	00460860	105	
	004608d0	418	
	00460a80	99	
	00460af0	166	
	00460ba0	1	
	00460bb0	131	
	00460c40	123	
	00460cc0	172	
	00460d70	34	
	00460da0	221	
	00460e80	359	
	00460ff0	282	
	00461110	63	
	00461150	389	
	004612e0	286	
	00461400	49	
	00461440	436	
	00461600	24	
	00461620	30	
	00461640	30	
	00461660	6	
	00461670	109	
	004616e0	59	
	00461720	28	
	00461740	24	
	00461760	562	
	004619a0	10	
	004619b0	10	
	004619c0	84	
	00461a20	185	
	00461ae0	14	
	00461af0	42	
	00461b20	267	
	00461c30	39	
	00461c60	268	
	00461d70	114	
	00461df0	16	
	00461e00	402	
	00461fa0	87	
	00462000	157	
	004620a0	206	
	00462170	290	
	004622a0	24	
	004622c0	1292	
	004627d0	1139	
	00462c50	111	
	00462cc0	385	
	00462e50	350	
	00462fb0	22	
	00462fd0	21	
	00462ff0	118	
	00463070	183	
	00463130	69	
	00463180	34	
	004631b0	24	
	004631d0	629	
	00463450	94	
	004634b0	103	
	00463520	564	
	00463760	627	
	004639e0	577	
	00463c30	103	
	00463ca0	94	
	00463d00	151	
	00463da0	68	
	00463df0	12	
	00463e00	12	
	00463e10	12	
	00463e20	20	
	00463e40	72	
	00463e90	18	
	00463eb0	87	
	00463f10	44	
	00463f40	84	
	00463fa0	69	
	00463ff0	273	
	00464110	47	
	00464140	12	
	00464150	12	
	00464160	5	
	00464170	8	
	00464180	8	
	00464190	8	
	004641a0	8	
	004641b0	8	
	004641c0	8	
	004641d0	8	
	004641e0	8	
	004641f0	8	
	00464200	8	
	00464210	8	
	00464220	8	
	00464230	8	
	00464240	8	
	00464250	8	
	00464260	8	
	00464270	8	
	00464280	8	
	00464290	10	
	004642a0	1501	
	00464880	12	
	00464890	20	
	004648b0	10	
	004648c0	16	
	004648d0	12	
	004648e0	10	
	004648f0	10	
	00464900	16	
	00464910	12	
	00464920	10	
	00464930	10	
	00464940	16	
	00464950	12	
	00464960	10	
	00464970	10	
	00464980	16	
	00464990	12	
	004649a0	10	
	004649b0	10	
	004649c0	16	
	004649d0	12	
	004649e0	10	
	004649f0	10	
	00464a00	16	
	00464a10	12	
	00464a20	10	
	00464a30	10	
	00464a40	16	
	00464a50	12	
	00464a60	10	
	00464a70	118	
	00464af0	135	
	00464b80	5	
	00464b90	6	
	00464ba0	7	
	00464bb0	7	
	00464bc0	13	
	00464bd0	26	
	00464bf0	21	
	00464c10	34	
	00464c40	203	
	00464d10	1902	
	00465480	345	
	004655e0	5	
	004655f0	1298	
	00465b60	358	
	00465cd0	36	
	00465d00	384	
	00465e80	75	
	00465ed0	35	
	00465f00	35	
	00465f30	930	
	004662e0	400	
	00466470	87	
	004664d0	58	
	00466510	202	
	004665e0	112	
	00466650	80	
	004666a0	213	
	00466780	17	
	004667a0	15	
	004667b0	17	
	004667d0	17	
	004667f0	79	
	00466840	99	
	004668b0	140	
	00466940	30	
	00466960	80	
	004669b0	39	
	004669e0	23	
	00466a00	189	
	00466ac0	14	
	00466ad0	10	
	00466ae0	25	
	00466b00	12	
	00466b10	10	
	00466b20	177	
	00466be0	10	
	00466bf0	25	
	00466c10	12	
	00466c20	10	
	00466c30	177	
	00466cf0	10	
	00466d00	25	
	00466d20	12	
	00466d30	10	
	00466d40	169	
	00466df0	10	
	00466e00	25	
	00466e20	12	
	00466e30	10	
	00466e40	65	
	00466e90	10	
	00466ea0	25	
	00466ec0	12	
	00466ed0	10	
	00466ee0	169	
	00466f90	10	
	00466fa0	25	
	00466fc0	12	
	00466fd0	10	
	00466fe0	65	
	00467030	10	
	00467040	25	
	00467060	12	
	00467070	10	
	00467080	19	
	004670a0	10	
	004670b0	25	
	004670d0	12	
	004670e0	10	
	004670f0	19	
	00467110	10	
	00467120	25	
	00467140	12	
	00467150	10	
	00467160	19	
	00467180	10	
	00467190	25	
	004671b0	12	
	004671c0	10	
	004671d0	33	
	00467200	10	
	00467210	25	
	00467230	12	
	00467240	10	
	00467250	19	
	00467270	10	
	00467280	25	
	004672a0	12	
	004672b0	10	
	004672c0	19	
	004672e0	10	
	004672f0	25	
	00467310	12	
	00467320	10	
	00467330	19	
	00467350	10	
	00467360	25	
	00467380	12	
	00467390	10	
	004673a0	19	
	004673c0	10	
	004673d0	25	
	004673f0	12	
	00467400	10	
	00467410	11	
	00467420	10	
	00467430	25	
	00467450	12	
	00467460	10	
	00467470	10	
	00467480	25	
	004674a0	12	
	004674b0	10	
	004674c0	53	
	00467500	10	
	00467510	25	
	00467530	12	
	00467540	10	
	00467550	11	
	00467560	10	
	00467570	25	
	00467590	12	
	004675a0	10	
	004675b0	11	
	004675c0	10	
	004675d0	25	
	004675f0	12	
	00467600	10	
	00467610	11	
	00467620	10	
	00467630	25	
	00467650	12	
	00467660	10	
	00467670	11	
	00467680	10	
	00467690	25	
	004676b0	12	
	004676c0	10	
	004676d0	11	
	004676e0	10	
	004676f0	25	
	00467710	12	
	00467720	10	
	00467730	11	
	00467740	10	
	00467750	25	
	00467770	12	
	00467780	10	
	00467790	11	
	004677a0	10	
	004677b0	25	
	004677d0	12	
	004677e0	10	
	004677f0	11	
	00467800	10	
	00467810	25	
	00467830	12	
	00467840	10	
	00467850	14	
	00467860	10	
	00467870	25	
	00467890	12	
	004678a0	10	
	004678b0	14	
	004678c0	10	
	004678d0	25	
	004678f0	12	
	00467900	10	
	00467910	47	
	00467940	10	
	00467950	25	
	00467970	12	
	00467980	10	
	00467990	121	
	00467a10	10	
	00467a20	25	
	00467a40	12	
	00467a50	10	
	00467a60	121	
	00467ae0	10	
	00467af0	25	
	00467b10	12	
	00467b20	10	
	00467b30	121	
	00467bb0	10	
	00467bc0	25	
	00467be0	12	
	00467bf0	10	
	00467c00	121	
	00467c80	10	
	00467c90	25	
	00467cb0	12	
	00467cc0	10	
	00467cd0	121	
	00467d50	10	
	00467d60	25	
	00467d80	12	
	00467d90	10	
	00467da0	217	
	00467e80	10	
	00467e90	25	
	00467eb0	12	
	00467ec0	10	
	00467ed0	27	
	00467ef0	72	
	00467f40	18	
	00467f60	25	
	00467f80	12	
	00467f90	68	
	00467fe0	12	
	00467ff0	12	
	00468000	12	
	00468010	8	
	00468020	8	
	00468030	8	
	00468040	8	
	00468050	8	
	00468060	8	
	00468070	8	
	00468080	8	
	00468090	8	
	004680a0	8	
	004680b0	8	
	004680c0	8	
	004680d0	10	
	004680e0	9406	
	0046a5a0	12	
	0046a5b0	23	
	0046a5d0	118	
	0046a650	194	
	0046a720	5	
	0046a730	6	
	0046a740	16	
	0046a750	34	
	0046a780	315	
	0046a8c0	435	
	0046aa80	550	
	0046acb0	138	
	0046ad40	288	
	0046ae60	77	
	0046aeb0	119	
	0046af30	99	
	0046afa0	254	
	0046b0a0	84	
	0046b100	84	
	0046b160	30	
	0046b180	100	
	0046b1f0	8	
	0046b200	8	
	0046b210	8	
	0046b220	68	
	0046b270	12	
	0046b280	12	
	0046b290	12	
	0046b2a0	10	
	0046b2b0	1501	
	0046b890	12	
	0046b8a0	20	
	0046b8c0	24952	
	00471a40	121	
	00471ac0	329	
	00471c10	10	
	00471c20	437	
	00471df0	5	
00471df0	00471e00	19	
	00471e20	624	
	00472090	4	
	004720a0	18	
	004720c0	29	
	004720e0	7	
	004720f0	7	
	00472100	7	
	00472110	23	
	00472130	20	
	00472150	10	
	00472160	8	
	00472170	13	
	00472180	7	
	00472190	7	
	004721a0	10	
	004721b0	13	
	004721c0	44	
	004721f0	70	
	00472240	30	
	00472260	11	
	00472270	594	
	004724d0	365	
	00472640	30	
	00472660	107	
	004726d0	10	
	004726e0	721	
	004729c0	12	
	004729d0	20	
	004729f0	55	
	00472a30	43	
	00472a60	100	
	00472ad0	47	
	00472b00	76	
	00472b50	417	
	00472d00	164	
	00472db0	319	
	00472ef0	18	
	00472f10	5	
00472f10	00472f20	31	
	00472f40	118	
	00472fc0	742	
	004732b0	5	
	004732c0	7	
	004732d0	32	
	004732f0	23	
	00473310	14	
	00473320	7	
	00473330	40	
	00473360	25	
	00473380	7	
	00473390	7	
	004733a0	13	
	004733b0	57	
	004733f0	47	
	00473420	47	
	00473450	13	
	00473460	30	
	00473480	507	
	00473680	227	
	00473770	91	
	004737d0	66	
	00473820	296	
	00473950	197	
	00473a20	10	
	00473a30	10	
	00473a40	12	
	00473a50	10	
	00473a60	659	
	00473d00	145	
	00473da0	1147	
	00474220	479	
	00474400	44	
	00474430	372	
	004745b0	787	
	004748d0	151	
	00474970	151	
	00474a10	213	
	00474af0	214	
	00474bd0	356	
	00474d70	455	
	00474fc0	200	
	00475090	348	
	004751f0	243	
	004752f0	205	
	004753c0	70	
	00475410	112	
	00475480	311	
	004755c0	385	
	00475750	503	
	00475950	542	
	00475b70	432	
	00475d20	304	
	00475e50	793	
	00476170	609	
	004763e0	695	
	004766a0	803	
	004769d0	33	
	00476a00	386	
	00476b90	354	
	00476d00	37	
	00476d30	214	
	00476e10	190	
	00476ed0	1462	
	00477490	144	
	00477520	75	
	00477570	358	
	004776e0	49	
	00477720	719	
	004779f0	51	
	00477a30	30	
	00477a50	27	
	00477a70	378	
	00477bf0	299	
	00477d20	35	
	00477d50	89	
	00477db0	80	
	00477e00	189	
	00477ec0	223	
	00477fa0	189	
	00478060	200	
	00478130	32	
	00478150	1895	
	004788c0	90	
	00478920	7	
	00478930	133	
	004789c0	37	
	004789f0	57	
	00478a30	47	
	00478a60	149	
	00478b00	64	
	00478b40	1055	
	00478f70	188	
	00479030	554	
	00479260	753	
	00479560	62	
	004795a0	26	
	004795c0	910	
	00479950	251	
	00479a50	94	
	00479ab0	94	
	00479b10	49	
	00479b50	156	
	00479bf0	56	
	00479c30	39	
	00479c60	28	
	00479c80	25	
	00479ca0	27	
	00479cc0	38	
	00479cf0	38	
	00479d20	32	
	00479d40	32	
	00479d60	32	
	00479d80	28	
	00479da0	41	
	00479dd0	261	
	00479ee0	68	
	00479f30	12	
	00479f40	12	
	00479f50	12	
	00479f60	72	
	00479fb0	18	
	00479fd0	84	
	0047a030	40	
	0047a060	40	
	0047a090	40	
	0047a0c0	21	
	0047a0e0	19	
	0047a100	25	
	0047a120	12	
	0047a130	136	
	0047a1c0	136	
	0047a250	136	
	0047a2e0	8	
	0047a2f0	8	
	0047a300	8	
	0047a310	8	
	0047a320	8	
	0047a330	8	
	0047a340	8	
	0047a350	8	
	0047a360	8	
	0047a370	8	
	0047a380	8	
	0047a390	8	
	0047a3a0	10	
	0047a3b0	1501	
	0047a990	12	
	0047a9a0	20	
	0047a9c0	5	
0047a9c0	0047a9d0	31	
	0047a9f0	5	
0047a9f0	0047aa00	31	
	0047aa20	10	
	0047aa30	76	
	0047aa80	12	
	0047aa90	20	
	0047aab0	10	
	0047aac0	16	
	0047aad0	12	
	0047aae0	10	
	0047aaf0	10	
	0047ab00	16	
	0047ab10	12	
	0047ab20	10	
	0047ab30	10	
	0047ab40	16	
	0047ab50	12	
	0047ab60	10	
	0047ab70	118	
	0047abf0	838	
	0047af40	5	
	0047af50	6	
	0047af60	7	
	0047af70	14	
	0047af80	13	
	0047af90	7	
	0047afa0	13	
	0047afb0	7	
	0047afc0	29	
	0047afe0	33	
	0047b010	34	
	0047b040	642	
	0047b2d0	69	
	0047b320	530	
	0047b540	543	
	0047b760	19	
	0047b780	14	
	0047b790	1109	
	0047bbf0	557	
	0047be20	240	
	0047bf10	45	
	0047bf40	29	
	0047bf60	294	
	0047c090	51	
	0047c0d0	136	
	0047c160	1619	
	0047c7c0	37	
	0047c7f0	1670	
	0047ce80	235	
	0047cf70	8827	
	0047f430	757	
	0047f730	3818	
	00480620	30	
	00480640	42	
	00480670	149	
	00480710	133	
	004807a0	133	
	00480830	120	
	004808b0	202	
	004809b0	175	
	00480a60	155	
	00480b00	140	
	00480b90	24	
	00480bb0	24	
	00480bd0	24	
	00480bf0	69	
	00480c40	79	
	00480c90	44	
	00480cc0	54	
	00480d00	64	
	00480d40	96	
	00480da0	89	
	00480e00	84	
	00480e60	182	
	00480f20	49	
	00480f60	93	
	00480fc0	252	
	004810c0	7362	
	00482d90	68	
	00482de0	12	
	00482df0	12	
	00482e00	12	
	00482e10	41	
	00482e40	2158	
	004836b0	1500	
	00483c90	174	
	00483d40	48	
	00483d70	48	
	00483da0	220	
	00483e80	308	
	00483fc0	408	
	00484160	747	
	00484470	446	
	00484630	186	
	004846f0	65	
	00484740	125	
	004847c0	29	
	004847e0	46	
	00484810	421	
	004849c0	1030	
	00484de0	654	
	004850a0	46	
	004850d0	552	
	00485390	60	
	004853d0	386	
	00485560	1524	
	00485b60	289	
	00485c90	889	
	00486010	740	
	00486300	18	
	00486320	886	
	004866a0	299	
	004867d0	170	
	00486880	170	
	00486930	8	
	00486940	152	
	004869e0	2036	
	004871e0	29	
	00487200	29	
	00487220	124	
	004872a0	2063	
	00487ab0	2729	
	00488560	56	
	004885a0	82	
	00488600	518	
	00488810	2253	
	004890e0	623	
	00489350	683	
	00489600	320	
	00489740	1200	
	00489bf0	115	
	00489c70	385	
	00489e00	383	
	00489f80	2498	
	0048a950	902	
	0048ace0	294	
	0048ae10	35	
	0048ae40	154	
	0048aee0	62	
	0048af20	77	
	0048af70	44	
	0048afa0	40	
	0048afd0	289	
	0048b100	13	
	0048b110	17	
	0048b130	26	
	0048b150	115	
	0048b1d0	129	
	0048b260	17	
	0048b280	67	
	0048b2d0	207	
	0048b3d0	55	
	0048b410	76	
	0048b460	148	
	0048b500	28	
	0048b520	28	
	0048b540	51	
	0048b580	10	
	0048b590	25	
	0048b5b0	12	
	0048b5c0	10	
	0048b5d0	288	
	0048b6f0	272	
	0048b800	10	
	0048b810	25	
	0048b830	12	
	0048b840	10	
	0048b850	316	
	0048b990	55	
	0048b9d0	10	
	0048b9e0	25	
	0048ba00	12	
	0048ba10	10	
	0048ba20	216	
	0048bb00	302	
	0048bc30	112	
	0048bca0	290	
	0048bdd0	111	
	0048be40	157	
	0048bee0	37	
	0048bf10	41	
	0048bf40	32	
	0048bf60	190	
	0048c020	203	
	0048c0f0	72	
	0048c140	18	
	0048c160	86	
	0048c1c0	87	
	0048c220	15	
	0048c230	8	
	0048c240	3	
	0048c250	21	
	0048c270	888	
	0048c5f0	40	
	0048c620	896	
	0048c9a0	47	
	0048c9d0	12	
	0048c9e0	12	
	0048c9f0	84	
	0048ca50	5	
	0048ca60	136	
	0048caf0	18	
	0048cb10	5	
	0048cb20	15	
	0048cb30	19	
	0048cb50	8	
	0048cb60	8	
	0048cb70	8	
	0048cb80	8	
	0048cb90	8	
	0048cba0	8	
	0048cbb0	8	
	0048cbc0	8	
	0048cbd0	8	
	0048cbe0	106	
	0048cc50	6196	
	0048e490	42	
	0048e4c0	103	
	0048e530	58	
	0048e570	135	
	0048e600	68	
	0048e650	12	
	0048e660	12	
	0048e670	12	
	0048e680	10	
	0048e690	76	
	0048e6e0	12	
	0048e6f0	20	
	0048e710	10	
	0048e720	31	
	0048e740	12	
	0048e750	10	
	0048e760	6	
	0048e770	4521	
	0048f920	87	
	0048f980	40	
	0048f9b0	136	
	0048fa40	25	
	0048fa60	12	
	0048fa70	68	
	0048fac0	12	
	0048fad0	12	
	0048fae0	12	
	0048faf0	291	
	0048fc20	940	
	0048ffd0	153	
	00490070	464	
	00490240	24	
	00490260	126	
	004902e0	227	
	004903d0	289	
	00490500	8	
	00490510	68	
	00490560	12	
	00490570	12	
	00490580	12	
	00490590	10	
	004905a0	16	
	004905b0	12	
	004905c0	10	
	004905d0	5	
004905d0	004905e0	121	
	00490660	5	
00490660	00490670	281	
	00490790	5	
00490790	004907a0	161	
	00490850	5	
00490850	00490860	281	
	00490980	5	
00490980	00490990	41	
	004909c0	5	
004909c0	004909d0	41	
	00490a00	10	
	00490a10	25	
	00490a30	12	
	00490a40	10	
	00490a50	10	
	00490a60	28	
	00490a80	12	
	00490a90	10	
	00490aa0	10	
	00490ab0	25	
	00490ad0	12	
	00490ae0	10	
	00490af0	10	
	00490b00	61	
	00490b40	12	
	00490b50	20	
	00490b70	173	
	00490c20	106	
	00490c90	56	
	00490cd0	46	
	00490d00	133	
	00490d90	185	
	00490e50	151	
	00490ef0	702	
	004911b0	307	
	004912f0	1321	
	00491820	235	
	00491910	65	
	00491960	18	
	00491980	68	
	004919d0	12	
	004919e0	12	
	004919f0	12	
	00491a00	5	
00491a00	00491a10	593	
	00491c70	5	
00491c70	00491c80	25	
	00491ca0	5	
00491ca0	00491cb0	41	
	00491ce0	5	
00491ce0	00491cf0	481	
	00491ee0	10	
	00491ef0	16	
	00491f00	12	
	00491f10	10	
	00491f20	10	
	00491f30	28	
	00491f50	12	
	00491f60	10	
	00491f70	10	
	00491f80	28	
	00491fa0	12	
	00491fb0	10	
	00491fc0	10	
	00491fd0	25	
	00491ff0	12	
	00492000	10	
	00492010	94	
	00492070	93	
	004920d0	624	
	00492340	69	
	00492390	179	
	00492450	1306	
	00492970	57	
	004929b0	568	
	00492bf0	1003	
	00492fe0	479	
	004931c0	180	
	00493280	90	
	004932e0	25	
	00493300	44	
	00493330	39	
	00493360	321	
	004934b0	240	
	004935a0	50	
	004935e0	181	
	004936a0	45	
	004936d0	45	
	00493700	65	
	00493750	18	
	00493770	25	
	00493790	12	
	004937a0	68	
	004937f0	12	
	00493800	12	
	00493810	12	
	00493820	10	
	00493830	16	
	00493840	12	
	00493850	10	
	00493860	5	
00493860	00493870	281	
	00493990	5	
00493990	004939a0	121	
	00493a20	5	
00493a20	00493a30	121	
	00493ab0	5	
00493ab0	00493ac0	121	
	00493b40	5	
00493b40	00493b50	281	
	00493c70	10	
	00493c80	28	
	00493ca0	12	
	00493cb0	10	
	00493cc0	10	
	00493cd0	25	
	00493cf0	12	
	00493d00	10	
	00493d10	10	
	00493d20	28	
	00493d40	12	
	00493d50	10	
	00493d60	128	
	00493de0	112	
	00493e50	117	
	00493ed0	73	
	00493f20	76	
	00493f70	66	
	00493fc0	982	
	004943a0	116	
	00494420	220	
	00494500	484	
	00494700	70	
	00494750	189	
	00494810	279	
	00494930	65	
	00494980	18	
	004949a0	25	
	004949c0	12	
	004949d0	68	
	00494a20	12	
	00494a30	12	
	00494a40	12	
	00494a50	5	
00494a50	00494a60	19	
	00494a80	5	
00494a80	00494a90	19	
	00494ab0	5	
00494ab0	00494ac0	19	
	00494ae0	5	
00494ae0	00494af0	19	
	00494b10	5	
00494b10	00494b20	201	
	00494bf0	5	
00494bf0	00494c00	481	
	00494df0	5	
00494df0	00494e00	201	
	00494ed0	10	
	00494ee0	16	
	00494ef0	12	
	00494f00	10	
	00494f10	5	
00494f10	00494f20	19	
	00494f40	63	
	00494f80	8	
	00494f90	357	
	00495100	76	
	00495150	109	
	004951c0	515	
	004953d0	284	
	004954f0	286	
	00495610	165	
	004956c0	111	
	00495730	25	
	00495750	12	
	00495760	68	
	004957b0	12	
	004957c0	12	
	004957d0	12	
	004957e0	700	
	00495aa0	347	
	00495c00	336	
	00495d50	242	
	00495e50	87	
	00495eb0	207	
	00495f80	207	
	00496050	250	
	00496150	250	
	00496250	324	
	004963a0	324	
	004964f0	104	
	00496560	104	
	004965d0	104	
	00496640	100	
	004966b0	90	
	00496710	491	
	00496900	6	
	00496910	25	
	00496930	12	
	00496940	68	
	00496990	12	
	004969a0	12	
	004969b0	12	
	004969c0	10	
	004969d0	25	
	004969f0	12	
	00496a00	10	
	00496a10	7	
	00496a20	535	
	00496c40	322	
	00496d90	159	
	00496e30	300	
	00496f60	409	
	00497100	620	
	00497370	199	
	00497440	439	
	00497600	797	
	00497920	575	
	00497b60	8	
	00497b70	51	
	00497bb0	122	
	00497c30	148	
	00497cd0	148	
	00497d70	224	
	00497e50	139	
	00497ee0	49	
	00497f20	38	
	00497f50	230	
	00498040	217	
	00498120	136	
	004981b0	136	
	00498240	75	
	00498290	75	
	004982e0	19	
	00498300	99	
	00498370	93	
	004983d0	93	
	00498430	136	
	004984c0	136	
	00498550	43	
	00498580	43	
	004985b0	1103	
	00498a00	255	
	00498b00	581	
	00498d50	850	
	004990b0	308	
	004991f0	467	
	004993d0	501	
	004995d0	327	
	00499720	39	
	00499750	102	
	004997c0	51	
	00499800	241	
	00499900	53	
	00499940	47	
	00499970	552	
	00499ba0	279	
	00499cd0	151	
	00499d70	33	
	00499da0	27	
	00499dc0	116	
	00499e40	38	
	00499e70	77	
	00499ec0	10	
	00499ed0	10	
	00499ee0	11	
	00499ef0	377	
	0049a070	356	
	0049a1e0	214	
	0049a2c0	396	
	0049a450	48	
	0049a480	77	
	0049a4d0	69	
	0049a520	69	
	0049a570	69	
	0049a5c0	233	
	0049a6b0	32	
	0049a6d0	74	
	0049a720	32	
	0049a740	65	
	0049a790	16	
	0049a7a0	18	
	0049a7c0	40	
	0049a7f0	40	
	0049a820	25	
	0049a840	12	
	0049a850	136	
	0049a8e0	152	
	0049a980	68	
	0049a9d0	12	
	0049a9e0	12	
	0049a9f0	12	
	0049aa00	10	
	0049aa10	1501	
	0049aff0	12	
	0049b000	20	
	0049b020	10	
	0049b030	16	
	0049b040	12	
	0049b050	10	
	0049b060	5	
0049b060	0049b070	41	
	0049b0a0	5	
0049b0a0	0049b0b0	41	
	0049b0e0	5	
0049b0e0	0049b0f0	41	
	0049b120	5	
0049b120	0049b130	41	
	0049b160	5	
0049b160	0049b170	41	
	0049b1a0	5	
0049b1a0	0049b1b0	41	
	0049b1e0	5	
0049b1e0	0049b1f0	41	
	0049b220	5	
0049b220	0049b230	41	
	0049b260	5	
0049b260	0049b270	41	
	0049b2a0	5	
0049b2a0	0049b2b0	241	
	0049b3b0	5	
0049b3b0	0049b3c0	241	
	0049b4c0	107	
	0049b530	189	
	0049b5f0	393	
	0049b780	818	
	0049bac0	821	
	0049be00	595	
	0049c060	1091	
	0049c4b0	2246	
	0049cda0	310	
	0049cee0	188	
	0049cfb0	140	
	0049d060	122	
	0049d100	480	
	0049d2e0	25	
	0049d300	12	
	0049d310	68	
	0049d360	12	
	0049d370	12	
	0049d380	12	
	0049d390	537	
	0049d5b0	25	
	0049d5d0	16	
	0049d5e0	16	
	0049d5f0	30	
	0049d610	69	
	0049d660	93	
	0049d6c0	63	
	0049d700	254	
	0049d800	164	
	0049d8b0	56	
	0049d8f0	30	
	0049d910	70	
	0049d960	7	
	0049d970	32	
	0049d990	142	
	0049da20	263	
	0049db30	1204	
	0049dff0	315	
	0049e130	57	
	0049e170	57	
	0049e1b0	57	
	0049e1f0	49	
	0049e230	168	
	0049e2e0	25	
	0049e300	12	
	0049e310	10	
	0049e320	10	
	0049e330	10	
	0049e340	13	
	0049e350	13	
	0049e360	13	
	0049e370	13	
	0049e380	13	
	0049e390	13	
	0049e3a0	68	
	0049e3f0	12	
	0049e400	12	
	0049e410	12	
	0049e420	439	
	0049e5e0	7	
	0049e5f0	32	
	0049e610	7	
	0049e620	32	
	0049e640	30	
	0049e660	114	
	0049e6e0	74	
	0049e730	499	
	0049e930	33	
	0049e960	544	
	0049eb80	51	
	0049ebc0	63	
	0049ec00	485	
	0049edf0	114	
	0049ee70	620	
	0049f0e0	100	
	0049f150	860	
	0049f4b0	122	
	0049f530	198	
	0049f600	22	
	0049f620	115	
	0049f6a0	97	
	0049f710	54	
	0049f750	111	
	0049f7c0	16	
	0049f7d0	17	
	0049f7f0	10	
	0049f800	40	
	0049f830	569	
	0049fa70	50	
	0049fab0	13	
	0049fac0	47	
	0049faf0	74	
	0049fb40	58	
	0049fb80	313	
	0049fcc0	25	
	0049fce0	12	
	0049fcf0	68	
	0049fd40	12	
	0049fd50	12	
	0049fd60	12	
	0049fd70	70	
	0049fdc0	30	
	0049fde0	11	
	0049fdf0	60	
	0049fe30	78	
	0049fe80	470	
	004a0060	11	
	004a0070	364	
	004a01e0	243	
	004a02e0	104	
	004a0350	51	
	004a0390	312	
	004a04d0	303	
	004a0620	25	
	004a0640	12	
	004a0650	68	
	004a06a0	12	
	004a06b0	12	
	004a06c0	12	
	004a06d0	5	
004a06d0	004a06e0	19	
	004a0700	44	
	004a0730	27	
	004a0750	123	
	004a07d0	131	
	004a0860	109	
	004a08d0	70	
	004a0920	133	
	004a09b0	26	
	004a09d0	342	
	004a0b30	240	
	004a0c20	112	
	004a0c90	292	
	004a0dd0	467	
	004a0fb0	210	
	004a1090	138	
	004a1140	56	
	004a11b0	221	
	004a1290	54	
	004a12d0	22	
	004a12f0	220	
	004a13d0	25	
	004a13f0	12	
	004a1400	68	
	004a1450	12	
	004a1460	12	
	004a1470	12	
	004a1480	10	
	004a1490	1501	
	004a1a70	12	
	004a1a80	20	
	004a1aa0	10	
	004a1ab0	41	
	004a1ae0	12	
	004a1af0	35	
	004a1b20	10	
	004a1b30	41	
	004a1b60	12	
	004a1b70	35	
	004a1ba0	10	
	004a1bb0	41	
	004a1be0	12	
	004a1bf0	35	
	004a1c20	10	
	004a1c30	10	
	004a1c40	12	
	004a1c50	31	
	004a1c70	10	
	004a1c80	10	
	004a1c90	12	
	004a1ca0	31	
	004a1cc0	10	
	004a1cd0	10	
	004a1ce0	12	
	004a1cf0	31	
	004a1d10	10	
	004a1d20	41	
	004a1d50	12	
	004a1d60	35	
	004a1d90	10	
	004a1da0	41	
	004a1dd0	12	
	004a1de0	35	
	004a1e10	10	
	004a1e20	41	
	004a1e50	12	
	004a1e60	35	
	004a1e90	10	
	004a1ea0	41	
	004a1ed0	12	
	004a1ee0	35	
	004a1f10	10	
	004a1f20	41	
	004a1f50	12	
	004a1f60	35	
	004a1f90	10	
	004a1fa0	41	
	004a1fd0	12	
	004a1fe0	35	
	004a2010	10	
	004a2020	41	
	004a2050	12	
	004a2060	35	
	004a2090	10	
	004a20a0	41	
	004a20d0	12	
	004a20e0	35	
	004a2110	10	
	004a2120	41	
	004a2150	12	
	004a2160	35	
	004a2190	10	
	004a21a0	41	
	004a21d0	12	
	004a21e0	35	
	004a2210	10	
	004a2220	41	
	004a2250	12	
	004a2260	35	
	004a2290	10	
	004a22a0	41	
	004a22d0	12	
	004a22e0	35	
	004a2310	10	
	004a2320	41	
	004a2350	12	
	004a2360	35	
	004a2390	10	
	004a23a0	41	
	004a23d0	12	
	004a23e0	35	
	004a2410	10	
	004a2420	41	
	004a2450	12	
	004a2460	35	
	004a2490	10	
	004a24a0	41	
	004a24d0	12	
	004a24e0	35	
	004a2510	10	
	004a2520	41	
	004a2550	12	
	004a2560	35	
	004a2590	10	
	004a25a0	41	
	004a25d0	12	
	004a25e0	35	
	004a2610	10	
	004a2620	41	
	004a2650	12	
	004a2660	35	
	004a2690	10	
	004a26a0	41	
	004a26d0	12	
	004a26e0	35	
	004a2710	10	
	004a2720	41	
	004a2750	12	
	004a2760	35	
	004a2790	10	
	004a27a0	41	
	004a27d0	12	
	004a27e0	35	
	004a2810	10	
	004a2820	41	
	004a2850	12	
	004a2860	35	
	004a2890	10	
	004a28a0	10	
	004a28b0	12	
	004a28c0	31	
	004a28e0	10	
	004a28f0	41	
	004a2920	12	
	004a2930	35	
	004a2960	125	
	004a29e0	20	
	004a2a00	58	
	004a2a40	192	
	004a2b00	225	
	004a2bf0	963	
	004a2fc0	92	
	004a3020	80	
	004a3070	802	
	004a33a0	143	
	004a3430	287	
	004a3550	66	
	004a35a0	303	
	004a36d0	297	
	004a3800	14	
	004a3810	18	
	004a3830	21	
	004a3850	21	
	004a3870	21	
	004a3890	80	
	004a38e0	510	
	004a3ae0	90	
	004a3b40	510	
	004a3d40	55	
	004a3d80	510	
	004a3f80	65	
	004a3fd0	75	
	004a4020	107	
	004a4090	510	
	004a4290	100	
	004a4300	510	
	004a4500	95	
	004a4560	510	
	004a4760	196	
	004a4830	60	
	004a4870	510	
	004a4a70	70	
	004a4ac0	510	
	004a4cc0	14	
	004a4cd0	3877	
	004a5c00	60	
	004a5c40	14	
	004a5c50	14	
	004a5c60	1039	
	004a6070	78	
	004a60c0	68	
	004a6110	12	
	004a6120	12	
	004a6130	12	
	004a6140	366	
	004a62b0	119	
	004a6330	14	
	004a6340	86	
	004a63a0	115	
	004a6420	18	
	004a6440	763	
	004a6740	1618	
	004a6da0	520	
	004a6fb0	1	
	004a6fc0	444	
	004a7180	263	
	004a7290	402	
	004a7430	152	
	004a74d0	125	
	004a7550	68	
	004a75a0	12	
	004a75b0	12	
	004a75c0	12	
	004a75d0	10	
	004a75e0	1501	
	004a7bc0	12	
	004a7bd0	20	
	004a7bf0	10	
	004a7c00	16	
	004a7c10	12	
	004a7c20	10	
	004a7c30	283	
	004a7d50	96	
	004a7db0	44	
	004a7de0	157	
	004a7e80	526	
	004a8090	441	
	004a8250	7418	
	004a9f50	1925	
	004aa6e0	120	
	004aa760	2192	
	004aaff0	530	
	004ab210	2307	
	004abb20	785	
	004abe40	1047	
	004ac260	552	
	004ac490	246	
	004ac590	37	
	004ac5c0	193	
	004ac690	122	
	004ac710	25	
	004ac730	12	
	004ac740	68	
	004ac790	12	
	004ac7a0	12	
	004ac7b0	12	
	004ac7c0	10	
	004ac7d0	1501	
	004acdb0	12	
	004acdc0	20	
	004acde0	10	
	004acdf0	76	
	004ace40	12	
	004ace50	20	
	004ace70	10	
	004ace80	16	
	004ace90	12	
	004acea0	10	
	004aceb0	10	
	004acec0	16	
	004aced0	12	
	004acee0	10	
	004acef0	10	
	004acf00	16	
	004acf10	12	
	004acf20	10	
	004acf30	5	
004acf30	004acf40	19	
	004acf60	406	
	004ad100	17	
	004ad120	30	
	004ad140	193	
	004ad210	289	
	004ad350	684	
	004ad600	1746	
	004adce0	382	
	004ade60	926	
	004ae200	521	
	004ae410	467	
	004ae5f0	197	
	004ae6c0	3020	
	004af290	31	
	004af2b0	57	
	004af2f0	198	
	004af3c0	58	
	004af400	20	
	004af420	196	
	004af4f0	203	
	004af5c0	25	
	004af5e0	12	
	004af5f0	180	
	004af6b0	15	
	004af6c0	329	
004af6c0	004af833	200	
	004af809	39	
	004af900	269	
	004afa10	47	
	004afa40	45	
	004afa70	68	
	004afac0	12	
	004afad0	12	
	004afae0	12	
	004afaf0	10	
	004afb00	76	
	004afb50	12	
	004afb60	20	
	004afb80	10	
	004afb90	1501	
	004b0170	12	
	004b0180	20	
	004b01a0	10	
	004b01b0	16	
	004b01c0	12	
	004b01d0	10	
	004b01e0	5	
004b01e0	004b01f0	19	
	004b0210	444	
	004b03d0	30	
	004b03f0	134	
	004b0480	178	
	004b0550	1477	
	004b0b20	252	
	004b0c20	478	
	004b0e00	2742	
	004b18c0	23	
	004b18e0	25	
	004b1900	52	
	004b1940	192	
	004b1a00	45	
	004b1a30	214	
	004b1b10	68	
	004b1b60	12	
	004b1b70	12	
	004b1b80	12	
	004b1b90	10	
	004b1ba0	76	
	004b1bf0	12	
	004b1c00	20	
	004b1c20	5	
004b1c20	004b1c30	19	
	004b1c50	5	
004b1c50	004b1c60	19	
	004b1c80	5	
004b1c80	004b1c90	19	
	004b1cb0	5	
004b1cb0	004b1cc0	1	
	004b1cd0	281	
	004b1df0	211	
	004b1ed0	26	
	004b1ef0	1065	
	004b2320	50	
	004b2360	762	
	004b2660	77	
	004b26b0	111	
	004b2720	79	
	004b2770	676	
	004b2a20	51	
	004b2a60	2626	
	004b34b0	57	
	004b34f0	93	
	004b3550	45	
	004b3580	424	
	004b3730	68	
	004b3780	12	
	004b3790	12	
	004b37a0	12	
	004b37b0	10	
	004b37c0	1501	
	004b3da0	12	
	004b3db0	20	
	004b3dd0	49	
	004b3e10	10	
	004b3e20	30	
	004b3e40	78	
	004b3e90	7	
	004b3ea0	32	
	004b3ec0	1948	
	004b4660	1581	
	004b4c90	49	
	004b4cd0	670	
	004b4f70	68	
	004b4fc0	12	
	004b4fd0	12	
	004b4fe0	12	
	004b4ff0	237	
	004b50e0	15	
	004b50f0	18	
	004b5110	325	
	004b5260	518	
	004b5470	276	
	004b5590	263	
	004b56a0	68	
	004b56f0	12	
	004b5700	12	
	004b5710	12	
	004b5720	7	
	004b5730	74	
	004b5780	139	
	004b5810	68	
	004b5860	12	
	004b5870	12	
	004b5880	12	
	004b5890	10	
	004b58a0	16	
	004b58b0	12	
	004b58c0	10	
	004b58d0	5	
004b58d0	004b58e0	121	
	004b5960	5	
004b5960	004b5970	180	
	004b5a30	5	
004b5a30	004b5a40	180	
	004b5b00	5	
004b5b00	004b5b10	1272	
	004b6010	5	
004b6010	004b6020	73	
	004b6070	5	
004b6070	004b6080	73	
	004b60d0	5	
004b60d0	004b60e0	73	
	004b6130	5	
004b6130	004b6140	73	
	004b6190	5	
004b6190	004b61a0	1437	
	004b6740	5	
004b6740	004b6750	11	
	004b6760	5	
004b6760	004b6770	11	
	004b6780	5	
004b6780	004b6790	11	
	004b67a0	5	
004b67a0	004b67b0	41	
	004b67e0	5	
004b67e0	004b67f0	41	
	004b6820	5	
004b6820	004b6830	41	
	004b6860	5	
004b6860	004b6870	1536	
	004b6e70	5	
004b6e70	004b6e80	1711	
	004b7530	10	
	004b7540	28	
	004b7560	12	
	004b7570	10	
	004b7580	10	
	004b7590	25	
	004b75b0	12	
	004b75c0	10	
	004b75d0	115	
	004b7650	30	
	004b7670	189	
	004b7730	174	
	004b77e0	109	
	004b7850	672	
	004b7af0	936	
	004b7ea0	166	
	004b7f50	208	
	004b8020	32	
	004b8040	96	
	004b80a0	98	
	004b8110	48	
	004b8140	568	
	004b8380	316	
	004b84c0	118	
	004b8540	1044	
	004b8960	198	
	004b8a30	1389	
	004b8fa0	145	
	004b9040	272	
	004b9150	221	
	004b9230	25	
	004b9250	12	
	004b9260	68	
	004b92b0	12	
	004b92c0	12	
	004b92d0	12	
	004b92e0	10	
	004b92f0	16	
	004b9300	12	
	004b9310	10	
	004b9320	5	
004b9320	004b9330	2114	
	004b9b80	5	
004b9b80	004b9b90	474	
	004b9d70	5	
004b9d70	004b9d80	297	
	004b9eb0	5	
004b9eb0	004b9ec0	180	
	004b9f80	5	
004b9f80	004b9f90	180	
	004ba050	5	
004ba050	004ba060	180	
	004ba120	5	
004ba120	004ba130	180	
	004ba1f0	5	
004ba1f0	004ba200	130	
	004ba290	5	
004ba290	004ba2a0	1781	
	004ba9a0	10	
	004ba9b0	22	
	004ba9d0	12	
	004ba9e0	10	
	004ba9f0	141	
	004baa80	79	
	004baad0	300	
	004bac00	87	
	004bac60	3695	
	004bbad0	113	
	004bbb50	831	
	004bbe90	284	
	004bbfb0	417	
	004bc160	265	
	004bc270	25	
	004bc290	147	
	004bc330	29	
	004bc350	323	
	004bc4a0	52	
	004bc4e0	1190	
	004bc990	38	
	004bc9c0	179	
	004bca80	632	
	004bcd00	81	
	004bcd60	222	
	004bce50	795	
	004bd170	25	
	004bd190	12	
	004bd1a0	68	
	004bd1f0	12	
	004bd200	12	
	004bd210	12	
	004bd220	5	
004bd220	004bd230	41	
	004bd260	38	
	004bd290	24	
	004bd2b0	30	
	004bd2d0	11	
	004bd2e0	267	
	004bd3f0	17	
	004bd410	116	
	004bd490	18	
	004bd4b0	44	
	004bd4e0	68	
	004bd530	12	
	004bd540	12	
	004bd550	12	
	004bd560	80	
	004bd5b0	138	
	004bd640	161	
	004bd6f0	212	
	004bd7d0	226	
	004bd8c0	47	
	004bd8f0	21	
	004bd910	5	
	004bd920	134	
	004bd9b0	150	
	004bda50	49	
	004bda90	18	
	004bdab0	150	
	004bdb50	380	
	004bdcd0	209	
	004bddb0	333	
	004bdf00	1230	
	004be3d0	420	
	004be580	368	
	004be6f0	66	
	004be740	75	
	004be790	75	
	004be7e0	32	
	004be800	27	
	004be820	87	
	004be880	40	
	004be8b0	73	
	004be900	136	
	004be990	60	
	004be9d0	60	
	004bea10	68	
	004bea60	12	
	004bea70	12	
	004bea80	12	
	004bea90	10	
	004beaa0	16	
	004beab0	12	
	004beac0	10	
	004bead0	5	
004bead0	004beae0	1206	
	004befa0	5	
004befa0	004befb0	19	
	004befd0	5	
004befd0	004befe0	19	
	004bf000	10	
	004bf010	31	
	004bf030	12	
	004bf040	10	
	004bf050	10	
	004bf060	31	
	004bf080	12	
	004bf090	10	
	004bf0a0	10	
	004bf0b0	31	
	004bf0d0	12	
	004bf0e0	10	
	004bf0f0	10	
	004bf100	28	
	004bf120	12	
	004bf130	10	
	004bf140	10	
	004bf150	25	
	004bf170	12	
	004bf180	10	
	004bf190	10	
	004bf1a0	31	
	004bf1c0	12	
	004bf1d0	10	
	004bf1e0	10	
	004bf1f0	25	
	004bf210	12	
	004bf220	10	
	004bf230	10	
	004bf240	28	
	004bf260	12	
	004bf270	10	
	004bf280	10	
	004bf290	28	
	004bf2b0	12	
	004bf2c0	10	
	004bf2d0	10	
	004bf2e0	103	
	004bf350	12	
	004bf360	20	
	004bf380	10	
	004bf390	28	
	004bf3b0	12	
	004bf3c0	10	
	004bf3d0	10	
	004bf3e0	25	
	004bf400	12	
	004bf410	10	
	004bf420	10	
	004bf430	31	
	004bf450	12	
	004bf460	10	
	004bf470	216	
	004bf550	30	
	004bf570	166	
	004bf620	443	
	004bf7e0	41	
	004bf810	563	
	004bfa50	67	
	004bfaa0	109	
	004bfb10	123	
	004bfb90	331	
	004bfce0	35	
	004bfd10	116	
	004bfd90	45	
	004bfdc0	23	
	004bfde0	24	
	004bfe00	331	
	004bff50	96	
	004bffb0	36	
	004bffe0	393	
	004c0170	135	
	004c0200	254	
	004c0300	48	
	004c0330	8	
	004c0340	121	
	004c03c0	22	
	004c03e0	55	
	004c0420	55	
	004c0460	8	
	004c0470	51	
	004c04b0	350	
	004c0610	36	
	004c0640	888	
	004c09c0	21	
	004c09e0	11	
	004c09f0	35	
	004c0a20	575	
	004c0c60	430	
	004c0e10	62	
	004c0e50	533	
	004c1070	1400	
	004c15f0	404	
	004c1790	476	
	004c1970	454	
	004c1b40	1059	
	004c1f70	207	
	004c2040	571	
	004c2280	1	
	004c2290	91	
	004c22f0	1130	
	004c2770	119	
	004c27f0	263	
	004c2900	34	
	004c2940	7	
	004c2950	68	
	004c29a0	12	
	004c29b0	12	
	004c29c0	12	
	004c29d0	25	
	004c29f0	12	
	004c2a00	10	
	004c2a10	1501	
	004c2ff0	12	
	004c3000	20	
	004c3020	257	
	004c3130	24	
	004c3150	302	
	004c3280	298	
	004c33b0	219	
	004c3490	24	
	004c34b0	302	
	004c35e0	298	
	004c3710	219	
	004c37f0	24	
	004c3810	302	
	004c3940	298	
	004c3a70	219	
	004c3b50	16	
	004c3b60	68	
	004c3bb0	12	
	004c3bc0	12	
	004c3bd0	12	
	004c3be0	10	
	004c3bf0	1501	
	004c41d0	12	
	004c41e0	20	
	004c4200	50	
	004c4240	10	
	004c4250	10	
	004c4260	24	
	004c4280	20	
	004c42a0	2714	
	004c4d40	41	
	004c4d70	47	
	004c4da0	32	
	004c4dc0	40	
	004c4df0	136	
	004c4e80	68	
	004c4ed0	12	
	004c4ee0	12	
	004c4ef0	12	
	004c4f00	10	
	004c4f10	1501	
	004c54f0	12	
	004c5500	20	
	004c5520	278	
	004c5640	24	
	004c5660	296	
	004c5790	361	
	004c5900	219	
	004c59e0	24	
	004c5a00	296	
	004c5b30	367	
	004c5ca0	219	
	004c5d80	24	
	004c5da0	296	
	004c5ed0	361	
	004c6040	219	
	004c6120	24	
	004c6140	296	
	004c6270	664	
	004c6510	255	
	004c6610	24	
	004c6630	296	
	004c6760	361	
	004c68d0	219	
	004c69b0	24	
	004c69d0	296	
	004c6b00	361	
	004c6c70	219	
	004c6d50	24	
	004c6d70	296	
	004c6ea0	361	
	004c7010	219	
	004c70f0	68	
	004c7140	12	
	004c7150	12	
	004c7160	12	
	004c7170	10	
	004c7180	1501	
	004c7760	12	
	004c7770	20	
	004c7790	88	
	004c77f0	24	
	004c7810	296	
	004c7940	820	
	004c7c80	219	
	004c7d60	24	
	004c7d80	296	
	004c7eb0	820	
	004c81f0	219	
	004c82d0	24	
	004c82f0	296	
	004c8420	820	
	004c8760	219	
	004c8840	24	
	004c8860	296	
	004c8990	922	
	004c8d30	219	
	004c8e10	24	
	004c8e30	323	
	004c8f80	922	
	004c9320	219	
	004c9400	179	
	004c94c0	68	
	004c9510	12	
	004c9520	12	
	004c9530	12	
	004c9540	10	
	004c9550	1501	
	004c9b30	12	
	004c9b40	20	
	004c9b60	108	
	004c9bd0	24	
	004c9bf0	296	
	004c9d20	714	
	004c9ff0	219	
	004ca0d0	68	
	004ca120	12	
	004ca130	12	
	004ca140	12	
	004ca150	10	
	004ca160	1501	
	004ca740	12	
	004ca750	20	
	004ca770	50	
	004ca7b0	24	
	004ca7d0	305	
	004ca910	245	
	004caa10	186	
	004caad0	24	
	004caaf0	305	
	004cac30	245	
	004cad30	186	
	004cadf0	24	
	004cae10	305	
	004caf50	245	
	004cb050	186	
	004cb110	24	
	004cb130	305	
	004cb270	245	
	004cb370	186	
	004cb430	24	
	004cb450	305	
	004cb590	245	
	004cb690	186	
	004cb750	24	
	004cb770	305	
	004cb8b0	245	
	004cb9b0	186	
	004cba70	24	
	004cba90	305	
	004cbbd0	245	
	004cbcd0	186	
	004cbd90	24	
	004cbdb0	305	
	004cbef0	245	
	004cbff0	186	
	004cc0b0	24	
	004cc0d0	305	
	004cc210	245	
	004cc310	186	
	004cc3d0	24	
	004cc3f0	305	
	004cc530	245	
	004cc630	186	
	004cc6f0	68	
	004cc740	12	
	004cc750	12	
	004cc760	12	
	004cc770	10	
	004cc780	1501	
	004ccd60	12	
	004ccd70	20	
	004ccd90	257	
	004ccea0	24	
	004ccec0	47	
	004ccef0	219	
	004ccfd0	24	
	004ccff0	47	
	004cd020	240	
	004cd110	24	
	004cd130	47	
	004cd160	240	
	004cd250	24	
	004cd270	47	
	004cd2a0	240	
	004cd390	24	
	004cd3b0	47	
	004cd3e0	240	
	004cd4d0	24	
	004cd4f0	47	
	004cd520	240	
	004cd610	24	
	004cd630	47	
	004cd660	240	
	004cd750	24	
	004cd770	47	
	004cd7a0	240	
	004cd890	24	
	004cd8b0	47	
	004cd8e0	240	
	004cd9d0	24	
	004cd9f0	47	
	004cda20	240	
	004cdb10	24	
	004cdb30	47	
	004cdb60	240	
	004cdc50	24	
	004cdc70	47	
	004cdca0	240	
	004cdd90	24	
	004cddb0	47	
	004cdde0	240	
	004cded0	41	
	004cdf00	24	
	004cdf20	47	
	004cdf50	240	
	004ce040	24	
	004ce060	47	
	004ce090	240	
	004ce180	24	
	004ce1a0	47	
	004ce1d0	240	
	004ce2c0	24	
	004ce2e0	47	
	004ce310	240	
	004ce400	24	
	004ce420	47	
	004ce450	240	
	004ce540	24	
	004ce560	47	
	004ce590	255	
	004ce690	24	
	004ce6b0	47	
	004ce6e0	934	
	004cea90	48	
	004ceac0	65	
	004ceb10	24	
	004ceb30	47	
	004ceb60	412	
	004ced00	24	
	004ced20	47	
	004ced50	207	
	004cee20	24	
	004cee40	47	
	004cee70	162	
	004cef20	24	
	004cef40	47	
	004cef70	219	
	004cf050	24	
	004cf070	47	
	004cf0a0	219	
	004cf180	24	
	004cf1a0	47	
	004cf1d0	219	
	004cf2b0	24	
	004cf2d0	47	
	004cf300	219	
	004cf3e0	24	
	004cf400	47	
	004cf430	240	
	004cf520	24	
	004cf540	47	
	004cf570	219	
	004cf650	24	
	004cf670	47	
	004cf6a0	228	
	004cf790	24	
	004cf7b0	47	
	004cf7e0	219	
	004cf8c0	24	
	004cf8e0	47	
	004cf910	240	
	004cfa00	24	
	004cfa20	47	
	004cfa50	245	
	004cfb50	24	
	004cfb70	47	
	004cfba0	240	
	004cfc90	24	
	004cfcb0	47	
	004cfce0	219	
	004cfdc0	24	
	004cfde0	47	
	004cfe10	240	
	004cff00	24	
	004cff20	47	
	004cff50	240	
	004d0040	24	
	004d0060	47	
	004d0090	228	
	004d0180	24	
	004d01a0	47	
	004d01d0	219	
	004d02b0	24	
	004d02d0	47	
	004d0300	219	
	004d03e0	24	
	004d0400	47	
	004d0430	219	
	004d0510	12	
	004d0520	24	
	004d0540	47	
	004d0570	245	
	004d0670	41	
	004d06a0	24	
	004d06c0	47	
	004d06f0	219	
	004d07d0	24	
	004d07f0	47	
	004d0820	219	
	004d0900	24	
	004d0920	47	
	004d0950	219	
	004d0a30	24	
	004d0a50	47	
	004d0a80	219	
	004d0b60	24	
	004d0b80	47	
	004d0bb0	219	
	004d0c90	24	
	004d0cb0	47	
	004d0ce0	219	
	004d0dc0	24	
	004d0de0	47	
	004d0e10	162	
	004d0ec0	24	
	004d0ee0	47	
	004d0f10	219	
	004d0ff0	24	
	004d1010	47	
	004d1040	219	
	004d1120	24	
	004d1140	47	
	004d1170	219	
	004d1250	24	
	004d1270	47	
	004d12a0	219	
	004d1380	24	
	004d13a0	47	
	004d13d0	162	
	004d1480	24	
	004d14a0	47	
	004d14d0	219	
	004d15b0	24	
	004d15d0	47	
	004d1600	219	
	004d16e0	24	
	004d1700	47	
	004d1730	219	
	004d1810	24	
	004d1830	47	
	004d1860	219	
	004d1940	24	
	004d1960	47	
	004d1990	219	
	004d1a70	68	
	004d1ac0	12	
	004d1ad0	12	
	004d1ae0	12	
	004d1af0	10	
	004d1b00	1501	
	004d20e0	12	
	004d20f0	20	
	004d2110	34	
	004d2140	24	
	004d2160	296	
	004d2290	394	
	004d2420	219	
	004d2500	24	
	004d2520	296	
	004d2650	394	
	004d27e0	219	
	004d28c0	24	
	004d28e0	296	
	004d2a10	394	
	004d2ba0	219	
	004d2c80	24	
	004d2ca0	296	
	004d2dd0	394	
	004d2f60	219	
	004d3040	24	
	004d3060	296	
	004d3190	394	
	004d3320	219	
	004d3400	24	
	004d3420	296	
	004d3550	394	
	004d36e0	219	
	004d37c0	24	
	004d37e0	296	
	004d3910	389	
	004d3aa0	219	
	004d3b80	24	
	004d3ba0	296	
	004d3cd0	393	
	004d3e60	219	
	004d3f40	24	
	004d3f60	296	
	004d4090	390	
	004d4220	219	
	004d4300	24	
	004d4320	296	
	004d4450	390	
	004d45e0	219	
	004d46c0	68	
	004d4710	12	
	004d4720	12	
	004d4730	12	
	004d4740	20	
	004d4760	30	
	004d4780	7	
	004d4790	30	
	004d47b0	28	
	004d47d0	68	
	004d4820	12	
	004d4830	12	
	004d4840	12	
	004d4850	187	
	004d4910	30	
	004d4930	205	
	004d4a00	1003	
	004d4df0	54	
	004d4e30	370	
	004d4fb0	369	
	004d5130	87	
	004d5190	49	
	004d51d0	27	
	004d51f0	38	
	004d5220	74	
	004d5270	32	
	004d5290	28	
	004d52b0	40	
	004d52e0	145	
	004d5380	68	
	004d53d0	12	
	004d53e0	12	
	004d53f0	12	
	004d5400	10	
	004d5410	16	
	004d5420	12	
	004d5430	10	
	004d5440	26	
	004d5460	19	
	004d5480	518	
	004d5690	222	
	004d5770	25	
	004d5790	813	
	004d5ac0	913	
	004d5e60	68	
	004d5eb0	12	
	004d5ec0	12	
	004d5ed0	12	
	004d5ee0	44	
	004d5f10	76	
	004d5f60	17	
	004d5f80	44	
	004d5fb0	68	
	004d6000	12	
	004d6010	12	
	004d6020	12	
	004d6030	10	
	004d6040	13	
	004d6050	12	
	004d6060	10	
	004d6070	10	
	004d6080	16	
	004d6090	12	
	004d60a0	10	
	004d60b0	10	
	004d60c0	16	
	004d60d0	12	
	004d60e0	10	
	004d60f0	291	
	004d6220	155	
	004d62c0	319	
	004d6400	1002	
	004d67f0	672	
	004d6a90	197	
	004d6b60	105	
	004d6bd0	8	
	004d6be0	77	
	004d6c30	19	
	004d6c50	62	
	004d6c90	257	
	004d6da0	70	
	004d6df0	179	
	004d6eb0	323	
	004d7000	283	
	004d7120	269	
	004d7230	339	
	004d7390	57	
	004d73d0	188	
	004d7490	1027	
	004d78a0	89	
	004d7900	59	
	004d7940	165	
	004d79f0	2714	
	004d8490	204	
	004d8560	207	
	004d8630	1866	
	004d8d80	1062	
	004d91b0	151	
	004d9250	826	
	004d9590	2359	
	004d9ed0	592	
	004da120	663	
	004da3c0	620	
	004da640	199	
	004da710	208	
	004da7e0	235	
	004da8d0	241	
	004da9d0	241	
	004daad0	190	
	004dab90	222	
	004dac70	1213	
	004db160	147	
	004db200	132	
	004db2a0	79	
	004db2f0	91	
	004db350	107	
	004db3c0	129	
	004db450	245	
	004db560	627	
	004db800	137	
	004db890	2785	
	004dc380	520	
	004dc590	314	
	004dc6d0	5	
	004dc6e0	7	
	004dc6f0	562	
	004dc930	523	
	004dcb40	76	
	004dcb90	76	
	004dcbe0	76	
	004dcc30	108	
	004dccb0	95	
	004dcd10	95	
	004dcd70	83	
	004dcdd0	69	
	004dce20	156	
	004dcec0	262	
	004dcfd0	457	
	004dd1a0	93	
	004dd200	24	
	004dd220	336	
	004dd370	89	
	004dd3d0	12	
	004dd3e0	12	
	004dd3f0	12	
	004dd400	12	
	004dd410	10	
	004dd420	31	
	004dd440	12	
	004dd450	10	
	004dd460	10	
	004dd470	25	
	004dd490	12	
	004dd4a0	10	
	004dd4b0	10	
	004dd4c0	25	
	004dd4e0	12	
	004dd4f0	10	
	004dd500	10	
	004dd510	25	
	004dd530	12	
	004dd540	10	
	004dd550	10	
	004dd560	28	
	004dd580	12	
	004dd590	10	
	004dd5a0	10	
	004dd5b0	28	
	004dd5d0	12	
	004dd5e0	10	
	004dd5f0	10	
	004dd600	28	
	004dd620	12	
	004dd630	10	
	004dd640	10	
	004dd650	22	
	004dd670	12	
	004dd680	10	
	004dd690	16	
	004dd6a0	135	
	004dd730	31	
	004dd750	56	
	004dd790	32	
	004dd7b0	98	
	004dd820	1000	
	004ddc10	197	
	004ddce0	1062	
	004de110	1058	
	004de540	1038	
	004de950	1038	
	004ded60	1318	
	004df290	32	
	004df2b0	1315	
	004df7e0	1315	
	004dfd10	1019	
	004e0110	50	
	004e0150	30	
	004e0170	200	
	004e0240	1426	
	004e07e0	79	
	004e0830	183	
	004e08f0	150	
	004e0990	83	
	004e09f0	69	
	004e0a40	223	
	004e0b20	541	
	004e0d40	530	
	004e0f60	173	
	004e1010	128	
	004e1090	150	
	004e1130	54	
	004e1170	89	
	004e11d0	12	
	004e11e0	12	
	004e11f0	12	
	004e1200	12	
	004e1210	522	
	004e1420	30	
	004e1440	264	
	004e1550	10	
	004e1560	3	
	004e1570	5	
	004e1580	214	
	004e1660	127	
	004e16e0	49	
	004e1720	49	
	004e1760	31	
	004e1780	627	
	004e1a00	769	
	004e1d10	769	
	004e2020	769	
	004e2330	769	
	004e2640	29	
	004e2660	29	
	004e2680	19	
	004e26a0	78	
	004e26f0	26	
	004e2710	23	
	004e2730	58	
	004e2770	55	
	004e27b0	72	
	004e2800	43	
	004e2830	90	
	004e2890	34	
	004e28c0	102	
	004e2930	62	
	004e2970	74	
	004e29c0	72	
	004e2a10	46	
	004e2a40	29	
	004e2a60	29	
	004e2a80	19	
	004e2aa0	34	
	004e2ad0	116	
	004e2b50	19	
	004e2b70	49	
	004e2bb0	34	
	004e2be0	116	
	004e2c60	19	
	004e2c80	39	
	004e2cb0	39	
	004e2ce0	34	
	004e2d10	116	
	004e2d90	29	
	004e2db0	39	
	004e2de0	34	
	004e2e10	116	
	004e2e90	19	
	004e2eb0	100	
	004e2f30	100	
	004e2fb0	57	
	004e3000	100	
	004e3080	100	
	004e3100	135	
	004e3190	135	
	004e3220	131	
	004e32b0	127	
	004e3330	123	
	004e33b0	119	
	004e3430	115	
	004e34b0	111	
	004e3520	68	
	004e3570	12	
	004e3580	12	
	004e3590	12	
	004e35a0	5	
	004e35b0	11	
	004e35c0	3	
	004e35d0	69	
	004e3620	38	
	004e3650	20	
	004e3670	19	
	004e3690	68	
	004e36e0	12	
	004e36f0	12	
	004e3700	12	
	004e3710	10	
	004e3720	10	
	004e3730	12	
	004e3740	31	
	004e3760	850	
	004e3ac0	30	
	004e3ae0	167	
	004e3b90	8264	
	004e5be0	190	
	004e5ca0	225	
	004e5d90	177	
	004e5e50	154	
	004e5ef0	63	
	004e5f30	280	
	004e6050	16	
	004e6060	19	
	004e6080	67	
	004e60d0	204	
	004e61a0	97	
	004e6210	231	
	004e6300	231	
	004e63f0	68	
	004e6440	12	
	004e6450	12	
	004e6460	12	
	004e6470	66	
	004e64c0	89	
	004e6520	27	
	004e6540	70	
	004e6590	10	
	004e65a0	16	
	004e65b0	8	
	004e65c0	322	
	004e6710	117	
	004e6790	78	
	004e67e0	306	
	004e6940	2343	
	004e7290	238	
	004e7380	238	
	004e7470	960	
	004e7830	68	
	004e7880	12	
	004e7890	12	
	004e78a0	12	
	004e78b0	10	
	004e78c0	41	
	004e78f0	12	
	004e7900	35	
	004e7930	5	
004e7930	004e7940	1	
	004e7950	684	
	004e7c00	206	
	004e7cd0	350	
	004e7e30	237	
	004e7f20	1827	
	004e8650	123	
	004e86d0	354	
	004e8850	57	
	004e8890	697	
	004e8b70	1469	
	004e9150	57	
	004e9190	37	
	004e91c0	217	
	004e92a0	94	
	004e9300	675	
	004e95b0	68	
	004e9600	12	
	004e9610	12	
	004e9620	12	
	004e9630	210	
	004e9710	30	
	004e9730	284	
	004e9850	353	
	004e99c0	356	
	004e9b30	334	
	004e9c80	177	
	004e9d40	169	
	004e9df0	339	
	004e9f50	134	
	004e9fe0	479	
	004ea1c0	216	
	004ea2a0	63	
	004ea2e0	110	
	004ea350	123	
	004ea3d0	148	
	004ea470	59	
	004ea4b0	19	
	004ea4d0	38	
	004ea500	8	
	004ea510	138	
	004ea5a0	308	
	004ea6e0	68	
	004ea730	12	
	004ea740	12	
	004ea750	12	
	004ea760	14	
	004ea770	10	
	004ea780	76	
	004ea7d0	12	
	004ea7e0	20	
	004ea800	10	
	004ea810	41	
	004ea840	12	
	004ea850	35	
	004ea880	323	
	004ea9d0	147	
	004eaa70	30	
	004eaa90	136	
	004eab50	149	
	004eac20	110	
	004eac90	158	
	004ead30	6575	
	004ec6e0	119	
	004ec790	245	
	004ec890	83	
	004ec8f0	456	
	004ecad0	277	
	004ecbf0	186	
	004eccb0	61	
	004eccf0	168	
	004ecda0	212	
	004ece80	1268	
	004ed3b0	1179	
	004ed890	34	
	004ed8c0	20	
	004ed8e0	39	
	004ed910	25	
	004ed930	510	
	004edb50	423	
	004edd10	54	
	004edd50	44	
	004edd80	217	
	004ede60	94	
	004edec0	324	
004edec0	004ee02e	200	
	004ee004	39	
	004ee100	41	
	004ee130	68	
	004ee180	12	
	004ee190	12	
	004ee1a0	12	
	004ee1b0	725	
	004ee490	87	
	004ee4f0	365	
	004ee660	74	
	004ee6b0	62	
	004ee6f0	62	
	004ee730	336	
	004ee880	96	
	004ee8e0	188	
	004ee9a0	57	
	004ee9e0	879	
	004eed50	1012	
	004ef150	386	
	004ef2f0	1077	
	004ef750	207	
	004ef820	54	
	004ef860	44	
	004ef890	219	
	004ef970	68	
	004ef9c0	12	
	004ef9d0	12	
	004ef9e0	12	
	004ef9f0	32	
	004efa10	597	
	004efc70	30	
	004efc90	63	
	004efcd0	438	
	004efe90	604	
	004f00f0	1349	
	004f0640	3104	
	004f1260	1586	
	004f18a0	591	
	004f1af0	277	
	004f1c10	3829	
	004f2b10	160	
	004f2bb0	197	
	004f2c80	265	
	004f2d90	197	
	004f2e60	68	
	004f2eb0	12	
	004f2ec0	12	
	004f2ed0	12	
	004f2ee0	10	
	004f2ef0	41	
	004f2f20	12	
	004f2f30	35	
	004f2f60	231	
	004f3050	106	
	004f30c0	232	
	004f31b0	174	
	004f3260	317	
	004f33a0	102	
	004f3410	255	
	004f3530	25	
	004f3550	350	
	004f36d0	885	
	004f3a60	68	
	004f3ab0	12	
	004f3ac0	12	
	004f3ad0	12	
	004f3ae0	10	
	004f3af0	41	
	004f3b20	12	
	004f3b30	35	
	004f3b60	68	
	004f3bb0	12	
	004f3bc0	12	
	004f3bd0	12	
	004f3be0	156	
	004f3c80	30	
	004f3ca0	117	
	004f3d20	97	
	004f3d90	294	
	004f3ee0	23	
	004f3f00	60	
	004f3f40	1825	
	004f49b0	263	
	004f4ac0	109	
	004f4b30	109	
	004f4ba0	114	
	004f4c20	73	
	004f4c80	13	
	004f4c90	35	
	004f4cc0	28	
	004f4ce0	14	
	004f4cf0	25	
	004f4d10	68	
	004f4d60	12	
	004f4d70	12	
	004f4d80	12	
	004f4d90	24	
	004f4db0	29	
	004f4dd0	30	
	004f4df0	21	
	004f4e10	122	
	004f4e90	440	
	004f5050	80	
	004f50a0	130	
	004f5140	61	
	004f5180	32	
	004f51a0	85	
	004f5200	295	
	004f5330	68	
	004f5380	12	
	004f5390	12	
	004f53a0	12	
	004f53b0	17	
	004f53d0	14	
	004f53e0	101	
	004f5450	17	
	004f5470	110	
	004f54e0	97	
	004f5550	281	
	004f5670	326	
	004f57c0	309	
	004f5900	305	
	004f5a40	68	
	004f5a90	12	
	004f5aa0	12	
	004f5ab0	12	
	004f5ac0	68	
	004f5b10	12	
	004f5b20	12	
	004f5b30	12	
	004f5b40	195	
	004f5c10	30	
	004f5c30	214	
	004f5d10	216	
	004f5df0	216	
	004f5ed0	175	
	004f5f80	175	
	004f6030	265	
	004f6140	348	
	004f62a0	421	
	004f6450	450	
	004f6620	411	
	004f67c0	126	
	004f6840	32	
	004f6860	84	
	004f68c0	8	
	004f68d0	5	
	004f68e0	138	
	004f6970	82	
	004f69d0	308	
	004f6b10	40	
	004f6b40	28	
	004f6b60	68	
	004f6bb0	12	
	004f6bc0	12	
	004f6bd0	12	
	004f6be0	136	
	004f6c70	16	
	004f6c80	7	
	004f6c90	17	
	004f6cb0	222	
	004f6db0	220	
	004f6eb0	79	
	004f6f00	200	
	004f6fd0	106	
	004f7040	106	
	004f70b0	68	
	004f7100	12	
	004f7110	12	
	004f7120	12	
	004f7130	98	
	004f71a0	8	
	004f71b0	68	
	004f7200	12	
	004f7210	12	
	004f7220	12	
	004f7230	132	
	004f72c0	38	
	004f72f0	500	
	004f7510	287	
	004f7630	68	
	004f7680	12	
	004f7690	12	
	004f76a0	12	
	004f76b0	48	
	004f76e0	39	
	004f7710	30	
	004f7730	14	
	004f7740	223	
	004f7820	153	
	004f78c0	29	
	004f78e0	55	
	004f7920	55	
	004f7960	32	
	004f7980	32	
	004f79a0	68	
	004f79f0	12	
	004f7a00	12	
	004f7a10	12	
	004f7a20	30	
	004f7a40	19	
	004f7a60	11	
	004f7a70	10	
	004f7a80	25	
	004f7aa0	25	
	004f7ac0	33	
	004f7af0	37	
	004f7b20	95	
	004f7b80	68	
	004f7bd0	12	
	004f7be0	12	
	004f7bf0	12	
	004f7c00	16	
	004f7c10	26	
	004f7c30	30	
	004f7c50	7	
	004f7c60	38	
	004f7c90	68	
	004f7ce0	12	
	004f7cf0	12	
	004f7d00	12	
	004f7d10	10	
	004f7d20	10	
	004f7d30	12	
	004f7d40	31	
	004f7d60	48	
	004f7d90	10	
	004f7da0	10	
	004f7db0	11	
	004f7dc0	15	
	004f7dd0	15	
	004f7de0	30	
	004f7e00	270	
	004f7f10	219	
	004f7ff0	45	
	004f8020	13	
	004f8030	13	
	004f8040	94	
	004f80a0	117	
	004f8120	239	
	004f8210	29	
	004f8230	205	
	004f8300	175	
	004f83b0	28	
	004f83d0	15	
	004f83e0	15	
	004f83f0	116	
	004f8470	103	
	004f84e0	2785	
	004f9080	177	
	004f9140	24	
	004f9160	219	
	004f9240	179	
	004f9300	44	
	004f9330	169	
	004f93e0	68	
	004f9430	12	
	004f9440	12	
	004f9450	12	
	004f9460	32	
	004f9480	4	
	004f9490	328	
	004f95e0	1349	
	004f9b30	289	
	004f9c60	292	
	004f9d90	377	
	004f9f10	359	
	004fa080	377	
	004fa200	359	
	004fa370	255	
	004fa470	255	
	004fa570	378	
	004fa6f0	267	
	004fa800	729	
	004faae0	629	
	004fad60	382	
	004faee0	364	
	004fb050	379	
	004fb1d0	334	
	004fb320	382	
	004fb4a0	364	
	004fb610	337	
	004fb7a0	15	
	004fb7b0	140	
	004fb840	133	
	004fb8d0	24	
	004fb8f0	179	
	004fb9b0	24	
	004fb9d0	179	
	004fba90	24	
	004fbab0	179	
	004fbb70	24	
	004fbb90	179	
	004fbc50	24	
	004fbc70	179	
	004fbd30	24	
	004fbd50	179	
	004fbe10	24	
	004fbe30	179	
	004fbef0	24	
	004fbf10	179	
	004fbfd0	24	
	004fbff0	179	
	004fc0b0	24	
	004fc0d0	179	
	004fc190	24	
	004fc1b0	179	
	004fc270	24	
	004fc290	179	
	004fc350	24	
	004fc370	179	
	004fc430	24	
	004fc450	24	
	004fc470	44	
	004fc4a0	44	
	004fc4d0	44	
	004fc500	44	
	004fc530	44	
	004fc560	44	
	004fc590	44	
	004fc5c0	44	
	004fc5f0	44	
	004fc620	44	
	004fc650	44	
	004fc680	44	
	004fc6b0	44	
	004fc6e0	44	
	004fc710	44	
	004fc740	219	
	004fc820	169	
	004fc8d0	219	
	004fc9b0	219	
	004fca90	22	
	004fcab0	17	
	004fcad0	219	
	004fcbb0	219	
	004fcc90	219	
	004fcd70	219	
	004fce50	219	
	004fcf30	219	
	004fd010	219	
	004fd0f0	219	
	004fd1d0	219	
	004fd2b0	219	
	004fd390	219	
	004fd470	219	
	004fd550	68	
	004fd5a0	12	
	004fd5b0	12	
	004fd5c0	12	
	004fd5d0	32	
	004fd5f0	32	
	004fd610	32	
	004fd630	32	
	004fd650	32	
	004fd670	32	
	004fd690	32	
	004fd6b0	32	
	004fd6d0	32	
	004fd6f0	32	
	004fd710	32	
	004fd730	32	
	004fd750	32	
	004fd770	27	
	004fd790	116	
	004fd810	96	
	004fd870	96	
	004fd8d0	96	
	004fd930	96	
	004fd990	175	
	004fda40	221	
	004fdb20	813	
	004fde50	150	
	004fdef0	151	
	004fdf90	720	
	004fe260	68	
	004fe2b0	12	
	004fe2c0	12	
	004fe2d0	12	
	004fe2e0	22	
	004fe300	30	
	004fe320	11	
	004fe330	19	
	004fe350	13	
	004fe360	15	
	004fe370	15	
	004fe380	68	
	004fe3d0	12	
	004fe3e0	12	
	004fe3f0	12	
	004fe400	10	
	004fe410	10	
	004fe420	92	
	004fe480	12	
	004fe490	17	
	004fe4b0	92	
	004fe510	30	
	004fe530	99	
	004fe5a0	165	
	004fe650	277	
	004fe770	241	
	004fe870	68	
	004fe8c0	12	
	004fe8d0	12	
	004fe8e0	12	
	004fe8f0	6	
	004fe900	10	
	004fe910	10	
	004fe920	92	
	004fe980	12	
	004fe990	17	
	004fe9b0	93	
	004fea10	30	
	004fea30	99	
	004feaa0	165	
	004feb50	44	
	004feb80	269	
	004fec90	233	
	004fed80	68	
	004fedd0	12	
	004fede0	12	
	004fedf0	12	
	004fee00	6	
	004fee10	10	
	004fee20	10	
	004fee30	92	
	004fee90	12	
	004feea0	17	
	004feec0	96	
	004fef20	30	
	004fef40	99	
	004fefb0	165	
	004ff060	303	
	004ff190	233	
	004ff280	68	
	004ff2d0	12	
	004ff2e0	12	
	004ff2f0	12	
	004ff300	6	
	004ff310	10	
	004ff320	10	
	004ff330	95	
	004ff390	12	
	004ff3a0	17	
	004ff3c0	304	
	004ff4f0	30	
	004ff510	191	
	004ff5d0	41	
	004ff600	32	
	004ff620	197	
	004ff6f0	59	
	004ff730	1230	
	004ffc00	481	
	004ffdf0	68	
	004ffe40	12	
	004ffe50	12	
	004ffe60	12	
	004ffe70	6	
	004ffe80	10	
	004ffe90	10	
	004ffea0	92	
	004fff00	12	
	004fff10	17	
	004fff30	92	
	004fff90	30	
	004fffb0	99	
	00500020	165	
	005000d0	277	
	005001f0	241	
	005002f0	68	
	00500340	12	
	00500350	12	
	00500360	12	
	00500370	6	
	00500380	10	
	00500390	10	
	005003a0	92	
	00500400	12	
	00500410	17	
	00500430	46	
	00500460	30	
	00500480	11	
	00500490	78	
	005004e0	80	
	00500530	68	
	00500580	12	
	00500590	12	
	005005a0	12	
	005005b0	6	
	005005c0	10	
	005005d0	10	
	005005e0	92	
	00500640	12	
	00500650	17	
	00500670	104	
	005006e0	30	
	00500700	82	
	00500760	62	
	005007a0	64	
	005007e0	68	
	00500830	12	
	00500840	12	
	00500850	12	
	00500860	6	
	00500870	10	
	00500880	10	
	00500890	92	
	005008f0	12	
	00500900	17	
	00500920	341	
	00500a80	30	
	00500aa0	82	
	00500b00	316	
	00500c40	79	
	00500c90	68	
	00500ce0	12	
	00500cf0	12	
	00500d00	12	
	00500d10	6	
	00500d20	10	
	00500d30	10	
	00500d40	92	
	00500da0	12	
	00500db0	17	
	00500dd0	48	
	00500e00	30	
	00500e20	11	
	00500e30	114	
	00500eb0	116	
	00500f30	68	
	00500f80	12	
	00500f90	12	
	00500fa0	12	
	00500fb0	6	
	00500fc0	10	
	00500fd0	10	
	00500fe0	92	
	00501040	12	
	00501050	17	
	00501070	27	
	00501090	30	
	005010b0	11	
	005010c0	68	
	00501110	12	
	00501120	12	
	00501130	12	
	00501140	6	
	00501150	10	
	00501160	10	
	00501170	92	
	005011d0	12	
	005011e0	17	
	00501200	27	
	00501220	30	
	00501240	11	
	00501250	32	
	00501270	30	
	00501290	68	
	005012e0	12	
	005012f0	12	
	00501300	12	
	00501310	6	
	00501320	10	
	00501330	10	
	00501340	92	
	005013a0	12	
	005013b0	17	
	005013d0	38	
	00501400	30	
	00501420	11	
	00501430	70	
	00501480	72	
	005014d0	68	
	00501520	12	
	00501530	12	
	00501540	12	
	00501550	6	
	00501560	10	
	00501570	10	
	00501580	92	
	005015e0	12	
	005015f0	17	
	00501610	41	
	00501640	30	
	00501660	11	
	00501670	78	
	005016c0	80	
	00501710	68	
	00501760	12	
	00501770	12	
	00501780	12	
	00501790	6	
	005017a0	10	
	005017b0	16	
	005017c0	12	
	005017d0	10	
	005017e0	10	
	005017f0	16	
	00501800	12	
	00501810	10	
	00501820	776	
	00501b30	25	
	00501b50	8	
	00501b60	34	
	00501b90	310	
	00501cd0	43	
	00501d00	446	
	00501ec0	21	
	00501ee0	5	
	00501ef0	105	
	00501f60	18	
	00501f80	121	
	00502000	74	
	00502050	130	
	005020e0	44	
	00502110	69	
	00502160	69	
	005021b0	29	
	005021d0	13	
	005021e0	50	
	00502220	78	
	00502270	22	
	00502290	48	
	005022c0	34	
	005022f0	119	
	00502370	96	
	005023d0	155	
	00502470	18	
	00502490	890	
	00502810	68	
	00502860	12	
	00502870	12	
	00502880	12	
	00502890	84	
	005028f0	287	
	00502a10	16	
	00502a20	5	
	00502a30	5	
	00502a40	8	
	00502a50	10	
	00502a60	16	
	00502a70	12	
	00502a80	10	
	00502a90	10	
	00502aa0	16	
	00502ab0	12	
	00502ac0	10	
	00502ad0	10	
	00502ae0	717	
	00502db0	12	
	00502dc0	31	
	00502de0	103	
	00502e50	5	
	00502e60	30	
	00502e80	30	
	00502ea0	59	
	00502ee0	15	
	00502ef0	35	
	00502f20	32	
	00502f40	87	
	00502fa0	470	
	00503180	115	
	00503200	35	
	00503230	18	
	00503250	88	
	005032b0	103	
	00503320	23	
	00503340	101	
	005033b0	69	
	00503400	62	
	00503440	15	
	00503450	15	
	00503460	15	
	00503470	15	
	00503480	34	
	005034b0	49	
	005034f0	30	
	00503510	40	
	00503540	44	
	00503570	29	
	00503590	24	
	005035b0	53	
	005035f0	57	
	00503630	222	
	00503710	243	
	00503810	243	
	00503910	243	
	00503a10	243	
	00503b10	243	
	00503c10	243	
	00503d10	243	
	00503e10	243	
	00503f10	359	
00503f10	005040a1	200	
	00504077	39	
	00504170	330	
00504170	005042e4	200	
	005042ba	39	
	005043b0	155	
	00504450	888	
	005047d0	895	
	00504b50	906	
	00504ee0	895	
	00505260	895	
	005055e0	68	
	00505630	12	
	00505640	12	
	00505650	12	
	00505660	84	
	005056c0	5	
	005056d0	474	
	005058b0	18	
	005058d0	5	
	005058e0	18	
	00505900	18	
	00505920	15	
	00505930	29	
	00505950	18	
	00505970	5	
	00505980	65	
	005059d0	72	
	00505a20	7	
	00505a30	15	
	00505a40	18	
	00505a60	5	
	00505a70	20	
	00505a90	20	
	00505ab0	15	
	00505ac0	54	
	00505b00	18	
	00505b20	5	
	00505b30	18	
	00505b50	18	
	00505b70	4	
	00505b80	15	
	00505b90	12	
	00505ba0	153	
	00505c40	10	
	00505c50	16	
	00505c60	12	
	00505c70	10	
	00505c80	10	
	00505c90	16	
	00505ca0	12	
	00505cb0	10	
	00505cc0	209	
	00505da0	7	
	00505db0	7	
	00505dc0	7	
	00505dd0	7	
	00505de0	8	
	00505df0	8	
	00505e00	34	
	00505e30	18	
	00505e50	7	
	00505e60	19	
	00505e80	19	
	00505ea0	15	
	00505eb0	15	
	00505ec0	15	
	00505ed0	15	
	00505ee0	56	
	00505f20	33	
	00505f50	23	
	00505f70	34	
	00505fa0	17	
	00505fc0	141	
	00506050	447	
	00506210	168	
	005062c0	18	
	005062e0	22	
	00506300	18	
	00506320	65	
	00506370	18	
	00506390	28	
	005063b0	5	
	005063c0	56	
	00506400	79	
	00506450	62	
	00506490	66	
	005064e0	43	
	00506510	76	
	00506560	36	
	00506590	15	
	005065a0	156	
	00506640	85	
	005066a0	54	
	005066e0	396	
	00506870	72	
	005068c0	18	
	005068e0	68	
	00506930	12	
	00506940	12	
	00506950	12	
	00506960	8	
	00506970	8	
	00506980	8	
	00506990	8	
	005069a0	8	
	005069b0	10	
	005069c0	16	
	005069d0	12	
	005069e0	10	
	005069f0	10	
	00506a00	16	
	00506a10	12	
	00506a20	10	
	00506a30	10	
	00506a40	714	
	00506d10	12	
	00506d20	31	
	00506d40	10	
	00506d50	714	
	00507020	12	
	00507030	31	
	00507050	10	
	00507060	714	
	00507330	12	
	00507340	31	
	00507360	10	
	00507370	714	
	00507640	12	
	00507650	31	
	00507670	10	
	00507680	714	
	00507950	12	
	00507960	31	
	00507980	10	
	00507990	714	
	00507c60	12	
	00507c70	31	
	00507c90	10	
	00507ca0	714	
	00507f70	12	
	00507f80	31	
	00507fa0	10	
	00507fb0	714	
	00508280	12	
	00508290	31	
	005082b0	10	
	005082c0	714	
	00508590	12	
	005085a0	31	
	005085c0	10	
	005085d0	714	
	005088a0	12	
	005088b0	31	
	005088d0	10	
	005088e0	717	
	00508bb0	12	
	00508bc0	31	
	00508be0	10	
	00508bf0	714	
	00508ec0	12	
	00508ed0	31	
	00508ef0	10	
	00508f00	717	
	005091d0	12	
	005091e0	31	
	00509200	10	
	00509210	717	
	005094e0	12	
	005094f0	31	
	00509510	10	
	00509520	732	
	00509800	12	
	00509810	31	
	00509830	10	
	00509840	717	
	00509b10	12	
	00509b20	31	
	00509b40	10	
	00509b50	717	
	00509e20	12	
	00509e30	31	
	00509e50	10	
	00509e60	717	
	0050a130	12	
	0050a140	31	
	0050a160	155	
	0050a200	155	
	0050a2a0	155	
	0050a340	155	
	0050a3e0	155	
	0050a480	155	
	0050a520	155	
	0050a5c0	155	
	0050a660	155	
	0050a700	155	
	0050a7a0	155	
	0050a840	155	
	0050a8e0	155	
	0050a980	155	
	0050aa20	155	
	0050aac0	155	
	0050ab60	155	
	0050ac00	155	
	0050aca0	68	
	0050acf0	12	
	0050ad00	12	
	0050ad10	12	
	0050ad20	309	
	0050ae60	309	
	0050afa0	309	
	0050b0e0	309	
	0050b220	311	
	0050b360	311	
	0050b4a0	309	
	0050b5e0	309	
	0050b720	309	
	0050b860	309	
	0050b9a0	317	
	0050bae0	309	
	0050bc20	317	
	0050bd60	341	
	0050bec0	353	
	0050c030	344	
	0050c190	340	
	0050c2f0	340	
	0050c450	10	
	0050c460	16	
	0050c470	12	
	0050c480	10	
	0050c490	10	
	0050c4a0	16	
	0050c4b0	12	
	0050c4c0	10	
	0050c4d0	34	
	0050c500	131	
	0050c590	27	
	0050c5b0	58	
	0050c5f0	191	
	0050c6b0	281	
	0050c7d0	7	
	0050c7e0	13	
	0050c7f0	34	
	0050c820	8	
	0050c830	299	
	0050c960	1459	
	0050cf20	134	
	0050cfb0	38	
	0050cfe0	37	
	0050d010	41	
	0050d040	8	
	0050d050	21	
	0050d070	8	
	0050d080	40	
	0050d0b0	74	
	0050d100	50	
	0050d140	11	
	0050d150	506	
	0050d350	231	
	0050d440	72	
	0050d490	18	
	0050d4b0	89	
	0050d510	12	
	0050d520	12	
	0050d530	12	
	0050d540	12	
	0050d550	5	
	0050d560	8	
	0050d570	8	
	0050d580	13	
	0050d590	7	
	0050d5a0	11	
	0050d5b0	25	
	0050d5d0	12	
	0050d5e0	10	
	0050d5f0	16	
	0050d600	12	
	0050d610	10	
	0050d620	10	
	0050d630	16	
	0050d640	12	
	0050d650	10	
	0050d660	10	
	0050d670	16	
	0050d680	12	
	0050d690	10	
	0050d6a0	10	
	0050d6b0	16	
	0050d6c0	12	
	0050d6d0	10	
	0050d6e0	167	
	0050d790	34	
	0050d7c0	142	
	0050d850	9	
	0050d860	205	
	0050d930	178	
	0050d9f0	297	
	0050db20	134	
	0050dbb0	5	
	0050dbc0	5	
	0050dbd0	5	
	0050dbe0	5	
	0050dbf0	5	
	0050dc00	8	
	0050dc10	8	
	0050dc20	166	
	0050dcd0	50	
	0050dd10	39	
	0050dd40	70	
	0050dd90	72	
	0050dde0	18	
	0050de00	89	
	0050de60	12	
	0050de70	12	
	0050de80	12	
	0050de90	12	
	0050dea0	5	
	0050deb0	5	
	0050dec0	8	
	0050ded0	8	
	0050dee0	8	
	0050def0	10	
	0050df00	16	
	0050df10	12	
	0050df20	10	
	0050df30	10	
	0050df40	16	
	0050df50	12	
	0050df60	10	
	0050df70	122	
	0050dff0	7	
	0050e000	6	
	0050e010	32	
	0050e030	30	
	0050e050	92	
	0050e0b0	62	
	0050e0f0	45	
	0050e120	50	
	0050e160	50	
	0050e1a0	50	
	0050e1e0	50	
	0050e220	50	
	0050e260	50	
	0050e2a0	60	
	0050e2e0	61	
	0050e320	35	
	0050e350	68	
	0050e3a0	12	
	0050e3b0	12	
	0050e3c0	12	
	0050e3d0	8	
	0050e3e0	31	
	0050e400	18	
	0050e420	20	
	0050e440	28	
	0050e460	18	
	0050e480	9	
	0050e490	28	
	0050e4b0	18	
	0050e4d0	7	
	0050e4e0	15	
	0050e4f0	11	
	0050e500	25	
	0050e520	12	
	0050e530	10	
	0050e540	16	
	0050e550	12	
	0050e560	10	
	0050e570	10	
	0050e580	16	
	0050e590	12	
	0050e5a0	10	
	0050e5b0	96	
	0050e610	9	
	0050e620	18	
	0050e640	30	
	0050e660	7	
	0050e670	42	
	0050e6a0	37	
	0050e6d0	13	
	0050e6e0	55	
	0050e720	72	
	0050e770	31	
	0050e790	12	
	0050e7a0	255	
	0050e8a0	51	
	0050e8e0	51	
	0050e920	51	
	0050e960	51	
	0050e9a0	51	
	0050e9e0	51	
	0050ea20	68	
	0050ea70	12	
	0050ea80	12	
	0050ea90	12	
	0050eaa0	10	
	0050eab0	16	
	0050eac0	12	
	0050ead0	10	
	0050eae0	10	
	0050eaf0	16	
	0050eb00	12	
	0050eb10	10	
	0050eb20	109	
	0050eb90	119	
	0050ec10	5	
	0050ec20	6	
	0050ec30	30	
	0050ec50	46	
	0050ec80	7	
	0050ec90	30	
	0050ecb0	115	
	0050ed30	36	
	0050ed60	27	
	0050ed80	8	
	0050ed90	591	
	0050efe0	45	
	0050f010	68	
	0050f060	12	
	0050f070	12	
	0050f080	12	
	0050f090	8	
	0050f0a0	10	
	0050f0b0	16	
	0050f0c0	12	
	0050f0d0	10	
	0050f0e0	10	
	0050f0f0	16	
	0050f100	12	
	0050f110	10	
	0050f120	10	
	0050f130	16	
	0050f140	12	
	0050f150	10	
	0050f160	10	
	0050f170	16	
	0050f180	12	
	0050f190	10	
	0050f1a0	88	
	0050f200	94	
	0050f260	51	
	0050f2a0	89	
	0050f300	55	
	0050f340	168	
	0050f3f0	102	
	0050f460	70	
	0050f4b0	60	
	0050f4f0	96	
	0050f550	498	
	0050f750	5	
	0050f760	6	
	0050f770	13	
	0050f780	34	
	0050f7b0	303	
	0050f8e0	25	
	0050f900	95	
	0050f960	447	
	0050fb20	21	
	0050fb40	821	
	0050fe80	7	
	0050fe90	88	
	0050fef0	58	
	0050ff30	507	
	00510130	262	
	00510240	17	
	00510260	26	
	00510280	183	
	00510340	39	
	00510370	34	
	005103a0	34	
	005103d0	79	
	00510420	34	
	00510450	99	
	005104c0	89	
	00510520	141	
	005105b0	521	
	005107c0	74	
	00510810	71	
	00510860	79	
	005108b0	44	
	005108e0	28	
	00510900	31	
	00510920	92	
	00510980	19	
	005109a0	68	
	005109f0	88	
	00510a50	598	
	00510cb0	229	
	00510da0	201	
	00510e70	27	
	00510e90	96	
	00510ef0	175	
	00510fa0	62	
	00510fe0	72	
	00511030	18	
	00511050	68	
	005110a0	12	
	005110b0	12	
	005110c0	12	
	005110d0	5	
	005110e0	8	
	005110f0	10	
	00511100	16	
	00511110	12	
	00511120	10	
	00511130	10	
	00511140	16	
	00511150	12	
	00511160	10	
	00511170	10	
	00511180	16	
	00511190	12	
	005111a0	10	
	005111b0	593	
	00511410	7	
	00511420	7	
	00511430	13	
	00511440	7	
	00511450	13	
	00511460	7	
	00511470	7	
	00511480	7	
	00511490	19	
	005114b0	7	
	005114c0	19	
	005114e0	7	
	005114f0	7	
	00511500	7	
	00511510	7	
	00511520	7	
	00511530	7	
	00511540	7	
	00511550	7	
	00511560	13	
	00511570	34	
	005115a0	540	
	005117c0	211	
	005118a0	341	
	00511a00	16	
	00511a10	12	
	00511a20	18	
	00511a40	52	
	00511a80	862	
	00511de0	119	
	00511e60	97	
	00511ed0	223	
	00511fb0	104	
	00512020	101	
	00512090	6	
	005120a0	28	
	005120c0	338	
	00512220	501	
	00512420	7	
	00512430	187	
	005124f0	424	
	005126a0	7	
	005126b0	176	
	00512760	839	
	00512ab0	105	
	00512b19	150	
	00512baf	21	
	00512bd0	818	
	00512f10	131	
	00512f93	150	
	00513029	21	
	00513040	25	
	00513060	52	
	005130a0	13	
	005130b0	13	
	005130c0	7	
	005130d0	7	
	005130e0	16	
	005130f0	26	
	00513110	10	
	00513120	10	
	00513130	16	
	00513140	26	
	00513160	23	
	00513180	20	
	005131a0	20	
	005131c0	20	
	005131e0	20	
	00513200	20	
	00513220	20	
	00513240	20	
	00513260	10	
	00513270	10	
	00513280	26	
	005132a0	23	
	005132c0	23	
	005132e0	23	
	00513300	23	
	00513320	40	
	00513350	7	
	00513360	7	
	00513370	10	
	00513380	10	
	00513390	35	
	005133c0	23	
	005133e0	7	
	005133f0	7	
	00513400	35	
	00513430	18	
	00513450	11	
	00513460	185	
	00513520	195	
	005135f0	34	
	00513620	308	
	00513760	341	
	005138c0	49	
	00513900	7	
	00513910	27	
	00513930	27	
	00513950	77	
	005139a0	72	
	005139f0	72	
	00513a40	515	
	00513c50	110	
	00513cc0	110	
	00513d30	109	
	00513da0	109	
	00513e10	139	
	00513ea0	133	
	00513f30	294	
	00514060	434	
	00514220	264	
	00514330	14	
	00514340	46	
	00514370	46	
	005143a0	188	
	00514460	7	
	00514470	170	
	00514520	72	
	00514570	18	
	00514590	110	
	00514600	12	
	00514610	12	
	00514620	12	
	00514630	12	
	00514640	12	
	00514650	5	
	00514660	8	
	00514670	8	
	00514680	8	
	00514690	8	
	005146a0	8	
	005146b0	8	
	005146c0	8	
	005146d0	10	
	005146e0	16	
	005146f0	12	
	00514700	10	
	00514710	10	
	00514720	16	
	00514730	12	
	00514740	10	
	00514750	51	
	00514790	5	
	005147a0	34	
	005147d0	43	
	00514800	77	
	00514850	72	
	005148a0	18	
	005148c0	68	
	00514910	12	
	00514920	12	
	00514930	12	
	00514940	8	
	00514950	10	
	00514960	16	
	00514970	12	
	00514980	10	
	00514990	10	
	005149a0	16	
	005149b0	12	
	005149c0	10	
	005149d0	51	
	00514a10	34	
	00514a40	43	
	00514a70	77	
	00514ac0	72	
	00514b10	18	
	00514b30	68	
	00514b80	12	
	00514b90	12	
	00514ba0	12	
	00514bb0	8	
	00514bc0	10	
	00514bd0	16	
	00514be0	12	
	00514bf0	10	
	00514c00	10	
	00514c10	16	
	00514c20	12	
	00514c30	10	
	00514c40	10	
	00514c50	76	
	00514ca0	12	
	00514cb0	20	
	00514cd0	59	
	00514d10	259	
	00514e20	82	
	00514e90	127	
	00514f10	370	
	00515090	14	
	005150a0	14	
	005150b0	13	
	005150c0	24	
	005150e0	34	
	00515110	101	
	00515180	357	
	005152f0	138	
	00515380	411	
	00515520	311	
	00515660	116	
	005156e0	100	
	00515750	1090	
	00515ba0	560	
	00515dd0	8	
	00515de0	146	
	00515e80	23	
	00515ea0	162	
	00515f50	67	
	00515fa0	159	
	00516040	63	
	00516080	33	
	005160b0	29	
	005160d0	5	
	005160e0	1282	
	005165f0	73	
	00516640	44	
	00516670	44	
	005166a0	113	
	00516720	32	
	00516740	72	
	00516790	18	
	005167b0	40	
	005167e0	110	
	00516850	12	
	00516860	12	
	00516870	12	
	00516880	12	
	00516890	12	
	005168a0	136	
	00516930	8	
	00516940	10	
	00516950	16	
	00516960	12	
	00516970	10	
	00516980	10	
	00516990	16	
	005169a0	12	
	005169b0	10	
	005169c0	96	
	00516a20	51	
	00516a60	11	
	00516a70	34	
	00516aa0	43	
	00516ad0	77	
	00516b20	72	
	00516b70	18	
	00516b90	68	
	00516be0	12	
	00516bf0	12	
	00516c00	12	
	00516c10	8	
	00516c20	8	
	00516c30	8	
	00516c40	9	
	00516c50	30	
	00516c70	7	
	00516c80	25	
	00516ca0	12	
	00516cb0	10	
	00516cc0	16	
	00516cd0	12	
	00516ce0	10	
	00516cf0	10	
	00516d00	16	
	00516d10	12	
	00516d20	10	
	00516d30	10	
	00516d40	723	
	00517020	12	
	00517030	31	
	00517050	10	
	00517060	717	
	00517330	12	
	00517340	31	
	00517360	59	
	005173a0	15	
	005173b0	207	
	00517480	70	
	005174d0	64	
	00517510	70	
	00517560	43	
	00517590	165	
	00517640	434	
	00517800	268	
	00517910	67	
	00517960	208	
	00517a30	113	
	00517ab0	41	
	00517ae0	46	
	00517b10	58	
	00517b50	24	
	00517b70	76	
	00517bc0	15	
	00517bd0	100	
	00517c40	374	
	00517dc0	12	
	00517dd0	5	
	00517de0	6	
	00517df0	7	
	00517e00	36	
	00517e30	41	
	00517e60	34	
	00517e90	273	
	00517fb0	199	
	00518080	271	
	00518190	27	
	005181b0	542	
	005183d0	173	
	00518480	228	
	00518570	27	
	00518590	368	
	00518720	53	
	00518760	44	
	00518790	22	
	005187b0	73	
	00518800	26	
	00518820	430	
	005189d0	506	
	00518bd0	83	
	00518c30	89	
	00518c90	20	
	00518cb0	94	
	00518d10	212	
	00518df0	49	
	00518e30	26	
	00518e50	171	
	00518f00	26	
	00518f20	85	
	00518f80	55	
	00518fc0	605	
	00519220	85	
	00519280	353	
	005193f0	55	
	00519430	416	
	005195d0	70	
	00519620	220	
	00519700	108	
	00519770	324	
00519770	005198de	200	
	005198b4	39	
	005199b0	155	
	00519a50	155	
	00519af0	38	
	00519b20	294	
	00519c50	72	
	00519ca0	18	
	00519cc0	902	
	0051a050	882	
	0051a3d0	68	
	0051a420	12	
	0051a430	12	
	0051a440	12	
	0051a450	84	
	0051a4b0	84	
	0051a510	5	
	0051a520	29	
	0051a540	504	
	0051a740	290	
	0051a870	12	
	0051a880	157	
	0051a920	13	
	0051a930	5	
	0051a940	5	
	0051a950	8	
	0051a960	8	
	0051a970	10	
	0051a980	16	
	0051a990	12	
	0051a9a0	10	
	0051a9b0	10	
	0051a9c0	16	
	0051a9d0	12	
	0051a9e0	10	
	0051a9f0	161	
	0051aaa0	18	
	0051aac0	8	
	0051aad0	34	
	0051ab00	115	
	0051ab80	64	
	0051abc0	12	
	0051abd0	129	
	0051ac60	1141	
	0051b0f0	477	
	0051b2d0	68	
	0051b320	38	
	0051b350	223	
	0051b430	13	
	0051b440	43	
	0051b470	68	
	0051b4c0	12	
	0051b4d0	12	
	0051b4e0	12	
	0051b4f0	8	
	0051b500	10	
	0051b510	16	
	0051b520	12	
	0051b530	10	
	0051b540	10	
	0051b550	16	
	0051b560	12	
	0051b570	10	
	0051b580	10	
	0051b590	16	
	0051b5a0	12	
	0051b5b0	10	
	0051b5c0	10	
	0051b5d0	16	
	0051b5e0	12	
	0051b5f0	10	
	0051b600	31	
	0051b620	16	
	0051b630	17	
	0051b650	735	
	0051b930	12	
	0051b940	12	
	0051b950	13	
	0051b960	5	
	0051b970	5	
	0051b980	5	
	0051b990	5	
	0051b9a0	7	
	0051b9b0	7	
	0051b9c0	7	
	0051b9d0	26	
	0051b9f0	11	
	0051ba00	23	
	0051ba20	17	
	0051ba40	22	
	0051ba60	17	
	0051ba80	17	
	0051baa0	7	
	0051bab0	7	
	0051bac0	7	
	0051bad0	7	
	0051bae0	7	
	0051baf0	34	
	0051bb20	5	
	0051bb30	102	
	0051bba0	30	
	0051bbc0	458	
	0051bd90	633	
	0051c010	428	
	0051c1c0	39	
	0051c1f0	16	
	0051c200	16	
	0051c210	197	
	0051c2e0	681	
	0051c590	16	
	0051c5a0	29	
	0051c5c0	42	
	0051c5f0	249	
	0051c6f0	47	
	0051c720	13	
	0051c730	3	
	0051c740	71	
	0051c790	31	
	0051c7b0	31	
	0051c7d0	31	
	0051c7f0	35	
	0051c820	32	
	0051c840	36	
	0051c870	31	
	0051c890	27	
	0051c8b0	63	
	0051c8f0	118	
	0051c970	63	
	0051c9b0	287	
	0051cad0	40	
	0051cb00	43	
	0051cb30	45	
	0051cc00	222	
	0051cce0	488	
	0051ced0	72	
	0051cf20	488	
	0051d110	93	
	0051d170	32	
	0051d190	59	
	0051d1d0	191	
	0051d290	37	
	0051d2c0	11	
	0051d2d0	774	
	0051d5e0	30	
	0051d600	37	
	0051d630	69	
	0051d680	382	
	0051d800	128	
	0051d880	66	
	0051d8d0	49	
	0051d910	159	
	0051d9b0	51	
	0051d9f0	77	
	0051da40	64	
	0051da80	303	
	0051dbb0	211	
	0051dc90	37	
	0051dcc0	37	
	0051dcf0	137	
	0051dd80	72	
	0051ddd0	18	
	0051ddf0	68	
	0051de40	12	
	0051de50	12	
	0051de60	12	
	0051de70	50	
	0051deb0	8	
	0051dec0	8	
	0051ded0	8	
	0051dee0	8	
	0051def0	8	
	0051df00	8	
	0051df10	8	
	0051df20	8	
	0051df30	8	
	0051df40	8	
	0051df50	8	
	0051df60	8	
	0051df70	10	
	0051df80	16	
	0051df90	12	
	0051dfa0	10	
	0051dfb0	10	
	0051dfc0	16	
	0051dfd0	12	
	0051dfe0	10	
	0051dff0	122	
	0051e070	127	
	0051e0f0	5	
	0051e100	8	
	0051e110	9	
	0051e120	6	
	0051e130	13	
	0051e140	13	
	0051e150	34	
	0051e180	523	
	0051e390	102	
	0051e400	102	
	0051e470	29	
	0051e490	77	
	0051e4e0	270	
	0051e610	89	
	0051e670	183	
	0051e730	264	
	0051e840	23	
	0051e860	372	
	0051e9e0	406	
	0051eb80	587	
	0051edd0	777	
	0051f0e0	27	
	0051f100	27	
	0051f120	27	
	0051f140	175	
	0051f1f0	32	
	0051f210	108	
	0051f280	498	
	0051f480	85	
	0051f4e0	529	
	0051f700	135	
	0051f790	127	
	0051f810	87	
	0051f870	24	
	0051f890	72	
	0051f8e0	18	
	0051f900	8	
	0051f910	32	
	0051f930	88	
	0051f990	40	
	0051f9c0	40	
	0051f9f0	29	
	0051fa10	532	
	0051fc30	50	
	0051fc70	123	
	0051fcf0	30	
	0051fd10	14	
	0051fd20	40	
	0051fd50	68	
	0051fda0	12	
	0051fdb0	12	
	0051fdc0	12	
	0051fdd0	85	
	0051fe30	136	
	0051fec0	133	
	0051ff50	138	
	0051ffe0	240	
	005200d0	138	
	00520160	136	
	005201f0	123	
	00520270	8	
	00520280	10	
	00520290	16	
	005202a0	12	
	005202b0	10	
	005202c0	10	
	005202d0	16	
	005202e0	12	
	005202f0	10	
	00520300	65	
	00520350	5	
	00520360	6	
	00520370	11	
	00520380	34	
	005203b0	143	
	00520440	635	
	005206c0	98	
	00520730	434	
	005208f0	26	
	00520910	26	
	00520930	35	
	00520960	3	
	00520970	303	
	00520aa0	72	
	00520af0	18	
	00520b10	84	
	00520b70	68	
	00520bc0	12	
	00520bd0	12	
	00520be0	12	
	00520bf0	5	
	00520c00	8	
	00520c10	8	
	00520c20	10	
	00520c30	16	
	00520c40	12	
	00520c50	10	
	00520c60	10	
	00520c70	16	
	00520c80	12	
	00520c90	10	
	00520ca0	96	
	00520d00	51	
	00520d40	5	
	00520d50	34	
	00520d80	43	
	00520db0	77	
	00520e00	72	
	00520e50	18	
	00520e70	68	
	00520ec0	12	
	00520ed0	12	
	00520ee0	12	
	00520ef0	8	
	00520f00	10	
	00520f10	16	
	00520f20	12	
	00520f30	10	
	00520f40	10	
	00520f50	16	
	00520f60	12	
	00520f70	10	
	00520f80	96	
	00520fe0	51	
	00521020	6	
	00521030	36	
	00521060	11	
	00521070	29	
	00521090	19	
	005210b0	34	
	005210e0	111	
	00521150	33	
	00521180	24	
	005211a0	89	
	00521200	12	
	00521210	12	
	00521220	12	
	00521230	12	
	00521240	5	
	00521250	8	
	00521260	10	
	00521270	16	
	00521280	12	
	00521290	10	
	005212a0	10	
	005212b0	16	
	005212c0	12	
	005212d0	10	
	005212e0	96	
	00521340	51	
	00521380	34	
	005213b0	43	
	005213e0	77	
	00521430	72	
	00521480	18	
	005214a0	68	
	005214f0	12	
	00521500	12	
	00521510	12	
	00521520	8	
	00521530	8	
	00521540	8	
	00521550	10	
	00521560	16	
	00521570	12	
	00521580	10	
	00521590	10	
	005215a0	16	
	005215b0	12	
	005215c0	10	
	005215d0	310	
	00521710	30	
	00521730	280	
	00521850	880	
	00521bc0	939	
	00521f70	541	
	00522190	68	
	005221e0	12	
	005221f0	12	
	00522200	12	
	00522210	10	
	00522220	16	
	00522230	12	
	00522240	10	
	00522250	10	
	00522260	16	
	00522270	12	
	00522280	10	
	00522290	222	
	00522370	83	
	005223d0	912	
	00522760	303	
	00522890	113	
	00522910	661	
	00522bb0	113	
	00522c30	918	
	00522fd0	113	
	00523050	266	
	00523160	555	
	00523390	91	
	005233f0	43	
	00523420	200	
	005234f0	43	
	00523520	413	
	005236c0	43	
	005236f0	176	
	005237a0	19	
	005237c0	117	
	00523840	89	
	005238a0	12	
	005238b0	12	
	005238c0	12	
	005238d0	12	
	005238e0	10	
	005238f0	16	
	00523900	12	
	00523910	10	
	00523920	280	
	00523a40	30	
	00523a60	109	
	00523ad0	25	
	00523af0	12	
	00523b00	10	
	00523b10	16	
	00523b20	12	
	00523b30	10	
	00523b40	10	
	00523b50	16	
	00523b60	12	
	00523b70	10	
	00523b80	87	
	00523be0	5	
	00523bf0	137	
	00523c80	5	
	00523c90	46	
	00523cc0	30	
	00523ce0	95	
	00523d40	233	
	00523e30	80	
	00523e80	68	
	00523ed0	12	
	00523ee0	12	
	00523ef0	12	
	00523f00	88	
	00523f60	30	
	00523f80	82	
	00523fe0	47	
	00524010	49	
	00524050	17	
	00524070	96	
	005240d0	18	
	005240f0	25	
	00524110	68	
	00524160	12	
	00524170	12	
	00524180	12	
	00524190	349	
	005242f0	5	
	00524300	30	
	00524320	196	
	005243f0	321	
	00524540	321	
	00524690	17	
	005246b0	565	
	005248f0	160	
	00524990	312	
	00524ad0	47	
	00524b00	38	
	00524b30	324	
00524b30	00524c9e	200	
	00524c74	39	
	00524d70	68	
	00524dc0	12	
	00524dd0	12	
	00524de0	12	
	00524df0	10	
	00524e00	16	
	00524e10	12	
	00524e20	10	
	00524e30	10	
	00524e40	16	
	00524e50	12	
	00524e60	10	
	00524e70	28	
	00524e90	22	
	00524eb0	30	
	00524ed0	40	
	00524f00	29	
	00524f20	40	
	00524f50	43	
	00524f80	25	
	00524fa0	12	
	00524fb0	10	
	00524fc0	16	
	00524fd0	12	
	00524fe0	10	
	00524ff0	10	
	00525000	16	
	00525010	12	
	00525020	10	
	00525030	10	
	00525040	16	
	00525050	12	
	00525060	10	
	00525070	10	
	00525080	16	
	00525090	12	
	005250a0	10	
	005250b0	214	
	00525190	234	
	00525280	242	
	00525380	44	
	005253b0	131	
	00525440	7	
	00525450	188	
	00525510	33	
	00525540	19	
	00525560	68	
	005255b0	12	
	005255c0	12	
	005255d0	12	
	005255e0	10	
	005255f0	25	
	00525610	12	
	00525620	41	
	00525650	25	
	00525670	12	
	00525680	10	
	00525690	16	
	005256a0	12	
	005256b0	10	
	005256c0	10	
	005256d0	16	
	005256e0	12	
	005256f0	10	
	00525700	61	
	00525740	174	
	005257f0	28	
	00525810	28	
	00525830	34	
	00525860	36	
	00525890	36	
	005258c0	42	
	005258f0	276	
	00525a10	276	
	00525b30	276	
	00525c50	58	
	00525c90	58	
	00525cd0	58	
	00525d10	29	
	00525d30	185	
	00525df0	19	
	00525e10	192	
	00525ed0	68	
	00525f20	12	
	00525f30	12	
	00525f40	12	
	00525f50	10	
	00525f60	16	
	00525f70	12	
	00525f80	10	
	00525f90	10	
	00525fa0	16	
	00525fb0	12	
	00525fc0	10	
	00525fd0	10	
	00525fe0	16	
	00525ff0	12	
	00526000	10	
	00526010	10	
	00526020	16	
	00526030	12	
	00526040	10	
	00526050	47	
	00526080	30	
	005260a0	11	
	005260b0	5	
	005260c0	23	
	005260e0	25	
	00526100	902	
	005264b0	106	
	00526520	6	
	00526530	7	
	00526540	1300	
	00526a80	235	
	00526b70	139	
	00526c00	68	
	00526c50	12	
	00526c60	12	
	00526c70	12	
	00526c80	10	
	00526c90	16	
	00526ca0	12	
	00526cb0	10	
	00526cc0	10	
	00526cd0	16	
	00526ce0	12	
	00526cf0	10	
	00526d00	10	
	00526d10	16	
	00526d20	12	
	00526d30	10	
	00526d40	10	
	00526d50	16	
	00526d60	12	
	00526d70	10	
	00526d80	19	
	00526da0	346	
	00526f00	83	
	00526f60	30	
	00526f80	14	
	00526f90	6	
	00526fa0	46	
	00526fd0	12	
	00526fe0	5	
	00526ff0	30	
	00527010	163	
	005270c0	21	
	005270e0	17	
	00527100	65	
	00527150	27	
	00527170	12	
	00527180	68	
	005271d0	232	
	005272c0	59	
	00527300	27	
	00527320	69	
	00527370	27	
	00527390	37	
	005273c0	38	
	005273f0	19	
	00527410	56	
	00527450	21	
	00527470	38	
	005274a0	68	
	005274f0	12	
	00527500	12	
	00527510	12	
	00527520	10	
	00527530	16	
	00527540	12	
	00527550	10	
	00527560	10	
	00527570	16	
	00527580	12	
	00527590	10	
	005275a0	10	
	005275b0	16	
	005275c0	12	
	005275d0	10	
	005275e0	10	
	005275f0	16	
	00527600	12	
	00527610	10	
	00527620	132	
	005276b0	30	
	005276d0	92	
	00527730	32	
	00527750	372	
	005278d0	1173	
	00527d90	47	
	00527dc0	15	
	00527dd0	16	
	00527de0	2015	
	005285e0	24	
	00528600	253	
	00528700	87	
	00528760	127	
	005287e0	530	
	00528a00	68	
	00528a50	12	
	00528a60	12	
	00528a70	12	
	00528a80	10	
	00528a90	16	
	00528aa0	12	
	00528ab0	10	
	00528ac0	10	
	00528ad0	16	
	00528ae0	12	
	00528af0	10	
	00528b00	10	
	00528b10	16	
	00528b20	12	
	00528b30	10	
	00528b40	10	
	00528b50	16	
	00528b60	12	
	00528b70	10	
	00528b80	154	
	00528c20	30	
	00528c40	94	
	00528ca0	102	
	00528d10	48	
	00528d40	102	
	00528db0	227	
	00528ea0	155	
	00528f40	155	
	00528fe0	68	
	00529030	12	
	00529040	12	
	00529050	12	
	00529060	8	
	00529070	10	
	00529080	16	
	00529090	12	
	005290a0	10	
	005290b0	10	
	005290c0	16	
	005290d0	12	
	005290e0	10	
	005290f0	10	
	00529100	16	
	00529110	12	
	00529120	10	
	00529130	10	
	00529140	16	
	00529150	12	
	00529160	10	
	00529170	151	
	00529210	30	
	00529230	97	
	005292a0	111	
	00529310	5	
	00529320	113	
	005293a0	109	
	00529410	1137	
	00529890	184	
	00529950	140	
	005299e0	68	
	00529a30	12	
	00529a40	12	
	00529a50	12	
	00529a60	11	
	00529a70	10	
	00529a80	16	
	00529a90	12	
	00529aa0	10	
	00529ab0	10	
	00529ac0	16	
	00529ad0	12	
	00529ae0	10	
	00529af0	29	
	00529b10	5	
	00529b20	30	
	00529b40	79	
	00529b90	59	
	00529bd0	53	
	00529c10	26	
	00529c30	68	
	00529c80	12	
	00529c90	12	
	00529ca0	12	
	00529cb0	10	
	00529cc0	16	
	00529cd0	12	
	00529ce0	10	
	00529cf0	10	
	00529d00	16	
	00529d10	12	
	00529d20	10	
	00529d30	10	
	00529d40	16	
	00529d50	12	
	00529d60	10	
	00529d70	10	
	00529d80	16	
	00529d90	12	
	00529da0	10	
	00529db0	92	
	00529e10	127	
	00529e90	30	
	00529eb0	89	
	00529f10	137	
	00529fa0	145	
	0052a040	221	
	0052a120	104	
	0052a190	367	
	0052a300	179	
	0052a3c0	30	
	0052a3e0	30	
	0052a400	26	
	0052a420	68	
	0052a470	12	
	0052a480	12	
	0052a490	12	
	0052a4a0	10	
	0052a4b0	16	
	0052a4c0	12	
	0052a4d0	10	
	0052a4e0	10	
	0052a4f0	16	
	0052a500	12	
	0052a510	10	
	0052a520	10	
	0052a530	16	
	0052a540	12	
	0052a550	10	
	0052a560	10	
	0052a570	16	
	0052a580	12	
	0052a590	10	
	0052a5a0	30	
	0052a5c0	5	
	0052a5d0	30	
	0052a5f0	5	
	0052a600	287	
	0052a720	87	
	0052a780	20	
	0052a7a0	27	
	0052a7c0	16	
	0052a7d0	349	
	0052a930	118	
	0052a9b0	68	
	0052aa00	12	
	0052aa10	12	
	0052aa20	12	
	0052aa30	10	
	0052aa40	16	
	0052aa50	12	
	0052aa60	10	
	0052aa70	10	
	0052aa80	16	
	0052aa90	12	
	0052aaa0	10	
	0052aab0	10	
	0052aac0	16	
	0052aad0	12	
	0052aae0	10	
	0052aaf0	10	
	0052ab00	16	
	0052ab10	12	
	0052ab20	10	
	0052ab30	30	
	0052ab50	5	
	0052ab60	287	
	0052ac80	87	
	0052ace0	20	
	0052ad00	38	
	0052ad30	31	
	0052ad50	210	
	0052ae30	349	
	0052af90	118	
	0052b010	149	
	0052b0b0	68	
	0052b100	12	
	0052b110	12	
	0052b120	12	
	0052b130	8	
	0052b140	10	
	0052b150	16	
	0052b160	12	
	0052b170	10	
	0052b180	10	
	0052b190	16	
	0052b1a0	12	
	0052b1b0	10	
	0052b1c0	10	
	0052b1d0	16	
	0052b1e0	12	
	0052b1f0	10	
	0052b200	10	
	0052b210	16	
	0052b220	12	
	0052b230	10	
	0052b240	21	
	0052b260	30	
	0052b280	7	
	0052b290	42	
	0052b2c0	28	
	0052b2e0	54	
	0052b320	33	
	0052b350	30	
	0052b370	11	
	0052b380	42	
	0052b3b0	28	
	0052b3d0	237	
	0052b4c0	119	
0052b4c0	0052b566	59	
	0052b537	38	
	0052b5b0	68	
	0052b600	12	
	0052b610	12	
	0052b620	12	
	0052b630	10	
	0052b640	16	
	0052b650	12	
	0052b660	10	
	0052b670	10	
	0052b680	16	
	0052b690	12	
	0052b6a0	10	
	0052b6b0	10	
	0052b6c0	16	
	0052b6d0	12	
	0052b6e0	10	
	0052b6f0	10	
	0052b700	16	
	0052b710	12	
	0052b720	10	
	0052b730	32	
	0052b750	30	
	0052b770	99	
	0052b7e0	103	
	0052b850	20	
	0052b870	217	
	0052b950	118	
	0052b9d0	115	
	0052ba50	91	
	0052bab0	31	
	0052bad0	68	
	0052bb20	12	
	0052bb30	12	
	0052bb40	12	
	0052bb50	10	
	0052bb60	16	
	0052bb70	12	
	0052bb80	10	
	0052bb90	10	
	0052bba0	16	
	0052bbb0	12	
	0052bbc0	10	
	0052bbd0	10	
	0052bbe0	16	
	0052bbf0	12	
	0052bc00	10	
	0052bc10	10	
	0052bc20	16	
	0052bc30	12	
	0052bc40	10	
	0052bc50	79	
	0052bca0	30	
	0052bcc0	76	
	0052bd10	135	
	0052bda0	20	
	0052bdc0	73	
	0052be10	116	
	0052be90	265	
	0052bfa0	118	
	0052c020	68	
	0052c070	12	
	0052c080	12	
	0052c090	12	
	0052c0a0	10	
	0052c0b0	16	
	0052c0c0	12	
	0052c0d0	10	
	0052c0e0	10	
	0052c0f0	16	
	0052c100	12	
	0052c110	10	
	0052c120	10	
	0052c130	16	
	0052c140	12	
	0052c150	10	
	0052c160	10	
	0052c170	16	
	0052c180	12	
	0052c190	10	
	0052c1a0	95	
	0052c200	30	
	0052c220	76	
	0052c270	147	
	0052c310	20	
	0052c330	75	
	0052c380	108	
	0052c3f0	77	
	0052c440	118	
	0052c4c0	68	
	0052c510	12	
	0052c520	12	
	0052c530	12	
	0052c540	10	
	0052c550	16	
	0052c560	12	
	0052c570	10	
	0052c580	10	
	0052c590	16	
	0052c5a0	12	
	0052c5b0	10	
	0052c5c0	10	
	0052c5d0	16	
	0052c5e0	12	
	0052c5f0	10	
	0052c600	10	
	0052c610	16	
	0052c620	12	
	0052c630	10	
	0052c640	36	
	0052c670	122	
	0052c6f0	20	
	0052c710	93	
	0052c770	30	
	0052c790	118	
	0052c810	68	
	0052c860	12	
	0052c870	12	
	0052c880	12	
	0052c890	10	
	0052c8a0	16	
	0052c8b0	12	
	0052c8c0	10	
	0052c8d0	10	
	0052c8e0	16	
	0052c8f0	12	
	0052c900	10	
	0052c910	10	
	0052c920	16	
	0052c930	12	
	0052c940	10	
	0052c950	10	
	0052c960	16	
	0052c970	12	
	0052c980	10	
	0052c990	34	
	0052c9c0	108	
	0052ca30	20	
	0052ca50	60	
	0052ca90	91	
	0052caf0	105	
	0052cb60	118	
	0052cbe0	68	
	0052cc30	12	
	0052cc40	12	
	0052cc50	12	
	0052cc60	10	
	0052cc70	16	
	0052cc80	12	
	0052cc90	10	
	0052cca0	10	
	0052ccb0	16	
	0052ccc0	12	
	0052ccd0	10	
	0052cce0	10	
	0052ccf0	16	
	0052cd00	12	
	0052cd10	10	
	0052cd20	10	
	0052cd30	16	
	0052cd40	12	
	0052cd50	10	
	0052cd60	34	
	0052cd90	117	
	0052ce10	20	
	0052ce30	91	
	0052ce90	111	
	0052cf00	118	
	0052cf80	68	
	0052cfd0	12	
	0052cfe0	12	
	0052cff0	12	
	0052d000	10	
	0052d010	16	
	0052d020	12	
	0052d030	10	
	0052d040	10	
	0052d050	16	
	0052d060	12	
	0052d070	10	
	0052d080	10	
	0052d090	16	
	0052d0a0	12	
	0052d0b0	10	
	0052d0c0	10	
	0052d0d0	16	
	0052d0e0	12	
	0052d0f0	10	
	0052d100	38	
	0052d130	30	
	0052d150	89	
	0052d1b0	32	
	0052d1d0	20	
	0052d1f0	132	
	0052d280	149	
	0052d320	118	
	0052d3a0	68	
	0052d3f0	12	
	0052d400	12	
	0052d410	12	
	0052d420	10	
	0052d430	10	
	0052d440	12	
	0052d450	10	
	0052d460	10	
	0052d470	10	
	0052d480	12	
	0052d490	10	
	0052d4a0	140	
	0052d530	7	
	0052d540	32	
	0052d560	34	
	0052d590	30	
	0052d5b0	96	
	0052d610	125	
	0052d690	99	
	0052d700	37	
	0052d730	5	
0052d730	0052d740	22	
	0052d760	425	
	0052d910	191	
	0052d9d0	80	
	0052da20	335	
	0052db70	253	
	0052dc70	254	
	0052dd70	485	
	0052df60	599	
	0052e1c0	149	
	0052e260	38	
	0052e290	105	
	0052e300	2573	
	0052ed10	74	
	0052ed60	56	
	0052eda0	44	
	0052edd0	88	
	0052ee30	21	
	0052ee50	51	
	0052ee90	10	
	0052eea0	25	
	0052eec0	12	
	0052eed0	225	
	0052efc0	103	
	0052f030	101	
	0052f0a0	25	
	0052f0c0	12	
	0052f0d0	37	
	0052f100	30	
	0052f120	32	
	0052f140	107	
	0052f1b0	64	
	0052f1f0	7	
	0052f200	117	
	0052f280	35	
	0052f2b0	164	
	0052f360	51	
	0052f3a0	29	
	0052f3c0	63	
	0052f400	200	
	0052f4f0	62	
	0052f530	59	
	0052f570	183	
	0052f630	125	
	0052f6b0	90	
	0052f710	64	
	0052f750	2606	
	00530180	31	
	005301a0	47	
	005301d0	601	
	00530430	617	
	005306a0	38	
	005306d0	38	
	00530700	68	
	00530750	12	
	00530760	12	
	00530770	12	
	00530780	10	
	00530790	10	
	005307a0	12	
	005307b0	10	
	005307c0	25	
	005307e0	97	
	00530850	86	
	005308b0	24	
	005308d0	63	
	00530910	8	
	00530920	72	
	00530970	47	
	005309a0	25	
	005309c0	12	
	005309d0	63	
	00530a10	38	
	00530a40	38	
	00530a70	145	
00530a70	00530b2d	62	
	00530b01	38	
	00530b70	68	
	00530bc0	12	
	00530bd0	12	
	00530be0	12	
	00530bf0	25	
	00530c10	12	
	00530c20	5	
00530c20	00530c30	31	
	00530c50	5	
00530c50	00530c60	31	
	00530c80	5	
00530c80	00530c90	31	
	00530cb0	5	
00530cb0	00530cc0	31	
	00530ce0	51	
	00530d20	97	
	00530d90	68	
	00530de0	12	
	00530df0	12	
	00530e00	12	
	00530e10	25	
	00530e30	12	
	00530e40	36	
	00530e70	39	
	00530ea0	73	
	00530ef0	74	
	00530f40	1415	
	005314d0	38	
	00531500	38	
	00531530	68	
	00531580	12	
	00531590	12	
	005315a0	12	
	005315b0	207	
	00531680	61	
	005316c0	288	
	005317e0	293	
	00531910	83	
	00531970	83	
	005319d0	38	
	00531a00	38	
	00531a30	68	
	00531a80	12	
	00531a90	12	
	00531aa0	12	
	00531ab0	25	
	00531ad0	12	
	00531ae0	31	
	00531b00	278	
	00531c20	84	
	00531c80	73	
	00531cd0	89	
	00531d30	12	
	00531d40	12	
	00531d50	12	
	00531d60	12	
	00531d70	119	
	00531df0	288	
	00531f10	193	
	00531fe0	147	
	00532080	63	
	005320c0	265	
	005321d0	342	
	00532330	303	
	00532460	182	
	00532520	161	
	005325d0	98	
	00532640	516	
	00532850	716	
	00532b20	618	
	00532d90	583	
	00532fe0	41	
	00533010	101	
	00533080	336	
	005331d0	363	
	00533340	154	
	005333e0	25	
	00533400	12	
	00533410	22	
	00533430	52	
	00533470	50	
	005334b0	490	
	005336a0	453	
	00533870	255	
	00533970	181	
	00533a30	25	
	00533a50	12	
	00533a60	327	
	00533bb0	721	
	00533e90	130	
	00533f20	433	
	005340e0	136	
	00534170	137	
	00534200	136	
	00534290	498	
	00534490	320	
	005345d0	183	
	00534690	61	
	005346d0	68	
	00534720	12	
	00534730	12	
	00534740	12	
	00534750	25	
	00534770	12	
	00534780	81	
	005347e0	90	
	00534840	139	
	005348d0	92	
	00534930	38	
	00534960	38	
	00534990	68	
	005349e0	12	
	005349f0	12	
	00534a00	12	
	00534a10	25	
	00534a30	12	
	00534a40	5	
00534a40	00534a50	31	
	00534a70	5	
00534a70	00534a80	31	
	00534aa0	30	
	00534ac0	10	
	00534ad0	10	
	00534ae0	20	
	00534b00	271	
	00534c10	139	
	00534ca0	1004	
	00535090	67	
	005350e0	124	
	00535160	264	
	00535270	130	
	00535300	33	
	00535330	431	
	005354e0	933	
	00535890	33	
	005358c0	59	
	00535900	1758	
	00535fe0	498	
	005361e0	472	
	005363c0	116	
	00536440	25	
	00536460	12	
	00536470	556	
	005366a0	279	
	005367c0	153	
	00536860	454	
	00536a30	307	
	00536b70	197	
	00536c40	32	
	00536c60	406	
	00536e00	121	
	00536e80	90	
	00536ee0	311	
	00537020	427	
	005371d0	222	
	005372b0	25	
	005372d0	12	
	005372e0	858	
	00537640	88	
	005376a0	90	
	00537700	24	
	00537720	378	
	005378a0	14	
	005378b0	372	
	00537a30	45	
	00537a60	558	
	00537c90	38	
	00537cc0	38	
	00537cf0	68	
	00537d40	12	
	00537d50	12	
	00537d60	12	
	00537d70	25	
	00537d90	12	
	00537da0	64	
	00537de0	64	
	00537e20	68	
	00537e70	12	
	00537e80	12	
	00537e90	12	
	00537ea0	25	
	00537ec0	12	
	00537ed0	25	
	00537ef0	12	
	00537f00	287	
	00538020	328	
	00538170	23	
	00538190	31	
	005381b0	137	
	00538240	109	
	005382b0	25	
	005382d0	12	
	005382e0	23	
	00538300	32	
	00538320	137	
	005383b0	25	
	005383d0	12	
	005383e0	45	
	00538410	8	
	00538420	239	
	00538510	28	
	00538530	271	
	00538640	620	
	005388b0	444	
	00538a70	28	
	00538a90	214	
	00538b70	256	
	00538c70	69	
	00538cc0	69	
	00538d10	25	
	00538d30	12	
	00538d40	10	
	00538d50	16	
	00538d60	12	
	00538d70	10	
	00538d80	10	
	00538d90	16	
	00538da0	12	
	00538db0	10	
	00538dc0	403	
	00538f60	437	
	00539120	166	
	005391d0	55	
	00539210	166	
	005392c0	27	
	005392e0	195	
	005393b0	212	
	00539490	27	
	005394b0	1241	
	00539990	102	
	00539a00	584	
	00539c50	143	
	00539ce0	587	
	00539f30	2431	
	0053a8b0	2687	
	0053b330	2077	
	0053bb50	135	
	0053bbe0	121	
	0053bc60	129	
	0053bcf0	164	
	0053bda0	806	
	0053c0d0	33	
	0053c100	32	
	0053c120	392	
	0053c2b0	207	
	0053c380	450	
	0053c550	583	
	0053c7a0	784	
	0053cab0	737	
	0053cda0	295	
	0053ced0	103	
	0053cf40	579	
	0053d190	859	
	0053d4f0	28	
	0053d510	27	
	0053d530	2390	
	0053de90	28	
	0053deb0	137	
	0053df40	80	
	0053df90	482	
	0053e180	186	
	0053e240	128	
	0053e2c0	498	
	0053e4c0	317	
	0053e600	27	
	0053e620	62	
	0053e660	62	
	0053e6a0	182	
0053e6a0	0053e77f	64	
	0053e756	38	
	0053e7c0	32	
	0053e7e0	70	
	0053e830	254	
	0053e930	254	
	0053ea30	556	
	0053ec60	62	
	0053eca0	30	
	0053ecc0	100	
	0053ed30	30	
	0053ed50	100	
	0053edc0	50	
	0053ee00	89	
	0053ee60	12	
	0053ee70	12	
	0053ee80	12	
	0053ee90	12	
	0053eea0	32	
	0053eec0	133	
	0053ef50	149	
	0053eff0	50	
	0053f030	26	
	0053f050	7	
	0053f060	55	
	0053f0a0	16	
	0053f0b0	9	
	0053f0c0	25	
	0053f0e0	12	
	0053f0f0	5	
0053f0f0	0053f100	31	
	0053f120	78	
	0053f170	30	
	0053f190	86	
	0053f1f0	11	
	0053f200	84	
	0053f260	24	
	0053f280	31	
	0053f2a0	134	
	0053f330	24	
	0053f350	1714	
	0053fa10	47	
	0053fa40	824	
	0053fd80	78	
	0053fdd0	78	
	0053fe20	25	
	0053fe40	12	
	0053fe50	117	
	0053fed0	215	
	0053ffb0	62	
	0053fff0	173	
	005400a0	146	
	00540140	720	
	00540410	61	
	00540450	48	
	00540480	27	
	005404a0	27	
	005404c0	27	
	005404e0	27	
	00540500	27	
	00540520	82	
	00540580	38	
	005405b0	59	
	005405f0	68	
	00540640	12	
	00540650	12	
	00540660	12	
	00540670	10	
	00540680	16	
	00540690	12	
	005406a0	31	
	005406c0	5	
005406c0	005406d0	31	
	005406f0	5	
005406f0	00540700	31	
	00540720	341	
	00540880	30	
	005408a0	285	
	005409c0	19	
	005409e0	7	
	005409f0	178	
	00540ab0	227	
	00540ba0	388	
	00540d30	81	
	00540d90	16	
	00540da0	410	
	00540f40	326	
	00541090	319	
	005411d0	77	
	00541220	25	
	00541240	134	
	005412d0	1133	
	00541740	10	
	00541750	10	
	00541760	288	
	00541880	10	
	00541890	702	
	00541b50	10	
	00541b60	1443	
	00542110	10	
	00542120	225	
	00542210	316	
	00542350	486	
	00542540	407	
	005426e0	626	
	00542960	53	
	005429a0	20	
	005429c0	201	
	00542a90	53	
	00542ad0	20	
	00542af0	425	
	00542ca0	116	
	00542d20	108	
	00542d90	108	
	00542e00	44	
	00542e30	44	
	00542e60	2177	
	005436f0	913	
	00543a90	44	
	00543ac0	93	
	00543b20	499	
	00543d20	2375	
	00544670	14	
	00544680	7	
	00544690	32	
	005446b0	13	
	005446c0	310	
	00544800	2393	
	00545160	13	
	00545170	273	
	00545290	559	
	005454c0	61	
	00545520	1104	
	00545970	100	
	005459e0	100	
	00545a50	1641	
	005460c0	23	
	005460e0	1678	
	00546770	23	
	00546790	1167	
	00546c20	23	
	00546c40	1706	
	005472f0	24	
	00547310	44	
	00547340	422	
	005474f0	253	
	005475f0	202	
	005476c0	68	
	00547710	12	
	00547720	12	
	00547730	12	
	00547740	25	
	00547760	12	
	00547770	10	
	00547780	10	
	00547790	12	
	005477a0	31	
	005477c0	102	
	00547830	603	
	00547a90	400	
	00547c20	194	
	00547cf0	231	
	00547de0	162	
	00547e90	21	
	00547eb0	152	
	00547f50	182	
	00548010	492	
	00548200	46	
	00548230	60	
	00548270	473	
	00548450	1090	
	005488a0	251	
	005489a0	473	
	00548b80	94	
	00548be0	291	
	00548d10	65	
	00548d60	75	
	00548db0	70	
	00548e00	282	
	00548f20	57	
	00548f60	42	
	00548f90	82	
	00548ff0	67	
	00549040	23	
	00549060	113	
	005490e0	55	
	00549120	57	
	00549160	42	
	00549190	62	
	005491d0	141	
	00549260	147	
	00549300	105	
	00549370	65	
	005493c0	46	
	005493f0	48	
	00549420	71	
	00549470	485	
	00549660	90	
	005496c0	71	
	00549710	36	
	00549740	515	
	00549950	38	
	00549980	285	
	00549aa0	229	
	00549b90	38	
	00549bc0	226	
	00549cb0	518	
	00549ec0	176	
	00549f70	58	
	00549fb0	38	
	00549fe0	336	
	0054a130	84	
	0054a190	84	
	0054a1f0	84	
	0054a250	57	
	0054a290	8	
	0054a2a0	32	
	0054a2c0	25	
	0054a2e0	12	
	0054a2f0	10	
	0054a300	16	
	0054a310	12	
	0054a320	10	
	0054a330	10	
	0054a340	16	
	0054a350	12	
	0054a360	10	
	0054a370	223	
	0054a450	15	
	0054a460	15	
	0054a470	15	
	0054a480	15	
	0054a490	15	
	0054a4a0	30	
	0054a4c0	86	
	0054a520	115	
	0054a5a0	109	
	0054a610	357	
	0054a780	327	
	0054a8d0	119	
	0054a950	23	
	0054a970	957	
	0054ad30	310	
	0054ae70	154	
	0054af10	428	
	0054b0c0	108	
	0054b130	68	
	0054b180	12	
	0054b190	12	
	0054b1a0	12	
	0054b1b0	268	
	0054b2c0	47	
	0054b2f0	10	
	0054b300	25	
	0054b320	12	
	0054b330	10	
	0054b340	23	
	0054b360	10	
	0054b370	25	
	0054b390	12	
	0054b3a0	10	
	0054b3b0	23	
	0054b3d0	10	
	0054b3e0	25	
	0054b400	12	
	0054b410	10	
	0054b420	23	
	0054b440	10	
	0054b450	25	
	0054b470	12	
	0054b480	10	
	0054b490	23	
	0054b4b0	25	
	0054b4d0	12	
	0054b4e0	32	
	0054b500	63	
	0054b540	312	
	0054b680	8	
	0054b690	17	
	0054b6b0	218	
	0054b790	250	
	0054b890	431	
	0054ba40	195	
	0054bb10	28	
	0054bb30	53	
	0054bb70	90	
	0054bbd0	114	
	0054bc50	47	
	0054bc80	51	
	0054bcc0	45	
	0054bcf0	49	
	0054bd30	248	
	0054be30	25	
	0054be50	12	
	0054be60	275	
	0054bf80	30	
	0054bfa0	133	
	0054c030	58	
	0054c070	113	
	0054c0f0	173	
	0054c1a0	81	
	0054c200	9	
	0054c210	174	
	0054c2c0	143	
	0054c350	190	
	0054c410	68	
	0054c460	12	
	0054c470	12	
	0054c480	12	
	0054c490	251	
	0054c590	250	
	0054c690	543	
	0054c8b0	319	
	0054c9f0	390	
	0054cb80	347	
	0054cce0	109	
	0054cd50	523	
	0054cf60	1079	
	0054d3a0	644	
	0054d630	368	
	0054d7a0	1226	
	0054dc70	25	
	0054dc90	12	
	0054dca0	10	
	0054dcb0	672	
	0054df50	12	
	0054df60	31	
	0054df80	125	
	0054e000	66	
	0054e050	176	
	0054e100	33	
	0054e130	106	
	0054e1a0	216	
	0054e280	134	
	0054e310	272	
	0054e420	211	
	0054e500	121	
	0054e580	784	
	0054e890	25	
	0054e8b0	12	
	0054e8c0	179	
	0054e980	47	
	0054e9b0	12	
	0054e9c0	12	
	0054e9d0	37	
	0054ea00	120	
	0054ea80	232	
	0054eb70	40	
	0054eba0	54	
	0054ebe0	35	
	0054ec10	60	
	0054ec50	30	
	0054ec70	50	
	0054ecb0	37	
	0054ece0	53	
	0054ed20	66	
	0054ed70	301	
	0054eea0	25	
	0054eec0	12	
	0054eed0	207	
	0054efa0	88	
	0054f000	63	
	0054f040	549	
	0054f270	528	
	0054f480	403	
	0054f620	225	
	0054f710	225	
	0054f800	175	
	0054f8b0	801	
	0054fbe0	361	
	0054fd50	25	
	0054fd70	12	
	0054fd80	29	
	0054fda0	5	
	0054fdb0	416	
	0054ff50	87	
	0054ffb0	111	
	00550020	302	
	00550150	302	
	00550280	80	
	005502d0	454	
	005504a0	129	
	00550530	607	
	00550790	621	
	00550a00	952	
	00550dc0	1443	
	00551380	321	
	005514d0	300	
	00551600	85	
	00551660	58	
	005516a0	181	
	00551760	174	
	00551810	25	
	00551830	12	
	00551840	331	
	00551990	187	
	00551a50	49	
	00551a90	293	
	00551bc0	454	
	00551d90	434	
	00551f50	38	
	00551f80	434	
	00552140	38	
	00552170	416	
	00552310	258	
	00552420	25	
	00552440	12	
	00552450	49	
	00552490	30	
	005524b0	80	
	00552500	33	
	00552530	146	
	005525d0	87	
	00552630	25	
	00552650	49	
	00552690	236	
	00552780	422	
	00552930	1086	
	00552d70	234	
	00552e60	126	
	00552ee0	135	
	00552f70	68	
	00552fc0	12	
	00552fd0	12	
	00552fe0	12	
	00552ff0	17	
	00553010	57	
	00553050	609	
	005532c0	62	
	00553300	62	
	00553340	25	
	00553360	12	
	00553370	5	
00553370	00553380	31	
	005533a0	149	
	00553440	421	
	005535f0	403	
	00553790	258	
	005538a0	237	
	00553990	19	
	005539b0	356	
	00553b20	1173	
	00553fc0	91	
	00554020	1092	
	00554470	588	
	005546c0	51	
	00554700	1135	
	00554b70	1336	
	005550b0	73	
	00555100	273	
	00555220	47	
	00555250	154	
	005552f0	86	
	00555350	519	
	00555560	102	
	005555d0	32	
	005555f0	32	
	00555610	38	
	00555640	40	
	00555670	40	
	005556a0	84	
	00555700	97	
	00555770	108	
	005557e0	391	
	00555970	271	
	00555a80	136	
	00555b10	136	
	00555ba0	25	
	00555bc0	12	
	00555bd0	175	
	00555c80	110	
	00555cf0	276	
	00555e10	284	
	00555f30	196	
	00556000	899	
	00556390	125	
	00556410	1062	
	00556840	3424	
	005575a0	218	
	00557680	408	
	00557820	2259	
	00558100	232	
	005581f0	295	
	00558320	780	
	00558630	364	
	005587a0	195	
	00558870	68	
	005588c0	12	
	005588d0	12	
	005588e0	12	
	005588f0	18	
	00558910	30	
	00558930	11	
	00558940	246	
	00558a40	478	
	00558c20	563	
	00558e60	731	
	00559140	24	
	00559160	245	
	00559260	24	
	00559280	16	
	00559290	197	
	00559360	215	
	00559440	291	
	00559570	223	
	00559650	298	
	00559780	199	
	00559850	68	
	005598a0	12	
	005598b0	12	
	005598c0	12	
	005598d0	18	
	005598f0	30	
	00559910	11	
	00559920	128	
	005599a0	417	
	00559b50	471	
	00559d30	630	
	00559fb0	183	
	0055a070	16	
	0055a080	133	
	0055a110	215	
	0055a1f0	270	
	0055a300	223	
	0055a3e0	270	
	0055a4f0	199	
	0055a5c0	68	
	0055a610	12	
	0055a620	12	
	0055a630	12	
	0055a640	794	
	0055a960	10	
	0055a970	96	
	0055a9d0	86	
	0055aa30	33	
	0055aa60	33	
	0055aa90	56	
	0055aad0	50	
	0055ab10	59	
	0055ab50	28	
	0055ab70	155	
	0055ac10	902	
	0055afa0	68	
	0055aff0	12	
	0055b000	12	
	0055b010	12	
	0055b020	84	
	0055b080	5	
	0055b090	293	
	0055b1c0	12	
	0055b1d0	441	
	0055b390	30	
	0055b3b0	257	
	0055b4c0	173	
	0055b570	130	
	0055b600	401	
	0055b7a0	47	
	0055b7d0	43	
	0055b800	85	
	0055b860	27	
	0055b880	372	
	0055ba00	434	
	0055bbc0	239	
	0055bcb0	708	
	0055bf80	545	
	0055c1b0	534	
	0055c3d0	2493	
	0055cd90	1	
	0055cda0	1395	
	0055d320	229	
	0055d410	438	
	0055d5d0	1484	
	0055dba0	2034	
	0055e3a0	1299	
	0055e8c0	1713	
	0055ef80	131	
	0055f010	652	
	0055f2a0	1871	
	0055f9f0	975	
	0055fdc0	1586	
	00560400	2229	
	00560cc0	576	
	00560f00	2392	
	00561860	62	
	005618a0	11	
	005618b0	40	
	005618e0	38	
	00561910	15	
	00561920	136	
	005619b0	68	
	00561a00	12	
	00561a10	12	
	00561a20	12	
	00561a30	176	
	00561ae0	30	
	00561b00	140	
	00561b90	383	
	00561d10	103	
	00561d80	154	
	00561e20	45	
	00561e50	35	
	00561e80	920	
	00562220	264	
	00562330	189	
	005623f0	223	
	005624d0	151	
	00562570	25	
	00562590	12	
	005625a0	156	
	00562640	30	
	00562660	88	
	005626c0	103	
	00562730	123	
	005627b0	36	
	005627e0	327	
	00562930	262	
	00562a40	183	
	00562b00	25	
	00562b20	12	
	00562b30	17	
	00562b50	104	
	00562bc0	95	
	00562c20	95	
	00562c80	85	
	00562ce0	25	
	00562d00	12	
	00562d10	16	
	00562d20	35	
	00562d50	787	
	00563070	57	
	005630b0	210	
	00563190	806	
	005634c0	25	
	005634e0	12	
	005634f0	27	
	00563510	11	
	00563520	55	
	00563560	39	
	00563590	37	
	005635c0	84	
	00563620	135	
	005636b0	25	
	005636d0	12	
	005636e0	20	
	00563700	34	
	00563730	25	
	00563750	12	
	00563760	658	
	00563a00	39	
	00563a30	117	
	00563ab0	157	
	00563b50	63	
	00563b90	63	
	00563bd0	25	
	00563bf0	12	
	00563c00	55	
	00563c40	44	
	00563c70	129	
	00563d00	91	
	00563d60	142	
	00563df0	25	
	00563e10	12	
	00563e20	210	
	00563f00	111	
	00563f70	170	
	00564020	80	
	00564070	131	
	00564100	163	
	005641b0	25	
	005641d0	12	
	005641e0	524	
	005643f0	605	
	00564650	56	
	00564690	144	
	00564720	89	
	00564780	155	
	00564820	111	
	00564890	39	
	005648c0	440	
	00564a80	424	
	00564c30	68	
	00564c80	12	
	00564c90	12	
	00564ca0	12	
	00564cb0	10	
	00564cc0	10	
	00564cd0	12	
	00564ce0	10	
	00564cf0	10	
	00564d00	10	
	00564d10	12	
	00564d20	10	
	00564d30	10	
	00564d40	16	
	00564d50	12	
	00564d60	10	
	00564d70	10	
	00564d80	16	
	00564d90	12	
	00564da0	10	
	00564db0	166	
	00564e60	4	
	00564e70	4	
	00564e80	30	
	00564ea0	105	
	00564f10	498	
	00565110	266	
	00565220	493	
	00565410	31	
	00565430	21	
	00565450	218	
	00565530	106	
	005655a0	141	
	00565630	326	
	005657c0	163	
	00565870	109	
	005658e0	87	
	00565940	81	
	005659a0	126	
	00565a20	112	
	00565a90	320	
	00565bd0	168	
	00565c80	51	
	00565cc0	10	
	00565cd0	89	
	00565d30	12	
	00565d40	12	
	00565d50	12	
	00565d60	12	
	00565d70	10	
	00565d80	10	
	00565d90	12	
	00565da0	10	
	00565db0	10	
	00565dc0	10	
	00565dd0	12	
	00565de0	10	
	00565df0	10	
	00565e00	16	
	00565e10	12	
	00565e20	10	
	00565e30	10	
	00565e40	16	
	00565e50	12	
	00565e60	10	
	00565e70	10	
	00565e80	721	
	00566160	12	
	00566170	20	
	00566190	374	
	00566310	7	
	00566320	32	
	00566340	58	
	00566380	30	
	005663a0	151	
	00566440	62	
	00566480	73	
	005664d0	29	
	005664f0	138	
	00566580	272	
	00566690	57	
	005666d0	136	
	00566760	111	
	005667d0	122	
	00566850	26	
	00566870	115	
	005668f0	116	
	00566970	88	
	005669d0	9	
	005669e0	81	
	00566a40	18	
	00566a60	38	
	00566a90	8	
	00566aa0	89	
	00566b00	12	
	00566b10	12	
	00566b20	12	
	00566b30	12	
	00566b40	10	
	00566b50	10	
	00566b60	12	
	00566b70	10	
	00566b80	10	
	00566b90	10	
	00566ba0	12	
	00566bb0	10	
	00566bc0	10	
	00566bd0	16	
	00566be0	12	
	00566bf0	10	
	00566c00	10	
	00566c10	16	
	00566c20	12	
	00566c30	10	
	00566c40	120	
	00566cc0	7	
	00566cd0	32	
	00566cf0	72	
	00566d40	30	
	00566d60	30	
	00566d80	83	
	00566de0	57	
	00566e20	72	
	00566e70	92	
	00566ed0	336	
	00567020	49	
	00567060	145	
	00567100	89	
	00567160	12	
	00567170	12	
	00567180	12	
	00567190	12	
	005671a0	10	
	005671b0	10	
	005671c0	12	
	005671d0	10	
	005671e0	10	
	005671f0	10	
	00567200	12	
	00567210	10	
	00567220	10	
	00567230	16	
	00567240	12	
	00567250	10	
	00567260	10	
	00567270	16	
	00567280	12	
	00567290	10	
	005672a0	452	
	00567470	17	
	00567490	27	
	005674b0	155	
	00567550	218	
	00567630	128	
	005676b0	82	
	00567710	62	
	00567750	361	
	005678c0	365	
	00567a30	305	
	00567b70	143	
	00567c00	426	
	00567db0	92	
	00567e10	38	
	00567e40	89	
	00567ea0	12	
	00567eb0	12	
	00567ec0	12	
	00567ed0	12	
	00567ee0	10	
	00567ef0	10	
	00567f00	12	
	00567f10	10	
	00567f20	10	
	00567f30	10	
	00567f40	12	
	00567f50	10	
	00567f60	10	
	00567f70	16	
	00567f80	12	
	00567f90	10	
	00567fa0	10	
	00567fb0	16	
	00567fc0	12	
	00567fd0	10	
	00567fe0	89	
	00568040	30	
	00568060	11	
	00568070	186	
	00568130	514	
	00568340	50	
	00568380	141	
	00568410	227	
	00568500	543	
	00568720	118	
	005687a0	4	
	005687b0	11	
	005687c0	11	
	005687d0	25	
	005687f0	89	
	00568850	12	
	00568860	12	
	00568870	12	
	00568880	12	
	00568890	10	
	005688a0	10	
	005688b0	12	
	005688c0	10	
	005688d0	10	
	005688e0	10	
	005688f0	12	
	00568900	10	
	00568910	10	
	00568920	16	
	00568930	12	
	00568940	10	
	00568950	10	
	00568960	16	
	00568970	12	
	00568980	10	
	00568990	90	
	005689f0	30	
	00568a10	92	
	00568a70	939	
	00568e20	39	
	00568e50	21	
	00568e70	4	
	00568e80	89	
	00568ee0	12	
	00568ef0	12	
	00568f00	12	
	00568f10	12	
	00568f20	33	
	00568f50	38	
	00568f80	11	
	00568f90	26	
	00568fb0	26	
	00568fd0	242	
	005690d0	16	
	005690e0	104	
	00569150	107	
	005691c0	104	
	00569230	107	
	005692a0	11	
	005692b0	26	
	005692d0	115	
	00569350	25	
	00569370	35	
	005693a0	125	
	00569420	125	
	005694a0	125	
	00569520	34	
	00569550	46	
	00569580	218	
	00569660	102	
	005696d0	48	
	00569700	35	
	00569730	51	
	00569770	87	
	005697d0	135	
	00569860	15	
	00569870	15	
	00569880	120	
	00569900	120	
	00569980	47	
	005699b0	25	
	005699d0	12	
	005699e0	67	
	00569a30	20	
	00569a50	11	
	00569a60	336	
	00569bb0	47	
	00569be0	12	
	00569bf0	12	
	00569c00	6	
	00569c10	363	
	00569d80	469	
	00569f60	129	
	00569ff0	60	
	0056a030	443	
	0056a1f0	263	
	0056a300	55	
	0056a340	242	
	0056a440	497	
	0056a640	431	
	0056a7f0	88	
	0056a850	90	
	0056a8b0	378	
	0056aa30	254	
	0056ab30	45	
	0056ab60	45	
	0056ab90	30	
	0056abb0	122	
	0056ac30	51	
	0056ac70	217	
	0056ad50	26	
	0056ad70	47	
	0056ada0	12	
	0056adb0	12	
	0056adc0	386	
	0056af50	19	
	0056af70	188	
	0056b030	493	
0056b030	0056b23a	45	
	0056b270	81	
	0056b2d0	804	
0056b2d0	0056b624	42	
	0056b650	160	
	0056b6f0	351	
0056b6f0	0056b858	24	
	0056b870	147	
	0056b910	281	
	0056ba30	487	
	0056bc20	27	
	0056bc40	25	
	0056bc60	12	
	0056bc70	114	
	0056bcf0	108	
	0056bd60	88	
	0056bdc0	20	
	0056bde0	96	
	0056be40	96	
	0056bea0	96	
	0056bf00	26	
	0056bf20	19	
	0056bf40	55	
	0056bf80	105	
	0056bff0	95	
	0056c050	287	
	0056c170	41	
	0056c1a0	206	
	0056c270	265	
	0056c380	319	
	0056c4c0	19	
	0056c4e0	50	
	0056c520	56	
	0056c560	51	
	0056c5a0	57	
	0056c5e0	118	
	0056c660	125	
	0056c6e0	125	
	0056c760	125	
	0056c7e0	44	
	0056c810	193	
	0056c8e0	34	
	0056c910	46	
	0056c940	30	
	0056c960	15	
	0056c970	52	
	0056c9b0	99	
	0056ca20	76	
	0056ca70	79	
	0056cac0	126	
	0056cb40	157	
	0056cbe0	20	
	0056cc00	14	
	0056cc10	181	
	0056ccd0	153	
	0056cd70	84	
	0056cdd0	125	
	0056ce50	125	
	0056ced0	231	
	0056cfc0	106	
	0056d030	23	
	0056d050	22	
	0056d070	46	
	0056d0a0	160	
	0056d140	224	
	0056d220	25	
	0056d240	12	
	0056d250	748	
	0056d540	115	
	0056d5c0	620	
	0056d830	51	
	0056d870	10	
	0056d880	25	
	0056d8a0	12	
	0056d8b0	10	
	0056d8c0	16	
	0056d8d0	12	
	0056d8e0	10	
	0056d8f0	10	
	0056d900	16	
	0056d910	12	
	0056d920	10	
	0056d930	91	
	0056d990	91	
	0056d9f0	33	
	0056da20	34	
	0056da50	11	
	0056da60	201	
	0056db30	230	
	0056dc20	299	
	0056dd50	996	
	0056e140	307	
	0056e280	415	
	0056e420	239	
	0056e510	340	
	0056e670	112	
	0056e6e0	230	
	0056e7d0	29	
	0056e7f0	16	
	0056e800	75	
	0056e850	158	
	0056e8f0	24	
	0056e910	145	
	0056e9b0	36	
	0056e9e0	243	
	0056eae0	54	
	0056eb20	195	
	0056ebf0	36	
	0056ec20	19	
	0056ec40	59	
	0056ec80	99	
	0056ecf0	54	
	0056ed30	92	
	0056ed90	54	
	0056edd0	92	
	0056ee30	59	
	0056ee70	99	
	0056eee0	54	
	0056ef20	92	
	0056ef80	127	
	0056f000	92	
	0056f060	86	
	0056f0c0	95	
	0056f120	92	
	0056f180	47	
	0056f1b0	25	
	0056f1d0	12	
	0056f1e0	157	
	0056f280	46	
	0056f2b0	100	
	0056f320	85	
	0056f380	43	
	0056f3b0	233	
	0056f4a0	172	
	0056f550	281	
	0056f670	291	
	0056f7a0	69	
	0056f7f0	68	
	0056f840	12	
	0056f850	12	
	0056f860	12	
	0056f870	10	
	0056f880	16	
	0056f890	12	
	0056f8a0	10	
	0056f8b0	106	
	0056f920	317	
	0056fa60	30	
	0056fa80	102	
	0056faf0	253	
	0056fbf0	7	
	0056fc00	177	
	0056fcc0	25	
	0056fce0	55	
	0056fd20	105	
	0056fd90	287	
	0056feb0	219	
	0056ff90	55	
	0056ffd0	69	
	00570020	873	
	00570390	1261	
	00570880	328	
00570880	005709f1	80	
	005709c8	38	
	00570a50	654	
	00570ce0	177	
	00570da0	76	
	00570df0	116	
	00570e70	50	
	00570eb0	160	
	00570f50	47	
	00570f80	12	
	00570f90	12	
	00570fa0	30	
	00570fc0	83	
	00571020	160	
	005710c0	10	
	005710d0	16	
	005710e0	12	
	005710f0	10	
	00571100	10	
	00571110	16	
	00571120	12	
	00571130	10	
	00571140	10	
	00571150	13	
	00571160	12	
	00571170	10	
	00571180	10	
	00571190	16	
	005711a0	12	
	005711b0	10	
	005711c0	10	
	005711d0	16	
	005711e0	12	
	005711f0	10	
	00571200	10	
	00571210	16	
	00571220	12	
	00571230	10	
	00571240	111	
	005712b0	27	
	005712d0	533	
	005714f0	30	
	00571510	162	
	005715c0	37	
	005715f0	890	
	00571970	378	
	00571af0	923	
	00571e90	79	
	00571ee0	110	
	00571f50	45	
	00571f80	93	
	00571fe0	40	
	00572010	40	
	00572040	40	
	00572070	443	
	00572230	641	
	005724c0	37	
	005724f0	289	
	00572620	40	
	00572650	32	
	00572670	252	
	00572770	32	
	00572790	37	
	005727c0	257	
	005728d0	42	
	00572900	242	
	00572a00	33	
	00572a30	86	
	00572a90	240	
	00572b80	95	
	00572be0	725	
00572be0	00572ebf	269	
	00572eb5	10	
	00572fd0	820	
	00573310	10	
	00573320	120	
	005733a0	4	
	005733b0	209	
	00573490	47	
	005734c0	12	
	005734d0	12	
	005734e0	10	
	005734f0	16	
	00573500	12	
	00573510	10	
	00573520	10	
	00573530	16	
	00573540	12	
	00573550	10	
	00573560	10	
	00573570	13	
	00573580	12	
	00573590	10	
	005735a0	10	
	005735b0	16	
	005735c0	12	
	005735d0	10	
	005735e0	10	
	005735f0	16	
	00573600	12	
	00573610	10	
	00573620	106	
	00573690	27	
	005736b0	160	
	00573750	30	
	00573770	211	
	00573850	269	
	00573960	32	
	00573980	369	
	00573b00	373	
	00573c80	229	
	00573d70	25	
	00573d90	72	
	00573de0	24	
	00573e00	388	
	00573f90	25	
	00573fb0	347	
	00574110	81	
	00574170	677	
	00574420	282	
	00574540	42	
	00574570	63	
	005745b0	61	
	005745f0	33	
	00574620	178	
	005746e0	32	
	00574700	15	
	00574710	25	
	00574730	15	
	00574740	25	
	00574760	330	
	005748b0	32	
	005748d0	15	
	005748e0	25	
	00574900	15	
	00574910	25	
	00574930	15	
	00574940	25	
	00574960	300	
	00574a90	25	
	00574ab0	13	
	00574ac0	28	
	00574ae0	16	
	00574af0	28	
	00574b10	16	
	00574b20	28	
	00574b40	16	
	00574b50	28	
	00574b70	19	
	00574b90	28	
	00574bb0	16	
	00574bc0	28	
	00574be0	47	
	00574c10	12	
	00574c20	12	
	00574c30	10	
	00574c40	16	
	00574c50	12	
	00574c60	10	
	00574c70	10	
	00574c80	16	
	00574c90	12	
	00574ca0	10	
	00574cb0	51	
	00574cf0	10	
	00574d00	102	
	00574d70	51	
	00574db0	10	
	00574dc0	102	
	00574e30	51	
	00574e70	10	
	00574e80	51	
	00574ec0	10	
	00574ed0	102	
	00574f40	306	
	00575080	159	
	00575120	572	
	00575360	1033	
	00575770	626	
	005759f0	950	
	00575db0	39	
	00575de0	52	
	00575e20	130	
	00575eb0	68	
	00575f00	68	
	00575f50	218	
	00576030	60	
	00576070	54	
	005760b0	10	
	005760c0	25	
	005760e0	12	
	005760f0	10	
	00576100	452	
	005762d0	6	
	005762e0	10	
	005762f0	25	
	00576310	12	
	00576320	10	
	00576330	869	
	005766a0	10	
	005766b0	25	
	005766d0	12	
	005766e0	10	
	005766f0	381	
	00576870	10	
	00576880	25	
	005768a0	12	
	005768b0	10	
	005768c0	288	
	005769e0	10	
	005769f0	25	
	00576a10	12	
	00576a20	10	
	00576a30	10	
	00576a40	25	
	00576a60	12	
	00576a70	10	
	00576a80	243	
	00576b80	10	
	00576b90	25	
	00576bb0	12	
	00576bc0	10	
	00576bd0	41	
	00576c00	10	
	00576c10	25	
	00576c30	12	
	00576c40	10	
	00576c50	80	
	00576ca0	10	
	00576cb0	25	
	00576cd0	12	
	00576ce0	10	
	00576cf0	401	
	00576e90	10	
	00576ea0	25	
	00576ec0	12	
	00576ed0	10	
	00576ee0	214	
	00576fc0	10	
	00576fd0	25	
	00576ff0	12	
	00577000	10	
	00577010	216	
	005770f0	10	
	00577100	25	
	00577120	12	
	00577130	10	
	00577140	216	
	00577220	78	
	00577270	96	
	005772d0	86	
	00577330	78	
	00577380	96	
	005773e0	86	
	00577440	96	
	005774a0	175	
	00577550	634	
	005777d0	62	
	00577810	216	
	005778f0	634	
	00577b70	113	
	00577bf0	216	
	00577cd0	654	
	00577f60	113	
	00577fe0	255	
	005780e0	127	
	00578160	30	
	00578180	14	
	00578190	127	
	00578210	30	
	00578230	14	
	00578240	160	
	005782e0	76	
	00578330	30	
	00578350	83	
	005783b0	47	
	005783e0	12	
	005783f0	12	
	00578400	160	
	005784a0	50	
	005784e0	50	
	00578520	50	
	00578560	30	
	00578580	19	
	005785a0	34	
	005785d0	636	
	00578850	409	
	005789f0	25	
	00578a10	12	
	00578a20	10	
	00578a30	16	
	00578a40	12	
	00578a50	10	
	00578a60	10	
	00578a70	16	
	00578a80	12	
	00578a90	10	
	00578aa0	451	
	00578c70	784	
	00578f80	10	
	00578f90	113	
	00579010	30	
	00579030	136	
	005790c0	87	
	00579120	7	
	00579130	128	
	005791b0	4	
	005791c0	111	
	00579230	32	
	00579250	14	
	00579260	109	
	005792d0	165	
	00579380	193	
	00579450	50	
	00579490	130	
	00579520	31	
	00579540	137	
	00579600	534	
	00579820	155	
	005798c0	25	
	005798e0	12	
	005798f0	119	
	00579970	143	
	00579a00	319	
	00579b40	38	
	00579b70	12	
	00579b80	76	
	00579bd0	47	
	00579c00	12	
	00579c10	12	
	00579c20	33	
	00579c50	39	
	00579c80	39	
	00579cb0	175	
	00579d60	78	
	00579db0	5	
	00579dc0	111	
	00579e30	516	
	0057a040	448	
	0057a200	16	
	0057a210	32	
	0057a230	36	
	0057a260	18	
	0057a280	1223	
	0057a750	31	
	0057a770	84	
	0057a7d0	25	
	0057a7f0	12	
	0057a800	16	
	0057a810	686	
0057a810	0057aadb	1306	
0057a810	0057b00b	19	
	0057b020	30	
	0057b040	7	
	0057b050	51	
	0057b090	10	
	0057b0a0	24	
	0057b0c0	25	
	0057b0e0	12	
	0057b0f0	16	
	0057b100	14	
	0057b110	68	
	0057b160	12	
	0057b170	12	
	0057b180	12	
	0057b190	10	
	0057b1a0	16	
	0057b1b0	12	
	0057b1c0	10	
	0057b1d0	10	
	0057b1e0	16	
	0057b1f0	12	
	0057b200	10	
	0057b210	20	
	0057b230	30	
	0057b250	34	
	0057b280	11	
	0057b290	181	
	0057b350	31	
	0057b370	365	
	0057b4e0	34	
	0057b510	25	
	0057b530	12	
	0057b540	18	
	0057b560	7	
	0057b570	58	
	0057b5b0	190	
	0057b670	193	
	0057b740	156	
	0057b7e0	25	
	0057b800	12	
	0057b810	10	
	0057b820	16	
	0057b830	12	
	0057b840	10	
	0057b850	10	
	0057b860	16	
	0057b870	12	
	0057b880	10	
	0057b890	27	
	0057b8b0	30	
	0057b8d0	16	
	0057b8e0	159	
	0057b980	84	
	0057b9e0	24	
	0057ba00	74	
	0057ba50	1042	
	0057be70	697	
	0057c130	198	
	0057c200	89	
	0057c260	30	
	0057c280	20	
	0057c2a0	16	
	0057c2b0	16	
	0057c2c0	16	
	0057c2d0	16	
	0057c2e0	89	
	0057c340	12	
	0057c350	12	
	0057c360	12	
	0057c370	12	
	0057c380	228	
	0057c470	137	
	0057c500	14	
	0057c510	226	
	0057c600	557	
	0057c860	27	
	0057c880	24	
	0057c8a0	609	
	0057cb10	38	
	0057cb40	309	
	0057cc80	25	
	0057cca0	12	
	0057ccb0	109	
	0057cd20	109	
	0057cd90	99	
	0057ce00	77	
	0057ce50	61	
	0057ce90	70	
	0057cee0	24	
	0057cf00	553	
	0057d130	306	
	0057d270	25	
	0057d290	12	
	0057d2a0	10	
	0057d2b0	16	
	0057d2c0	12	
	0057d2d0	10	
	0057d2e0	10	
	0057d2f0	16	
	0057d300	12	
	0057d310	10	
	0057d320	10	
	0057d330	13	
	0057d340	12	
	0057d350	10	
	0057d360	10	
	0057d370	16	
	0057d380	12	
	0057d390	10	
	0057d3a0	10	
	0057d3b0	16	
	0057d3c0	12	
	0057d3d0	10	
	0057d3e0	341	
	0057d540	128	
	0057d5c0	30	
	0057d5e0	232	
	0057d6d0	166	
	0057d780	262	
	0057d890	1122	
0057d890	0057dcfe	359	
	0057dcf2	10	
	0057de70	195	
	0057df40	4	
	0057df50	4	
	0057df60	4	
	0057df70	5	
	0057df80	5	
	0057df90	10	
	0057dfa0	4	
	0057dfb0	4	
	0057dfc0	4	
	0057dfd0	461	
	0057e1a0	10	
	0057e1b0	10	
	0057e1c0	725	
	0057e4a0	395	
	0057e630	59	
	0057e670	47	
	0057e6a0	12	
	0057e6b0	12	
	0057e6c0	10	
	0057e6d0	16	
	0057e6e0	12	
	0057e6f0	10	
	0057e700	10	
	0057e710	16	
	0057e720	12	
	0057e730	10	
	0057e740	23	
	0057e760	276	
	0057e880	8	
	0057e890	250	
	0057e990	148	
	0057ea30	505	
	0057ec30	478	
	0057ee10	297	
	0057ef40	709	
	0057f210	76	
	0057f260	235	
	0057f350	155	
	0057f3f0	553	
	0057f620	204	
	0057f6f0	37	
	0057f720	182	
	0057f7e0	187	
	0057f8a0	544	
	0057fac0	169	
	0057fb70	24	
	0057fb90	219	
	0057fc70	14	
	0057fc80	44	
	0057fcb0	44	
	0057fce0	219	
	0057fdc0	239	
	0057feb0	22	
	0057fed0	25	
	0057fef0	12	
	0057ff00	30	
	0057ff20	83	
	0057ff80	81	
	0057ffe0	30	
	00580000	262	
	00580110	276	
	00580230	84	
	00580290	30	
	005802b0	53	
	005802f0	25	
	00580310	12	
	00580320	283	
	00580440	155	
	005804e0	188	
	005805a0	7	
	005805b0	49	
	005805f0	53	
	00580630	187	
	005806f0	327	
	00580840	113	
	005808c0	644	
	00580b50	141	
	00580be0	26	
	00580c00	26	
	00580c20	25	
	00580c40	12	
	00580c50	14	
	00580c60	14	
	00580c70	51	
	00580cb0	320	
	00580df0	293	
	00580f20	13	
	00580f30	876	
	005812a0	12	
	005812b0	12	
	005812c0	403	
	00581460	84	
	005814c0	197	
	00581590	51	
	005815d0	25	
	005815f0	12	
	00581600	5	
00581600	00581610	35	
	00581640	10	
	00581650	25	
	00581670	12	
	00581680	10	
	00581690	58	
	005816d0	10	
	005816e0	25	
	00581700	12	
	00581710	10	
	00581720	64	
	00581760	10	
	00581770	25	
	00581790	12	
	005817a0	10	
	005817b0	30	
	005817d0	230	
	005818c0	30	
	005818e0	214	
	005819c0	380	
	00581b40	29	
	00581b60	160	
	00581c00	468	
	00581de0	94	
	00581e40	564	
	00582080	13	
	00582090	62	
	005820d0	72	
	00582120	62	
	00582160	62	
	005821a0	177	
	00582260	178	
	00582320	121	
	005823a0	64	
	005823e0	228	
	005824d0	80	
	00582520	11	
	00582530	258	
	00582640	1564	
	00582c60	566	
	00582ea0	99	
	00582f10	90	
	00582f70	177	
	00583030	594	
	005832a0	481	
	00583490	136	
	00583520	381	
	005836a0	296	
	005837d0	296	
	00583900	826	
	00583c40	112	
	00583cb0	293	
	00583de0	86	
	00583e40	211	
	00583f20	155	
	00583fc0	153	
	00584060	44	
	00584090	788	
	005843b0	749	
	005846a0	25	
	005846c0	248	
	005847c0	41	
	005847f0	231	
	005848e0	87	
	00584940	68	
	00584990	12	
	005849a0	12	
	005849b0	12	
	005849c0	168	
	00584a70	252	
	00584b70	1258	
	00585080	104	
	005850f0	82	
	00585150	70	
	005851a0	1047	
	005855c0	686	
	00585870	65	
	005858c0	79	
	00585910	505	
	00585b10	500	
	00585d10	83	
	00585d70	67	
	00585dc0	102	
	00585e30	133	
	00585ec0	134	
	00585f50	77	
	00585fa0	111	
	00586010	206	
	005860e0	107	
	00586150	110	
	005861c0	122	
	00586240	119	
	005862c0	463	
	00586490	436	
	00586650	215	
	00586730	204	
	00586800	516	
	00586a10	505	
	00586c10	565	
	00586e50	385	
	00586fe0	374	
	00587160	480	
	00587340	290	
	00587470	142	
	00587500	428	
	005876b0	430	
	00587860	76	
	005878b0	66	
	00587900	136	
	00587990	130	
	00587a20	98	
	00587a90	102	
	00587b00	88	
	00587b60	152	
	00587c00	135	
	00587c90	488	
	00587ea0	326	
	00587ff0	73	
	00588040	373	
	005881c0	20	
	005881e0	135	
	00588270	229	
	00588360	99	
	005883d0	68	
	00588420	12	
	00588430	12	
	00588440	12	
	00588450	154	
	005884f0	504	
	005886f0	68	
	00588740	12	
	00588750	12	
	00588760	12	
	00588770	10	
	00588780	16	
	00588790	12	
	005887a0	10	
	005887b0	10	
	005887c0	16	
	005887d0	12	
	005887e0	10	
	005887f0	10	
	00588800	9406	
	0058acc0	12	
	0058acd0	23	
	0058acf0	10	
	0058ad00	16	
	0058ad10	12	
	0058ad20	10	
	0058ad30	2486	
	0058b6f0	13	
	0058b700	8	
	0058b710	16	
	0058b720	34	
	0058b750	1562	
	0058bd70	102	
	0058bde0	102	
	0058be50	102	
	0058bec0	102	
	0058bf30	102	
	0058bfa0	102	
	0058c010	118	
	0058c090	185	
	0058c150	192	
	0058c210	107	
	0058c280	409	
	0058c420	110	
	0058c490	150	
	0058c530	762	
	0058c830	480	
	0058ca10	371	
	0058cb90	20	
	0058cbb0	110	
	0058cc20	105	
	0058cc90	94	
	0058ccf0	1800	
	0058d400	8	
	0058d410	134	
	0058d4a0	74	
	0058d4f0	74	
	0058d540	1800	
	0058dc50	18	
	0058dc70	148	
	0058dd10	74	
	0058dd60	74	
	0058ddb0	1087	
	0058e1f0	220	
	0058e2d0	303	
	0058e400	248	
	0058e500	500	
	0058e700	153	
	0058e7a0	153	
	0058e840	153	
	0058e8e0	163	
	0058e990	182	
	0058ea50	182	
	0058eb10	145	
	0058ebb0	143	
	0058ec40	230	
	0058ed30	230	
	0058ee20	230	
	0058ef10	143	
	0058efa0	143	
	0058f030	1641	
	0058f760	3375	
	00590550	14	
	00590560	33955	
	00598ca0	17	
	00598cc0	207	
	00598d90	207	
	00598e60	209	
	00598f40	207	
	00599010	207	
	005990e0	207	
	005991b0	207	
	00599280	207	
	00599350	221	
	00599430	233	
	00599520	76	
	00599570	76	
	005995c0	82	
	00599620	22	
	00599640	41	
	00599670	8	
	00599680	7	
	00599690	7	
	005996a0	26	
	005996c0	38	
	005996f0	112	
	00599760	40	
	00599790	39	
	005997c0	27	
	005997e0	7	
	005997f0	7	
	00599800	6	
	00599810	4	
	00599820	6	
	00599830	4	
	00599840	13	
	00599850	8	
	00599860	8	
	00599870	4	
	00599880	4	
	00599890	6	
	005998a0	5	
	005998b0	5	
	005998c0	4	
	005998d0	4	
	005998e0	10	
	005998f0	24	
	00599910	6	
	00599920	6	
	00599930	7	
	00599940	7	
	00599950	6	
	00599960	56	
	005999a0	169	
	00599a50	239	
	00599b40	145	
	00599be0	278	
	00599d00	4	
	00599d10	116	
	00599d90	205	
	00599e60	119	
	00599ee0	211	
	00599fc0	4	
	00599fd0	20	
	00599ff0	4	
	0059a000	16	
	0059a010	7	
	0059a020	22	
	0059a040	5	
	0059a050	83	
	0059a0b0	118	
	0059a130	7	
	0059a140	7	
	0059a150	4	
	0059a160	4	
	0059a170	4	
	0059a180	25	
	0059a1a0	4	
	0059a1b0	26	
	0059a1d0	26	
	0059a1f0	6	
	0059a200	6	
	0059a210	42	
	0059a240	4	
	0059a250	4	
	0059a260	25	
	0059a280	6	
	0059a290	6	
	0059a2a0	6	
	0059a2b0	7	
	0059a2c0	7	
	0059a2d0	13	
	0059a2e0	7	
	0059a2f0	7	
	0059a300	6	
	0059a310	146	
	0059a3b0	146	
	0059a450	31	
	0059a470	31	
	0059a490	31	
	0059a4b0	31	
	0059a4d0	347	
	0059a630	12869	
	0059da30	60	
	0059da70	50	
	0059dab0	50	
	0059daf0	50	
	0059db30	4	
	0059db40	15	
	0059db50	7	
	0059db60	79	
	0059dbb0	121	
	0059dc30	121	
	0059dcb0	198	
	0059dd80	209	
	0059de60	176	
	0059df10	183	
	0059dfd0	156	
	0059e070	163	
	0059e120	215	
	0059e200	213	
	0059e2e0	691	
	0059e5c0	291	
	0059e720	1432	
	0059ecc0	366	
	0059ee30	1144	
	0059f2b0	1804	
	0059f9c0	2238	
	005a0280	2314	
	005a0b90	496	
	005a0d80	42	
	005a0db0	42	
	005a0de0	42	
	005a0e10	40	
	005a0e40	445	
	005a1000	594	
	005a1260	2697	
	005a1d10	76	
	005a1d60	612	
	005a1fd0	76	
	005a2020	186	
	005a20e0	88	
	005a2140	189	
	005a2200	80	
	005a2250	91	
	005a22b0	87	
	005a2310	83	
	005a2370	96	
	005a23d0	92	
	005a2430	62	
	005a2470	92	
	005a24d0	107	
	005a2540	119	
	005a25c0	50	
	005a2600	47	
	005a2630	47	
	005a2660	40	
	005a2690	40	
	005a26c0	10	
	005a26d0	25	
	005a26f0	12	
	005a2700	10	
	005a2710	348	
	005a2870	10	
	005a2880	25	
	005a28a0	12	
	005a28b0	10	
	005a28c0	348	
	005a2a20	10	
	005a2a30	25	
	005a2a50	12	
	005a2a60	10	
	005a2a70	111	
	005a2ae0	13	
	005a2af0	32	
	005a2b10	27	
	005a2b30	23	
	005a2b50	32	
	005a2b70	13	
	005a2b80	3	
	005a2b90	38	
	005a2bc0	175	
	005a2c70	45	
	005a2ca0	214	
	005a2d80	24	
	005a2da0	62	
	005a2de0	68	
	005a2e30	87	
	005a2e90	40	
	005a2ec0	60	
	005a2f00	84	
	005a2f60	28	
	005a2f80	506	
	005a3180	70	
	005a31d0	62	
	005a3210	56	
	005a3250	506	
	005a3450	70	
	005a34a0	85	
	005a3500	56	
	005a3540	506	
	005a3740	70	
	005a3790	56	
	005a37d0	78	
	005a3820	53	
	005a3860	506	
	005a3a60	70	
	005a3ab0	56	
	005a3af0	506	
	005a3cf0	56	
	005a3d30	74	
	005a3d80	32	
	005a3da0	60	
	005a3de0	28	
	005a3e00	506	
	005a4000	70	
	005a4050	153	
	005a40f0	56	
	005a4130	84	
	005a4190	24	
	005a41b0	24	
	005a41d0	28	
	005a41f0	23	
	005a4210	17	
	005a4230	12	
	005a4240	157	
	005a42e0	72	
	005a4330	18	
	005a4350	32	
	005a4370	32	
	005a4390	32	
	005a43b0	32	
	005a43d0	32	
	005a43f0	532	
	005a4610	13	
	005a4620	152	
	005a46c0	29	
	005a46e0	96	
	005a4740	50	
	005a4780	19	
	005a47a0	29	
	005a47c0	96	
	005a4820	50	
	005a4860	13	
	005a4870	29	
	005a4890	96	
	005a48f0	532	
	005a4b10	50	
	005a4b50	29	
	005a4b70	96	
	005a4bd0	50	
	005a4c10	50	
	005a4c50	29	
	005a4c70	96	
	005a4cd0	50	
	005a4d10	40	
	005a4d40	60	
	005a4d80	27	
	005a4da0	96	
	005a4e00	50	
	005a4e40	40	
	005a4e70	13	
	005a4e80	40	
	005a4eb0	89	
	005a4f10	12	
	005a4f20	12	
	005a4f30	12	
	005a4f40	12	
	005a4f50	32	
	005a4f70	168	
	005a5020	149	
	005a50c0	138	
	005a5150	149	
	005a51f0	149	
	005a5290	149	
	005a5330	142	
	005a53c0	136	
	005a5450	8	
	005a5460	8	
	005a5470	8	
	005a5480	8	
	005a5490	8	
	005a54a0	8	
	005a54b0	10	
	005a54c0	16	
	005a54d0	12	
	005a54e0	10	
	005a54f0	10	
	005a5500	16	
	005a5510	12	
	005a5520	10	
	005a5530	10	
	005a5540	1501	
	005a5b20	12	
	005a5b30	20	
	005a5b50	10	
	005a5b60	9406	
	005a8020	12	
	005a8030	23	
	005a8050	5	
005a8050	005a8060	19	
	005a8080	5	
005a8080	005a8090	19	
	005a80b0	5	
005a80b0	005a80c0	19	
	005a80e0	5	
005a80e0	005a80f0	11	
	005a8100	5	
005a8100	005a8110	11	
	005a8120	5	
005a8120	005a8130	11	
	005a8140	10	
	005a8150	16	
	005a8160	12	
	005a8170	10	
	005a8180	5	
005a8180	005a8190	41	
	005a81c0	5	
005a81c0	005a81d0	41	
	005a8200	10	
	005a8210	16	
	005a8220	12	
	005a8230	10	
	005a8240	10	
	005a8250	25	
	005a8270	12	
	005a8280	10	
	005a8290	175	
	005a8340	10	
	005a8350	25	
	005a8370	12	
	005a8380	10	
	005a8390	178	
	005a8450	10	
	005a8460	25	
	005a8480	12	
	005a8490	10	
	005a84a0	240	
	005a8590	10	
	005a85a0	25	
	005a85c0	12	
	005a85d0	10	
	005a85e0	339	
	005a8740	10	
	005a8750	25	
	005a8770	12	
	005a8780	10	
	005a8790	1320	
	005a8cc0	10	
	005a8cd0	25	
	005a8cf0	12	
	005a8d00	10	
	005a8d10	948	
	005a90d0	10	
	005a90e0	25	
	005a9100	12	
	005a9110	10	
	005a9120	61	
	005a9160	10	
	005a9170	25	
	005a9190	12	
	005a91a0	10	
	005a91b0	61	
	005a91f0	10	
	005a9200	25	
	005a9220	12	
	005a9230	10	
	005a9240	213	
	005a9320	10	
	005a9330	25	
	005a9350	12	
	005a9360	10	
	005a9370	90	
	005a93d0	10	
	005a93e0	25	
	005a9400	12	
	005a9410	10	
	005a9420	618	
	005a9690	10	
	005a96a0	25	
	005a96c0	12	
	005a96d0	10	
	005a96e0	699	
	005a99a0	10	
	005a99b0	25	
	005a99d0	12	
	005a99e0	10	
	005a99f0	1521	
	005a9ff0	118	
	005aa070	885	
	005aa3f0	7	
	005aa400	7	
	005aa410	20	
	005aa430	20	
	005aa450	13	
	005aa460	7	
	005aa470	9	
	005aa480	24	
	005aa4a0	14	
	005aa4b0	14	
	005aa4c0	11	
	005aa4d0	6	
	005aa4e0	6	
	005aa4f0	6	
	005aa500	6	
	005aa510	19	
	005aa530	19	
	005aa550	31	
	005aa570	31	
	005aa590	31	
	005aa5b0	13	
	005aa5c0	7	
	005aa5d0	7	
	005aa5e0	34	
	005aa610	614	
	005aa880	249	
	005aa980	87	
	005aa9e0	1230	
	005aaeb0	531	
	005ab0d0	5	
	005ab0e0	87	
	005ab140	5	
	005ab150	87	
	005ab1b0	5	
	005ab1c0	87	
	005ab220	5	
	005ab230	87	
	005ab290	18	
	005ab2b0	90	
	005ab310	90	
	005ab370	18	
	005ab390	141	
	005ab420	90	
	005ab480	18	
	005ab4a0	141	
	005ab530	18	
	005ab550	141	
	005ab5e0	87	
	005ab640	18	
	005ab660	141	
	005ab6f0	87	
	005ab750	18	
	005ab770	141	
	005ab800	87	
	005ab860	18	
	005ab880	141	
	005ab910	18	
	005ab930	141	
	005ab9c0	87	
	005aba20	18	
	005aba40	141	
	005abad0	18	
	005abaf0	141	
	005abb80	87	
	005abbe0	18	
	005abc00	141	
	005abc90	90	
	005abcf0	18	
	005abd10	141	
	005abda0	87	
	005abe00	18	
	005abe20	141	
	005abeb0	87	
	005abf10	18	
	005abf30	141	
	005abfc0	1265	
	005ac4c0	625	
	005ac740	297	
	005ac870	642	
	005acb00	572	
	005acd40	21	
	005acd60	45	
	005acd90	3851	
	005adca0	4212	
	005aed20	70	
	005aed70	1194	
	005af220	3161	
	005afe80	2454	
	005b0820	30	
	005b0840	491	
	005b0a30	182	
	005b0af0	48	
	005b0b20	329	
	005b0c70	179	
	005b0d30	293	
	005b0e60	784	
	005b1170	1500	
	005b1750	2910	
	005b22b0	47	
	005b22e0	138	
	005b2370	888	
	005b26f0	654	
	005b2980	1531	
	005b2f80	1101	
	005b33d0	1403	
	005b3950	1096	
	005b3da0	71	
	005b3df0	453	
	005b3fc0	875	
	005b4330	335	
	005b4480	599	
	005b46e0	44	
	005b4710	63	
	005b4770	972	
	005b4b40	1100	
	005b4f90	554	
	005b51c0	652	
	005b5450	480	
	005b5630	833	
	005b5980	1140	
	005b5e00	1054	
	005b6220	8	
	005b6230	114	
	005b62b0	294	
	005b63e0	112	
	005b6450	153	
	005b64f0	274	
	005b6610	354	
	005b67b0	287	
	005b68d0	265	
	005b69e0	210	
	005b6b30	113	
	005b6c20	36	
	005b6c50	18	
	005b6c70	36	
	005b6ca0	18	
	005b6cc0	130	
	005b6d50	31	
	005b6d70	476	
	005b6f50	69	
	005b6fa0	1933	
	005b7730	79	
	005b7780	761	
	005b7a80	234	
	005b7b70	325	
	005b7cc0	1504	
	005b82a0	194	
	005b8370	267	
	005b8480	2846	
	005b8fa0	843	
	005b92f0	218	
	005b93d0	2098	
	005b9c10	20	
	005b9c30	11	
	005b9c40	1392	
	005ba1b0	425	
	005ba360	2874	
	005baea0	262	
	005bafb0	1713	
	005bb670	743	
	005bb960	1032	
	005bbd70	179	
	005bbe30	468	
	005bc010	243	
	005bc110	201	
	005bc1e0	164	
	005bc290	2096	
	005bcac0	467	
	005bcca0	415	
	005bce40	268	
	005bcf50	378	
	005bd0d0	318	
	005bd210	235	
	005bd300	178	
	005bd3c0	57	
	005bd400	426	
	005bd5b0	432	
	005bd760	242	
	005bd860	627	
	005bdae0	242	
	005bdbe0	579	
	005bde30	366	
	005bdfa0	323	
	005be0f0	357	
	005be260	357	
	005be3d0	472	
	005be5b0	1608	
	005bec00	456	
	005bedd0	605	
	005bf030	263	
	005bf140	133	
	005bf1d0	124	
	005bf250	223	
	005bf330	1945	
	005bfad0	34	
	005bfb00	385	
	005bfc90	7	
	005bfca0	994	
	005c0090	87	
	005c00f0	30	
	005c0110	31	
	005c0130	34	
	005c0160	47	
	005c0190	257	
	005c02a0	241	
	005c03a0	182	
	005c0460	218	
	005c0540	278	
	005c0660	87	
	005c06c0	38	
	005c06f0	86	
	005c0750	288	
	005c0870	362	
	005c09e0	261	
	005c0af0	71	
	005c0b40	1712	
	005c11f0	372	
	005c1370	612	
	005c15e0	15	
	005c15f0	749	
	005c18e0	433	
	005c1aa0	494	
	005c1c90	204	
	005c1d60	221	
	005c1e40	53	
	005c1e80	412	
	005c2020	358	
	005c2190	442	
	005c2350	17	
	005c2370	246	
	005c2470	117	
	005c24f0	26	
	005c2510	180	
	005c25d0	90	
	005c2630	59	
	005c2670	59	
	005c26b0	94	
	005c2710	18	
	005c2730	181	
	005c27f0	301	
	005c2920	252	
	005c2a20	64	
	005c2a60	24	
	005c2a80	67	
	005c2ad0	9	
	005c2ae0	49	
	005c2b20	168	
	005c2bd0	155	
	005c2c70	201	
	005c2d40	1285	
	005c3250	596	
	005c34b0	515	
	005c36c0	388	
	005c3850	11	
	005c3860	27	
	005c3880	27	
	005c38a0	112	
	005c3910	112	
	005c3980	151	
	005c3a20	243	
	005c3b20	243	
	005c3c20	253	
	005c3d20	451	
	005c3ef0	470	
	005c40d0	309	
	005c4210	2292	
	005c4b10	26	
	005c4b30	77	
	005c4b80	273	
	005c4ca0	1476	
	005c5280	900	
	005c5610	1337	
	005c5b50	327	
	005c5ca0	98	
	005c5d10	148	
	005c5db0	646	
	005c6040	856	
	005c63a0	1211	
	005c6860	201	
	005c6930	136	
	005c69c0	271	
	005c6ad0	56	
	005c6b10	50	
	005c6b50	31	
	005c6b70	19	
	005c6b90	1397	
	005c7110	94	
	005c7170	345	
	005c72d0	6	
	005c72e0	95	
	005c7340	39	
	005c7370	74	
	005c73c0	72	
	005c7410	1709	
	005c7ac0	137	
	005c7b50	236	
	005c7c40	12	
	005c7c50	48	
	005c7c80	14	
	005c7c90	63	
	005c7cd0	32	
	005c7cf0	98	
	005c7d60	54	
	005c7da0	32	
	005c7dc0	40	
	005c7df0	182	
	005c7eb0	161	
	005c7f60	32	
	005c7f80	40	
	005c7fb0	84	
	005c8010	187	
	005c80d0	72	
	005c8120	18	
	005c8140	254	
	005c8240	32	
	005c8260	32	
	005c8280	157	
	005c8320	209	
	005c8400	126	
	005c8480	132	
	005c8510	30	
	005c8530	100	
	005c85a0	152	
	005c8640	37	
	005c8670	433	
	005c8830	507	
	005c8a30	411	
	005c8bd0	421	
	005c8d80	40	
	005c8db0	136	
	005c8e40	40	
	005c8e70	40	
	005c8ea0	110	
	005c8f10	12	
	005c8f20	12	
	005c8f30	12	
	005c8f40	12	
	005c8f50	12	
	005c8f60	136	
	005c8ff0	136	
	005c9080	136	
	005c9110	8	
	005c9120	8	
	005c9130	8	
	005c9140	8	
	005c9150	10	
	005c9160	16	
	005c9170	12	
	005c9180	10	
	005c9190	10	
	005c91a0	16	
	005c91b0	12	
	005c91c0	10	
	005c91d0	118	
	005c9250	58	
	005c9290	34	
	005c92c0	53	
	005c9300	17	
	005c9320	68	
	005c9370	12	
	005c9380	12	
	005c9390	12	
	005c93a0	8	
	005c93b0	8	
	005c93c0	8	
	005c93d0	10	
	005c93e0	16	
	005c93f0	12	
	005c9400	10	
	005c9410	10	
	005c9420	16	
	005c9430	12	
	005c9440	10	
	005c9450	172	
	005c9500	8	
	005c9510	36	
	005c9540	40	
	005c9570	16	
	005c9580	8	
	005c9590	31	
	005c95b0	21	
	005c95d0	7	
	005c95e0	34	
	005c9610	22	
	005c9630	34	
	005c9660	36	
	005c9690	27	
	005c96b0	36	
	005c96e0	68	
	005c9730	12	
	005c9740	12	
	005c9750	12	
	005c9760	8	
	005c9770	8	
	005c9780	8	
	005c9790	8	
	005c97a0	8	
	005c97b0	8	
	005c97c0	8	
	005c97d0	8	
	005c97e0	8	
	005c97f0	8	
	005c9800	8	
	005c9810	10	
	005c9820	16	
	005c9830	12	
	005c9840	10	
	005c9850	10	
	005c9860	16	
	005c9870	12	
	005c9880	10	
	005c9890	10	
	005c98a0	9406	
	005cbd60	12	
	005cbd70	23	
	005cbd90	5	
005cbd90	005cbda0	11	
	005cbdb0	5	
005cbdb0	005cbdc0	11	
	005cbdd0	5	
005cbdd0	005cbde0	11	
	005cbdf0	10	
	005cbe00	1501	
	005cc3e0	12	
	005cc3f0	20	
	005cc410	5	
005cc410	005cc420	31	
	005cc440	5	
005cc440	005cc450	31	
	005cc470	5	
005cc470	005cc480	19	
	005cc4a0	5	
005cc4a0	005cc4b0	11	
	005cc4c0	10	
	005cc4d0	16	
	005cc4e0	12	
	005cc4f0	10	
	005cc500	10	
	005cc510	16	
	005cc520	12	
	005cc530	10	
	005cc540	10	
	005cc550	16	
	005cc560	12	
	005cc570	10	
	005cc580	10	
	005cc590	16	
	005cc5a0	12	
	005cc5b0	10	
	005cc5c0	10	
	005cc5d0	16	
	005cc5e0	12	
	005cc5f0	10	
	005cc600	10	
	005cc610	16	
	005cc620	12	
	005cc630	10	
	005cc640	10	
	005cc650	13	
	005cc660	12	
	005cc670	10	
	005cc680	10	
	005cc690	25	
	005cc6b0	12	
	005cc6c0	10	
	005cc6d0	16	
	005cc6e0	10	
	005cc6f0	25	
	005cc710	12	
	005cc720	10	
	005cc730	16	
	005cc740	10	
	005cc750	25	
	005cc770	12	
	005cc780	10	
	005cc790	16	
	005cc7a0	10	
	005cc7b0	25	
	005cc7d0	12	
	005cc7e0	10	
	005cc7f0	95	
	005cc850	10	
	005cc860	25	
	005cc880	12	
	005cc890	10	
	005cc8a0	16	
	005cc8b0	1948	
	005cd050	4	
	005cd060	16	
	005cd070	4	
	005cd080	19	
	005cd0a0	11	
	005cd0b0	46	
	005cd0e0	12	
	005cd0f0	4	
	005cd100	10	
	005cd110	4	
	005cd120	10	
	005cd130	5	
	005cd140	3	
	005cd150	19	
	005cd170	5	
	005cd180	4	
	005cd190	10	
	005cd1a0	7	
	005cd1b0	7	
	005cd1c0	7	
	005cd1d0	7	
	005cd1e0	4	
	005cd1f0	4	
	005cd200	7	
	005cd210	11	
	005cd220	6	
	005cd230	10	
	005cd240	7	
	005cd250	7	
	005cd260	7	
	005cd270	7	
	005cd280	7	
	005cd290	7	
	005cd2a0	23	
	005cd2c0	23	
	005cd2e0	23	
	005cd300	23	
	005cd320	14	
	005cd330	7	
	005cd340	7	
	005cd350	7	
	005cd360	7	
	005cd370	36	
	005cd3a0	16	
	005cd3b0	16	
	005cd3c0	7	
	005cd3d0	14	
	005cd3e0	7	
	005cd3f0	13	
	005cd400	7	
	005cd410	7	
	005cd420	19	
	005cd440	7	
	005cd450	39	
	005cd480	7	
	005cd490	7	
	005cd4a0	7	
	005cd4b0	7	
	005cd4c0	13	
	005cd4d0	7	
	005cd4e0	30	
	005cd500	881	
	005cd880	1059	
	005cdcb0	627	
	005cdf30	3333	
	005cecb0	2128	
	005cf500	3021	
	005d00d0	10	
	005d00e0	10	
	005d00f0	10	
	005d0100	10	
	005d0110	10	
	005d0120	10	
	005d0130	10	
	005d0140	10	
	005d0150	10	
	005d0160	10	
	005d0170	10	
	005d0180	10	
	005d0190	10	
	005d01a0	10	
	005d01b0	10	
	005d01c0	10	
	005d01d0	10	
	005d01e0	10	
	005d01f0	4309	
	005d12d0	4474	
	005d2450	55	
	005d2490	22	
	005d24b0	79	
	005d2500	265	
	005d2610	178	
	005d26d0	758	
	005d29d0	117	
	005d2a50	189	
	005d2b10	207	
	005d2be0	191	
	005d2ca0	180	
	005d2d60	1901	
	005d34d0	302	
	005d3600	1681	
	005d3ca0	963	
	005d4070	1375	
	005d45d0	483	
	005d47c0	493	
	005d49b0	107	
	005d4a20	1040	
	005d4e30	181	
	005d4ef0	52	
	005d4f30	4952	
	005d6290	995	
	005d6680	479	
	005d6860	70	
	005d68b0	80	
	005d6900	68	
	005d6950	7139	
	005d8550	301	
	005d8680	719	
	005d8950	745	
	005d8c40	129	
	005d8cd0	521	
	005d8ee0	2580	
	005d9900	45	
	005d9930	799	
	005d9c50	17	
	005d9c70	12	
	005d9c80	128	
	005d9d00	149	
	005d9da0	10	
	005d9db0	1492	
	005da390	456	
	005da560	150	
	005da600	109	
	005da670	64	
	005da6b0	11	
	005da6c0	532	
	005da8e0	67	
	005da930	92	
	005da990	16	
	005da9a0	66	
	005da9f0	66	
	005daa40	66	
	005daa90	16	
	005daaa0	722	
	005dad80	180	
	005dae40	126	
	005daec0	126	
	005daf40	240	
	005db030	375	
	005db1b0	237	
	005db2a0	237	
	005db390	234	
	005db480	124	
	005db500	77	
	005db550	451	
	005db720	274	
	005db840	19	
	005db860	337	
	005db9f0	9	
	005dba00	2564	
	005dc460	1858	
	005dcbe0	611	
	005dce50	627	
	005dd0d0	2729	
	005ddb80	92	
	005ddbe0	449	
	005dddb0	450	
	005ddf90	63	
	005ddfd0	80	
	005de020	1210	
	005de500	529	
	005de730	495	
	005de920	536	
	005deb40	192	
	005dec00	180	
	005decd0	94	
	005ded30	487	
	005def20	10	
	005def30	10	
	005def40	341	
	005df0a0	118	
	005df120	581	
	005df370	331	
	005df4c0	170	
	005df570	74	
	005df5c0	52	
	005df600	191	
	005df6c0	151	
	005df760	344	
	005df8c0	21	
	005df8e0	7	
	005df8f0	18	
	005df910	16	
	005df920	126	
	005df9a0	72	
	005df9f0	223	
	005dfad0	393	
	005dfc60	104	
	005dfcd0	22	
	005dfcf0	1435	
	005e0290	1544	
	005e08a0	31	
	005e08c0	885	
	005e0c40	37	
	005e0c70	37	
	005e0ca0	214	
	005e0d80	184	
	005e0e40	178	
	005e0f00	244	
	005e1000	2615	
	005e1a40	456	
	005e1c10	30	
	005e1c30	108	
	005e1ca0	649	
	005e1f30	94	
	005e1f90	7	
	005e1fa0	42	
	005e1fd0	51	
	005e2010	52	
	005e2050	52	
	005e2090	42	
	005e20c0	42	
	005e20f0	27	
	005e2110	32	
	005e2130	32	
	005e2150	27	
	005e2170	27	
	005e2190	15	
	005e21a0	15	
	005e21b0	15	
	005e21c0	15	
	005e21d0	15	
	005e21e0	13	
	005e21f0	216	
	005e22d0	76	
	005e2320	10	
	005e2330	310	
	005e2470	247	
	005e2570	414	
	005e2710	644	
	005e29a0	56	
	005e29e0	14	
	005e29f0	34	
	005e2a20	492	
	005e2c10	38	
	005e2c40	113	
	005e2cc0	13	
	005e2cd0	30	
	005e2cf0	63	
	005e2d30	10	
	005e2d40	37	
	005e2d70	171	
	005e2e20	276	
	005e2f40	272	
	005e3050	240	
	005e3140	210	
	005e3220	43	
	005e3250	28	
	005e3270	191	
	005e3330	57	
	005e3370	46	
	005e33a0	264	
	005e34b0	174	
	005e3560	67	
	005e35b0	101	
	005e3620	347	
	005e3780	153	
	005e3820	1401	
	005e3dc0	14	
	005e3dd0	14	
	005e3de0	13	
	005e3df0	293	
	005e3f20	11	
	005e3f30	70	
	005e3f80	18	
	005e3fa0	110	
	005e4010	12	
	005e4020	12	
	005e4030	12	
	005e4040	12	
	005e4050	12	
	005e4060	11	
	005e4070	11	
	005e4080	11	
	005e4090	8	
	005e40a0	8	
	005e40b0	8	
	005e40c0	8	
	005e40d0	8	
	005e40e0	8	
	005e40f0	8	
	005e4100	8	
	005e4110	8	
	005e4120	11	
	005e4130	10	
	005e4140	16	
	005e4150	12	
	005e4160	10	
	005e4170	10	
	005e4180	16	
	005e4190	12	
	005e41a0	10	
	005e41b0	10	
	005e41c0	1501	
	005e47a0	12	
	005e47b0	20	
	005e47d0	15	
	005e47e0	20	
	005e4800	18	
	005e4820	15	
	005e4830	10	
	005e4840	23	
	005e4860	10	
	005e4870	23	
	005e4890	10	
	005e48a0	45	
	005e48d0	10	
	005e48e0	45	
	005e4910	15	
	005e4920	29	
	005e4940	18	
	005e4960	15	
	005e4970	327	
	005e4ac0	892	
	005e4e40	17	
	005e4e60	17	
	005e4e80	17	
	005e4ea0	19	
	005e4ec0	30	
	005e4ee0	19	
	005e4f00	21	
	005e4f20	31	
	005e4f40	7	
	005e4f50	7	
	005e4f60	23	
	005e4f80	23	
	005e4fa0	23	
	005e4fc0	23	
	005e4fe0	7	
	005e4ff0	7	
	005e5000	7	
	005e5010	7	
	005e5020	18	
	005e5040	5	
	005e5050	7	
	005e5060	46	
	005e5090	216	
	005e5170	86	
	005e51d0	19	
	005e51f0	19	
	005e5210	75	
	005e5260	34	
	005e5290	703	
	005e5550	1792	
	005e5c50	1059	
	005e6080	977	
	005e6460	110	
	005e64d0	583	
	005e6720	517	
	005e6930	6551	
	005e82d0	2619	
	005e8d10	11	
	005e8d20	76	
	005e8d70	76	
	005e8dc0	525	
	005e8fd0	384	
	005e9150	783	
	005e9480	1351	
	005e99d0	465	
	005e9bb0	1665	
	005ea240	109	
	005ea2b0	159	
	005ea350	310	
	005ea490	237	
	005ea580	255	
	005ea680	94	
	005ea6e0	94	
	005ea740	89	
	005ea7a0	89	
	005ea800	67	
	005ea850	67	
	005ea8a0	167	
	005ea950	1439	
	005eaef0	94	
	005eaf50	342	
	005eb0b0	97	
	005eb120	158	
	005eb1c0	912	
	005eb550	97	
	005eb5c0	79	
	005eb610	89	
	005eb670	12	
	005eb680	12	
	005eb690	12	
	005eb6a0	12	
	005eb6b0	11	
	005eb6c0	11	
	005eb6d0	8	
	005eb6e0	8	
	005eb6f0	8	
	005eb700	8	
	005eb710	8	
	005eb720	8	
	005eb730	8	
	005eb740	8	
	005eb750	8	
	005eb760	8	
	005eb770	8	
	005eb780	8	
	005eb790	8	
	005eb7a0	8	
	005eb7b0	8	
	005eb7c0	8	
	005eb7d0	8	
	005eb7e0	8	
	005eb7f0	8	
	005eb800	8	
	005eb810	8	
	005eb820	8	
	005eb830	8	
	005eb840	8	
	005eb850	8	
	005eb860	8	
	005eb870	8	
	005eb880	8	
	005eb890	10	
	005eb8a0	16	
	005eb8b0	12	
	005eb8c0	10	
	005eb8d0	10	
	005eb8e0	16	
	005eb8f0	12	
	005eb900	10	
	005eb910	10	
	005eb920	9406	
	005edde0	12	
	005eddf0	23	
	005ede10	5	
005ede10	005ede20	11	
	005ede30	5	
005ede30	005ede40	11	
	005ede50	5	
005ede50	005ede60	11	
	005ede70	10	
	005ede80	13	
	005ede90	12	
	005edea0	10	
	005edeb0	10	
	005edec0	16	
	005eded0	12	
	005edee0	10	
	005edef0	10	
	005edf00	16	
	005edf10	12	
	005edf20	10	
	005edf30	5	
005edf30	005edf40	31	
	005edf60	5	
005edf60	005edf70	31	
	005edf90	10	
	005edfa0	16	
	005edfb0	12	
	005edfc0	10	
	005edfd0	10	
	005edfe0	16	
	005edff0	12	
	005ee000	10	
	005ee010	720	
	005ee2e0	38	
	005ee310	305	
	005ee450	2944	
	005eefd0	35	
	005ef000	35	
	005ef030	35	
	005ef060	35	
	005ef090	35	
	005ef0c0	35	
	005ef0f0	35	
	005ef120	35	
	005ef150	35	
	005ef180	35	
	005ef1b0	35	
	005ef1e0	35	
	005ef210	35	
	005ef240	35	
	005ef270	35	
	005ef2a0	35	
	005ef2d0	35	
	005ef300	35	
	005ef330	45046	
	005fa330	840	
	005fa680	224	
	005fa760	2511	
	005fb130	3208	
	005fbdc0	1313	
	005fc2f0	55	
	005fc330	1415	
	005fc8c0	705	
	005fcb90	1372	
	005fd0f0	1685	
	005fd790	847	
	005fdae0	56	
	005fdb20	178	
	005fdbe0	178	
	005fdca0	883	
	005fe020	895	
	005fe3b0	934	
	005fe760	562	
	005fe9a0	345	
	005feb00	66	
	005feb50	615	
	005fedc0	433	
	005fef80	345	
	005ff0e0	66	
	005ff130	506	
	005ff330	363	
	005ff4a0	333	
	005ff5f0	143	
	005ff680	506	
	005ff880	363	
	005ff9f0	333	
	005ffb40	143	
	005ffbd0	1976	
	00600390	448	
	00600550	441	
	00600710	557	
	00600940	286	
	00600a60	44	
	00600a90	1008	
	00600e80	34	
	00600eb0	34	
	00600ee0	34	
	00600f10	107	
	00600f80	35	
	00600fb0	37	
	00600fe0	72	
	00601030	72	
	00601080	455	
	00601250	455	
	00601420	983	
	00601800	2613	
	006022a0	1224	
	00602770	28	
	00602790	28	
	006027b0	31	
	006027d0	28	
	006027f0	29	
	00602810	376	
	00602990	155	
	00602a30	265	
	00602b40	82	
	00602ba0	702	
	00602e60	773	
	00603170	705	
	00603440	1125	
	006038b0	1011	
	00603cb0	346	
	00603e10	301	
	00603f40	137	
	00603fd0	137	
	00604060	142	
	006040f0	680	
	006043a0	782	
	006046b0	1145	
	00604b30	283	
	00604c50	275	
	00604d70	651	
	00605000	865	
	00605370	172	
	00605420	186	
	006054e0	710	
	006057b0	427	
	00605960	60	
	006059a0	269	
	00605ab0	469	
	00605c90	469	
	00605e70	435	
	00606030	469	
	00606210	469	
	006063f0	464	
	006065c0	483	
	006067b0	483	
	006069a0	607	
	00606c00	697	
	00606ec0	138	
	00606fa0	784	
	006072b0	842	
	00607600	143	
	00607690	49	
	006076d0	89	
	00607730	12	
	00607740	12	
	00607750	12	
	00607760	12	
	00607770	10	
	00607780	16	
	00607790	12	
	006077a0	10	
	006077b0	10	
	006077c0	16	
	006077d0	12	
	006077e0	10	
	006077f0	10	
	00607800	16	
	00607810	12	
	00607820	10	
	00607830	10	
	00607840	16	
	00607850	12	
	00607860	10	
	00607870	10	
	00607880	16	
	00607890	12	
	006078a0	10	
	006078b0	10	
	006078c0	16	
	006078d0	12	
	006078e0	10	
	006078f0	10	
	00607900	16	
	00607910	12	
	00607920	10	
	00607930	317	
	00607a70	5	
	00607a80	7	
	00607a90	7	
	00607aa0	7	
	00607ab0	5	
	00607ac0	5	
	00607ad0	3	
	00607ae0	3	
	00607af0	5	
	00607b00	15	
	00607b10	9	
	00607b20	4	
	00607b30	30	
	00607b50	290	
	00607c80	149	
	00607d20	75	
	00607d70	52	
	00607db0	62	
	00607df0	54	
	00607e30	90	
	00607e90	56	
	00607ed0	10	
	00607ee0	114	
	00607f60	511	
	00608160	296	
	00608290	125	
	00608310	53	
	00608350	636	
	006085d0	970	
	006089a0	224	
	00608a80	197	
	00608b50	116	
	00608bd0	70	
	00608c20	18	
	00608c40	68	
	00608c90	12	
	00608ca0	12	
	00608cb0	12	
	00608cc0	11	
	00608cd0	11	
	00608ce0	8	
	00608cf0	10	
	00608d00	16	
	00608d10	12	
	00608d20	10	
	00608d30	10	
	00608d40	16	
	00608d50	12	
	00608d60	10	
	00608d70	524	
	00608f80	536	
	006091a0	48	
	006091f0	369	
	00609370	23	
	00609390	145	
	00609430	102	
	006094a0	118	
	00609520	59	
	00609560	666	
	00609800	16	
	00609810	23	
	00609830	7	
	00609840	83	
	006098a0	168	
	00609950	84	
	006099b0	925	
	00609d50	636	
	00609fd0	729	
	0060a2b0	22	
	0060a2d0	624	
	0060a540	8	
	0060a550	228	
	0060a640	343	
	0060a7a0	10	
	0060a7b0	712	
	0060aa80	12	
	0060aa90	31	
	0060aab0	16	
	0060aac0	5	
	0060aad0	435	
	0060ac90	70	
	0060ace0	29	
	0060ad00	208	
	0060add0	62	
	0060ae10	475	
	0060aff0	1067	
	0060b420	27	
	0060b440	1030	
	0060b850	279	
	0060b970	925	
	0060bd10	548	
	0060bf40	1187	
	0060c3f0	216	
	0060c4d0	754	
	0060c7d0	725	
	0060cab0	125	
	0060cb30	216	
	0060cc10	83	
	0060cc70	604	
	0060ced0	389	
	0060d060	52	
	0060d0a0	146	
	0060d140	18	
	0060d160	15	
	0060d170	108	
	0060d1e0	302	
	0060d310	1089	
	0060d760	89	
	0060d7c0	24	
	0060d7e0	34	
	0060d810	52	
	0060d850	56	
	0060d890	19	
	0060d8b0	412	
	0060da50	50	
	0060da90	521	
	0060dca0	46	
	0060dcd0	37	
	0060dd00	121	
	0060dd80	16	
	0060dd90	76	
	0060dde0	17	
	0060de00	885	
	0060e180	89	
	0060e1e0	12	
	0060e1f0	12	
	0060e200	12	
	0060e210	12	
	0060e220	229	
	0060e310	157	
	0060e3b0	150	
	0060e450	37	
	0060e480	10	
	0060e490	16	
	0060e4a0	12	
	0060e4b0	10	
	0060e4c0	10	
	0060e4d0	16	
	0060e4e0	12	
	0060e4f0	10	
	0060e500	10	
	0060e510	9406	
	006109d0	12	
	006109e0	23	
	00610a00	10	
	00610a10	734	
	00610cf0	12	
	00610d00	10	
	00610d10	10	
	00610d20	25	
	00610d40	12	
	00610d50	10	
	00610d60	74	
	00610dc0	266	
	00610ed0	96	
	00610f30	187	
	00610ff0	43	
	00611020	167	
	006110d0	446	
	00611290	362	
	00611400	145	
	006114a0	2124	
	00611cf0	615	
	00611f70	489	
	00612160	53	
	006121a0	245	
	006122a0	287	
	006123c0	540	
	006125e0	311	
	00612720	88	
	00612780	116	
	00612800	74	
	00612850	62	
	00612890	59	
	006128d0	161	
	00612980	93	
	006129e0	23	
	00612a00	401	
	00612ba0	274	
	00612cc0	269	
	00612dd0	307	
	00612f10	276	
	00613030	21	
	00613050	62	
	00613090	219	
	00613170	142	
	00613200	26	
	00613220	61	
	00613260	60	
	006132a0	32	
	006132c0	31	
	006132e0	169	
	00613390	190	
	00613450	299	
	00613580	248	
	00613680	155	
	00613720	37	
	00613750	65	
	006137a0	18	
	006137c0	902	
	00613b50	68	
	00613ba0	12	
	00613bb0	12	
	00613bc0	12	
	00613bd0	84	
	00613c30	293	
	00613d60	33	
	00613d90	10	
	00613da0	16	
	00613db0	12	
	00613dc0	10	
	00613dd0	10	
	00613de0	16	
	00613df0	12	
	00613e00	10	
	00613e10	99	
	00613e80	98	
	00613ef0	322	
	00614040	227	
	00614130	21	
	00614150	122	
	006141d0	122	
	00614250	140	
	006142e0	89	
	00614340	364	
	006144b0	68	
	00614500	12	
	00614510	12	
	00614520	12	
	00614530	10	
	00614540	16	
	00614550	12	
	00614560	10	
	00614570	10	
	00614580	16	
	00614590	12	
	006145a0	10	
	006145b0	5	
006145b0	006145c0	61	
	00614600	224	
	006146e0	5	
	006146f0	12	
	00614700	12	
	00614710	5	
	00614720	30	
	00614740	11	
	00614750	209	
	00614830	503	
	00614a30	365	
	00614ba0	293	
	00614cd0	597	
	00614f30	437	
	006150f0	365	
	00615260	24	
	00615280	69	
	006152d0	74	
	00615320	280	
	00615440	312	
	00615580	18	
	006155a0	57	
	006155e0	48	
	00615610	63	
	00615650	56	
	00615690	68	
	006156e0	12	
	006156f0	12	
	00615700	12	
	00615710	10	
	00615720	16	
	00615730	12	
	00615740	10	
	00615750	10	
	00615760	16	
	00615770	12	
	00615780	10	
	00615790	5	
00615790	006157a0	41	
	006157d0	194	
	006158a0	5	
	006158b0	30	
	006158d0	11	
	006158e0	111	
	00615950	294	
	00615a80	243	
	00615b80	270	
	00615c90	564	
	00615ed0	751	
	006161c0	565	
	00616400	24	
	00616420	37	
	00616450	24	
	00616470	37	
	006164a0	333	
	006165f0	12	
	00616600	34	
	00616630	68	
	00616680	12	
	00616690	12	
	006166a0	12	
	006166b0	10	
	006166c0	16	
	006166d0	12	
	006166e0	10	
	006166f0	10	
	00616700	16	
	00616710	12	
	00616720	10	
	00616730	10	
	00616740	1501	
	00616d20	12	
	00616d30	20	
	00616d50	10	
	00616d60	16	
	00616d70	12	
	00616d80	10	
	00616d90	10	
	00616da0	16	
	00616db0	12	
	00616dc0	10	
	00616dd0	10	
	00616de0	16	
	00616df0	12	
	00616e00	10	
	00616e10	10	
	00616e20	16	
	00616e30	12	
	00616e40	10	
	00616e50	10	
	00616e60	16	
	00616e70	12	
	00616e80	10	
	00616e90	10	
	00616ea0	16	
	00616eb0	12	
	00616ec0	10	
	00616ed0	125	
	00616f50	5	
	00616f60	30	
	00616f80	129	
	00617010	52	
	00617050	35	
	00617080	20	
	006170a0	346	
	00617200	1111	
	00617660	568	
	006178a0	368	
	00617a10	53	
	00617a50	13	
	00617a60	13	
	00617a70	1105	
	00617ed0	285	
	00617ff0	5	
	00618000	386	
	00618190	183	
	00618250	28	
	00618270	65	
	006182c0	740	
	006185b0	208	
	00618680	200	
	00618750	164	
	00618800	77	
	00618850	77	
	006188a0	445	
	00618a60	89	
	00618ac0	12	
	00618ad0	12	
	00618ae0	12	
	00618af0	12	
	00618b00	11	
	00618b10	11	
	00618b20	10	
	00618b30	16	
	00618b40	12	
	00618b50	10	
	00618b60	10	
	00618b70	16	
	00618b80	12	
	00618b90	10	
	00618ba0	73	
	00618bf0	5	
	00618c00	30	
	00618c20	11	
	00618c30	5	
	00618c40	39	
	00618c70	39	
	00618ca0	24	
	00618cc0	232	
	00618db0	25	
	00618dd0	68	
	00618e20	12	
	00618e30	12	
	00618e40	12	
	00618e50	10	
	00618e60	16	
	00618e70	12	
	00618e80	10	
	00618e90	10	
	00618ea0	16	
	00618eb0	12	
	00618ec0	10	
	00618ed0	10	
	00618ee0	1501	
	006194c0	12	
	006194d0	20	
	006194f0	10	
	00619500	16	
	00619510	12	
	00619520	31	
	00619540	10	
	00619550	16	
	00619560	12	
	00619570	10	
	00619580	10	
	00619590	16	
	006195a0	12	
	006195b0	10	
	006195c0	10	
	006195d0	16	
	006195e0	12	
	006195f0	10	
	00619600	10	
	00619610	16	
	00619620	12	
	00619630	10	
	00619640	10	
	00619650	16	
	00619660	12	
	00619670	10	
	00619680	10	
	00619690	16	
	006196a0	12	
	006196b0	10	
	006196c0	10	
	006196d0	16	
	006196e0	12	
	006196f0	10	
	00619700	10	
	00619710	16	
	00619720	12	
	00619730	10	
	00619740	10	
	00619750	16	
	00619760	12	
	00619770	10	
	00619780	10	
	00619790	16	
	006197a0	12	
	006197b0	10	
	006197c0	10	
	006197d0	16	
	006197e0	12	
	006197f0	10	
	00619800	10	
	00619810	16	
	00619820	12	
	00619830	10	
	00619840	10	
	00619850	16	
	00619860	12	
	00619870	10	
	00619880	10	
	00619890	16	
	006198a0	12	
	006198b0	10	
	006198c0	10	
	006198d0	16	
	006198e0	12	
	006198f0	10	
	00619900	10	
	00619910	16	
	00619920	12	
	00619930	10	
	00619940	10	
	00619950	16	
	00619960	12	
	00619970	10	
	00619980	10	
	00619990	76	
	006199e0	12	
	006199f0	20	
	00619a10	10	
	00619a20	16	
	00619a30	12	
	00619a40	10	
	00619a50	796	
	00619d70	36	
	00619da0	5	
	00619db0	7	
	00619dc0	7	
	00619dd0	5	
	00619de0	7	
	00619df0	30	
	00619e10	8	
	00619e20	482	
	0061a010	184	
	0061a0d0	102	
	0061a140	68	
	0061a190	318	
	0061a2d0	503	
	0061a4d0	1170	
	0061a970	294	
	0061aaa0	1968	
	0061b250	614	
	0061b4c0	369	
	0061b640	73	
	0061b6a0	525	
	0061b8b0	497	
	0061bac0	1720	
	0061c180	37	
	0061c1b0	794	
	0061c4d0	815	
	0061c800	33	
	0061c830	622	
	0061caa0	1103	
	0061cef0	1168	
	0061d380	963	
	0061d750	511	
	0061d950	197	
	0061da20	207	
	0061daf0	153	
	0061db90	499	
	0061dd90	322	
	0061dee0	157	
	0061df80	164	
	0061e030	224	
	0061e110	201	
	0061e1e0	122	
	0061e260	5	
	0061e270	811	
	0061e5a0	374	
	0061e720	70	
	0061e770	18	
	0061e790	38	
	0061e7c0	360	
	0061e930	84	
	0061e990	59	
	0061e9d0	137	
	0061ea60	280	
	0061eb80	89	
	0061ebe0	12	
	0061ebf0	12	
	0061ec00	12	
	0061ec10	12	
	0061ec20	11	
	0061ec30	11	
	0061ec40	10	
	0061ec50	16	
	0061ec60	12	
	0061ec70	10	
	0061ec80	10	
	0061ec90	16	
	0061eca0	12	
	0061ecb0	10	
	0061ecc0	73	
	0061ed10	5	
	0061ed20	30	
	0061ed40	11	
	0061ed50	8	
	0061ed60	68	
	0061edb0	12	
	0061edc0	12	
	0061edd0	12	
	0061ede0	10	
	0061edf0	16	
	0061ee00	12	
	0061ee10	10	
	0061ee20	10	
	0061ee30	16	
	0061ee40	12	
	0061ee50	10	
	0061ee60	10	
	0061ee70	1501	
	0061f450	12	
	0061f460	20	
	0061f480	10	
	0061f490	16	
	0061f4a0	12	
	0061f4b0	31	
	0061f4d0	10	
	0061f4e0	16	
	0061f4f0	12	
	0061f500	10	
	0061f510	5	
0061f510	0061f520	19	
	0061f540	5	
0061f540	0061f550	19	
	0061f570	10	
	0061f580	16	
	0061f590	12	
	0061f5a0	10	
	0061f5b0	10	
	0061f5c0	16	
	0061f5d0	12	
	0061f5e0	10	
	0061f5f0	10	
	0061f600	16	
	0061f610	12	
	0061f620	10	
	0061f630	10	
	0061f640	16	
	0061f650	12	
	0061f660	10	
	0061f670	97	
	0061f6e0	5	
	0061f6f0	5	
	0061f700	7	
	0061f710	30	
	0061f730	51	
	0061f770	46	
	0061f7a0	30	
	0061f7c0	483	
	0061f9b0	196	
	0061fa80	74	
	0061fad0	175	
	0061fb80	854	
	0061fee0	432	
	00620090	445	
	00620250	58	
	00620290	717	
	00620560	130	
	006205f0	214	
	006206d0	167	
	00620780	117	
	00620800	70	
	00620850	18	
	00620870	68	
	006208c0	12	
	006208d0	12	
	006208e0	12	
	006208f0	11	
	00620900	11	
	00620910	10	
	00620920	16	
	00620930	12	
	00620940	10	
	00620950	10	
	00620960	16	
	00620970	12	
	00620980	10	
	00620990	73	
	006209e0	5	
	006209f0	30	
	00620a10	11	
	00620a20	17	
	00620a40	61	
	00620a80	32	
	00620aa0	32	
	00620ac0	49	
	00620b00	243	
	00620c00	33	
	00620c30	68	
	00620c80	12	
	00620c90	12	
	00620ca0	12	
	00620cb0	10	
	00620cc0	16	
	00620cd0	12	
	00620ce0	10	
	00620cf0	10	
	00620d00	16	
	00620d10	12	
	00620d20	10	
	00620d30	10	
	00620d40	16	
	00620d50	12	
	00620d60	31	
	00620d80	10	
	00620d90	16	
	00620da0	12	
	00620db0	31	
	00620dd0	10	
	00620de0	16	
	00620df0	12	
	00620e00	10	
	00620e10	85	
	00620e70	5	
	00620e80	5	
	00620e90	30	
	00620eb0	51	
	00620ef0	43	
	00620f20	30	
	00620f40	13	
	00620f50	199	
	00621020	95	
	00621080	17	
	006210a0	330	
	006211f0	1066	
	00621620	243	
	00621720	35	
	00621750	35	
	00621780	547	
	006219b0	70	
	00621a00	18	
	00621a20	89	
	00621a80	12	
	00621a90	12	
	00621aa0	12	
	00621ab0	12	
	00621ac0	11	
	00621ad0	11	
	00621ae0	10	
	00621af0	16	
	00621b00	12	
	00621b10	10	
	00621b20	10	
	00621b30	16	
	00621b40	12	
	00621b50	10	
	00621b60	10	
	00621b70	1501	
	00622150	12	
	00622160	20	
	00622180	228	
	00622270	5	
	00622280	30	
	006222a0	51	
	006222e0	5	
	006222f0	5	
	00622300	988	
	006226e0	362	
	00622850	426	
	00622a00	129	
	00622a90	93	
	00622af0	52	
	00622b30	18	
	00622b50	73	
	00622ba0	333	
	00622cf0	11	
	00622d00	68	
	00622d50	12	
	00622d60	12	
	00622d70	12	
	00622d80	11	
	00622d90	11	
	00622da0	10	
	00622db0	16	
	00622dc0	12	
	00622dd0	10	
	00622de0	10	
	00622df0	16	
	00622e00	12	
	00622e10	10	
	00622e20	73	
	00622e70	5	
	00622e80	30	
	00622ea0	11	
	00622eb0	5	
	00622ec0	55	
	00622f00	13	
	00622f10	13	
	00622f20	13	
	00622f30	13	
	00622f40	13	
	00622f50	68	
	00622fa0	12	
	00622fb0	12	
	00622fc0	12	
	00622fd0	10	
	00622fe0	16	
	00622ff0	12	
	00623000	10	
	00623010	10	
	00623020	16	
	00623030	12	
	00623040	10	
	00623050	10	
	00623060	1501	
	00623640	12	
	00623650	20	
	00623670	10	
	00623680	16	
	00623690	12	
	006236a0	31	
	006236c0	96	
	00623720	5	
	00623730	5	
	00623740	30	
	00623760	51	
	006237a0	69	
	006237f0	34	
	00623820	100	
	00623890	428	
	00623a40	241	
	00623b40	69	
	00623b90	28	
	00623bb0	89	
	00623c10	12	
	00623c20	12	
	00623c30	12	
	00623c40	12	
	00623c50	11	
	00623c60	11	
	00623c70	10	
	00623c80	16	
	00623c90	12	
	00623ca0	10	
	00623cb0	10	
	00623cc0	16	
	00623cd0	12	
	00623ce0	10	
	00623cf0	5	
00623cf0	00623d00	19	
	00623d20	5	
00623d20	00623d30	19	
	00623d50	5	
00623d50	00623d60	19	
	00623d80	10	
	00623d90	1501	
	00624370	12	
	00624380	20	
	006243a0	10	
	006243b0	9406	
	00626870	12	
	00626880	23	
	006268a0	10	
	006268b0	16	
	006268c0	12	
	006268d0	10	
	006268e0	10	
	006268f0	16	
	00626900	12	
	00626910	10	
	00626920	10	
	00626930	16	
	00626940	12	
	00626950	10	
	00626960	10	
	00626970	16	
	00626980	12	
	00626990	10	
	006269a0	10	
	006269b0	16	
	006269c0	12	
	006269d0	10	
	006269e0	10	
	006269f0	16	
	00626a00	12	
	00626a10	10	
	00626a20	10	
	00626a30	16	
	00626a40	12	
	00626a50	10	
	00626a60	10	
	00626a70	16	
	00626a80	12	
	00626a90	10	
	00626aa0	10	
	00626ab0	16	
	00626ac0	12	
	00626ad0	10	
	00626ae0	10	
	00626af0	16	
	00626b00	12	
	00626b10	10	
	00626b20	10	
	00626b30	16	
	00626b40	12	
	00626b50	10	
	00626b60	10	
	00626b70	16	
	00626b80	12	
	00626b90	10	
	00626ba0	10	
	00626bb0	16	
	00626bc0	12	
	00626bd0	10	
	00626be0	10	
	00626bf0	16	
	00626c00	12	
	00626c10	10	
	00626c20	10	
	00626c30	31	
	00626c50	12	
	00626c60	20	
	00626c80	5	
00626c80	00626c90	11	
	00626ca0	5	
00626ca0	00626cb0	11	
	00626cc0	5	
00626cc0	00626cd0	11	
	00626ce0	5	
00626ce0	00626cf0	11	
	00626d00	5	
00626d00	00626d10	11	
	00626d20	5	
00626d20	00626d30	11	
	00626d40	5	
00626d40	00626d50	11	
	00626d60	5	
00626d60	00626d70	41	
	00626da0	5	
00626da0	00626db0	41	
	00626de0	535	
	00627000	52	
	00627040	5	
	00627050	7	
	00627060	30	
	00627080	254	
	00627180	5	
	00627190	5	
	006271a0	615	
	00627420	760	
	006277a0	335	
	006278f0	382	
	00627a70	734	
	00627d50	1297	
	00628270	41	
	006282a0	754	
	006285a0	610	
	00628810	900	
	00628ba0	426	
	00628d50	1339	
	00629290	2009	
	00629a70	1189	
	00629f20	678	
	0062a1d0	53	
	0062a210	948	
	0062a5d0	2499	
	0062afa0	158	
	0062b040	2559	
	0062ba40	20	
	0062ba60	872	
	0062bdd0	387	
	0062bf60	24	
	0062bf80	1462	
	0062c540	2649	
	0062cfc0	773	
	0062d2d0	1711	
	0062d980	19	
	0062d9a0	35	
	0062d9d0	117	
	0062da50	720	
	0062dd20	651	
	0062dfb0	1077	
	0062e3f0	761	
	0062e6f0	502	
	0062e8f0	152	
	0062e990	534	
	0062ebb0	162	
	0062ec60	164	
	0062ed10	77	
	0062ed60	141	
	0062edf0	77	
	0062ee40	233	
	0062ef30	1019	
	0062f350	69	
	0062f3a0	195	
	0062f470	374	
	0062f5f0	267	
	0062f700	262	
	0062f810	38	
	0062f840	11	
	0062f850	89	
	0062f8b0	12	
	0062f8c0	12	
	0062f8d0	12	
	0062f8e0	12	
	0062f8f0	11	
	0062f900	11	
	0062f910	10	
	0062f920	16	
	0062f930	12	
	0062f940	10	
	0062f950	10	
	0062f960	16	
	0062f970	12	
	0062f980	10	
	0062f990	5	
0062f990	0062f9a0	11	
	0062f9b0	5	
0062f9b0	0062f9c0	11	
	0062f9d0	5	
0062f9d0	0062f9e0	11	
	0062f9f0	72	
	0062fa40	5	
	0062fa50	30	
	0062fa70	11	
	0062fa80	55	
	0062fac0	111	
	0062fb30	104	
	0062fba0	195	
	0062fc70	465	
	0062fe50	175	
	0062ff00	67	
	0062ff50	9	
	0062ff60	213	
	00630040	68	
	00630090	12	
	006300a0	12	
	006300b0	12	
	006300c0	10	
	006300d0	16	
	006300e0	12	
	006300f0	10	
	00630100	10	
	00630110	16	
	00630120	12	
	00630130	10	
	00630140	5	
00630140	00630150	11	
	00630160	5	
00630160	00630170	11	
	00630180	5	
00630180	00630190	11	
	006301a0	10	
	006301b0	1501	
	00630790	12	
	006307a0	20	
	006307c0	10	
	006307d0	16	
	006307e0	12	
	006307f0	10	
	00630800	10	
	00630810	16	
	00630820	12	
	00630830	10	
	00630840	10	
	00630850	16	
	00630860	12	
	00630870	10	
	00630880	10	
	00630890	16	
	006308a0	12	
	006308b0	10	
	006308c0	10	
	006308d0	16	
	006308e0	12	
	006308f0	10	
	00630900	5	
00630900	00630910	31	
	00630930	5	
00630930	00630940	41	
	00630970	5	
00630970	00630980	41	
	006309b0	343	
	00630b10	5	
	00630b20	15	
	00630b30	7	
	00630b40	9	
	00630b50	33	
	00630b80	33	
	00630bb0	30	
	00630bd0	266	
	00630ce0	102	
	00630d50	66	
	00630da0	1440	
	00631340	236	
	00631430	562	
	00631670	900	
	00631a00	806	
	00631d30	283	
	00631e50	19	
	00631e70	51	
	00631eb0	86	
	00631f10	358	
	00632080	340	
	006321e0	342	
	00632340	3	
	00632350	458	
	00632520	358	
	00632690	442	
	00632850	350	
	006329b0	312	
	00632af0	618	
	00632d60	83	
	00632dc0	537	
	00632fe0	438	
	006331a0	13	
	006331b0	30	
	006331d0	365	
	00633340	523	
	00633550	180	
	00633610	331	
	00633760	306	
	006338a0	150	
	00633940	19	
	00633960	181	
	00633a20	236	
	00633b10	431	
	00633cc0	147	
	00633d60	459	
	00633f30	161	
	00633fe0	83	
	00634040	442	
	00634200	358	
	00634370	316	
	006344b0	70	
	00634500	18	
	00634520	29	
	00634540	89	
	006345a0	12	
	006345b0	12	
	006345c0	12	
	006345d0	12	
	006345e0	11	
	006345f0	11	
	00634600	10	
	00634610	16	
	00634620	12	
	00634630	10	
	00634640	10	
	00634650	16	
	00634660	12	
	00634670	10	
	00634680	112	
	006346f0	211	
	006347d0	5	
	006347e0	30	
	00634800	123	
	00634880	51	
	006348c0	51	
	00634900	679	
	00634bb0	481	
	00634da0	82	
	00634e00	467	
	00634fe0	68	
	00635030	12	
	00635040	12	
	00635050	12	
	00635060	10	
	00635070	16	
	00635080	12	
	00635090	10	
	006350a0	10	
	006350b0	16	
	006350c0	12	
	006350d0	10	
	006350e0	10	
	006350f0	1501	
	006356d0	12	
	006356e0	20	
	00635700	257	
	00635810	5	
	00635820	30	
	00635840	273	
	00635960	37	
	00635990	22	
	006359b0	2317	
	006362c0	506	
	006364c0	655	
	00636750	246	
	00636850	56	
	00636890	1843	
	00636fd0	438	
	00637190	2503	
	00637b60	11	
	00637b70	1685	
	00638210	51	
	00638250	346	
	006383b0	175	
	00638460	70	
	006384b0	18	
	006384d0	95	
	00638530	89	
	00638590	12	
	006385a0	12	
	006385b0	12	
	006385c0	12	
	006385d0	11	
	006385e0	11	
	006385f0	10	
	00638600	16	
	00638610	12	
	00638620	10	
	00638630	10	
	00638640	16	
	00638650	12	
	00638660	10	
	00638670	73	
	006386c0	5	
	006386d0	30	
	006386f0	11	
	00638700	68	
	00638750	12	
	00638760	12	
	00638770	12	
	00638780	10	
	00638790	16	
	006387a0	12	
	006387b0	10	
	006387c0	10	
	006387d0	16	
	006387e0	12	
	006387f0	10	
	00638800	10	
	00638810	1501	
	00638df0	12	
	00638e00	20	
	00638e20	10	
	00638e30	16	
	00638e40	12	
	00638e50	31	
	00638e70	10	
	00638e80	16	
	00638e90	12	
	00638ea0	10	
	00638eb0	10	
	00638ec0	16	
	00638ed0	12	
	00638ee0	10	
	00638ef0	5	
00638ef0	00638f00	11	
	00638f10	182	
	00638fd0	5	
	00638fe0	5	
	00638ff0	30	
	00639010	51	
	00639050	43	
	00639080	30	
	006390a0	664	
	00639340	28	
	00639360	824	
	006396a0	30	
	006396c0	53	
	00639700	68	
	00639750	33	
	00639780	141	
	00639810	114	
	00639890	925	
	00639c30	846	
	00639f80	847	
	0063a2d0	3013	
	0063aea0	13	
	0063aeb0	158	
	0063af50	147	
	0063aff0	70	
	0063b040	18	
	0063b060	89	
	0063b0c0	12	
	0063b0d0	12	
	0063b0e0	12	
	0063b0f0	12	
	0063b100	11	
	0063b110	11	
	0063b120	10	
	0063b130	16	
	0063b140	12	
	0063b150	10	
	0063b160	10	
	0063b170	16	
	0063b180	12	
	0063b190	10	
	0063b1a0	73	
	0063b1f0	5	
	0063b200	30	
	0063b220	11	
	0063b230	68	
	0063b280	12	
	0063b290	12	
	0063b2a0	12	
	0063b2b0	10	
	0063b2c0	16	
	0063b2d0	12	
	0063b2e0	10	
	0063b2f0	10	
	0063b300	16	
	0063b310	12	
	0063b320	10	
	0063b330	10	
	0063b340	1501	
	0063b920	12	
	0063b930	20	
	0063b950	10	
	0063b960	16	
	0063b970	12	
	0063b980	31	
	0063b9a0	72	
	0063b9f0	5	
	0063ba00	5	
	0063ba10	30	
	0063ba30	51	
	0063ba70	43	
	0063baa0	30	
	0063bac0	18	
	0063bae0	13	
	0063baf0	17	
	0063bb10	23	
	0063bb30	561	
	0063bd70	434	
	0063bf30	453	
	0063c100	83	
	0063c160	75	
	0063c1b0	5	
	0063c1c0	35	
	0063c1f0	35	
	0063c220	70	
	0063c270	18	
	0063c290	68	
	0063c2e0	12	
	0063c2f0	12	
	0063c300	12	
	0063c310	11	
	0063c320	11	
	0063c330	10	
	0063c340	16	
	0063c350	12	
	0063c360	10	
	0063c370	10	
	0063c380	16	
	0063c390	12	
	0063c3a0	10	
	0063c3b0	45	
	0063c3e0	30	
	0063c400	21	
	0063c420	130	
	0063c4b0	76	
	0063c500	110	
	0063c590	315	
	0063c6d0	208	
	0063c7a0	38	
	0063c7d0	232	
	0063c8c0	48	
	0063c8f0	131	
	0063c980	222	
	0063ca60	264	
	0063cb70	166	
	0063cc20	27	
	0063cc40	54	
	0063cc80	72	
	0063ccd0	18	
	0063ccf0	68	
	0063cd40	12	
	0063cd50	12	
	0063cd60	12	
	0063cd70	10	
	0063cd80	16	
	0063cd90	12	
	0063cda0	10	
	0063cdb0	10	
	0063cdc0	16	
	0063cdd0	12	
	0063cde0	10	
	0063cdf0	5	
0063cdf0	0063ce00	11	
	0063ce10	5	
0063ce10	0063ce20	11	
	0063ce30	5	
0063ce30	0063ce40	11	
	0063ce50	5	
0063ce50	0063ce60	11	
	0063ce70	10	
	0063ce80	13	
	0063ce90	12	
	0063cea0	13	
	0063ceb0	10	
	0063cec0	25	
	0063cee0	12	
	0063cef0	10	
	0063cf00	101	
	0063cf70	10	
	0063cf80	25	
	0063cfa0	12	
	0063cfb0	10	
	0063cfc0	87	
	0063d020	10	
	0063d030	25	
	0063d050	12	
	0063d060	10	
	0063d070	19	
	0063d090	5	
0063d090	0063d0a0	19	
	0063d0c0	5	
0063d0c0	0063d0d0	19	
	0063d0f0	610	
	0063d360	30	
	0063d380	20	
	0063d3a0	668	
	0063d640	461	
	0063d810	182	
	0063d8d0	245	
	0063d9d0	61	
	0063da10	120	
	0063da90	31	
	0063dab0	14	
	0063dac0	34	
	0063daf0	1410	
	0063e0b0	113	
	0063e130	434	
	0063e300	172	
	0063e3b0	174	
	0063e460	3410	
	0063f1c0	17	
	0063f1e0	2013	
	0063f9c0	1176	
	0063fe80	45	
	0063feb0	3002	
	00640a70	603	
	00640cd0	134	
	00640d60	308	
	00640ea0	1201	
	00641370	116	
	006413f0	256	
	006414f0	102	
	00641560	214	
	00641640	217	
	00641720	154	
	006417c0	266	
	006418d0	497	
	00641ad0	307	
	00641c10	192	
	00641cd0	192	
	00641d90	37	
	00641dc0	158	
	00641e60	21	
	00641e80	151	
	00641f20	272	
	00642030	65	
	00642080	18	
	006420a0	89	
	00642100	12	
	00642110	12	
	00642120	12	
	00642130	12	
	00642140	10	
	00642150	16	
	00642160	12	
	00642170	10	
	00642180	10	
	00642190	16	
	006421a0	12	
	006421b0	10	
	006421c0	136	
	00642250	30	
	00642270	11	
	00642280	45	
	006422b0	367	
	00642420	68	
	00642470	12	
	00642480	12	
	00642490	12	
	006424a0	10	
	006424b0	16	
	006424c0	12	
	006424d0	10	
	006424e0	10	
	006424f0	16	
	00642500	12	
	00642510	10	
	00642520	127	
	006425a0	33	
	006425d0	4	
	006425e0	23	
	00642600	7	
	00642610	44	
	00642640	112	
	006426b0	98	
	00642720	36	
	00642750	230	
	00642840	69	
	00642890	111	
	00642900	38	
	00642930	9	
	00642940	75	
	00642990	60	
	006429d0	9	
	006429e0	35	
	00642a10	383	
	00642b90	1350	
	006430e0	754	
	006433e0	305	
	00643520	80	
	00643570	133	
	00643600	852	
	00643960	120	
	006439e0	299	
	00643b10	155	
	00643bb0	406	
	00643d50	116	
	00643dd0	499	
	00643fd0	401	
	00644170	220	
	00644250	101	
	006442c0	159	
	00644360	68	
	006443b0	12	
	006443c0	12	
	006443d0	12	
	006443e0	10	
	006443f0	16	
	00644400	12	
	00644410	10	
	00644420	10	
	00644430	16	
	00644440	12	
	00644450	10	
	00644460	10	
	00644470	9406	
	00646930	12	
	00646940	23	
	00646960	87	
	006469c0	22	
	006469e0	210	
	00646ac0	61	
	00646b00	459	
	00646cd0	62	
	00646d10	75	
	00646d60	115	
	00646de0	39	
	00646e10	20	
	00646e30	412	
	00646fd0	15	
	00646fe0	357	
	00647150	259	
	00647260	75	
	006472b0	29	
	006472d0	9	
	006472e0	26	
	00647300	27	
	00647320	15	
	00647330	18	
	00647350	68	
	006473a0	12	
	006473b0	12	
	006473c0	12	
	006473d0	10	
	006473e0	331	
	00647530	12	
	00647540	20	
	00647560	5	
	00647570	370	
	006476f0	66	
	00647740	39	
	00647770	26	
	00647790	25	
	006477b0	12	
	006477c0	10	
	006477d0	16	
	006477e0	12	
	006477f0	10	
	00647800	10	
	00647810	16	
	00647820	12	
	00647830	10	
	00647840	10	
	00647850	1501	
	00647e30	12	
	00647e40	20	
	00647e60	10	
	00647e70	16	
	00647e80	12	
	00647e90	10	
	00647ea0	10	
	00647eb0	16	
	00647ec0	12	
	00647ed0	10	
	00647ee0	10	
	00647ef0	16	
	00647f00	12	
	00647f10	10	
	00647f20	10	
	00647f30	16	
	00647f40	12	
	00647f50	10	
	00647f60	10	
	00647f70	16	
	00647f80	12	
	00647f90	10	
	00647fa0	10	
	00647fb0	16	
	00647fc0	12	
	00647fd0	10	
	00647fe0	618	
	00648250	5	
	00648260	30	
	00648280	323	
	006483d0	114	
	00648450	165	
	00648500	110	
	00648570	42	
	006485a0	1204	
	00648a60	158	
	00648b00	856	
	00648e60	760	
	00649160	259	
	00649270	9	
	00649280	26	
	006492a0	9	
	006492b0	10	
	006492c0	338	
	00649420	126	
	006494a0	479	
	00649680	405	
	00649820	67	
	00649870	92	
	006498d0	16	
	006498e0	359	
	00649a50	236	
	00649b40	602	
	00649da0	180	
	00649e60	67	
	00649eb0	57	
	00649ef0	113	
	00649f70	225	
	0064a060	154	
	0064a100	95	
	0064a160	124	
	0064a1e0	53	
	0064a220	41	
	0064a250	123	
	0064a2d0	180	
	0064a390	206	
	0064a460	76	
	0064a4b0	821	
	0064a7f0	2362	
	0064b130	562	
	0064b370	124	
	0064b3f0	57	
	0064b430	12	
	0064b440	36	
	0064b470	16	
	0064b480	16	
	0064b490	16	
	0064b4a0	20	
	0064b4c0	156	
	0064b560	482	
	0064b750	42	
	0064b780	434	
	0064b940	555	
	0064bb70	121	
	0064bbf0	578	
	0064be40	106	
	0064beb0	987	
	0064c290	788	
	0064c5b0	676	
	0064c860	487	
	0064ca50	442	
	0064cc10	344	
	0064cd70	47	
	0064cda0	114	
	0064ce20	1045	
	0064d240	17	
	0064d260	309	
	0064d3a0	10	
	0064d3b0	101	
	0064d420	720	
	0064d6f0	1252	
	0064dbe0	91	
	0064dc40	70	
	0064dc90	18	
	0064dcb0	217	
	0064dd90	203	
	0064de60	89	
	0064dec0	12	
	0064ded0	12	
	0064dee0	12	
	0064def0	12	
	0064df00	11	
	0064df10	11	
	0064df20	320	
	0064e060	212	
	0064e140	25	
	0064e160	12	
	0064e170	10	
	0064e180	16	
	0064e190	12	
	0064e1a0	10	
	0064e1b0	10	
	0064e1c0	16	
	0064e1d0	12	
	0064e1e0	10	
	0064e1f0	5	
0064e1f0	0064e200	11	
	0064e210	145	
	0064e2b0	7	
	0064e2c0	5	
	0064e2d0	30	
	0064e2f0	92	
	0064e350	206	
	0064e420	121	
	0064e4a0	324	
	0064e5f0	40	
	0064e620	156	
	0064e6c0	4	
	0064e6d0	4	
	0064e6e0	1285	
	0064ebf0	439	
	0064edb0	89	
	0064ee10	12	
	0064ee20	12	
	0064ee30	12	
	0064ee40	12	
	0064ee50	10	
	0064ee60	19	
	0064ee80	12	
	0064ee90	31	
	0064eeb0	10	
	0064eec0	31	
	0064eee0	12	
	0064eef0	31	
	0064ef10	10	
	0064ef20	22	
	0064ef40	12	
	0064ef50	31	
	0064ef70	106	
	0064efe0	48	
	0064f010	30	
	0064f030	136	
	0064f0c0	7	
	0064f0d0	41	
	0064f100	143	
	0064f190	25	
	0064f1b0	12	
	0064f1c0	10	
	0064f1d0	16	
	0064f1e0	12	
	0064f1f0	10	
	0064f200	10	
	0064f210	16	
	0064f220	12	
	0064f230	10	
	0064f240	10	
	0064f250	16	
	0064f260	12	
	0064f270	10	
	0064f280	263	
	0064f390	5	
	0064f3a0	30	
	0064f3c0	381	
	0064f540	8	
	0064f550	549	
	0064f780	23	
	0064f7a0	521	
	0064f9b0	274	
	0064fad0	100	
	0064fb40	1836	
	006502c0	279	
	006503e0	27	
	00650400	19	
	00650420	103	
	00650490	694	
	00650750	13	
	00650760	408	
	00650910	70	
	00650960	24	
	00650980	72	
	006509d0	18	
	006509f0	40	
	00650a20	89	
	00650a80	12	
	00650a90	12	
	00650aa0	12	
	00650ab0	12	
	00650ac0	136	
	00650b50	10	
	00650b60	16	
	00650b70	12	
	00650b80	10	
	00650b90	10	
	00650ba0	16	
	00650bb0	12	
	00650bc0	10	
	00650bd0	10	
	00650be0	16	
	00650bf0	12	
	00650c00	10	
	00650c10	233	
	00650d00	30	
	00650d20	166	
	00650dd0	12	
	00650de0	85	
	00650e40	65	
	00650e90	855	
	00651220	48	
	00651250	58	
	00651290	48	
	006512c0	48	
	006512f0	7	
	00651300	89	
	00651360	34	
	00651390	74	
	006513e0	103	
	00651450	68	
	006514a0	42	
	006514d0	16	
	006514e0	110	
	00651550	50	
	00651590	355	
	00651700	63	
	00651740	261	
	00651850	196	
	00651920	196	
	006519f0	96	
	00651a50	25	
	00651a70	110	
	00651ae0	221	
	00651bc0	102	
	00651c30	107	
	00651ca0	162	
	00651d50	16	
	00651d60	68	
	00651db0	283	
	00651ed0	356	
	00652040	11	
	00652050	376	
	006521d0	64	
	00652210	5	
	00652220	98	
	00652290	67	
	006522e0	106	
	00652350	103	
	006523c0	51	
	00652400	221	
	006524e0	324	
006524e0	0065264e	200	
	00652624	39	
	00652720	89	
	00652780	12	
	00652790	12	
	006527a0	12	
	006527b0	12	
	006527c0	144	
	00652850	104	
	006528c0	397	
	00652a50	45	
	00652a80	244	
	00652b80	25	
	00652ba0	12	
	00652bb0	10	
	00652bc0	16	
	00652bd0	12	
	00652be0	10	
	00652bf0	10	
	00652c00	16	
	00652c10	12	
	00652c20	10	
	00652c30	10	
	00652c40	16	
	00652c50	12	
	00652c60	10	
	00652c70	5	
00652c70	00652c80	11	
	00652c90	5	
00652c90	00652ca0	11	
	00652cb0	310	
	00652df0	3	
	00652e00	30	
	00652e20	154	
	00652ec0	56	
	00652f00	335	
	00653050	61	
	00653090	18	
	006530b0	72	
	00653100	84	
	00653170	43	
	006531a0	59	
	006531e0	20	
	00653200	17	
	00653220	27	
	00653240	55	
	00653280	61	
	006532c0	90	
	00653320	37	
	00653350	68	
	006533a0	804	
	006536d0	643	
	00653960	314	
	00653aa0	65	
	00653af0	23	
	00653b10	394	
	00653ca0	33	
	00653cd0	33	
	00653d00	70	
	00653d50	31	
	00653d70	89	
	00653dd0	809	
	00654100	195	
	006541d0	68	
	00654220	12	
	00654230	12	
	00654240	12	
	00654250	10	
	00654260	16	
	00654270	12	
	00654280	10	
	00654290	10	
	006542a0	16	
	006542b0	12	
	006542c0	10	
	006542d0	16	
	006542e0	30	
	00654300	7	
	00654310	321	
	00654460	241	
	00654560	68	
	006545b0	12	
	006545c0	12	
	006545d0	12	
	006545e0	10	
	006545f0	16	
	00654600	12	
	00654610	10	
	00654620	109	
	00654690	260	
	006547a0	30	
	006547c0	199	
	00654890	27	
	006548b0	82	
	00654910	161	
	006549c0	597	
	00654c20	247	
	00654d20	65	
	00654d70	24	
	00654d90	155	
	00654e30	70	
	00654e80	1139	
	00655300	1107	
	00655760	1490	
	00655d40	17	
	00655d60	8	
	00655d70	121	
	00655df0	38	
	00655e20	84	
	00655e80	343	
	00655fe0	414	
	00656180	89	
	006561e0	12	
	006561f0	12	
	00656200	12	
	00656210	12	
	00656220	57	
	00656260	14	
	00656270	187	
	00656330	82	
	00656390	25	
	006563b0	105	
	00656420	117	
	006564a0	68	
	006564f0	12	
	00656500	12	
	00656510	12	
	00656520	18	
	00656540	30	
	00656560	11	
	00656570	417	
	00656720	408	
	006568c0	68	
	00656910	12	
	00656920	12	
	00656930	12	
	00656940	10	
	00656950	13	
	00656960	12	
	00656970	10	
	00656980	10	
	00656990	16	
	006569a0	12	
	006569b0	10	
	006569c0	10	
	006569d0	16	
	006569e0	12	
	006569f0	10	
	00656a00	10	
	00656a10	16	
	00656a20	12	
	00656a30	10	
	00656a40	38	
	00656a70	30	
	00656a90	87	
	00656af0	98	
	00656b60	473	
	00656d40	1310	
	00657260	109	
	006572d0	262	
	006573e0	23	
	00657400	591	
	00657650	332	
	006577a0	16	
	006577b0	100	
	00657820	24	
	00657840	12	
	00657850	475	
	00657a30	1290	
	00657f40	271	
	00658050	1479	
	00658620	445	
	006587e0	728	
	00658ad0	271	
	00658be0	381	
	00658d60	256	
	00658e60	272	
	00658f70	829	
	006592b0	90	
	00659310	68	
	00659360	12	
	00659370	12	
	00659380	12	
	00659390	29	
	006593b0	30	
	006593d0	14	
	006593e0	186	
	006594a0	1113	
	00659900	463	
	00659ad0	105	
00659ad0	00659d80	161	
	00659b39	111	
	00659ba8	157	
	00659c45	101	
	00659caa	107	
	00659d15	107	
	00659e21	42	
	00659e70	375	
	0065a000	68	
	0065a050	12	
	0065a060	12	
	0065a070	12	
	0065a080	17	
	0065a0a0	30	
	0065a0c0	7	
	0065a0d0	186	
	0065a190	581	
	0065a3e0	68	
	0065a430	12	
	0065a440	12	
	0065a450	12	
	0065a460	213	
	0065a540	30	
	0065a560	144	
	0065a5f0	650	
	0065a880	220	
	0065a960	140	
	0065a9f0	140	
	0065aa80	1368	
	0065afe0	715	
	0065b2b0	397	
	0065b440	827	
	0065b780	416	
	0065b920	127	
	0065b9a0	298	
	0065bad0	241	
	0065bbd0	6544	
	0065d560	326	
	0065d6b0	38	
	0065d6e0	385	
	0065d870	87	
	0065d8d0	30	
	0065d8f0	19	
	0065d910	42	
	0065d940	68	
	0065d990	12	
	0065d9a0	12	
	0065d9b0	12	
	0065d9c0	10	
	0065d9d0	16	
	0065d9e0	12	
	0065d9f0	10	
	0065da00	10	
	0065da10	1501	
	0065dff0	12	
	0065e000	20	
	0065e020	96	
	0065e080	25	
	0065e0a0	30	
	0065e0c0	18	
	0065e0e0	5	
	0065e0f0	340	
	0065e250	180	
	0065e310	528	
	0065e520	1227	
	0065e9f0	59	
	0065ea30	439	
	0065ebf0	698	
	0065eeb0	18	
	0065eed0	1572	
	0065f510	18	
	0065f530	437	
	0065f6f0	437	
	0065f8b0	456	
	0065fa80	942	
	0065ffa0	72	
	0065fff0	18	
	00660010	89	
	00660070	12	
	00660080	12	
	00660090	12	
	006600a0	12	
	006600b0	308	
	006601f0	30	
	00660210	105	
	00660280	136	
	00660310	87	
	00660370	84	
	006603d0	84	
	00660430	362	
	006605a0	359	
	00660710	811	
	00660a40	68	
	00660a90	12	
	00660aa0	12	
	00660ab0	12	
	00660ac0	30	
	00660ae0	82	
	00660b40	73	
	00660b90	232	
	00660c80	68	
	00660cd0	12	
	00660ce0	12	
	00660cf0	12	
	00660d00	10	
	00660d10	9406	
	006631d0	12	
	006631e0	23	
	00663200	10	
	00663210	13	
	00663220	12	
	00663230	10	
	00663240	10	
	00663250	16	
	00663260	12	
	00663270	10	
	00663280	10	
	00663290	16	
	006632a0	12	
	006632b0	10	
	006632c0	5	
006632c0	006632d0	31	
	006632f0	5	
006632f0	00663300	31	
	00663320	10	
	00663330	1501	
	00663910	12	
	00663920	20	
	00663940	5	
00663940	00663950	31	
	00663970	322	
	00663ac0	26	
	00663ae0	8	
	00663af0	294	
	00663c20	239	
	00663d10	385	
	00663ea0	160	
	00663f40	3739	
	00664de0	1028	
	006651f0	173	
	006652a0	620	
	00665510	1772	
	00665c00	183	
	00665cc0	89	
	00665d20	12	
	00665d30	12	
	00665d40	12	
	00665d50	12	
	00665d60	39	
	00665d90	30	
	00665db0	18	
	00665dd0	59	
	00665e10	27	
	00665e30	111	
	00665ea0	27	
	00665ec0	27	
	00665ee0	26	
	00665f00	71	
	00665f50	219	
	00666030	98	
	006660a0	68	
	006660f0	12	
	00666100	12	
	00666110	12	
	00666120	5	
00666120	00666130	1	
	00666140	32	
	00666160	30	
	00666180	18	
	006661a0	1374	
	00666700	47	
	00666730	5	
	00666740	5	
	00666750	116	
	006667d0	68	
	00666820	12	
	00666830	12	
	00666840	12	
	00666850	10	
	00666860	13	
	00666870	12	
	00666880	10	
	00666890	10	
	006668a0	16	
	006668b0	12	
	006668c0	10	
	006668d0	10	
	006668e0	16	
	006668f0	12	
	00666900	10	
	00666910	169	
	006669c0	30	
	006669e0	80	
	00666a30	83	
	00666a90	117	
	00666b10	103	
	00666b80	104	
	00666bf0	841	
	00666f40	536	
	00667160	253	
	00667260	970	
	00667630	520	
	00667840	81	
	006678a0	151	
	00667940	937	
	00667cf0	221	
	00667dd0	653	
	00668060	8	
	00668070	2856	
	00668ba0	205	
	00668c70	361	
	00668de0	52	
	00668e20	1039	
	00669230	89	
	00669290	12	
	006692a0	12	
	006692b0	12	
	006692c0	12	
	006692d0	10	
	006692e0	16	
	006692f0	12	
	00669300	10	
	00669310	10	
	00669320	9406	
	0066b7e0	12	
	0066b7f0	23	
	0066b810	10	
	0066b820	61	
	0066b860	12	
	0066b870	20	
	0066b890	277	
	0066b9b0	5	
	0066b9c0	5	
	0066b9d0	30	
	0066b9f0	88	
	0066ba50	32	
	0066ba70	374	
	0066bbf0	229	
	0066bce0	1190	
	0066c190	779	
	0066c4a0	166	
	0066c550	25	
	0066c570	634	
	0066c7f0	88	
	0066c850	16	
	0066c860	439	
	0066ca20	89	
	0066ca80	54	
	0066cac0	253	
	0066cbc0	1347	
	0066d110	70	
	0066d160	64	
	0066d1a0	152	
	0066d240	108	
	0066d2b0	711	
	0066d580	1066	
	0066d9b0	454	
	0066db80	134	
	0066dc10	483	
	0066de00	20	
	0066de20	5023	
	0066f1e0	274	
	0066f300	628	
	0066f580	122	
	0066f600	121	
	0066f680	110	
	0066f6f0	402	
	0066f890	2113	
	006700e0	198	
	006701b0	321	
	00670300	604	
	00670560	328	
	006706b0	217	
	00670790	489	
	00670980	307	
	00670ac0	354	
	00670c30	72	
	00670c80	180	
	00670d40	73	
	00670d90	242	
	00670e90	173	
	00670f40	60	
	00670f80	238	
	00671070	165	
	00671120	22	
	00671140	244	
	00671240	202	
	00671310	24	
	00671330	425	
	006714e0	54	
	00671520	72	
	00671570	18	
	00671590	89	
	006715f0	12	
	00671600	12	
	00671610	12	
	00671620	12	
	00671630	10	
	00671640	16	
	00671650	12	
	00671660	10	
	00671670	3714	
	00672500	188	
	006725c0	30	
	006725e0	5	
	006725f0	89	
	00672650	12	
	00672660	12	
	00672670	12	
	00672680	12	
	00672690	73	
	006726e0	10	
	006726f0	16	
	00672700	12	
	00672710	10	
	00672720	10	
	00672730	9406	
	00674bf0	12	
	00674c00	23	
	00674c20	10	
	00674c30	13	
	00674c40	12	
	00674c50	10	
	00674c60	10	
	00674c70	16	
	00674c80	12	
	00674c90	10	
	00674ca0	10	
	00674cb0	16	
	00674cc0	12	
	00674cd0	10	
	00674ce0	10	
	00674cf0	346	
	00674e50	12	
	00674e60	20	
	00674e80	45	
	00674eb0	573	
	006750f0	89	
	00675150	30	
	00675170	77	
	006751c0	264	
	006752d0	903	
	00675660	211	
	00675740	71	
	00675790	22	
	006757b0	967	
	00675b80	21	
	00675ba0	176	
	00675c50	1013	
	00676050	74	
	006760a0	796	
	006763c0	968	
	00676790	334	
	006768e0	1103	
	00676d30	247	
	00676e30	5	
	00676e40	59	
	00676e80	150	
	00676f20	25	
	00676f40	753	
	00677240	306	
	00677380	399	
	00677510	673	
	006777c0	2365	
	00678100	298	
	00678230	944	
	006785e0	4128	
	00679600	184	
	006796c0	143	
	00679750	443	
	00679910	26	
	00679930	377	
	00679ab0	565	
	00679cf0	110	
	00679d60	183	
	00679e20	1537	
	0067a430	97	
	0067a4a0	2296	
	0067ada0	160	
	0067ae40	346	
	0067afa0	611	
	0067b210	388	
	0067b3a0	527	
	0067b5b0	426	
	0067b760	15	
	0067b770	169	
	0067b820	688	
	0067bad0	488	
	0067bcc0	826	
	0067c000	207	
	0067c0d0	389	
	0067c260	738	
	0067c550	738	
	0067c840	738	
	0067cb30	1241	
	0067d010	1004	
	0067d400	827	
	0067d740	376	
	0067d8c0	42	
	0067d8f0	687	
	0067dba0	411	
	0067dd40	138	
	0067ddd0	141	
	0067de60	141	
	0067def0	26	
	0067df10	42	
	0067df40	47	
	0067df70	33	
	0067dfa0	2015	
	0067e780	6	
	0067e790	35	
	0067e7c0	53	
	0067e800	72	
	0067e850	18	
	0067e870	42	
	0067e8a0	89	
	0067e900	12	
	0067e910	12	
	0067e920	12	
	0067e930	12	
	0067e940	138	
	0067e9d0	30	
	0067e9f0	151	
	0067ea90	360	
	0067ec00	397	
	0067ed90	59	
	0067edd0	192	
	0067ee90	207	
	0067ef60	78	
	0067efb0	173	
	0067f060	5	
	0067f070	5	
	0067f080	51	
	0067f0c0	57	
	0067f100	16	
	0067f110	1357	
	0067f660	152	
	0067f700	332	
	0067f850	350	
	0067f9b0	221	
	0067fa90	89	
	0067faf0	12	
	0067fb00	12	
	0067fb10	12	
	0067fb20	12	
	0067fb30	138	
	0067fbc0	30	
	0067fbe0	123	
	0067fc60	31	
	0067fc80	15	
	0067fc90	51	
	0067fcd0	213	
	0067fdb0	131	
	0067fe40	291	
	0067ff70	417	
	00680120	128	
	006801a0	553	
	006803d0	320	
	00680510	367	
	00680680	68	
	006806d0	12	
	006806e0	12	
	006806f0	12	
	00680700	10	
	00680710	13	
	00680720	12	
	00680730	10	
	00680740	10	
	00680750	16	
	00680760	12	
	00680770	10	
	00680780	10	
	00680790	16	
	006807a0	12	
	006807b0	10	
	006807c0	402	
	00680960	30	
	00680980	115	
	00680a00	21	
	00680a20	702	
	00680ce0	430	
	00680e90	8	
	00680ea0	1166	
	00681330	475	
	00681510	99	
	00681580	644	
	00681810	17	
	00681830	258	
	00681940	238	
	00681a30	122	
	00681b20	8402	
	00683c20	446	
	00683de0	2348	
	00684710	76	
	00684760	189	
	00684820	193	
	006848f0	412	
	00684a90	195	
	00684b60	230	
	00684c50	327	
	00684da0	646	
	00685030	710	
	00685300	529	
	00685520	621	
	00685790	489	
	00685980	279	
	00685aa0	59	
	00685ae0	1762	
	006861d0	1826	
	00686900	2235	
	006871c0	1759	
	006878a0	150	
	00687940	28	
	00687960	1778	
	00688060	552	
	00688290	1681	
	00688930	425	
	00688ae0	38	
	00688b10	86	
	00688b70	67	
	00688bc0	72	
	00688c10	18	
	00688c30	90	
	00688c90	87	
	00688cf0	40	
	00688d20	21	
	00688d40	239	
	00688e30	176	
	00688ee0	161	
	00688f90	35	
	00688fc0	89	
	00689020	12	
	00689030	12	
	00689040	12	
	00689050	12	
	00689060	10	
	00689070	16	
	00689080	12	
	00689090	10	
	006890a0	25	
	006890c0	30	
	006890e0	18	
	00689100	31	
	00689120	1151	
	006895a0	342	
	00689700	455	
	006898d0	89	
	00689930	12	
	00689940	12	
	00689950	12	
	00689960	12	
	00689970	10	
	00689980	16	
	00689990	12	
	006899a0	10	
	006899b0	10	
	006899c0	16	
	006899d0	12	
	006899e0	10	
	006899f0	10	
	00689a00	16	
	00689a10	12	
	00689a20	10	
	00689a30	279	
	00689b50	31	
	00689b70	30	
	00689b90	140	
	00689c20	5	
	00689c30	17	
	00689c50	5	
	00689c60	81	
	00689cc0	8	
	00689cd0	456	
	00689ea0	29	
	00689ec0	29	
	00689ee0	408	
	0068a080	99	
	0068a0f0	135	
	0068a180	114	
	0068a200	180	
	0068a2c0	37	
	0068a2f0	810	
	0068a620	335	
	0068a770	498	
	0068a970	89	
	0068a9d0	12	
	0068a9e0	12	
	0068a9f0	12	
	0068aa00	12	
	0068aa10	504	
	0068ac10	68	
	0068ac60	12	
	0068ac70	12	
	0068ac80	12	
	0068ac90	46	
	0068acc0	30	
	0068ace0	18	
	0068ad00	91	
	0068ad60	5	
	0068ad70	76	
	0068adc0	13	
	0068add0	68	
	0068ae20	12	
	0068ae30	12	
	0068ae40	12	
	0068ae50	5	
0068ae50	0068ae60	21	
	0068ae80	5	
0068ae80	0068ae90	41	
	0068aec0	5	
0068aec0	0068aed0	41	
	0068af00	5	
0068af00	0068af10	41	
	0068af40	5	
0068af40	0068af50	41	
	0068af80	5	
0068af80	0068af90	41	
	0068afc0	5	
0068afc0	0068afd0	41	
	0068b000	5	
0068b000	0068b010	41	
	0068b040	5	
0068b040	0068b050	41	
	0068b080	5	
0068b080	0068b090	41	
	0068b0c0	5	
0068b0c0	0068b0d0	41	
	0068b100	45	
	0068b130	30	
	0068b150	107	
	0068b1c0	29	
	0068b1e0	19	
	0068b200	340	
	0068b360	19	
	0068b380	409	
	0068b520	353	
	0068b690	699	
	0068b950	688	
	0068bc00	2734	
	0068c6b0	51	
	0068c6f0	141	
	0068c780	221	
	0068c860	306	
	0068c9a0	72	
	0068c9f0	18	
	0068ca10	89	
	0068ca70	12	
	0068ca80	12	
	0068ca90	12	
	0068caa0	12	
	0068cab0	10	
	0068cac0	16	
	0068cad0	12	
	0068cae0	10	
	0068caf0	10	
	0068cb00	16	
	0068cb10	12	
	0068cb20	10	
	0068cb30	2492	
	0068d4f0	275	
	0068d610	30	
	0068d630	102	
	0068d6a0	102	
	0068d710	242	
	0068d810	114	
	0068d890	76	
	0068d8e0	552	
	0068db10	355	
	0068dc80	1596	
	0068e2d0	3104	
	0068eef0	1842	
	0068f630	112	
	0068f6a0	2728	
	00690150	863	
	006904b0	283	
	006905d0	43	
	00690600	33	
	00690630	25	
	00690650	678	
	00690900	436	
	00690ac0	1185	
	00690f70	156	
	00691010	79	
	00691060	72	
	006910b0	18	
	006910d0	89	
	00691130	12	
	00691140	12	
	00691150	12	
	00691160	12	
	00691170	58	
	006911b0	87	
	00691210	30	
	00691230	88	
	00691290	51	
	006912d0	40	
	00691300	1146	
	00691780	440	
	00691940	184	
	00691a00	17	
	00691a20	364	
	00691b90	961	
	00691f60	3495	
	00692d20	716	
	00692ff0	307	
	00693130	252	
	00693230	72	
	00693280	18	
	006932a0	89	
	00693300	12	
	00693310	12	
	00693320	12	
	00693330	12	
	00693340	10	
	00693350	13	
	00693360	12	
	00693370	10	
	00693380	10	
	00693390	16	
	006933a0	12	
	006933b0	10	
	006933c0	10	
	006933d0	16	
	006933e0	12	
	006933f0	10	
	00693400	10	
	00693410	16	
	00693420	12	
	00693430	10	
	00693440	204	
	00693510	30	
	00693530	92	
	00693590	29	
	006935b0	600	
	00693810	965	
	00693be0	33	
	00693c10	531	
	00693e30	144	
	00693ec0	121	
	00693f40	247	
	00694040	957	
	00694400	3019	
	00694fd0	628	
	00695250	5	
	00695260	91	
	006952c0	346	
	00695420	1017	
	00695820	226	
	00695910	68	
	00695960	68	
	006959b0	488	
	00695ba0	701	
	00695e60	2537	
	006968c0	100	
	00696930	1617	
	00696fa0	555	
	006971d0	436	
	00697390	190	
	00697450	424	
	00697600	306	
	00697740	51	
	00697780	873	
	00697b20	72	
	00697b70	18	
	00697b90	89	
	00697bf0	12	
	00697c00	12	
	00697c10	12	
	00697c20	12	
	00697c30	171	
	00697ce0	30	
	00697d00	101	
	00697d70	30	
	00697d90	811	
	006980c0	52	
	00698100	587	
	00698350	89	
	006983b0	12	
	006983c0	12	
	006983d0	12	
	006983e0	12	
	006983f0	189	
	006984b0	30	
	006984d0	101	
	00698540	40	
	00698570	2535	
	00698f60	52	
	00698fa0	587	
	006991f0	89	
	00699250	12	
	00699260	12	
	00699270	12	
	00699280	12	
	00699290	75	
	006992e0	30	
	00699300	18	
	00699320	1080	
	00699760	70	
	006997b0	70	
	00699800	70	
	00699850	194	
	00699920	30	
	00699940	67	
	00699990	67	
	006999e0	811	
	00699d10	30	
	00699d30	89	
	00699d90	12	
	00699da0	12	
	00699db0	12	
	00699dc0	12	
	00699dd0	10	
	00699de0	13	
	00699df0	12	
	00699e00	10	
	00699e10	10	
	00699e20	16	
	00699e30	12	
	00699e40	10	
	00699e50	10	
	00699e60	16	
	00699e70	12	
	00699e80	10	
	00699e90	168	
	00699f40	30	
	00699f60	52	
	00699fa0	311	
	0069a0e0	102	
	0069a150	628	
	0069a3d0	130	
	0069a460	102	
	0069a4d0	834	
	0069a820	969	
	0069abf0	1842	
	0069b330	595	
	0069b590	89	
	0069b5f0	12	
	0069b600	12	
	0069b610	12	
	0069b620	12	
	0069b630	25	
	0069b650	30	
	0069b670	18	
	0069b690	275	
	0069b7b0	490	
	0069b9a0	174	
	0069ba50	92	
	0069bab0	817	
	0069bdf0	733	
	0069c0d0	360	
	0069c240	89	
	0069c2a0	12	
	0069c2b0	12	
	0069c2c0	12	
	0069c2d0	12	
	0069c2e0	35	
	0069c310	10	
	0069c320	13	
	0069c330	12	
	0069c340	10	
	0069c350	10	
	0069c360	16	
	0069c370	12	
	0069c380	10	
	0069c390	10	
	0069c3a0	16	
	0069c3b0	12	
	0069c3c0	10	
	0069c3d0	206	
	0069c4a0	30	
	0069c4c0	112	
	0069c530	135	
	0069c5c0	66	
	0069c610	974	
	0069c9e0	1261	
	0069ced0	661	
	0069d170	30	
	0069d190	30	
	0069d1b0	603	
	0069d410	89	
	0069d470	12	
	0069d480	12	
	0069d490	12	
	0069d4a0	12	
	0069d4b0	191	
	0069d570	225	
	0069d660	176	
	0069d710	86	
	0069d770	30	
	0069d790	92	
	0069d7f0	360	
	0069d960	616	
	0069dbd0	170	
	0069dc80	174	
	0069dd30	134	
	0069ddc0	1540	
	0069e3d0	127	
	0069e450	120	
	0069e4d0	84	
	0069e524	667	
	0069e7c0	89	
	0069e820	12	
	0069e830	12	
	0069e840	12	
	0069e850	12	
	0069e860	10	
	0069e870	16	
	0069e880	12	
	0069e890	10	
	0069e8a0	25	
	0069e8c0	30	
	0069e8e0	88	
	0069e940	25	
	0069e960	19	
	0069e980	144	
	0069ea10	472	
	0069ebf0	174	
	0069eca0	46	
	0069ecd0	917	
	0069f070	327	
	0069f1c0	797	
	0069f4e0	72	
	0069f530	18	
	0069f550	89	
	0069f5b0	12	
	0069f5c0	12	
	0069f5d0	12	
	0069f5e0	12	
	0069f5f0	10	
	0069f600	16	
	0069f610	12	
	0069f620	10	
	0069f630	183	
	0069f6f0	30	
	0069f710	126	
	0069f790	239	
	0069f880	303	
	0069f9b0	79	
	0069fa00	885	
	0069fd80	109	
	0069fdf0	735	
	006a00d0	1394	
	006a0650	127	
	006a06d0	23	
	006a06f0	369	
	006a0870	89	
	006a08d0	12	
	006a08e0	12	
	006a08f0	12	
	006a0900	12	
	006a0910	10	
	006a0920	13	
	006a0930	12	
	006a0940	10	
	006a0950	10	
	006a0960	16	
	006a0970	12	
	006a0980	10	
	006a0990	10	
	006a09a0	16	
	006a09b0	12	
	006a09c0	10	
	006a09d0	25	
	006a09f0	30	
	006a0a10	18	
	006a0a30	468	
	006a0c10	56	
	006a0c50	76	
	006a0ca0	503	
	006a0ea0	312	
	006a0fe0	250	
	006a10e0	89	
	006a1140	12	
	006a1150	12	
	006a1160	12	
	006a1170	12	
	006a1180	10	
	006a1190	16	
	006a11a0	12	
	006a11b0	10	
	006a11c0	10	
	006a11d0	16	
	006a11e0	12	
	006a11f0	10	
	006a1200	10	
	006a1210	16	
	006a1220	12	
	006a1230	10	
	006a1240	10	
	006a1250	16	
	006a1260	12	
	006a1270	10	
	006a1280	161	
	006a1330	30	
	006a1350	140	
	006a13e0	181	
	006a14a0	385	
	006a1630	38	
	006a1660	80	
	006a16e0	126	
	006a1760	438	
	006a1920	92	
	006a1980	30	
	006a19a0	72	
	006a19f0	18	
	006a1a10	89	
	006a1a70	12	
	006a1a80	12	
	006a1a90	12	
	006a1aa0	12	
	006a1ab0	10	
	006a1ac0	9406	
	006a3f80	12	
	006a3f90	23	
	006a3fb0	32	
	006a3fd0	30	
	006a3ff0	18	
	006a4010	345	
	006a4170	447	
	006a4330	84	
	006a4390	5	
	006a43a0	5	
	006a43b0	902	
	006a4740	5	
	006a4750	89	
	006a47b0	12	
	006a47c0	12	
	006a47d0	12	
	006a47e0	12	
	006a47f0	46	
	006a4820	30	
	006a4840	18	
	006a4860	79	
	006a48b0	40	
	006a48e0	399	
	006a4a70	1053	
	006a4e90	89	
	006a4ef0	12	
	006a4f00	12	
	006a4f10	12	
	006a4f20	12	
	006a4f30	64	
	006a4f70	206	
	006a5040	30	
	006a5060	148	
	006a5100	513	
	006a5310	1891	
	006a5a80	79	
	006a5ad0	394	
	006a5c60	38	
	006a5c90	89	
	006a5cf0	12	
	006a5d00	12	
	006a5d10	12	
	006a5d20	12	
	006a5d30	96	
	006a5d90	30	
	006a5db0	92	
	006a5e10	975	
	006a61e0	35	
	006a6210	2232	
	006a6ad0	194	
	006a6ba0	29	
	006a6bc0	65	
	006a6c10	526	
	006a6e20	651	
	006a70b0	479	
	006a7290	346	
	006a73f0	89	
	006a7450	12	
	006a7460	12	
	006a7470	12	
	006a7480	12	
	006a7490	10	
	006a74a0	16	
	006a74b0	12	
	006a74c0	10	
	006a74d0	10	
	006a74e0	13	
	006a74f0	12	
	006a7500	10	
	006a7510	10	
	006a7520	16	
	006a7530	12	
	006a7540	10	
	006a7550	10	
	006a7560	16	
	006a7570	12	
	006a7580	10	
	006a7590	10	
	006a75a0	76	
	006a75f0	12	
	006a7600	20	
	006a7620	566	
	006a7860	14	
	006a7870	30	
	006a7890	254	
	006a7990	1386	
	006a7f00	212	
	006a7fe0	1761	
	006a86d0	1220	
	006a8ba0	315	
	006a8ce0	1668	
	006a9370	685	
	006a9620	1290	
	006a9b50	1126	
	006a9fc0	988	
	006aa3a0	241	
	006aa4a0	3796	
	006ab380	598	
	006ab5e0	463	
	006ab7b0	3316	
	006ac4b0	205	
	006ac580	78	
	006ac5d0	31	
	006ac5f0	123	
	006ac670	368	
	006ac7e0	60	
	006ac820	1743	
	006acef0	753	
	006ad1f0	786	
	006ad550	589	
	006ad7a0	366	
	006ad910	323	
	006ada60	310	
	006adba0	304	
	006adcd0	81	
	006add30	137	
	006addc0	82	
	006ade20	50	
	006ade60	177	
	006adf20	89	
	006adf80	12	
	006adf90	12	
	006adfa0	12	
	006adfb0	12	
	006adfc0	61	
	006ae000	10	
	006ae010	10	
	006ae020	10	
	006ae030	10	
	006ae040	27	
	006ae060	10	
	006ae070	16	
	006ae080	12	
	006ae090	10	
	006ae0a0	10	
	006ae0b0	16	
	006ae0c0	12	
	006ae0d0	10	
	006ae0e0	191	
	006ae1a0	30	
	006ae1c0	104	
	006ae230	48	
	006ae260	37	
	006ae290	882	
	006ae610	917	
	006ae9b0	2706	
	006af450	1067	
	006af880	112	
	006af8f0	721	
	006afbd0	424	
	006afda0	1417	
	006b0330	284	
	006b0450	43	
	006b0480	82	
	006b04e0	2683	
	006b0f60	1275	
	006b1460	275	
	006b1580	33	
	006b15b0	1092	
	006b1a00	144	
	006b1a90	101	
	006b1b00	16	
	006b1b10	289	
	006b1c40	27	
	006b1c60	35	
	006b1c90	44	
	006b1cc0	72	
	006b1d10	18	
	006b1d30	89	
	006b1d90	12	
	006b1da0	12	
	006b1db0	12	
	006b1dc0	12	
	006b1dd0	10	
	006b1de0	13	
	006b1df0	12	
	006b1e00	10	
	006b1e10	10	
	006b1e20	16	
	006b1e30	12	
	006b1e40	10	
	006b1e50	10	
	006b1e60	16	
	006b1e70	12	
	006b1e80	10	
	006b1e90	10	
	006b1ea0	31	
	006b1ec0	12	
	006b1ed0	10	
	006b1ee0	10	
	006b1ef0	31	
	006b1f10	12	
	006b1f20	10	
	006b1f30	366	
	006b20a0	30	
	006b20c0	353	
	006b2230	102	
	006b22a0	100	
	006b2310	263	
	006b2420	732	
	006b2700	417	
	006b28b0	553	
	006b2ae0	136	
	006b2b70	1369	
	006b30d0	797	
	006b33f0	284	
	006b3510	602	
	006b3770	2270	
	006b4050	234	
	006b4170	24	
	006b4190	27	
	006b41b0	175	
	006b4260	634	
	006b44e0	62	
	006b4520	135	
	006b45b0	86	
	006b4610	50	
	006b4650	127	
	006b46d0	30	
	006b46f0	14	
	006b4700	89	
	006b4760	12	
	006b4770	12	
	006b4780	12	
	006b4790	12	
	006b47a0	160	
	006b4840	189	
	006b4900	13	
	006b4910	30	
	006b4930	97	
	006b49a0	122	
	006b4a20	21	
	006b4a40	306	
	006b4b80	1107	
	006b5030	183	
	006b50f0	89	
	006b5150	12	
	006b5160	12	
	006b5170	12	
	006b5180	12	
	006b5190	10	
	006b51a0	28	
	006b51c0	12	
	006b51d0	10	
	006b51e0	244	
	006b52e0	30	
	006b5300	113	
	006b5380	37	
	006b53b0	654	
	006b5640	244	
	006b5740	84	
	006b57a0	159	
	006b5840	995	
	006b5c80	205	
	006b5d50	183	
	006b5e10	657	
	006b60b0	89	
	006b6110	12	
	006b6120	12	
	006b6130	12	
	006b6140	12	
	006b6150	5	
006b6150	006b6160	21	
	006b6180	5	
006b6180	006b6190	41	
	006b61c0	5	
006b61c0	006b61d0	41	
	006b6200	5	
006b6200	006b6210	41	
	006b6240	5	
006b6240	006b6250	41	
	006b6280	5	
006b6280	006b6290	41	
	006b62c0	5	
006b62c0	006b62d0	41	
	006b6300	5	
006b6300	006b6310	41	
	006b6340	5	
006b6340	006b6350	41	
	006b6380	5	
006b6380	006b6390	41	
	006b63c0	5	
006b63c0	006b63d0	41	
	006b6400	52	
	006b6440	30	
	006b6460	107	
	006b64d0	3098	
	006b7100	33	
	006b7130	27	
	006b7150	68	
	006b71a0	224	
	006b7280	699	
	006b7540	688	
	006b77f0	2734	
	006b82a0	61	
	006b82e0	141	
	006b8370	89	
	006b83d0	12	
	006b83e0	12	
	006b83f0	12	
	006b8400	12	
	006b8410	61	
	006b8450	25	
	006b8470	30	
	006b8490	18	
	006b84b0	578	
	006b8700	303	
	006b8830	119	
	006b88b0	89	
	006b8910	12	
	006b8920	12	
	006b8930	12	
	006b8940	12	
	006b8950	46	
	006b8980	30	
	006b89a0	18	
	006b89c0	394	
	006b8b50	155	
	006b8bf0	111	
	006b8c60	68	
	006b8cb0	12	
	006b8cc0	12	
	006b8cd0	12	
	006b8ce0	46	
	006b8d10	30	
	006b8d30	18	
	006b8d50	384	
	006b8ed0	151	
	006b8f70	63	
	006b8fb0	68	
	006b9000	12	
	006b9010	12	
	006b9020	12	
	006b9030	32	
	006b9050	30	
	006b9070	18	
	006b9090	852	
	006b93f0	97	
	006b9460	68	
	006b94b0	12	
	006b94c0	12	
	006b94d0	12	
	006b94e0	5	
006b94e0	006b94f0	1	
	006b9500	32	
	006b9520	30	
	006b9540	18	
	006b9560	1200	
	006b9a10	28	
	006b9a30	116	
	006b9ab0	68	
	006b9b00	12	
	006b9b10	12	
	006b9b20	12	
	006b9b30	5	
006b9b30	006b9b40	1	
	006b9b50	5	
006b9b50	006b9b60	1	
	006b9b70	5	
006b9b70	006b9b80	1	
	006b9b90	5	
006b9b90	006b9ba0	1	
	006b9bb0	5	
006b9bb0	006b9bc0	1	
	006b9bd0	5	
006b9bd0	006b9be0	1	
	006b9bf0	5	
006b9bf0	006b9c00	1	
	006b9c10	5	
006b9c10	006b9c20	1	
	006b9c30	32	
	006b9c50	30	
	006b9c70	18	
	006b9c90	2273	
	006ba580	100	
	006ba5f0	121	
	006ba670	388	
	006ba800	68	
	006ba850	12	
	006ba860	12	
	006ba870	12	
	006ba880	128	
	006ba900	30	
	006ba920	92	
	006ba980	258	
	006baa90	18	
	006baab0	27	
	006baad0	924	
	006baef0	1217	
	006bb3c0	112	
	006bb430	72	
	006bb480	18	
	006bb4a0	68	
	006bb4f0	12	
	006bb500	12	
	006bb510	12	
	006bb520	32	
	006bb540	30	
	006bb560	18	
	006bb580	1172	
	006bba20	247	
	006bbb20	68	
	006bbb70	12	
	006bbb80	12	
	006bbb90	12	
	006bbba0	32	
	006bbbc0	30	
	006bbbe0	18	
	006bbc00	895	
	006bbf80	63	
	006bbfc0	68	
	006bc010	12	
	006bc020	12	
	006bc030	12	
	006bc040	32	
	006bc060	30	
	006bc080	18	
	006bc0a0	2333	
	006bc9c0	161	
	006bca70	68	
	006bcac0	12	
	006bcad0	12	
	006bcae0	12	
	006bcaf0	32	
	006bcb10	30	
	006bcb30	18	
	006bcb50	2335	
	006bd470	68	
	006bd4c0	12	
	006bd4d0	12	
	006bd4e0	12	
	006bd4f0	32	
	006bd510	30	
	006bd530	18	
	006bd550	700	
	006bd810	192	
	006bd8d0	68	
	006bd920	12	
	006bd930	12	
	006bd940	12	
	006bd950	32	
	006bd970	30	
	006bd990	18	
	006bd9b0	3081	
	006be5c0	137	
	006be650	68	
	006be6a0	12	
	006be6b0	12	
	006be6c0	12	
	006be6d0	25	
	006be6f0	30	
	006be710	18	
	006be730	651	
	006be9c0	766	
	006becc0	137	
	006bed50	68	
	006beda0	12	
	006bedb0	12	
	006bedc0	12	
	006bedd0	25	
	006bedf0	30	
	006bee10	18	
	006bee30	669	
	006bf0d0	379	
	006bf250	60	
	006bf290	90	
	006bf2f0	68	
	006bf340	12	
	006bf350	12	
	006bf360	12	
	006bf370	5	
006bf370	006bf380	21	
	006bf3a0	5	
006bf3a0	006bf3b0	21	
	006bf3d0	5	
006bf3d0	006bf3e0	21	
	006bf400	5	
006bf400	006bf410	330	
	006bf560	5	
006bf560	006bf570	230	
	006bf660	5	
006bf660	006bf670	230	
	006bf760	5	
006bf760	006bf770	230	
	006bf860	5	
006bf860	006bf870	230	
	006bf960	5	
006bf960	006bf970	230	
	006bfa60	5	
006bfa60	006bfa70	230	
	006bfb60	10	
	006bfb70	25	
	006bfb90	12	
	006bfba0	10	
	006bfbb0	10	
	006bfbc0	28	
	006bfbe0	12	
	006bfbf0	10	
	006bfc00	10	
	006bfc10	28	
	006bfc30	12	
	006bfc40	10	
	006bfc50	216	
	006bfd30	30	
	006bfd50	210	
	006bfe30	13	
	006bfe40	203	
	006bff10	459	
	006c00e0	764	
	006c03e0	417	
	006c0590	128	
	006c0610	599	
	006c0870	758	
	006c0b70	326	
	006c0cc0	180	
	006c0d80	1521	
	006c1380	1618	
	006c19e0	105	
	006c1a50	238	
	006c1b40	488	
	006c1d30	96	
	006c1d90	87	
	006c1df0	395	
	006c1f80	143	
	006c2010	161	
	006c20c0	512	
	006c22c0	310	
	006c2400	306	
	006c2540	24	
	006c2560	357	
	006c26d0	68	
	006c2720	12	
	006c2730	12	
	006c2740	12	
	006c2750	10	
	006c2760	16	
	006c2770	12	
	006c2780	10	
	006c2790	10	
	006c27a0	16	
	006c27b0	12	
	006c27c0	10	
	006c27d0	220	
	006c28b0	30	
	006c28d0	113	
	006c2950	284	
	006c2a70	46	
	006c2aa0	308	
	006c2be0	167	
	006c2c90	26	
	006c2cb0	35	
	006c2ce0	68	
	006c2d30	12	
	006c2d40	12	
	006c2d50	12	
	006c2d60	10	
	006c2d70	16	
	006c2d80	12	
	006c2d90	10	
	006c2da0	10	
	006c2db0	16	
	006c2dc0	12	
	006c2dd0	10	
	006c2de0	165	
	006c2e90	11	
	006c2ea0	30	
	006c2ec0	97	
	006c2f30	30	
	006c2f50	121	
	006c2fd0	17	
	006c2ff0	1187	
	006c34a0	133	
	006c3530	68	
	006c3580	12	
	006c3590	12	
	006c35a0	12	
	006c35b0	10	
	006c35c0	16	
	006c35d0	12	
	006c35e0	10	
	006c35f0	10	
	006c3600	16	
	006c3610	12	
	006c3620	10	
	006c3630	10	
	006c3640	16	
	006c3650	12	
	006c3660	10	
	006c3670	170	
	006c3720	30	
	006c3740	18	
	006c3760	69	
	006c37b0	5	
	006c37c0	77	
	006c3810	326	
	006c3970	48	
	006c39a0	561	
	006c3be0	13	
	006c3bf0	68	
	006c3c40	12	
	006c3c50	12	
	006c3c60	12	
	006c3c70	10	
	006c3c80	16	
	006c3c90	12	
	006c3ca0	10	
	006c3cb0	10	
	006c3cc0	16	
	006c3cd0	12	
	006c3ce0	10	
	006c3cf0	85	
	006c3d50	30	
	006c3d70	18	
	006c3d90	52	
	006c3dd0	331	
	006c3f20	103	
	006c3f90	410	
	006c4130	947	
	006c44f0	115	
	006c4570	13	
	006c4580	144	
	006c4610	33	
	006c4640	259	
	006c4750	13	
	006c4760	13	
	006c4770	67	
	006c47c0	68	
	006c4810	12	
	006c4820	12	
	006c4830	12	
	006c4840	10	
	006c4850	16	
	006c4860	12	
	006c4870	10	
	006c4880	10	
	006c4890	16	
	006c48a0	12	
	006c48b0	10	
	006c48c0	10	
	006c48d0	13	
	006c48e0	12	
	006c48f0	31	
	006c4910	10	
	006c4920	13	
	006c4930	12	
	006c4940	31	
	006c4960	10	
	006c4970	10	
	006c4980	12	
	006c4990	31	
	006c49b0	292	
	006c4ae0	30	
	006c4b00	155	
	006c4ba0	35	
	006c4bd0	1142	
	006c5050	65	
	006c50a0	279	
	006c51c0	244	
	006c52c0	319	
	006c5400	109	
	006c5470	113	
	006c54f0	49	
	006c5530	13	
	006c5540	135	
	006c55d0	34	
	006c5600	34	
	006c5630	251	
	006c5730	68	
	006c5780	12	
	006c5790	12	
	006c57a0	12	
	006c57b0	10	
	006c57c0	16	
	006c57d0	12	
	006c57e0	10	
	006c57f0	10	
	006c5800	16	
	006c5810	12	
	006c5820	10	
	006c5830	52	
	006c5870	30	
	006c5890	18	
	006c58b0	506	
	006c5ab0	147	
	006c5b50	68	
	006c5ba0	12	
	006c5bb0	12	
	006c5bc0	12	
	006c5bd0	5	
006c5bd0	006c5be0	23	
	006c5c00	10	
	006c5c10	736	
	006c5ef0	12	
	006c5f00	31	
	006c5f20	10	
	006c5f30	28	
	006c5f50	12	
	006c5f60	53	
	006c5fa0	180	
	006c6060	30	
	006c6080	39	
	006c60b0	238	
	006c61a0	895	
	006c6520	341	
	006c6680	925	
	006c6a20	10	
	006c6a30	158	
	006c6ad0	94	
	006c6b30	179	
	006c6bf0	44	
	006c6c20	916	
	006c6fc0	219	
	006c70a0	68	
	006c70f0	12	
	006c7100	12	
	006c7110	12	
	006c7120	87	
	006c7180	32	
	006c71a0	5	
	006c71b0	549	
	006c73e0	12	
	006c73f0	331	
	006c7540	86	
	006c75a0	10	
	006c75b0	744	
	006c78a0	12	
	006c78b0	31	
	006c78d0	10	
	006c78e0	28	
	006c7900	12	
	006c7910	53	
	006c7950	10	
	006c7960	41	
	006c7990	12	
	006c79a0	35	
	006c79d0	542	
	006c7bf0	34	
	006c7c20	225	
	006c7d10	362	
	006c7e80	445	
	006c8040	744	
	006c8330	1216	
	006c87f0	703	
	006c8ab0	143	
	006c8b40	141	
	006c8bd0	607	
	006c8e30	144	
	006c8ec0	126	
	006c8f40	211	
	006c9020	423	
	006c91d0	423	
	006c9380	422	
	006c9530	47	
	006c9560	217	
	006c9640	65	
	006c9690	50	
	006c96d0	158	
	006c9770	94	
	006c97d0	179	
	006c9890	44	
	006c98c0	926	
	006c9c60	219	
	006c9d40	68	
	006c9d90	12	
	006c9da0	12	
	006c9db0	12	
	006c9dc0	87	
	006c9e20	32	
	006c9e40	8	
	006c9e50	342	
	006c9fb0	12	
	006c9fc0	940	
	006ca370	1980	
	006cab30	1666	
	006cb1c0	599	
	006cb420	10	
	006cb430	746	
	006cb720	12	
	006cb730	31	
	006cb750	10	
	006cb760	28	
	006cb780	12	
	006cb790	53	
	006cb7d0	10	
	006cb7e0	41	
	006cb810	12	
	006cb820	35	
	006cb850	538	
	006cba70	34	
	006cbaa0	225	
	006cbb90	366	
	006cbd00	459	
	006cbed0	703	
	006cc190	685	
	006cc440	703	
	006cc700	133	
	006cc790	159	
	006cc830	607	
	006cca90	144	
	006ccb20	126	
	006ccba0	211	
	006ccc80	487	
	006cce70	487	
	006cd060	422	
	006cd210	51	
	006cd250	47	
	006cd280	217	
	006cd360	158	
	006cd400	94	
	006cd460	44	
	006cd490	934	
	006cd840	219	
	006cd920	68	
	006cd970	12	
	006cd980	12	
	006cd990	12	
	006cd9a0	87	
	006cda00	32	
	006cda20	8	
	006cda30	346	
	006cdb90	12	
	006cdba0	988	
	006cdf80	2028	
	006ce770	10	
	006ce780	750	
	006cea70	12	
	006cea80	31	
	006ceaa0	10	
	006ceab0	28	
	006cead0	12	
	006ceae0	53	
	006ceb20	5	
006ceb20	006ceb30	11	
	006ceb40	256	
	006cec40	30	
	006cec60	97	
	006cecd0	247	
	006cedd0	457	
	006cefa0	338	
	006cf100	629	
	006cf380	448	
	006cf540	155	
	006cf5e0	134	
	006cf670	748	
	006cf960	135	
	006cf9f0	126	
	006cfa70	211	
	006cfb50	234	
	006cfc40	207	
	006cfd10	158	
	006cfdb0	94	
	006cfe10	179	
	006cfed0	44	
	006cff00	938	
	006d02b0	219	
	006d0390	68	
	006d03e0	12	
	006d03f0	12	
	006d0400	12	
	006d0410	87	
	006d0470	32	
	006d0490	5	
	006d04a0	635	
	006d0720	12	
	006d0730	401	
	006d08d0	10	
	006d08e0	736	
	006d0bc0	12	
	006d0bd0	31	
	006d0bf0	10	
	006d0c00	28	
	006d0c20	12	
	006d0c30	53	
	006d0c70	10	
	006d0c80	41	
	006d0cb0	12	
	006d0cc0	35	
	006d0cf0	172	
	006d0da0	30	
	006d0dc0	30	
	006d0de0	399	
	006d0f70	221	
	006d1050	281	
	006d1170	581	
	006d13c0	164	
	006d1470	155	
	006d1510	168	
	006d15c0	55	
	006d1600	292	
	006d1730	67	
	006d1780	203	
	006d1850	126	
	006d18d0	211	
	006d19b0	402	
	006d1b50	193	
	006d1c20	158	
	006d1cc0	94	
	006d1d20	179	
	006d1de0	44	
	006d1e10	916	
	006d21b0	219	
	006d2290	68	
	006d22e0	12	
	006d22f0	12	
	006d2300	12	
	006d2310	87	
	006d2370	32	
	006d2390	5	
	006d23a0	581	
	006d25f0	12	
	006d2600	298	
	006d2730	10	
	006d2740	722	
	006d2a20	12	
	006d2a30	31	
	006d2a50	10	
	006d2a60	28	
	006d2a80	12	
	006d2a90	53	
	006d2ad0	10	
	006d2ae0	41	
	006d2b10	12	
	006d2b20	35	
	006d2b50	171	
	006d2c00	30	
	006d2c20	30	
	006d2c40	399	
	006d2dd0	224	
	006d2eb0	139	
	006d2f40	168	
	006d2ff0	99	
	006d3060	318	
	006d31a0	81	
	006d3200	205	
	006d32d0	120	
	006d3350	211	
	006d3430	382	
	006d35b0	210	
	006d3690	155	
	006d3730	94	
	006d3790	179	
	006d3850	44	
	006d3880	902	
	006d3c10	219	
	006d3cf0	68	
	006d3d40	12	
	006d3d50	12	
	006d3d60	12	
	006d3d70	84	
	006d3dd0	32	
	006d3df0	5	
	006d3e00	541	
	006d4020	12	
	006d4030	263	
	006d4140	10	
	006d4150	742	
	006d4440	12	
	006d4450	31	
	006d4470	10	
	006d4480	28	
	006d44a0	12	
	006d44b0	53	
	006d44f0	5	
006d44f0	006d4500	31	
	006d4520	5	
006d4520	006d4530	31	
	006d4550	262	
	006d4660	119	
	006d46e0	30	
	006d4700	11	
	006d4710	238	
	006d4800	481	
	006d49f0	598	
	006d4c50	2980	
	006d5800	2245	
	006d60d0	1810	
	006d67f0	155	
	006d6890	147	
	006d6930	126	
	006d69b0	211	
	006d6a90	549	
	006d6cc0	456	
	006d6e90	158	
	006d6f30	94	
	006d6f90	179	
	006d7050	44	
	006d7080	928	
	006d7420	219	
	006d7500	68	
	006d7550	12	
	006d7560	12	
	006d7570	12	
	006d7580	87	
	006d75e0	32	
	006d7600	5	
	006d7610	783	
	006d7920	12	
	006d7930	500	
	006d7b30	45	
	006d7b60	10	
	006d7b70	717	
	006d7e40	12	
	006d7e50	31	
	006d7e70	10	
	006d7e80	28	
	006d7ea0	12	
	006d7eb0	53	
	006d7ef0	178	
	006d7fb0	30	
	006d7fd0	30	
	006d7ff0	238	
	006d80e0	188	
	006d81a0	189	
	006d8260	736	
	006d8540	174	
	006d85f0	155	
	006d8690	140	
	006d8720	120	
	006d87a0	211	
	006d8880	300	
	006d89b0	214	
	006d8a90	155	
	006d8b30	94	
	006d8b90	179	
	006d8c50	44	
	006d8c80	898	
	006d9010	219	
	006d90f0	68	
	006d9140	12	
	006d9150	12	
	006d9160	12	
	006d9170	84	
	006d91d0	32	
	006d91f0	5	
	006d9200	534	
	006d9420	12	
	006d9430	257	
	006d9540	10	
	006d9550	736	
	006d9830	12	
	006d9840	31	
	006d9860	10	
	006d9870	28	
	006d9890	12	
	006d98a0	53	
	006d98e0	10	
	006d98f0	41	
	006d9920	12	
	006d9930	35	
	006d9960	370	
	006d9ae0	30	
	006d9b00	33	
	006d9b30	238	
	006d9c20	429	
	006d9dd0	1725	
	006da490	2750	
	006daf50	162	
	006db000	171	
	006db0b0	99	
	006db120	318	
	006db260	81	
	006db2c0	216	
	006db3a0	126	
	006db420	211	
	006db500	619	
	006db770	441	
	006db930	158	
	006db9d0	94	
	006dba30	179	
	006dbaf0	44	
	006dbb20	916	
	006dbec0	219	
	006dbfa0	68	
	006dbff0	12	
	006dc000	12	
	006dc010	12	
	006dc020	87	
	006dc080	32	
	006dc0a0	5	
	006dc0b0	834	
	006dc400	12	
	006dc410	626	
	006dc690	10	
	006dc6a0	742	
	006dc990	12	
	006dc9a0	31	
	006dc9c0	10	
	006dc9d0	28	
	006dc9f0	12	
	006dca00	53	
	006dca40	418	
	006dcbf0	30	
	006dcc10	97	
	006dcc80	238	
	006dcd70	400	
	006dcf00	430	
	006dd0b0	1842	
	006dd7f0	3132	
	006de430	162	
	006de4e0	143	
	006de570	126	
	006de5f0	211	
	006de6d0	553	
	006de900	457	
	006dead0	158	
	006deb70	94	
	006debd0	179	
	006dec90	44	
	006decc0	930	
	006df070	219	
	006df150	68	
	006df1a0	12	
	006df1b0	12	
	006df1c0	12	
	006df1d0	87	
	006df230	32	
	006df250	5	
	006df260	344	
	006df3c0	12	
	006df3d0	706	
	006df6a0	678	
	006df950	10	
	006df960	742	
	006dfc50	12	
	006dfc60	31	
	006dfc80	10	
	006dfc90	28	
	006dfcb0	12	
	006dfcc0	53	
	006dfd00	10	
	006dfd10	41	
	006dfd40	12	
	006dfd50	35	
	006dfd80	374	
	006dff00	34	
	006dff30	132	
	006dffc0	399	
	006e0150	283	
	006e0270	341	
	006e03d0	1178	
	006e0870	719	
	006e0b40	159	
	006e0be0	178	
	006e0ca0	81	
	006e0d00	205	
	006e0dd0	126	
	006e0e50	211	
	006e0f30	323	
	006e1080	254	
	006e1180	158	
	006e1220	94	
	006e1280	179	
	006e1340	44	
	006e1370	921	
	006e1710	219	
	006e17f0	68	
	006e1840	12	
	006e1850	12	
	006e1860	12	
	006e1870	87	
	006e18d0	32	
	006e18f0	8	
	006e1900	796	
	006e1c20	12	
	006e1c30	683	
	006e1ee0	81	
	006e1f40	5	
006e1f40	006e1f50	23	
	006e1f70	10	
	006e1f80	717	
	006e2250	12	
	006e2260	31	
	006e2280	10	
	006e2290	28	
	006e22b0	12	
	006e22c0	53	
	006e2300	174	
	006e23b0	30	
	006e23d0	39	
	006e2400	1385	
	006e2970	338	
	006e2ad0	798	
	006e2df0	110	
	006e2e60	158	
	006e2f00	94	
	006e2f60	179	
	006e3020	44	
	006e3050	899	
	006e33e0	219	
	006e34c0	68	
	006e3510	12	
	006e3520	12	
	006e3530	12	
	006e3540	87	
	006e35a0	32	
	006e35c0	5	
	006e35d0	540	
	006e37f0	12	
	006e3800	319	
	006e3940	10	
	006e3950	717	
	006e3c20	12	
	006e3c30	31	
	006e3c50	10	
	006e3c60	28	
	006e3c80	12	
	006e3c90	53	
	006e3cd0	196	
	006e3da0	30	
	006e3dc0	124	
	006e3e40	108	
	006e3eb0	88	
	006e3f10	1098	
	006e4360	10	
	006e4370	155	
	006e4410	94	
	006e4470	179	
	006e4530	44	
	006e4560	902	
	006e48f0	219	
	006e49d0	65	
	006e4a20	68	
	006e4a70	12	
	006e4a80	12	
	006e4a90	12	
	006e4aa0	84	
	006e4b00	32	
	006e4b20	5	
	006e4b30	483	
	006e4d20	12	
	006e4d30	235	
	006e4e20	187	
	006e4ee0	74	
	006e4f30	10	
	006e4f40	729	
	006e5220	12	
	006e5230	31	
	006e5250	10	
	006e5260	28	
	006e5280	12	
	006e5290	53	
	006e52d0	224	
	006e53b0	30	
	006e53d0	108	
	006e5440	385	
	006e55d0	218	
	006e56b0	155	
	006e5750	120	
	006e57d0	211	
	006e58b0	156	
	006e5950	156	
	006e59f0	155	
	006e5a90	94	
	006e5af0	44	
	006e5b20	913	
	006e5ec0	219	
	006e5fa0	169	
	006e6050	68	
	006e60a0	12	
	006e60b0	12	
	006e60c0	12	
	006e60d0	84	
	006e6130	32	
	006e6150	5	
	006e6160	504	
	006e6360	12	
	006e6370	217	
	006e6450	50	
	006e6490	7	
	006e64a0	86	
	006e6500	88	
	006e6560	68	
	006e65b0	12	
	006e65c0	12	
	006e65d0	12	
	006e65e0	10	
	006e65ea	13	
	006e65f7	12	
	006e6603	10	
	006e660d	10	
	006e6617	13	
	006e6624	12	
	006e6630	10	
	006e663a	10	
	006e6644	15	
	006e6653	12	
	006e665f	31	
	006e667e	10	
	006e6688	15	
	006e6697	12	
	006e66a3	10	
	006e66ad	21	
	006e66c2	10	
	006e66cc	13	
	006e66d9	12	
	006e66e5	10	
	006e66ef	10	
	006e66f9	15	
	006e6708	12	
	006e6714	10	
	006e671e	10	
	006e6728	15	
	006e6737	12	
	006e6743	10	
	006e674d	383	
	006e68cc	67	
	006e690f	95	
	006e696e	95	
	006e69cd	11	
	006e69d8	103	
	006e6a3f	16	
	006e6a4f	77	
	006e6a9c	42	
	006e6ac6	12	
	006e6ad2	12	
	006e6ade	1	
	006e6adf	10	
	006e6ae9	10	
	006e6af3	12	
	006e6aff	10	
	006e6b09	10	
	006e6b13	10	
	006e6b1d	12	
	006e6b29	10	
	006e6b33	10	
	006e6b3d	13	
	006e6b4a	12	
	006e6b56	10	
	006e6b60	10	
	006e6b6a	13	
	006e6b77	12	
	006e6b83	10	
	006e6b8d	10	
	006e6b97	13	
	006e6ba4	12	
	006e6bb0	10	
	006e6bba	10	
	006e6bc4	15	
	006e6bd3	12	
	006e6bdf	10	
	006e6be9	21	
	006e6bfe	10	
	006e6c08	15	
	006e6c17	12	
	006e6c23	10	
	006e6c2d	21	
	006e6c42	10	
	006e6c4c	15	
	006e6c5b	12	
	006e6c67	10	
	006e6c71	10	
	006e6c7b	15	
	006e6c8a	12	
	006e6c96	10	
	006e6ca0	385	
	006e6e21	67	
	006e6e64	106	
	006e6ece	95	
	006e6f2d	74	
	006e6f77	11	
	006e6f82	104	
	006e6fea	95	
	006e7049	96	
	006e70a9	14	
	006e70b7	7	
	006e70be	3	
	006e70c1	5	
	006e70c6	33	
	006e70e7	135	
	006e716e	136	
	006e71f6	36	
	006e721a	36	
	006e723e	5	
	006e7243	11	
	006e724e	101	
	006e72b3	328	
	006e73fb	183	
	006e74b2	46	
	006e74e0	286	
	006e75fe	111	
	006e766d	175	
	006e771c	46	
	006e774a	25	
	006e776f	19	
	006e7782	28	
	006e779e	31	
	006e77bd	28	
	006e77d9	28	
	006e77f5	74	
	006e783f	20	
	006e7853	17	
	006e7864	16	
	006e7874	20	
	006e7888	16	
	006e7898	39	
	006e78bf	86	
	006e7915	66	
	006e7957	42	
	006e7981	12	
	006e798d	12	
	006e7999	140	
006e7999	006e7a26	15	
	006e7a35	100	
	006e7a99	13	
	006e7aa6	29	
	006e7ac3	61	
	006e7b00	28	
	006e7b1c	93	
	006e7b79	61	
	006e7bb6	29	
	006e7bd3	28	
	006e7bef	24	
	006e7c07	80	
	006e7c57	34	
	006e7c79	78	
	006e7cc7	56	
	006e7cff	66	
	006e7d41	11	
	006e7d4c	3	
	006e7d4f	126	
	006e7dcd	30	
	006e7deb	21	
	006e7e00	10	
	006e7e0a	1	
	006e7e0b	12	
	006e7e17	10	
	006e7e21	86	
	006e7e77	59	
	006e7eb2	202	
	006e7f7c	74	
	006e7fc6	114	
	006e8038	28	
	006e8054	136	
	006e80dc	42	
	006e8106	12	
	006e8112	12	
	006e811e	54	
	006e8154	131	
	006e81d7	628	
	006e844b	85	
	006e84a0	288	
	006e85c0	179	
	006e8673	185	
	006e872c	117	
	006e87a1	73	
	006e87ea	220	
	006e88c6	220	
	006e89a2	196	
	006e8a66	441	
	006e8c1f	33	
	006e8c40	42	
	006e8c6a	12	
	006e8c76	12	
	006e8c82	89	
	006e8cdc	100	
	006e8d40	29	
	006e8d5d	61	
	006e8d9a	28	
	006e8db6	93	
	006e8e13	61	
	006e8e50	29	
	006e8e6d	28	
	006e8e89	24	
	006e8ea1	89	
	006e8efb	61	
	006e8f38	29	
	006e8f55	28	
	006e8f71	24	
	006e8f89	42	
	006e8fb3	12	
	006e8fbf	12	
	006e8fcb	127	
	006e904a	232	
	006e9132	168	
	006e91da	127	
	006e9259	225	
	006e933a	70	
	006e9380	43	
	006e93ab	70	
	006e93f1	195	
	006e94b4	43	
	006e94df	67	
	006e9522	59	
	006e955d	72	
	006e95a5	361	
	006e970e	73	
	006e9757	75	
	006e97a2	318	
	006e98e0	204	
	006e99ac	176	
	006e9a5c	50	
	006e9a8e	122	
	006e9b08	42	
	006e9b32	12	
	006e9b3e	12	
	006e9b4a	121	
	006e9bc3	42	
	006e9bed	12	
	006e9bf9	12	
	006e9c05	95	
	006e9c64	115	
	006e9cd7	84	
	006e9d2b	46	
	006e9d59	60	
	006e9d95	21	
	006e9daa	99	
	006e9e0d	275	
	006e9f20	65	
	006e9f61	75	
	006e9fac	25	
	006e9fc5	11	
	006e9fd0	29	
	006e9fed	28	
	006ea009	24	
	006ea021	10	
	006ea02b	1362	
	006ea57d	9	
	006ea586	130	
	006ea608	211	
	006ea6db	79	
	006ea72a	3	
	006ea72d	39	
	006ea754	63	
	006ea793	44	
	006ea7bf	44	
	006ea7eb	49	
	006ea81c	45	
	006ea849	49	
	006ea87a	45	
	006ea8a7	15	
	006ea8b6	45	
	006ea8e3	13	
	006ea8f0	44	
	006ea91c	220	
	006ea9f8	426	
	006eaba2	204	
	006eac6e	200	
	006ead36	174	
	006eade4	174	
	006eae92	170	
	006eaf3c	170	
	006eafe6	170	
	006eb090	254	
	006eb18e	435	
	006eb341	88	
	006eb399	88	
	006eb3f1	126	
	006eb46f	126	
	006eb4ed	210	
	006eb5bf	5	
	006eb5c4	5	
	006eb5c9	54	
	006eb5ff	54	
	006eb635	67	
	006eb678	215	
	006eb74f	34	
	006eb771	5	
	006eb776	113	
	006eb7e7	309	
	006eb91c	138	
	006eb9a6	308	
	006ebada	316	
	006ebc16	54	
	006ebc4c	4	
	006ebc50	12	
	006ebc5c	12	
	006ebc68	4	
	006ebc6c	196	
	006ebd30	305	
	006ebe61	62	
	006ebe9f	62	
	006ebedd	102	
	006ebf43	28	
	006ebf5f	32	
	006ebf7f	28	
	006ebf9b	26	
	006ebfb5	28	
	006ebfd1	44	
	006ebffd	28	
	006ec019	35	
	006ec03c	7	
	006ec043	28	
	006ec05f	28	
	006ec07b	35	
	006ec09e	52	
	006ec0d2	28	
	006ec0ee	5	
	006ec0f3	40	
	006ec11b	24	
	006ec133	34	
	006ec155	49	
	006ec186	975	
	006ec555	843	
	006ec8a0	94	
	006ec8fe	741	
	006ecbe3	90	
	006ecc3d	686	
	006eceeb	23	
	006ecf02	23	
	006ecf19	93	
	006ecf76	40	
	006ecf9e	2222	
	006ed84c	1486	
	006ede1a	8	
	006ede22	105	
	006ede8b	38	
	006edeb1	64	
	006edef1	51	
	006edf24	70	
	006edf6a	71	
	006edfb1	343	
	006ee108	35	
	006ee12b	36	
	006ee14f	39	
	006ee176	31	
	006ee195	23	
	006ee1ac	222	
	006ee28a	66	
	006ee2cc	88	
	006ee324	149	
	006ee3b9	69	
	006ee3fe	108	
	006ee46a	44	
	006ee496	137	
	006ee51f	61	
	006ee55c	23	
	006ee573	235	
	006ee65e	146	
	006ee6f0	68	
	006ee734	33	
	006ee75b	103	
	006ee7c2	48	
	006ee7f2	97	
	006ee853	196	
	006ee917	220	
	006ee9f3	220	
	006eeacf	196	
	006eeb93	196	
	006eec57	196	
	006eed1b	220	
	006eedf7	220	
	006eeed3	207	
	006eefa2	207	
	006ef071	196	
	006ef135	196	
	006ef1f9	196	
	006ef2bd	84	
	006ef311	460	
	006ef4dd	62	
	006ef51b	96	
	006ef57b	109	
	006ef5e8	63	
	006ef627	89	
	006ef680	84	
	006ef6d4	114	
	006ef746	89	
	006ef79f	78	
	006ef7ed	78	
	006ef83b	78	
	006ef889	78	
	006ef8d7	78	
	006ef925	78	
	006ef973	78	
	006ef9c1	78	
	006efa0f	78	
	006efa5d	78	
	006efaab	78	
	006efaf9	78	
	006efb47	78	
	006efb95	95	
	006efbf4	77	
	006efc41	77	
	006efc8e	77	
	006efcdb	77	
	006efd28	77	
	006efd75	77	
	006efdc2	77	
	006efe0f	77	
	006efe5c	77	
	006efea9	77	
	006efef6	77	
	006eff43	77	
	006eff90	77	
	006effdd	21	
	006efff2	12	
	006efffe	856	
	006f0356	62	
	006f0394	207	
	006f0463	33	
	006f0484	113	
	006f04f5	3	
	006f04f8	302	
	006f0626	138	
	006f06b0	298	
	006f07da	280	
	006f08f2	4	
	006f08f6	4	
	006f08fa	54	
	006f0930	54	
	006f0966	54	
	006f099c	54	
	006f09d2	177	
	006f0a83	277	
	006f0b98	62	
	006f0bd6	62	
	006f0c14	102	
	006f0c7a	217	
	006f0d53	28	
	006f0d6f	35	
	006f0d92	28	
	006f0dae	28	
	006f0dca	28	
	006f0de6	35	
	006f0e09	28	
	006f0e25	26	
	006f0e3f	5	
	006f0e44	52	
	006f0e78	28	
	006f0e94	38	
	006f0eba	40	
	006f0ee2	2165	
	006f1757	1451	
	006f1d02	64	
	006f1d42	51	
	006f1d75	311	
	006f1eac	127	
	006f1f2b	23	
	006f1f42	23	
	006f1f59	23	
	006f1f70	218	
	006f204a	97	
	006f20ab	196	
	006f216f	196	
	006f2233	220	
	006f230f	220	
	006f23eb	207	
	006f24ba	207	
	006f2589	196	
	006f264d	196	
	006f2711	84	
	006f2765	114	
	006f27d7	89	
	006f2830	109	
	006f289d	78	
	006f28eb	78	
	006f2939	78	
	006f2987	78	
	006f29d5	78	
	006f2a23	78	
	006f2a71	78	
	006f2abf	78	
	006f2b0d	95	
	006f2b6c	77	
	006f2bb9	77	
	006f2c06	77	
	006f2c53	77	
	006f2ca0	77	
	006f2ced	77	
	006f2d3a	77	
	006f2d87	77	
	006f2dd4	21	
	006f2de9	12	
	006f2df5	84	
	006f2e49	126	
	006f2ec7	18	
	006f2ed9	47	
	006f2f10	39	
	006f2f37	106	
006f2f37	006f2faa	79	
006f2f37	006f3002	30	
	006f2fa1	9	
	006f2ff9	9	
	006f3020	164	
	006f30c4	32	
	006f30e4	34	
	006f3106	104	
	006f316e	35	
	006f3191	9	
	006f319a	24	
	006f31bc	189	
	006f3279	27	
	006f3294	28	
	006f32b0	61	
	006f32ed	74	
	006f3337	22	
	006f334d	13	
	006f335a	41	
	006f3383	28	
	006f339f	14	
	006f33ad	45	
	006f33e1	7	
	006f33e8	7	
	006f33ef	79	
	006f343e	54	
	006f3474	84	
	006f34c8	37	
	006f34ed	182	
	006f35a3	109	
006f35a3	006f3613	5	
	006f3618	123	
	006f3693	58	
	006f36d0	91	
006f36d0	006f372c	7	
006f36d0	006f3740	41	
006f36d0	006f376c	35	
006f36d0	006f3790	25	
006f36d0	006f37cc	74	
006f36d0	006f3828	7	
006f36d0	006f3830	11	
006f36d0	006f383c	17	
006f36d0	006f3850	23	
006f36d0	006f3868	38	
006f36d0	006f3890	9	
006f36d0	006f389c	31	
006f36d0	006f38c8	29	
006f36d0	006f38e8	39	
006f36d0	006f3910	49	
006f36d0	006f3964	74	
006f36d0	006f39c0	7	
006f36d0	006f39c8	13	
006f36d0	006f39d8	19	
006f36d0	006f39ec	25	
	006f3a05	82	
	006f3a57	23	
	006f3a6e	1	
	006f3a6f	56	
	006f3ab0	165	
	006f3b55	6	
	006f3b60	62	
	006f3b9e	106	
	006f3c08	24	
	006f3c20	104	
	006f3c88	24	
	006f3ca0	60	
006f3ca0	006f3ce9	21	
	006f3d14	253	
	006f3e1c	34	
	006f3e41	35	
	006f3e65	9	
	006f3e70	31	
	006f3e90	39	123414343333311
	006f3eb7	139	
	006f3f42	11	
	006f3f4d	87	
	006f3fb0	208	
	006f4080	49	
	006f40b1	76	
	006f40fd	47	
	006f412c	266	
	006f4236	59	
	006f4271	49	
	006f42a2	41	
	006f42cb	110	
	006f4339	34	
	006f435b	44	
	006f4387	141	
	006f4414	24	
	006f442c	175	
	006f44db	47	
	006f450a	46	
	006f4538	92	
	006f4594	9	
	006f459d	164	
	006f465a	10	
	006f4664	30	272225311221
	006f46ad	5	
	006f46b9	7	
	006f46c0	128	
	006f4740	42	
	006f476a	37	
	006f478f	111	
	006f47fe	207	
	006f48cd	207	
	006f49a0	25	
	006f49c2	467	21462564665656436253227665576655114552122525225222254245425652422232133445313232655454624525438262225522625254225252522622655
	006f4b95	40	2222312622223122121
	006f4bbd	340	
	006f4d11	78	
	006f4d5f	44	
	006f4d8b	18	
	006f4d9d	44	
	006f4dc9	103	
006f4dc9	006f4e39	83	
006f4dc9	006f4e98	45	
	006f4e30	9	
	006f4e8f	9	
	006f4ec5	23	
	006f4edc	517	
	006f50e1	23	
	006f50f8	115	
	006f516b	9	
	006f5174	9	
	006f5180	47	
	006f51b0	33	
	006f51d1	70	
006f5230	006f5220	5	
	006f5230	188	
	006f52ec	93	
	006f5349	431	
	006f54f8	47	
	006f5530	20	
	006f554d	174	14262552222222227656524254262222225252522657656511
	006f5600	20	
	006f561d	174	142625522222222765652425426262225252522657656511
	006f56cb	46	
	006f56f9	46	
	006f5727	107	
	006f5792	125	
	006f582e	48	
	006f5860	65	
	006f58a1	29	
	006f58be	93	
	006f591b	201	
	006f59e4	53	
	006f5a19	41	
	006f5a42	93	
	006f5a9f	256	
	006f5b9f	81	
	006f5bf0	56	
	006f5c28	34	
	006f5c4a	28	
	006f5c66	5	
	006f5c6b	24	
	006f5c83	24	
	006f5c9b	229	
	006f5db2	24	
	006f5dca	24	
	006f5de2	26	
	006f5dfc	90	
	006f5e56	249	
	006f5f4f	312	
	006f6087	35	
	006f60b0	20	
	006f60cd	145	1426262312765656223122225252522657656511
	006f615e	20	
	006f6172	146	
	006f6204	89	
	006f625d	105	
	006f62c6	25	
	006f62df	220	
	006f63bb	49	
	006f63ec	19	
	006f63ff	46	
	006f642d	205	
	006f64fa	32	
	006f651a	100	
	006f657e	352	
	006f66de	168	
	006f6786	20	
	006f679a	47	
	006f67c9	35	
	006f67ec	47	
	006f681b	35	
	006f6840	31	
	006f6860	91	
006f6860	006f68bc	7	
006f6860	006f68d0	41	
006f6860	006f68fc	35	
006f6860	006f6920	25	
006f6860	006f695c	74	
006f6860	006f69b8	7	
006f6860	006f69c0	11	
006f6860	006f69cc	17	
006f6860	006f69e0	23	
006f6860	006f69f8	38	
006f6860	006f6a20	9	
006f6860	006f6a2c	31	
006f6860	006f6a58	29	
006f6860	006f6a78	39	
006f6860	006f6aa0	49	
006f6860	006f6af4	74	
006f6860	006f6b50	7	
006f6860	006f6b58	13	
006f6860	006f6b68	19	
006f6860	006f6b7c	25	
	006f6ba0	88	
	006f6c00	123	
	006f6c7b	42	
	006f6ca5	249	
	006f6d9e	42	
	006f6dc8	237	
	006f6eb5	35	
	006f6ed8	241	
	006f707c	582	
	006f72c2	283	
	006f73dd	185	
	006f7496	280	
	006f75ae	37	
	006f75d3	204	
	006f769f	83	
	006f76f2	387	
006f76f2	006f7886	319	
006f76f2	006f79d6	75	
	006f787d	9	
	006f79cb	11	
	006f7a21	41	
	006f7a4a	97	
	006f7aab	21	
	006f7ac0	272	
006f7ac0	006f7be3	161	
006f7ac0	006f7c96	78	
	006f7ce4	43	
	006f7d0f	117	
	006f7d84	170	
	006f7e2e	143	
	006f7ebd	149	
	006f7f52	562	
	006f8184	250	
	006f827e	1007	
	006f866d	39	
	006f8694	111	
	006f8703	73	
	006f874c	719	
	006f8a1b	439	
006f8a1b	006f8be8	89	
006f8a1b	006f8c53	69	
	006f8c98	45	
	006f8cc5	17	
	006f8cd6	17	
	006f8ce7	163	
	006f8d8c	9	
	006f8d95	9	
	006f8d9e	26	
	006f8db8	103	
006f8db8	006f8e2b	111	
	006f8e22	9	
	006f8e9d	9	
	006f8ea6	45	
	006f8ed3	328	
	006f901b	93	
	006f9078	72	
	006f90c0	43	
	006f90eb	809	
	006f9414	777	
	006f971d	177	
	006f97ce	251	
	006f98c9	758	
	006f9bbf	324	
	006f9d03	86	
	006f9d59	194	
	006f9e1b	87	
	006f9e72	69	
	006f9eb7	520	
	006fa0bf	292	
	006fa1e3	169	
	006fa28c	84	
	006fa2e0	19	
	006fa2f3	103	
	006fa35a	160	
	006fa400	7	
	006fa410	224	
	006fa4f0	67	
006fa4f0	006fa534	6	
006fa4f0	006fa53c	56	
	006fa574	155	
	006fa60f	435	
	006fa7c2	170	
	006fa86c	93	
	006fa8c9	103	
006fa8c9	006fa94a	29	
	006fa967	123	
	006fa9e2	165	
	006faaaf	78	
	006fab27	440	
	006faceb	86	
	006fad52	35	
	006fad80	76	
	006fadcc	72	
	006fae14	4	
	006fae1f	14	
	006fae2d	61	
006fae2d	006fae71	18	
	006fae83	70	
	006faec9	17	
	006faeda	13	
	006faee7	280	
	006fafff	1825	
	006fb740	53	
	006fb775	49	
	006fb7a6	56	
	006fb7de	13	
	006fb7eb	16	
	006fb7fb	14	
	006fb809	18	
	006fb81b	62	
	006fb859	41	
	006fb882	90	
	006fb8dc	78	
	006fb92a	24	
	006fb942	62	
	006fb980	97	
	006fb9e1	194	
	006fbaa3	85	
	006fbaf8	167	
	006fbb9f	147	
	006fbc32	81	
	006fbc83	37	
	006fbca8	318	
	006fbde6	58	
	006fbe20	88	
	006fbe78	185	
	006fbf31	153	
	006fbfca	436	
	006fc17e	306	
	006fc2b0	444	
	006fc46c	57	
	006fc4a5	339	
	006fc600	52	
	006fc634	127	
	006fc6b3	111	
	006fc722	203	
	006fc7ed	93	
	006fc84a	131	
	006fc8cd	43	
	006fc8f8	101	
	006fc95d	395	
	006fcae8	220	
	006fcbc4	68	
	006fcc08	40	
	006fcc30	400	
	006fcdc0	101	
	006fce25	115	
	006fce98	353	
	006fcff9	47	
	006fd028	145	
	006fd0b9	147	
	006fd150	62	1261717257511126232
	006fd18e	61	1261772577511162
	006fd1cb	72	12613353335377755111
	006fd213	7	
	006fd21a	305	726622222222365742342a26117432422a622222631262a62222263126116167213611423311366116331531135
	006fd34b	51	126133537755111
	006fd37e	60	
	006fd3c0	103	42733224765267716222221362232
	006fd427	140	4273322476526772627262222212222221222362232
	006fd4c4	7	
	006fd4cd	5	
	006fd4d2	43	
	006fd4fd	2	
	006fd4ff	40	
	006fd527	63	
	006fd566	29	
	006fd590	279	
	006fd6b4	6	
	006fd6ba	5	
	006fd6bf	6	
	006fd6c5	5	
	006fd6ca	6	
	006fd6d0	6	
	006fd6d6	6	
	006fd6dc	6	
	006fd6e2	28	
	006fd6fe	5	
	006fd703	22	
	006fd719	5	
	006fd71e	28	
	006fd73a	16	
	006fd74a	20	
	006fd75e	16	
	006fd76e	32	
	006fd78e	5	
	006fd793	26	
	006fd7ad	5	
	006fd7b2	32	
	006fd7d2	20	
	006fd7e6	24	
	006fd7fe	20	
	006fd812	32	
	006fd832	5	
	006fd837	26	
	006fd851	5	
	006fd856	32	
	006fd876	20	
	006fd88a	24	
	006fd8a2	20	
	006fd8b6	32	
	006fd8d6	5	
	006fd8db	26	
	006fd8f5	5	
	006fd8fa	32	
	006fd91a	20	
	006fd92e	24	
	006fd946	20	
	006fd95a	32	
	006fd97a	5	
	006fd97f	26	
	006fd999	5	
	006fd99e	32	
	006fd9be	20	
	006fd9d2	24	
	006fd9ea	20	
	006fd9fe	32	
	006fda1e	5	
	006fda23	26	
	006fda3d	5	
	006fda42	32	
	006fda62	20	
	006fda76	24	
	006fda8e	20	
	006fdaa2	32	
	006fdac2	5	
	006fdac7	26	
	006fdae1	5	
	006fdae6	32	
	006fdb06	20	
	006fdb1a	24	
	006fdb32	20	
	006fdd81	21	
	006fdd96	518	
	006fdf9c	178	
	006fe320	25	
006fe320	006fe3ab	10	
	006fe339	57	226271725222525221
006fe339	006fe3ba	7	
006fe372	006fd4b8	5	
	006fe372	34	
006fe372	006fe3b5	5	
	006fe394	13	
	006fe3a1	9	
006fe3c1	006fd583	7	
	006fe3c1	7	
	006fe3c8	49	
	006fe3f9	18	
	006fe40b	17	
	006fe41c	1837	
	006feb69	32	
	006feb89	49	
	006febba	57	
	006febf3	84	
	006fec47	152	
	006fecdf	691	
	006fef92	535	
	006ff1a9	136	
	006ff231	40	
	006ff259	37	
	006ff27e	45	
	006ff2ab	18	
	006ff2bd	41	
	006ff2e6	90	
	006ff340	193	
	006ff401	14	1214411
	006ff40f	15	
	006ff41e	35	121432323233411
	006ff441	86	121133263132363133263132222213223111
	006ff4b1	69	
	006ff5e1	16	
006ff5f1	006ff5a4	5	
	006ff5f1	13	
006ff5fe	006ff5b0	47	12717226222175
	006ff5fe	67	226271722227162227221
	006ff6b0	23	
	006ff6c7	60	
	006ff710	21	
	006ff725	23	
	006ff73c	25	
	006ff755	67	
	006ff798	22	
	006ff7ae	13	
	006ff7bb	42	442423425511311
	006ff7f9	163	334352524424234253251151131162222263152626222226315262
	006ff89c	304	
	006ff9cc	101	
	006ffa31	27	
	006ffa4c	111	
	006ffabb	204	
	006ffb87	148	
006ffb87	006ffc29	123	
006ffb87	006ffcb2	18	
	006ffc20	9	
	006ffca9	9	
	006ffcc4	141	
	006ffd51	42	
	006ffd7c	202	
	006ffe46	40	
	006ffe6e	194	
	006fff30	368	
	007000a0	200	
	00700168	46	
	00700196	647	
	0070041d	33	
	0070043e	428	
	007005ea	320	
	0070072a	266	
	00700834	129	
	007008b5	295	
	007009dc	231	
	00700b54	846	
	00700ea2	400	
	00701032	469	
	00701207	203	
	007012d2	290	
	007013f4	55	
	0070142b	78	
	00701479	581	
	007016be	3	
	007016d0	254	
	007017d0	58	
	0070180a	381	
	00701987	88	
	007019df	135	
	00701a66	516	
	00701c6a	86	
	00701cc0	189	
	00701d7d	55	
	00701db4	134	
	00701e3a	26	
	00701e54	102	
	00701eba	31	
	00701ed9	98	
	00701f3b	54	
	00701f71	230	
	00702057	57	
	00702090	33	
	007020b1	249	
007020b1	007021b5	69	
	007021fa	28	
	00702216	28	
	00702232	24	
	0070224a	23	
	00702261	41	
	00702290	104	
	00702300	117	
	00702375	53	121143523223321513132111
	007023aa	22	
	007023c0	146	
	00702452	137	
	007024db	73	
	00702524	86	
	0070257a	140	
	00702606	27	
	00702621	12	
	0070262d	27	
	00702648	141	
	007026d5	364	
	00702841	22	
	00702857	22	
	0070286d	45	
	0070289a	45	
	007028c7	119	
	0070293e	92	
	0070299a	182	
	00702a50	9	
	00702a59	17	
	00702a6a	49	
	00702a9b	429	
	00702c48	74	
	00702c92	51	
	00702cc5	41	
	00702cee	389	
	00702e73	28	
	00702e8f	137	
	00702f18	1185	
	007033e9	291	
	0070350c	124	
	00703588	127	
	00703607	66	
	00703649	95	
	007036a8	34	
	007036ca	101	
	0070372f	473	
	00703908	113	
	00703979	133	
	007039fe	208	
	00703ace	236	
00703ace	00703bcd	74	
00703ace	00703c22	113	
	00703c93	719	
	00703f62	125	
	00703fdf	312	
	00704117	45	
	00704144	92	
	007041a0	257	
	007042a1	386	
	00704423	61	
	00704460	33	
	00704481	94	
	007044df	46	
	0070450d	45	
	0070453a	199	
	00704601	659	
	00704894	544	
	00704ab4	124	
	00704b30	293	
	00704c55	63	
	00704c94	110	
	00704d02	185	
00704d02	00704dc6	79	
	00704e15	191	
00704e15	00704edf	84	
	00704f33	97	
	00704f94	391	
	0070511b	88	
	00705173	103	
	007051da	151	
	00705271	43	
	007052a0	6	
	007052a6	6	
	007052ac	6	
	00706db0	6	
	00706db6	36	
	00706dda	566	
	00707010	285	
	0070712d	10	
	00707137	30	
	00707155	34	
	00707177	673	
	00707418	950	
	007077ce	1239	
	00707ca5	385	
	00707e26	350	
	00707f84	284	
	007080a0	336	
	007081f0	292	
	00708314	335	
	00708463	339	
	007085b6	319	
	007086f5	155	
	00708790	332	
	007088dc	289	
	007089fd	6	
	00708a03	332	
	00708b4f	319	
	00708c8e	35	
	00708cb1	16	
	00708cc1	306	
	00708df3	162	
	00708e95	373	
	0070900a	406	
	007091a0	885	
	00709535	937	
	007098de	209	
	007099af	833	
	00709cf0	1613	
	0070a33d	274	
	0070a44f	7	
	0070a456	3	
	0070a459	86	
	0070a4af	105	
	0070a518	150	
	0070a5ae	120	
	0070a626	126	
	0070a6a4	106	
	0070a70e	159	
	0070a7ad	44	
	0070a7d9	35	
	0070a7fc	16	
	0070a80c	489	
	0070a9f5	28	
	0070aa11	112	
	0070aa81	193	
	0070ab42	249	
	0070ac3b	215	
	0070ad12	215	
	0070ade9	215	
	0070aec0	243	
	0070afb3	249	
	0070b0ac	209	
	0070b17d	130	
	0070b1ff	249	
	0070b2f8	215	
	0070b3cf	253	
	0070b4cc	186	
	0070b586	158	
	0070b624	208	
	0070b6f4	200	
	0070b7bc	176	
	0070b86c	223	
	0070b94b	231	
	0070ba32	273	
	0070bb43	177	
	0070bbf4	236	
	0070bce0	140	
	0070bd6c	162	
	0070be0e	152	
	0070bea6	165	
	0070bf4b	162	
	0070bfed	176	
	0070c09d	175	
	0070c14c	162	
	0070c1ee	114	
	0070c260	178	
	0070c312	159	
	0070c3b1	135	
	0070c438	100	
	0070c49c	110	
	0070c50a	137	
	0070c593	137	
	0070c61c	209	
	0070c6ed	499	
	0070c8e0	721	
	0070cbb1	120	
	0070cc29	111	
	0070cc98	279	
	0070cdaf	813	
	0070d0dc	679	
	0070d383	5	
	0070d388	134	
	0070d40e	116	
	0070d482	28	
	0070d49e	69	
	0070d4e3	84	
	0070d537	1508	
	0070db47	28	
	0070db63	28	
	0070db7f	5	
	0070db84	28	
	0070dba0	5	
	0070dba5	28	
	0070dbc1	105	
	0070dc2a	38	
	0070dc50	50	
	0070dc82	53	
	0070dcb7	48	
	0070dce7	77	
	0070dd34	159	
	0070ddd3	139	
	0070de5e	306	
	0070df90	97	
	0070dff1	1175	
	0070e488	233	
	0070e571	78	
	0070e5bf	256	
	0070e6bf	50	
	0070e6f1	89	
	0070e74a	342	
	0070e8a0	5401	
	00710110	478	
	00710320	555	
	00710550	136	
	007105e0	413	
	00710780	55	
	007107c0	413	
	00710960	579	
	00710bb0	1197	
	00711090	147	
	00711130	30	
	00711150	31	
	00711170	147	
	00711210	932	
	007115c0	1500	
	00711ba0	18	
	00711bc0	68	
	00711c10	135	
	00711ca0	202	
	00711d70	234	
	00711e60	329	
	00711fb0	277	
	007120d0	274	
	007121f0	57	
	00712230	28	
	00712250	135	
	007122e0	310	
	00712420	272	
	00712530	43	
	00712560	63	
	007125a0	54	
	007125e0	19	
	00712600	10	
	00712610	49	
	00712650	12	
	00712660	39	
	00712690	123	
	00712710	52	
	00712750	73	
	007127a0	57	
	007127e0	102	
	00712850	190	
	00712910	334	
	00712a60	72	
	00712ab0	72	
	00712b00	72	
	00712b50	72	
	00712ba0	627	
	00712e20	639	
	007130a0	646	
	00713330	670	
	007135d0	209	
	007136b0	176	
	00713760	156	
	00713800	61	
	00713840	224	
	00713920	61	
	00713960	204	
	00713a30	239	
	00713b20	30	
	00713b40	207	
	00713c10	295	
	00713d40	73	
	00713d90	37	
	00713dc0	99	
	00713e30	100	
	00713ea0	78	
	00713ef0	109	
	00713f60	199	
	00714030	8	
	00714040	10	
	00714050	228	
	00714140	260	
	00714250	6	
	00714260	183	
	00714320	102	
	00714390	52	
	007143d0	53	
	00714410	28	
	00714430	23	
	00714450	26	
	00714470	101	
	007144e0	96	
	00714540	8	
	00714550	8	
	00714560	48	
	00714590	131	
	00714620	73	
	00714670	41	
	007146a0	93	
	00714700	356	
	00714870	351	
	007149d0	97	
	00714a40	12	
	00714a50	96	
	00714ab0	185	
	00714b70	156	
	00714c10	54	
	00714c50	32	
	00714c70	166	
	00714d20	104	
	00714d90	39	
	00714dc0	75	
	00714e10	30	
	00714e30	5	
	00714e40	159	
	00714ee0	157	
	00714f80	16	
	00714f90	147	
	00715030	23	
	00715050	31	
	00715070	40	
	007150a0	8	
	007150b0	58	
	007150f0	14	
	00715100	11	
	00715110	11	
	00715120	38	
	00715150	157	
	007151f0	15	
	00715200	16	
	00715210	30	
	00715230	45	
	00715260	191	
	00715320	11	
	00715330	25	
	00715350	23	
	00715370	276	
	00715490	44	
	007154c0	58	
	00715500	43	
	00715530	92	
	00715590	16	
	007155a0	58	
	007155e0	365	
	00715750	1117	
	00715bb0	45	
	00715be0	54	
	00715c20	54	
	00715c60	113	
	00715ce0	130	
	00715d70	95	
	00715dd0	188	
	00715e90	44	
	00715ec0	46	
	00715ef0	129	
	00715f80	80	
	00715fd0	10	
	00715fe0	10	
	00715ff0	10	
	00716000	13	
	00716010	13	
	00716020	13	
	00716030	28	
	00716050	219	
	00716130	95	
	00716190	101	
	00716200	50	
	00716240	109	
	007162b0	130	
	00716340	19	
	00716360	166	
	00716410	173	
	007164c0	230	
	007165b0	63	
	007165f0	134	
	00716680	78	
	007166d0	209	
	007167b0	8	
	007167c0	67	
	00716810	4	
	00716820	107	
	00716890	124	
	00716910	178	
	007169d0	30	
	007169f0	5	
	00716a00	87	
	00716a60	90	
	00716ac0	17	
	00716ae0	42	
	00716b10	156	
	00716bb0	270	
	00716cc0	63	
	00716d00	48	
	00716d30	40	
	00716d60	82	
	00716dc0	30	
	00716de0	19	
	00716e00	90	
	00716e60	17	
	00716e80	42	
	00716eb0	156	
	00716f50	369	
	007170d0	185	
	00717190	29	
	007171b0	231	
	007172a0	94	
	00717300	125	
	00717380	19	
	007173a0	19	
	007173c0	258	
	007174d0	169	
	00717580	219	
	00717660	216	
	00717740	5	
	00717750	18	
	00717770	42	
	007177a0	363	
	00717910	129	
	007179a0	54	
	007179e0	48	
	00717a10	168	
	00717ac0	110	
	00717b30	30	
	00717b50	41	
	00717b80	134	
	00717c10	8	
	00717c20	4	
	00717c30	5	
	00717c40	37	
	00717c70	60	
	00717cb0	84	
	00717d10	94	
	00717d70	78	
	00717dc0	142	
	00717e50	126	
	00717ed0	49	
	00717f10	355	
	00718080	75	
	007180d0	181	
	00718190	37	
	007181c0	41	
	007181f0	21	
	00718210	45	
	00718240	468	
	00718420	20	
	00718440	42	
	00718470	26	
	00718490	51	
	007184d0	70	
	00718520	31	
	00718540	60	
	00718580	33	
	007185b0	28	
	007185d0	14	
	007185e0	32	
	00718600	55	
	00718640	59	
	00718680	18	
	007186a0	810	
	007189d0	522	
	00718be0	13	
	00718bf0	27	
	00718c10	263	
	00718d20	73	
	00718d70	34	
	00718da0	56	
	00718de0	16	
	00718df0	36	
	00718e20	24	
	00718e40	118	
	00718ec0	71	
	00718f10	34	
	00718f40	107	
	00718fb0	80	
	00719000	100	
	00719070	100	
	007190e0	50	
	00719120	50	
	00719160	50	
	007191a0	50	
	007191e0	50	
	00719220	50	
	00719260	50	
	007192a0	70	
	007192f0	65	
	00719340	55	
	00719380	47	
	007193b0	49	
	007193f0	22	
	00719410	22	
	00719430	22	
	00719450	55	
	00719490	50	
	007194d0	80	
	00719520	53	
	00719560	53	
	007195a0	58	
	007195e0	53	
	00719620	58	
	00719660	53	
	007196a0	58	
	007196e0	53	
	00719720	83	
	00719780	53	
	007197c0	15	
	007197d0	53	
	00719810	16	
	00719820	16	
	00719830	87	
	00719890	8	
	007198a0	34	
	007198d0	119	
	00719950	169	
	00719a00	181	
	00719ac0	47	
	00719af0	88	
	00719b50	9	
	00719b60	9	
	00719b70	9	
	00719b80	9	
	00719b90	10	
	00719ba0	10	
	00719bb0	10	
	00719bc0	28	
	00719be0	91	
	00719c40	51	
	00719c80	3	
	00719c90	24	
	00719cb0	17	
	00719cd0	53	
	00719d10	104	
	00719d80	72	
	00719dd0	28	
	00719df0	7	
	00719e00	12	
	00719e10	32	
	00719e30	19	
	00719e50	27	
	00719e70	52	
	00719eb0	198	
	00719f80	26	
	00719fa0	91	
	0071a000	60	
	0071a040	92	
	0071a0a0	22	
	0071a0c0	10	
	0071a0d0	10	
	0071a0e0	12	
	0071a0f0	10	
	0071a100	10	
	0071a110	10	
	0071a120	12	
	0071a130	10	
	0071a140	25	
	0071a160	12	
	0071a170	33	
	0071a1a0	61	
	0071a1e0	49	
	0071a220	11	
	0071a230	23	
	0071a250	18	
	0071a270	270	
	0071a380	325	
	0071a4d0	330	
	0071a620	111	
	0071a690	321	
	0071a7e0	245	
	0071a8e0	134	
	0071a970	93	
	0071a9d0	90	
	0071aa30	265	
	0071ab40	97	
	0071abb0	38	
	0071abe0	53	
	0071ac20	67	
	0071ac70	121	
	0071acf0	135	
	0071ad80	187	
	0071ae40	18	
	0071ae60	73	
	0071aeb0	23	
	0071aed0	253	
	0071afd0	23	
	0071aff0	5	
	0071b000	215	
	0071b0e0	10	
	0071b0f0	10	
	0071b100	12	
	0071b110	10	
	0071b120	10	
	0071b130	10	
	0071b140	12	
	0071b150	10	
	0071b160	25	
	0071b180	12	
	0071b190	10	
	0071b1a0	13	
	0071b1b0	12	
	0071b1c0	31	
	0071b1e0	116	
	0071b260	97	
	0071b2d0	30	
	0071b2f0	30	
	0071b310	38	
	0071b340	38	
	0071b370	43	
	0071b3a0	43	
	0071b3d0	119	
	0071b450	31	
	0071b470	28	
	0071b490	35	
	0071b4c0	35	
	0071b4f0	33	
	0071b520	205	
	0071b5f0	192	
	0071b6b0	289	
	0071b7e0	34	
	0071b810	10	
	0071b820	10	
	0071b830	12	
	0071b840	10	
	0071b850	10	
	0071b860	10	
	0071b870	12	
	0071b880	10	
	0071b890	25	
	0071b8b0	12	
	0071b8c0	6	
	0071b8d0	4	
	0071b8e0	118	
	0071b960	30	
	0071b980	61	
	0071b9c0	30	
	0071b9e0	29	
	0071ba00	24	
	0071ba20	89	
	0071ba80	150	
	0071bb20	117	
	0071bba0	123	
	0071bc20	44	
	0071bc50	68	
	0071bca0	121	
	0071bd20	148	
	0071bdc0	16	
	0071bdd0	146	
	0071be70	326	
	0071bff0	77	
	0071c040	54	
	0071c080	54	
	0071c0c0	84	
	0071c120	155	
	0071c1c0	180	
	0071c280	56	
	0071c2c0	151	
	0071c360	10	
	0071c370	10	
	0071c380	12	
	0071c390	10	
	0071c3a0	10	
	0071c3b0	10	
	0071c3c0	12	
	0071c3d0	10	
	0071c3e0	67	
	0071c430	12	
	0071c440	12	
	0071c450	12	
	0071c460	182	
	0071c520	112	
	0071c590	248	
	0071c690	296	
	0071c7c0	362	
	0071c930	45	
	0071c960	32	
	0071c980	10	
	0071c990	10	
	0071c9a0	12	
	0071c9b0	10	
	0071c9c0	10	
	0071c9d0	10	
	0071c9e0	12	
	0071c9f0	10	
	0071ca00	518	
	0071cc10	91	
	0071cc70	58	
	0071ccb0	9	
	0071ccc0	32	
	0071cce0	521	
	0071cef0	25	
	0071cf10	12	
	0071cf20	138	
	0071cfb0	46	
	0071cfe0	30	
	0071d000	30	
	0071d020	38	
	0071d050	86	
	0071d0b0	179	
	0071d170	86	
	0071d1d0	31	
	0071d1f0	44	
	0071d220	10	
	0071d230	10	
	0071d240	12	
	0071d250	10	
	0071d260	10	
	0071d270	10	
	0071d280	12	
	0071d290	10	
	0071d2a0	25	
	0071d2c0	12	
	0071d2d0	114	
	0071d350	114	
	0071d3d0	213	
	0071d4b0	83	
	0071d510	104	
	0071d580	84	
	0071d5e0	540	
	0071d800	156	
	0071d8a0	80	
	0071d8f0	204	
	0071d9c0	644	
	0071dc50	61	
	0071dc90	35	
	0071dcc0	4	
	0071dcd0	10	
	0071dce0	10	
	0071dcf0	12	
	0071dd00	10	
	0071dd10	10	
	0071dd20	10	
	0071dd30	12	
	0071dd40	10	
	0071dd50	25	
	0071dd70	12	
	0071dd80	34	
	0071ddb0	30	
	0071ddd0	130	
	0071de60	30	
	0071de80	94	
	0071dee0	5	
	0071def0	44	
	0071df20	50	
	0071df60	10	
	0071df70	10	
	0071df80	12	
	0071df90	31	
	0071dfb0	10	
	0071dfc0	10	
	0071dfd0	12	
	0071dfe0	10	
	0071dff0	10	
	0071e000	10	
	0071e010	12	
	0071e020	10	
	0071e030	25	
	0071e050	12	
	0071e060	210	
	0071e140	327	
	0071e290	291	
	0071e3c0	226	
	0071e4b0	75	
	0071e500	25	
	0071e520	509	
	0071e720	251	
	0071e820	438	
	0071e9e0	273	
	0071eb00	204	
	0071ebd0	235	
	0071ecc0	421	
	0071ee70	1028	
	0071f280	240	
	0071f370	323	
	0071f4c0	438	
	0071f680	3	
	0071f690	234	
	0071f780	163	
	0071f830	19	
	0071f850	10	
	0071f860	10	
	0071f870	12	
	0071f880	10	
	0071f890	10	
	0071f8a0	10	
	0071f8b0	12	
	0071f8c0	10	
	0071f8d0	20	
	0071f8f0	44	
	0071f920	84	
	0071f980	73	
	0071f9d0	25	
	0071f9f0	12	
	0071fa00	18	
	0071fa20	30	
	0071fa40	15	
	0071fa50	8	
	0071fa60	178	
	0071fb20	34	
	0071fb50	133	
	0071fbe0	60	
	0071fc20	91	
	0071fc80	52	
	0071fcc0	20	
	0071fce0	125	
	0071fd60	183	
	0071fe20	30	
	0071fe40	76	
	0071fe90	41	
	0071fec0	37	
	0071fef0	113	
	0071ff70	179	
	00720030	30	
	00720050	76	
	007200a0	41	
	007200d0	37	
	00720100	47	
	00720130	10	
	00720140	10	
	00720150	12	
	00720160	10	
	00720170	10	
	00720180	10	
	00720190	12	
	007201a0	10	
	007201b0	25	
	007201d0	12	
	007201e0	76	
	00720230	76	
	00720280	34	
	007202b0	130	
	00720340	91	
	007203a0	61	
	007203e0	20	
	00720400	125	
	00720480	149	
	00720520	30	
	00720540	115	
	007205c0	234	
	007206b0	127	
	00720730	159	
	007207d0	70	
	00720820	20	
	00720840	125	
	007208c0	25	
	007208e0	32	
	00720900	17	
	00720920	85	
	00720980	44	
	007209b0	20	
	007209d0	125	
	00720a50	294	
	00720b80	30	
	00720ba0	98	
	00720c10	210	
	00720cf0	108	
	00720d60	13	
	00720d70	276	
	00720e90	312	
	00720fd0	37	
	00721000	402	
	007211a0	242	
	007212a0	590	
	007214f0	30	
	00721510	150	
	007215b0	126	
	00721630	37	
	00721660	183	
	00721720	104	
	00721790	96	
	007217f0	32	
	00721810	86	
	00721870	10	
	00721880	10	
	00721890	12	
	007218a0	10	
	007218b0	10	
	007218c0	10	
	007218d0	12	
	007218e0	10	
	007218f0	683	
	00721ba0	466	
	00721d80	117	
	00721e00	30	
	00721e20	14	
	00721e30	418	
	00721fe0	46	
	00722010	25	
	00722030	12	
	00722040	322	
	00722190	162	
	00722240	76	
	00722290	82	
	007222f0	20	
	00722310	7	
	00722320	57	
	00722360	71	
	007223b0	41	
	007223e0	10	
	007223f0	10	
	00722400	12	
	00722410	10	
	00722420	10	
	00722430	10	
	00722440	12	
	00722450	10	
	00722460	67	
	007224b0	12	
	007224c0	12	
	007224d0	12	
	007224e0	139	
	00722570	30	
	00722590	105	
	00722600	10	
	00722610	10	
	00722620	12	
	00722630	10	
	00722640	10	
	00722650	10	
	00722660	12	
	00722670	10	
	00722680	67	
	007226d0	12	
	007226e0	12	
	007226f0	12	
	00722700	343	
	00722860	30	
	00722880	348	
	007229e0	363	
	00722b50	373	
	00722cd0	454	
	00722ea0	583	
	007230f0	340	
	00723250	439	
	00723410	144	
	007234a0	12	
	007234b0	331	
	00723600	331	
	00723750	92	
	007237b0	129	
	00723840	87	
	007238a0	127	
	00723920	125	
	007239a0	137	
	00723a30	135	
	00723ac0	334	
	00723c10	352	
	00723d70	122	
	00723df0	27	
	00723e10	10	
	00723e20	10	
	00723e30	12	
	00723e40	10	
	00723e50	10	
	00723e60	10	
	00723e70	12	
	00723e80	10	
	00723e90	125	
	00723f10	206	
	00723fe0	174	
	00724090	40	
	007240c0	73	
	00724110	40	
	00724140	89	
	007241a0	40	
	007241d0	67	
	00724220	12	
	00724230	12	
	00724240	12	
	00724250	26	
	00724270	30	
	00724290	136	
	00724320	136	
	007243b0	56	
	007243f0	153	
	00724490	66	
	007244e0	27	
	00724500	5	
	00724510	118	
	00724590	196	
	00724660	116	
	007246e0	150	
	00724780	10	
	00724790	10	
	007247a0	12	
	007247b0	10	
	007247c0	10	
	007247d0	10	
	007247e0	12	
	007247f0	10	
	00724800	25	
	00724820	12	
	00724830	82	
	00724890	30	
	007248b0	89	
	00724910	149	
	007249b0	71	
	00724a00	132	
	00724a90	10	
	00724aa0	10	
	00724ab0	12	
	00724ac0	10	
	00724ad0	10	
	00724ae0	10	
	00724af0	12	
	00724b00	10	
	00724b10	25	
	00724b30	12	
	00724b40	138	
	00724bd0	81	
	00724c30	44	
	00724c60	227	
	00724d50	717	
	00725020	10	
	00725030	10	
	00725040	12	
	00725050	10	
	00725060	10	
	00725070	10	
	00725080	12	
	00725090	10	
	007250a0	30	
	007250c0	14	
	007250d0	67	
	00725120	12	
	00725130	12	
	00725140	12	
	00725150	30	
	00725170	30	
	00725190	46	
	007251c0	126	
	00725240	95	
	007252a0	290	
	007253d0	10	
	007253e0	10	
	007253f0	12	
	00725400	10	
	00725410	10	
	00725420	10	
	00725430	12	
	00725440	10	
	00725450	25	
	00725470	12	
	00725480	38	
	007254b0	5	
	007254c0	147	
	00725560	75	
	007255b0	97	
	00725620	26	
	00725640	17	
	00725660	118	
	007256e0	10	
	007256f0	10	
	00725700	12	
	00725710	10	
	00725720	10	
	00725730	10	
	00725740	12	
	00725750	10	
	00725760	25	
	00725780	12	
	00725790	31	
	007257b0	30	
	007257d0	127	
	00725850	91	
	007258b0	60	
	007258f0	17	
	00725910	111	
	00725980	10	
	00725990	10	
	007259a0	12	
	007259b0	10	
	007259c0	10	
	007259d0	10	
	007259e0	12	
	007259f0	10	
	00725a00	25	
	00725a20	12	
	00725a30	42	
	00725a60	30	
	00725a80	14	
	00725a90	277	
	00725bb0	26	
	00725bd0	28	
	00725bf0	12	
	00725c00	12	
	00725c10	10	
	00725c20	10	
	00725c30	12	
	00725c40	10	
	00725c50	10	
	00725c60	10	
	00725c70	12	
	00725c80	10	
	00725c90	25	
	00725cb0	12	
	00725cc0	12	
	00725cd0	12	
	00725ce0	16	
	00725cf0	3	
	00725d00	8	
	00725d10	156	
	00725db0	36	
	00725de0	26	
	00725e00	145	
	00725ea0	157	
	00725f40	168	
	00725ff0	56	
	00726030	10	
	00726040	10	
	00726050	12	
	00726060	10	
	00726070	10	
	00726080	10	
	00726090	12	
	007260a0	10	
	007260b0	32	
	007260d0	7	
	007260e0	25	
	00726100	12	
	00726110	30	
	00726130	9	
	00726140	12	
	00726150	22	
	00726170	88	
	007261d0	344	
	00726330	380	
	007264b0	150	
	00726550	188	
	00726610	56	
	00726650	116	
	007266d0	719	
	007269a0	78	
	007269f0	131	
	00726a80	10	
	00726a90	10	
	00726aa0	12	
	00726ab0	10	
	00726ac0	10	
	00726ad0	10	
	00726ae0	12	
	00726af0	10	
	00726b00	20	
	00726b20	12	
	00726b30	22	
	00726b50	30	
	00726b70	5	
	00726b80	39	
	00726bb0	19	
	00726bd0	19	
	00726bf0	30	
	00726c10	11	
	00726c20	101	
	00726c90	116	
	00726d10	30	
	00726d30	11	
	00726d40	30	
	00726d60	4	
	00726d70	34	
	00726da0	67	
	00726df0	12	
	00726e00	12	
	00726e10	12	
	00726e20	354	
	00726f90	267	
	007270a0	160	
	00727140	56	
	00727180	267	
	00727290	77	
	007272e0	110	
	00727350	784	
	00727660	109	
	007276d0	10	
	007276e0	10	
	007276f0	12	
	00727700	10	
	00727710	10	
	00727720	10	
	00727730	12	
	00727740	10	
	00727750	125	
	007277d0	24	
	007277f0	30	
	00727810	11	
	00727820	30	
	00727840	11	
	00727850	30	
	00727870	40	
	007278a0	67	
	007278f0	12	
	00727900	12	
	00727910	12	
	00727920	158	
	007279c0	56	
	00727a00	43	
	00727a30	294	
	00727b60	10	
	00727b70	10	
	00727b80	12	
	00727b90	10	
	00727ba0	10	
	00727bb0	10	
	00727bc0	12	
	00727bd0	10	
	00727be0	25	
	00727c00	12	
	00727c10	132	
	00727ca0	10	
	00727cb0	10	
	00727cc0	12	
	00727cd0	10	
	00727ce0	10	
	00727cf0	10	
	00727d00	12	
	00727d10	10	
	00727d20	25	
	00727d40	12	
	00727d50	21	
	00727d70	21	
	00727d90	10	
	00727da0	10	
	00727db0	12	
	00727dc0	10	
	00727dd0	10	
	00727de0	10	
	00727df0	12	
	00727e00	10	
	00727e10	25	
	00727e30	12	
	00727e40	145	
	00727ee0	36	
	00727f10	18	
	00727f30	92	
	00727f90	205	
	00728060	25	
	00728080	48	
	007280b0	10	
	007280c0	10	
	007280d0	12	
	007280e0	10	
	007280f0	10	
	00728100	10	
	00728110	12	
	00728120	10	
	00728130	25	
	00728150	12	
	00728160	30	
	00728180	240	
	00728270	10	
	00728280	10	
	00728290	12	
	007282a0	10	
	007282b0	10	
	007282c0	10	
	007282d0	12	
	007282e0	10	
	007282f0	25	
	00728310	12	
	00728320	167	
	007283d0	47	
	00728400	39	
	00728430	10	
	00728440	10	
	00728450	12	
	00728460	10	
	00728470	10	
	00728480	10	
	00728490	12	
	007284a0	10	
	007284b0	25	
	007284d0	12	
	007284e0	6	
	007284f0	10	
	00728500	10	
	00728510	12	
	00728520	10	
	00728530	10	
	00728540	10	
	00728550	12	
	00728560	10	
	00728570	25	
	00728590	12	
	007285a0	10	
	007285b0	16	
	007285c0	12	
	007285d0	10	
	007285e0	10	
	007285f0	16	
	00728600	12	
	00728610	10	
	00728620	10	
	00728630	1501	
	00728c10	12	
	00728c20	20	
	00728c40	5	
00728c40	00728c50	19	
	00728c70	5	
00728c70	00728c80	19	
	00728ca0	5	
00728ca0	00728cb0	19	
	00728cd0	5	
00728cd0	00728ce0	1	
	00728cf0	5	
00728cf0	00728d00	1	
	00728d10	10	
	00728d20	721	
	00729000	12	
	00729010	20	
	00729030	10	
	00729040	25	
	00729060	12	
	00729070	10	
	00729080	23	
	007290a0	10	
	007290b0	25	
	007290d0	12	
	007290e0	10	
	007290f0	20	
	00729110	10	
	00729120	25	
	00729140	12	
	00729150	10	
	00729160	21	
	00729180	10	
	00729190	25	
	007291b0	12	
	007291c0	10	
	007291d0	42	
	00729200	10	
	00729210	25	
	00729230	12	
	00729240	10	
	00729250	81	
	007292b0	10	
	007292c0	25	
	007292e0	12	
	007292f0	10	
	00729300	63	
	00729340	10	
	00729350	25	
	00729370	12	
	00729380	10	
	00729390	10	
	007293a0	25	
	007293c0	12	
	007293d0	10	
	007293e0	11	
	007293f0	10	
	00729400	25	
	00729420	12	
	00729430	10	
	00729440	597	
	007296a0	10	
	007296b0	25	
	007296d0	12	
	007296e0	10	
	007296f0	177	
	007297b0	10	
	007297c0	25	
	007297e0	12	
	007297f0	10	
	00729800	14	
	00729810	10	
	00729820	25	
	00729840	12	
	00729850	10	
	00729860	14	
	00729870	118	
	007298f0	447	
	00729ab0	6	
	00729ac0	34	
	00729af0	1667	
	0072a180	15	
	0072a190	15	
	0072a1a0	8062	
	0072c120	119	
	0072c1a0	181	
	0072c260	304	
	0072c390	48	
	0072c3c0	49	
	0072c400	59	
	0072c440	53	
	0072c480	53	
	0072c4c0	53	
	0072c500	30	
	0072c520	39	
	0072c550	44	
	0072c580	49	
	0072c5c0	75	
	0072c610	61	
	0072c650	103	
	0072c6c0	58	
	0072c700	143	
	0072c790	28	
	0072c7b0	43	
	0072c7e0	43	
	0072c810	43	
	0072c840	43	
	0072c870	43	
	0072c8a0	43	
	0072c8d0	43	
	0072c900	43	
	0072c930	43	
	0072c960	43	
	0072c990	43	
	0072c9c0	43	
	0072c9f0	43	
	0072ca20	43	
	0072ca50	43	
	0072ca80	43	
	0072cab0	43	
	0072cae0	43	
	0072cb10	43	
	0072cb40	43	
	0072cb70	43	
	0072cba0	43	
	0072cbd0	43	
	0072cc00	43	
	0072cc30	43	
	0072cc60	43	
	0072cc90	43	
	0072ccc0	43	
	0072ccf0	43	
	0072cd20	43	
	0072cd50	43	
	0072cd80	43	
	0072cdb0	43	
	0072cde0	43	
	0072ce10	49	
	0072ce50	43	
	0072ce80	43	
	0072ceb0	43	
	0072cee0	43	
	0072cf10	43	
	0072cf40	43	
	0072cf70	43	
	0072cfa0	43	
	0072cfd0	43	
	0072d000	43	
	0072d030	43	
	0072d060	43	
	0072d090	43	
	0072d0c0	349	
	0072d220	83	
	0072d280	957	
	0072d640	96	
	0072d6a0	96	
	0072d700	410	
	0072d8a0	363	
	0072da10	173	
	0072dac0	74	
	0072db10	562	
	0072dd50	184	
	0072de10	6	
	0072de20	6	
	0072de30	6	
	0072de40	6	
	0072de50	224	
	0072df30	482	
	0072e120	155	
	0072e1c0	155	
	0072e260	155	
	0072e300	155	
	0072e3a0	155	
	0072e440	155	
	0072e4e0	155	
	0072e580	155	
	0072e620	155	
	0072e6c0	155	
	0072e760	155	
	0072e800	155	
	0072e8a0	155	
	0072e940	155	
	0072e9e0	155	
	0072ea80	155	
	0072eb20	155	
	0072ebc0	155	
	0072ec60	155	
	0072ed00	155	
	0072eda0	155	
	0072ee40	155	
	0072eee0	155	
	0072ef80	155	
	0072f020	155	
	0072f0c0	155	
	0072f160	155	
	0072f200	155	
	0072f2a0	155	
	0072f340	155	
	0072f3e0	155	
	0072f480	155	
	0072f520	155	
	0072f5c0	155	
	0072f660	158	
	0072f700	155	
	0072f7a0	155	
	0072f840	155	
	0072f8e0	643	
	0072fb70	155	
	0072fc10	637	
	0072fe90	155	
	0072ff30	643	
	007301c0	155	
	00730260	646	
	007304f0	155	
	00730590	646	
	00730820	155	
	007308c0	637	
	00730b40	637	
	00730dc0	155	
	00730e60	643	
	007310f0	637	
	00731370	649	
	00731600	155	
	007316a0	72	
	007316f0	18	
	00731710	62	
	00731750	62	
	00731790	62	
	007317d0	62	
	00731810	83	
	00731870	890	
	00731bf0	83	
	00731c50	890	
	00731fd0	890	
	00732350	86	
	007323b0	902	
	00732740	902	
	00732ad0	890	
	00732e50	890	
	007331d0	902	
	00733560	902	
	007338f0	890	
	00733c70	88	
	00733cd0	905	
	00734060	86	
	007340c0	902	
	00734450	902	
	007347e0	895	
	00734b60	82	
	00734bc0	888	
	00734f40	89	
	00734fa0	906	
	00735330	83	
	00735390	895	
	00735710	83	
	00735770	890	
	00735af0	902	
	00735e80	902	
	00736210	89	
	00736270	906	
	00736600	890	
	00736980	895	
	00736d00	902	
	00737090	902	
	00737420	898	
	007377b0	895	
	00737b30	902	
	00737ec0	890	
	00738240	87	
	007382a0	902	
	00738630	86	
	00738690	898	
	00738a20	86	
	00738a80	902	
	00738e10	82	
	00738e70	888	
	007391f0	902	
	00739580	95	
	007395e0	919	
	00739980	895	
	00739d00	83	
	00739d60	895	
	0073a0e0	895	
	0073a460	890	
	0073a7e0	888	
	0073ab60	895	
	0073aee0	902	
	0073b270	902	
	0073b600	888	
	0073b980	888	
	0073bd00	890	
	0073c080	888	
	0073c400	906	
	0073c790	82	
	0073c7f0	888	
	0073cb70	89	
	0073cbd0	12	
	0073cbe0	12	
	0073cbf0	12	
	0073cc00	12	
	0073cc10	84	
	0073cc70	84	
	0073ccd0	84	
	0073cd30	84	
	0073cd90	84	
	0073cdf0	84	
	0073ce50	84	
	0073ceb0	84	
	0073cf10	84	
	0073cf70	84	
	0073cfd0	84	
	0073d030	84	
	0073d090	84	
	0073d0f0	84	
	0073d150	84	
	0073d1b0	84	
	0073d210	84	
	0073d270	84	
	0073d2d0	84	
	0073d330	84	
	0073d390	84	
	0073d3f0	84	
	0073d450	84	
	0073d4b0	84	
	0073d510	84	
	0073d570	84	
	0073d5d0	84	
	0073d630	84	
	0073d690	84	
	0073d6f0	84	
	0073d750	84	
	0073d7b0	84	
	0073d810	84	
	0073d870	84	
	0073d8d0	87	
	0073d930	84	
	0073d990	84	
	0073d9f0	84	
	0073da50	84	
	0073dab0	84	
	0073db10	84	
	0073db70	84	
	0073dbd0	84	
	0073dc30	84	
	0073dc90	84	
	0073dcf0	84	
	0073dd50	84	
	0073ddb0	84	
	0073de10	84	
	0073de70	5	
	0073de80	5	
	0073de90	5	
	0073dea0	5	
	0073deb0	5	
	0073dec0	5	
	0073ded0	5	
	0073dee0	5	
	0073def0	5	
	0073df00	5	
	0073df10	5	
	0073df20	5	
	0073df30	5	
	0073df40	5	
	0073df50	5	
	0073df60	5	
	0073df70	5	
	0073df80	5	
	0073df90	5	
	0073dfa0	5	
	0073dfb0	5	
	0073dfc0	5	
	0073dfd0	5	
	0073dfe0	5	
	0073dff0	5	
	0073e000	5	
	0073e010	5	
	0073e020	5	
	0073e030	5	
	0073e040	5	
	0073e050	5	
	0073e060	5	
	0073e070	5	
	0073e080	5	
	0073e090	5	
	0073e0a0	5	
	0073e0b0	5	
	0073e0c0	5	
	0073e0d0	5	
	0073e0e0	5	
	0073e0f0	5	
	0073e100	5	
	0073e110	5	
	0073e120	5	
	0073e130	5	
	0073e140	5	
	0073e150	5	
	0073e160	5	
	0073e170	5	
	0073e180	139	
	0073e210	377	
	0073e390	138	
	0073e420	577	
	0073e670	140	
	0073e700	344	
	0073e860	143	
	0073e8f0	379	
	0073ea70	143	
	0073eb00	385	
	0073ec90	138	
	0073ed20	326	
	0073ee70	138	
	0073ef00	326	
	0073f050	139	
	0073f0e0	482	
	0073f2d0	138	
	0073f360	326	
	0073f4b0	146	
	0073f550	328	
	0073f6a0	12	
	0073f6b0	162	
	0073f760	12	
	0073f770	81	
	0073f7d0	12	
	0073f7e0	160	
	0073f880	12	
	0073f890	135	
	0073f920	12	
	0073f930	81	
	0073f990	12	
	0073f9a0	84	
	0073fa00	12	
	0073fa10	160	
	0073fab0	12	
	0073fac0	130	
	0073fb50	12	
	0073fb60	144	
	0073fbf0	12	
	0073fc00	156	
	0073fca0	12	
	0073fcb0	150	
	0073fd50	12	
	0073fd60	130	
	0073fdf0	12	
	0073fe00	90	
	0073fe60	12	
	0073fe70	63	
	0073feb0	12	
	0073fec0	12	
	0073fed0	12	
	0073fee0	57	
	0073ff20	12	
	0073ff30	136	
	0073ffc0	12	
	0073ffd0	78	
	00740020	12	
	00740030	134	
	007400c0	12	
	007400d0	96	
	00740130	12	
	00740140	75	
	00740190	12	
	007401a0	63	
	007401e0	12	
	007401f0	69	
	00740240	12	
	00740250	81	
	007402b0	12	
	007402c0	120	
	00740340	12	
	00740350	57	
	00740390	12	
	007403a0	84	
	00740400	12	
	00740410	185	
	007404d0	12	
	007404e0	130	
	00740570	12	
	00740580	106	
	007405f0	12	
	00740600	90	
	00740660	12	
	00740670	108	
	007406e0	12	
	007406f0	90	
	00740750	12	
	00740760	142	
	007407f0	12	
	00740800	12	
	00740810	63	
	00740850	12	
	00740860	12	
	00740870	84	
	007408d0	12	
	007408e0	114	
	00740960	12	
	00740970	57	
	007409b0	12	
	007409c0	75	
	00740a10	12	
	00740a20	81	
	00740a80	12	
	00740a90	12	
	00740aa0	12	
	00740ab0	12	
	00740ac0	51	
	00740b00	12	
	00740b10	45	
	00740b40	12	
	00740b50	27	
	00740b70	77	
	00740bc0	128	
	00740c40	184	
	00740d00	176	
	00740db0	8	
	00740dc0	8	
	00740dd0	8	
	00740de0	8	
	00740df0	8	
	00740e00	10	
	00740e10	16	
	00740e20	12	
	00740e30	10	
	00740e40	10	
	00740e50	16	
	00740e60	12	
	00740e70	10	
	00740e80	5	
00740e80	00740e90	11	
	00740ea0	5	
00740ea0	00740eb0	11	
	00740ec0	5	
00740ec0	00740ed0	11	
	00740ee0	10	
	00740ef0	9406	
	007433b0	12	
	007433c0	23	
	007433e0	5	
007433e0	007433f0	15	
	00743400	10	
	00743410	61	
	00743450	12	
	00743460	20	
	00743480	10	
	00743490	61	
	007434d0	12	
	007434e0	20	
	00743500	10	
	00743510	61	
	00743550	12	
	00743560	20	
	00743580	10	
	00743590	61	
	007435d0	12	
	007435e0	20	
	00743600	153	
	007436a0	69	
	007436f0	496	
	00743930	1435	
	00743f20	825	
	00744260	17	
	00744280	14	
	00744290	30	
	007442b0	131	
	00744340	929	
	007446f0	47	
	00744720	96	
	00744780	38	
	007447b0	82	
	00744810	43	
	00744840	77	
	00744890	75	
	007448e0	102	
	00744950	219	
	00744a30	67	
	00744a80	921	
	00744e20	376	
	00744fa0	320	
	007450e0	515	
	007452f0	233	
	007453e0	41	
	00745410	2160	
	00745c80	91	
	00745ce0	10	
	00745cf0	82	
	00745d50	10	
	00745d60	86	
	00745dc0	10	
	00745dd0	59	
	00745e10	91	
	00745e70	171	
	00745f20	39	
	00745f50	682	
	00746200	2534	
	00746bf0	832	
	00746f30	569	
	00747170	446	
	00747330	752	
	00747620	150	
	007476c0	56	
	00747700	28	
	00747720	73	
	00747770	284	
	00747890	83	
	007478f0	420	
	00747aa0	305	
	00747be0	61	
	00747c20	459	
	00747df0	188	
	00747eb0	2038	
	007486b0	153	
	00748750	217	
	00748830	20	
	00748850	20	
	00748870	175	
	00748920	119	
	007489a0	55	
	007489e0	49	
	00748a20	130	
	00748ab0	19	
	00748ad0	45	
	00748b00	290	
	00748c30	255	
	00748d30	49	
	00748d70	872	
	007490e0	74	
	00749130	318	
	00749270	755	
	00749570	272	
	00749680	780	
	00749990	1	
	007499a0	101	
	00749a10	85	
	00749a70	85	
	00749ad0	85	
	00749b30	57	
	00749b70	90	
	00749bd0	73	
	00749c20	97	
	00749c90	34	
	00749cc0	8	
	00749cd0	641	
	00749f60	268	
	0074a070	174	
	0074a120	185	
	0074a1e0	413	
	0074a380	431	
	0074a530	8	
	0074a540	8	
	0074a550	32	
	0074a570	21	
	0074a590	29	
	0074a5b0	8	
	0074a5c0	8	
	0074a5d0	8	
	0074a5e0	8	
	0074a5f0	44	
	0074a620	28	
	0074a640	28	
	0074a660	8	
	0074a670	8	
	0074a680	47	
	0074a6b0	8	
	0074a6c0	38	
	0074a6f0	104	
	0074a760	26	
	0074a780	120	
	0074a800	840	
	0074ab50	108	
	0074abc0	299	
	0074acf0	3647	
	0074bb30	1189	
	0074bfe0	902	
	0074c370	68	
	0074c3c0	12	
	0074c3d0	12	
	0074c3e0	12	
	0074c3f0	10	
	0074c400	16	
	0074c410	12	
	0074c420	10	
	0074c430	10	
	0074c440	16	
	0074c450	12	
	0074c460	10	
	0074c470	126	
	0074c4f0	8	
	0074c500	30	
	0074c520	163	
	0074c5d0	78	
	0074c620	50	
	0074c660	25	
	0074c680	25	
	0074c6a0	280	
	0074c7c0	48	
	0074c7f0	54	
	0074c830	284	
	0074c950	284	
	0074ca70	284	
	0074cb90	626	
	0074ce10	207	
	0074cee0	68	
	0074cf30	12	
	0074cf40	12	
	0074cf50	12	
	0074cf60	10	
	0074cf70	16	
	0074cf80	12	
	0074cf90	10	
	0074cfa0	10	
	0074cfb0	16	
	0074cfc0	12	
	0074cfd0	10	
	0074cfe0	441	
	0074d1a0	30	
	0074d1c0	536	
	0074d3e0	64	
	0074d420	296	
	0074d550	234	
	0074d640	46	
	0074d670	194	
	0074d740	960	
	0074db00	115	
	0074db80	57	
	0074dbc0	359	
	0074dd30	283	
	0074de50	53	
	0074de90	114	
	0074df10	843	
	0074e260	721	
	0074e540	423	
	0074e6f0	32	
	0074e710	60	
	0074e750	32	
	0074e770	40	
	0074e7a0	40	
	0074e7d0	68	
	0074e820	12	
	0074e830	12	
	0074e840	12	
	0074e850	136	
	0074e8e0	136	
	0074e970	10	
	0074e980	16	
	0074e990	12	
	0074e9a0	10	
	0074e9b0	10	
	0074e9c0	16	
	0074e9d0	12	
	0074e9e0	10	
	0074e9f0	10	
	0074ea00	9406	
	00750ec0	12	
	00750ed0	23	
	00750ef0	10	
	00750f00	1501	
	007514e0	12	
	007514f0	20	
	00751510	10	
	00751520	46	
	00751550	12	
	00751560	20	
	00751580	10	
	00751590	46	
	007515c0	12	
	007515d0	20	
	007515f0	116	
	00751670	134	
	00751700	148	
	007517a0	510	
	007519a0	30	
	007519c0	398	
	00751b50	27	
	00751b70	55	
	00751bb0	55	
	00751bf0	325	
	00751d40	125	
	00751dc0	15	
	00751dd0	406	
	00751f70	461	
	00752140	249	
	00752240	500	
	00752440	326	
	00752590	313	
	007526d0	234	
	007527c0	294	
	007528f0	115	
	00752970	46	
	007529a0	356	
	00752b10	164	
	00752bc0	150	
	00752c60	185	
	00752d20	414	
	00752ec0	228	
	00752fb0	84	
	00753010	63	
	00753050	547	
	00753280	738	
	00753570	309	
	007536b0	94	
	00753710	41	
	00753740	90	
	007537a0	1763	
	00753ea0	77	
	00753ef0	97	
	00753f60	139	
	00753ff0	71	
	00754040	403	
	007541e0	464	
	007543b0	294	
	007544e0	90	
	00754540	745	
	00754830	680	
	00754ae0	3745	
	00755990	25	
	007559b0	290	
	00755ae0	32	
	00755b00	111	
	00755b70	344	
	00755cd0	190	
	00755d90	30	
	00755db0	30	
	00755dd0	155	
	00755e70	10	
	00755e80	8	
	00755e90	58	
	00755ed0	388	
	00756060	900	
	007563f0	613	
	00756660	55	
	007566a0	1084	
	00756af0	149	
	00756b90	106	
	00756c00	142	
	00756c90	149	
	00756d30	589	
	00756f80	91	
	00756fe0	200	
	007570b0	20	
	007570d0	203	
	007571a0	63	
	007571e0	1046	
	00757600	834	
	00757950	32	
	00757970	40	
	007579a0	68	
	007579f0	12	
	00757a00	12	
	00757a10	12	
	00757a20	136	
	00757ab0	10	
	00757ac0	16	
	00757ad0	12	
	00757ae0	10	
	00757af0	10	
	00757b00	16	
	00757b10	12	
	00757b20	10	
	00757b30	5	
00757b30	00757b40	19	
	00757b60	5	
00757b60	00757b70	19	
	00757b90	5	
00757b90	00757ba0	19	
	00757bc0	387	
	00757d50	30	
	00757d70	153	
	00757e10	124	
	00757e90	63	
	00757ed0	23	
	00757ef0	116	
	00757f70	508	
	00758170	161	
	00758220	7	
	00758230	20	
	00758250	28	
	00758270	8	
	00758280	275	
	007583a0	221	
	00758480	8	
	00758490	44	
	007584c0	16	
	007584d0	8	
	007584e0	13	
	007584f0	7	
	00758500	147	
	007585a0	160	
	00758640	323	
	00758790	303	
	007588c0	68	
	00758910	12	
	00758920	12	
	00758930	12	
	00758940	10	
	00758950	16	
	00758960	12	
	00758970	10	
	00758980	10	
	00758990	16	
	007589a0	12	
	007589b0	10	
	007589c0	1293	
	00758ed0	38	
	00758f00	40	
	00758f30	459	
	00759100	84	
	00759160	11	
	00759170	11	
	00759180	11	
	00759190	134	
	00759220	112	
	00759290	512	
	00759490	629	
	00759710	741	
	00759a00	252	
	00759b00	520	
	00759d10	173	
	00759dc0	207	
	00759e90	184	
	00759f50	706	
	0075a220	245	
	0075a320	56	
	0075a360	148	
	0075a400	61	
	0075a440	501	
	0075a640	160	
	0075a6e0	727	
	0075a9c0	68	
	0075aa10	12	
	0075aa20	12	
	0075aa30	12	
	0075aa40	10	
	0075aa50	16	
	0075aa60	12	
	0075aa70	10	
	0075aa80	10	
	0075aa90	16	
	0075aaa0	12	
	0075aab0	10	
	0075aac0	10	
	0075aad0	721	
	0075adb0	12	
	0075adc0	20	
	0075ade0	464	
	0075afb0	30	
	0075afd0	111	
	0075b040	34	
	0075b070	35	
	0075b0a0	17	
	0075b0c0	68	
	0075b110	12	
	0075b120	12	
	0075b130	12	
	0075b140	138	
	0075b1d0	299	
	0075b300	10	
	0075b310	16	
	0075b320	12	
	0075b330	10	
	0075b340	10	
	0075b350	16	
	0075b360	12	
	0075b370	10	
	0075b380	10	
	0075b390	9406	
	0075d850	12	
	0075d860	23	
	0075d880	40	
	0075d8b0	30	
	0075d8d0	7	
	0075d8e0	350	
	0075da40	200	
	0075db10	1024	
	0075df10	243	
	0075e010	333	
	0075e160	86	
	0075e1c0	88	
	0075e220	68	
	0075e270	12	
	0075e280	12	
	0075e290	12	
	0075e2a0	10	
	0075e2b0	16	
	0075e2c0	12	
	0075e2d0	10	
	0075e2e0	10	
	0075e2f0	16	
	0075e300	12	
	0075e310	10	
	0075e320	116	
	0075e3a0	83	
	0075e400	100	
	0075e470	95	
	0075e4d0	226	
	0075e5c0	213	
	0075e6a0	704	
	0075e970	101	
	0075e9e0	35	
	0075ea10	134	
	0075eaa0	112	
	0075eb10	138	
	0075eba0	1316	
	0075f0d0	1423	
	0075f660	1466	
	0075fc20	26	
	0075fc40	386	
	0075fdd0	125	
	0075fe50	102	
	0075fec0	68	
	0075ff10	12	
	0075ff20	12	
	0075ff30	12	
	0075ff40	10	
	0075ff50	16	
	0075ff60	12	
	0075ff70	10	
	0075ff80	10	
	0075ff90	16	
	0075ffa0	12	
	0075ffb0	10	
	0075ffc0	5	
0075ffc0	0075ffd0	19	
	0075fff0	5	
0075fff0	00760000	19	
	00760020	5	
00760020	00760030	19	
	00760050	97	
	007600c0	12	
	007600d0	12	
	007600e0	14	
	007600f0	30	
	00760110	126	
	00760190	5	
	007601a0	60	
	007601e0	119	
	00760260	90	
	007602c0	155	
	00760360	1862	
	00760ab0	87	
	00760b10	670	
	00760db0	17	
	00760dd0	68	
	00760e20	12	
	00760e30	12	
	00760e40	12	
	00760e50	10	
	00760e60	16	
	00760e70	12	
	00760e80	10	
	00760e90	10	
	00760ea0	16	
	00760eb0	12	
	00760ec0	10	
	00760ed0	18	
	00760ef0	12	
	00760f00	12	
	00760f10	30	
	00760f30	11	
	00760f40	32	
	00760f60	60	
	00760fa0	278	
	007610c0	32	
	007610e0	127	
	00761160	127	
	007611e0	167	
	00761290	38	
	007612c0	27	
	007612e0	27	
	00761300	68	
	00761350	12	
	00761360	12	
	00761370	12	
	00761380	10	
	00761390	16	
	007613a0	12	
	007613b0	10	
	007613c0	10	
	007613d0	16	
	007613e0	12	
	007613f0	10	
	00761400	45	
	00761430	12	
	00761440	12	
	00761450	7	
	00761460	17	
	00761480	30	
	007614a0	11	
	007614b0	322	
	00761600	60	
	00761640	32	
	00761660	658	
	00761900	13	
	00761910	13	
	00761920	68	
	00761970	12	
	00761980	12	
	00761990	12	
	007619a0	156	
	00761a40	25	
	00761a60	12	
	00761a70	10	
	00761a80	16	
	00761a90	12	
	00761aa0	10	
	00761ab0	10	
	00761ac0	16	
	00761ad0	12	
	00761ae0	10	
	00761af0	37	
	00761b20	30	
	00761b40	7	
	00761b50	96	
	00761bb0	93	
	00761c10	52	
	00761c50	113	
	00761cd0	143	
	00761d60	60	
	00761da0	60	
	00761de0	68	
	00761e30	12	
	00761e40	12	
	00761e50	12	
	00761e60	10	
	00761e70	16	
	00761e80	12	
	00761e90	10	
	00761ea0	10	
	00761eb0	16	
	00761ec0	12	
	00761ed0	10	
	00761ee0	27	
	00761f00	7	
	00761f10	209	
	00761ff0	14	
	00762000	35	
	00762030	339	
	00762190	427	
	00762340	139	
	007623d0	402	
	00762570	68	
	007625c0	12	
	007625d0	12	
	007625e0	12	
	007625f0	10	
	00762600	16	
	00762610	12	
	00762620	10	
	00762630	10	
	00762640	16	
	00762650	12	
	00762660	10	
	00762670	68	
	007626c0	30	
	007626e0	14	
	007626f0	124	
	00762770	463	
	00762940	253	
	00762a40	68	
	00762a90	12	
	00762aa0	12	
	00762ab0	12	
	00762ac0	17	
	00762ae0	11	
	00762af0	39	
	00762b20	42	
	00762b50	90	
	00762bb0	102	
	00762c20	113	
	00762ca0	26	
	00762cc0	29	
	00762ce0	83	
	00762d40	83	
	00762da0	83	
	00762e00	63	
	00762e40	60	
	00762e80	26	
	00762ea0	68	
	00762ef0	12	
	00762f00	12	
	00762f10	12	
	00762f20	247	
	00763020	5	
	00763030	30	
	00763050	144	
	007630e0	11	
	007630f0	31	
	00763110	171	
	007631c0	225	
	007632b0	695	
	00763570	231	
	00763660	1165	
	00763af0	159	
	00763b90	222	
	00763c70	183	
	00763d30	194	
	00763e00	260	
	00763f10	259	
	00764020	295	
	00764150	68	
	007641a0	12	
	007641b0	12	
	007641c0	12	
	007641d0	93	
	00764230	5	
	00764240	30	
	00764260	82	
	007642c0	11	
	007642d0	31	
	007642f0	36	
	00764320	26	
	00764340	1121	
	007647e0	79	
	00764830	79	
	00764880	68	
	007648d0	12	
	007648e0	12	
	007648f0	12	
	00764900	247	
	00764a00	5	
	00764a10	30	
	00764a30	144	
	00764ac0	11	
	00764ad0	31	
	00764af0	26	
	00764b10	239	
	00764c00	225	
	00764cf0	695	
	00764fb0	81	
	00765010	329	
	00765160	333	
	007652b0	84	
	00765310	228	
	00765400	196	
	007654d0	68	
	00765520	12	
	00765530	12	
	00765540	12	
	00765550	10	
	00765560	9406	
	00767a20	12	
	00767a30	23	
	00767a50	36	
	00767a80	5	
	00767a90	30	
	00767ab0	11	
	00767ac0	11	
	00767ad0	31	
	00767af0	16	
	00767b00	136	
	00767b90	271	
	00767ca0	45	
	00767cd0	45	
	00767d00	68	
	00767d50	12	
	00767d60	12	
	00767d70	12	
	00767d80	10	
	00767d90	9406	
	0076a250	12	
	0076a260	23	
	0076a280	98	
	0076a2f0	5	
	0076a300	30	
	0076a320	11	
	0076a330	11	
	0076a340	65	
	0076a390	90	
	0076a3f0	371	
	0076a570	53	
	0076a5b0	1047	
	0076a9d0	806	
	0076ad00	566	
	0076af40	315	
	0076b080	713	
	0076b350	407	
	0076b4f0	398	
	0076b680	153	
	0076b720	376	
	0076b8a0	189	
	0076b960	68	
	0076b9b0	12	
	0076b9c0	12	
	0076b9d0	12	
	0076b9e0	25	
	0076ba00	5	
	0076ba10	30	
	0076ba30	11	
	0076ba40	11	
	0076ba50	31	
	0076ba70	471	
	0076bc50	68	
	0076bca0	12	
	0076bcb0	12	
	0076bcc0	12	
	0076bcd0	32	
	0076bcf0	5	
	0076bd00	30	
	0076bd20	11	
	0076bd30	11	
	0076bd40	31	
	0076bd60	27	
	0076bd80	20	
	0076bda0	32	
	0076bdc0	32	
	0076bde0	68	
	0076be30	12	
	0076be40	12	
	0076be50	12	
	0076be60	5	
0076be60	0076be70	11	
	0076be80	131	
	0076bf10	5	
	0076bf20	30	
	0076bf40	82	
	0076bfa0	11	
	0076bfb0	31	
	0076bfd0	51	
	0076c010	298	
	0076c140	27	
	0076c160	108	
	0076c1d0	137	
	0076c260	84	
	0076c2c0	765	
	0076c5c0	129	
	0076c650	48	
	0076c680	141	
	0076c710	141	
	0076c7a0	68	
	0076c7f0	12	
	0076c800	12	
	0076c810	12	
	0076c820	10	
	0076c830	9406	
	0076ecf0	12	
	0076ed00	23	
	0076ed20	105	
	0076ed90	5	
	0076eda0	30	
	0076edc0	82	
	0076ee20	11	
	0076ee30	31	
	0076ee50	23	
	0076ee70	374	
	0076eff0	27	
	0076f010	53	
	0076f050	108	
	0076f0c0	70	
	0076f110	352	
	0076f270	31	
	0076f290	79	
	0076f2e0	118	
	0076f360	118	
	0076f3e0	68	
	0076f430	12	
	0076f440	12	
	0076f450	12	
	0076f460	100	
	0076f4d0	5	
	0076f4e0	30	
	0076f500	82	
	0076f560	11	
	0076f570	31	
	0076f590	20	
	0076f5b0	230	
	0076f6a0	76	
	0076f6f0	105	
	0076f760	105	
	0076f7d0	68	
	0076f820	12	
	0076f830	12	
	0076f840	12	
	0076f850	36	
	0076f880	5	
	0076f890	30	
	0076f8b0	11	
	0076f8c0	11	
	0076f8d0	31	
	0076f8f0	16	
	0076f900	39	
	0076f930	66	
	0076f980	66	
	0076f9d0	68	
	0076fa20	12	
	0076fa30	12	
	0076fa40	12	
	0076fa50	32	
	0076fa70	5	
	0076fa80	30	
	0076faa0	11	
	0076fab0	11	
	0076fac0	31	
	0076fae0	20	
	0076fb00	68	
	0076fb50	12	
	0076fb60	12	
	0076fb70	12	
	0076fb80	97	
	0076fbf0	5	
	0076fc00	30	
	0076fc20	82	
	0076fc80	11	
	0076fc90	31	
	0076fcb0	68	
	0076fd00	58	
	0076fd40	58	
	0076fd80	68	
	0076fdd0	12	
	0076fde0	12	
	0076fdf0	12	
	0076fe00	256	
	0076ff00	5	
	0076ff10	30	
	0076ff30	30	
	0076ff50	11	
	0076ff60	31	
	0076ff80	52	
	0076ffc0	238	
	007700b0	351	
	00770210	143	
	007702a0	133	
	00770330	68	
	00770380	12	
	00770390	12	
	007703a0	12	
	007703b0	32	
	007703d0	5	
	007703e0	30	
	00770400	11	
	00770410	11	
	00770420	31	
	00770440	12	
	00770450	764	
	00770750	68	
	007707a0	12	
	007707b0	12	
	007707c0	12	
	007707d0	32	
	007707f0	5	
	00770800	30	
	00770820	11	
	00770830	11	
	00770840	31	
	00770860	407	
	00770a00	40	
	00770a30	40	
	00770a60	68	
	00770ab0	12	
	00770ac0	12	
	00770ad0	12	
	00770ae0	32	
	00770b00	5	
	00770b10	30	
	00770b30	11	
	00770b40	11	
	00770b50	31	
	00770b70	92	
	00770bd0	1950	
	00771380	66	
	007713d0	66	
	00771420	68	
	00771470	12	
	00771480	12	
	00771490	12	
	007714a0	33	
	007714d0	5	
	007714e0	30	
	00771500	11	
	00771510	11	
	00771520	31	
	00771540	13	
	00771550	591	
	007717a0	33	
	007717d0	310	
	00771910	10	
	00771920	45	
	00771950	45	
	00771980	68	
	007719d0	12	
	007719e0	12	
	007719f0	12	
	00771a00	33	
	00771a30	5	
	00771a40	30	
	00771a60	11	
	00771a70	11	
	00771a80	31	
	00771aa0	13	
	00771ab0	364	
	00771c20	225	
	00771d10	849	
	00772070	24	
	00772090	798	
	007723b0	185	
	00772470	68	
	007724c0	12	
	007724d0	12	
	007724e0	12	
	007724f0	33	
	00772520	5	
	00772530	30	
	00772550	11	
	00772560	11	
	00772570	31	
	00772590	13	
	007725a0	121	
	00772620	779	
	00772930	140	
	007729c0	215	
	00772aa0	88	
	00772b00	76	
	00772b50	68	
	00772ba0	12	
	00772bb0	12	
	00772bc0	12	
	00772bd0	36	
	00772c00	5	
	00772c10	30	
	00772c30	11	
	00772c40	11	
	00772c50	34	
	00772c80	16	
	00772c90	190	
	00772d50	225	
	00772e40	226	
	00772f30	267	
	00773040	186	
	00773100	193	
	007731d0	68	
	00773220	12	
	00773230	12	
	00773240	12	
	00773250	33	
	00773280	5	
	00773290	30	
	007732b0	11	
	007732c0	11	
	007732d0	31	
	007732f0	13	
	00773300	85	
	00773360	942	
	00773710	45	
	00773740	45	
	00773770	68	
	007737c0	12	
	007737d0	12	
	007737e0	12	
	007737f0	5	
007737f0	00773800	11	
	00773810	5	
00773810	00773820	11	
	00773830	5	
00773830	00773840	11	
	00773850	10	
	00773860	9406	
	00775d20	12	
	00775d30	23	
	00775d50	54	
	00775d90	5	
	00775da0	30	
	00775dc0	11	
	00775dd0	11	
	00775de0	31	
	00775e00	34	
	00775e30	233	
	00775f20	131	
	00775fb0	164	
	00776060	88	
	007760c0	1692	
	00776760	857	
	00776ac0	133	
	00776b50	985	
	00776f40	79	
	00776f90	79	
	00776fe0	68	
	00777030	12	
	00777040	12	
	00777050	12	
	00777060	40	
	00777090	5	
	007770a0	30	
	007770c0	11	
	007770d0	11	
	007770e0	31	
	00777100	20	
	00777120	778	
	00777430	58	
	00777470	92	
	007774d0	68	
	00777520	12	
	00777530	12	
	00777540	12	
	00777550	29	
	00777570	5	
	00777580	30	
	007775a0	11	
	007775b0	11	
	007775c0	31	
	007775e0	9	
	007775f0	58	
	00777630	298	
	00777760	68	
	007777b0	68	
	00777800	68	
	00777850	12	
	00777860	12	
	00777870	12	
	00777880	5	
00777880	00777890	11	
	007778a0	5	
007778a0	007778b0	11	
	007778c0	5	
007778c0	007778d0	11	
	007778e0	46	
	00777910	5	
	00777920	30	
	00777940	11	
	00777950	11	
	00777960	31	
	00777980	26	
	007779a0	1177	
	00777e40	123	
	00777ec0	123	
	00777f40	68	
	00777f90	12	
	00777fa0	12	
	00777fb0	12	
	00777fc0	40	
	00777ff0	5	
	00778000	30	
	00778020	11	
	00778030	11	
	00778040	31	
	00778060	13	
	00778070	530	
	00778290	58	
	007782d0	58	
	00778310	68	
	00778360	12	
	00778370	12	
	00778380	12	
	00778390	40	
	007783c0	5	
	007783d0	30	
	007783f0	11	
	00778400	11	
	00778410	31	
	00778430	13	
	00778440	38	
	00778470	34	
	007784a0	63	
	007784e0	57	
	00778520	38	
	00778550	645	
	007787e0	72	
	00778830	68	
	00778880	12	
	00778890	12	
	007788a0	12	
	007788b0	10	
	007788c0	9406	
	0077ad80	12	
	0077ad90	23	
	0077adb0	71	
	0077ae00	48	
	0077ae30	5	
	0077ae40	30	
	0077ae60	11	
	0077ae70	11	
	0077ae80	31	
	0077aea0	28	
	0077aec0	92	
	0077af20	506	
	0077b120	40	
	0077b150	1062	
	0077b580	688	
	0077b840	329	
	0077b990	1700	
	0077c040	84	
	0077c0a0	337	
	0077c200	117	
	0077c280	215	
	0077c360	548	
	0077c590	136	
	0077c620	136	
	0077c6b0	68	
	0077c700	12	
	0077c710	12	
	0077c720	12	
	0077c730	39	
	0077c760	5	
	0077c770	30	
	0077c790	11	
	0077c7a0	11	
	0077c7b0	31	
	0077c7d0	19	
	0077c7f0	45	
	0077c820	45	
	0077c850	68	
	0077c8a0	12	
	0077c8b0	12	
	0077c8c0	12	
	0077c8d0	36	
	0077c900	5	
	0077c910	30	
	0077c930	99	
	0077c9a0	11	
	0077c9b0	31	
	0077c9d0	16	
	0077c9e0	26	
	0077ca00	225	
	0077caf0	202	
	0077cbc0	228	
	0077ccb0	348	
	0077ce10	192	
	0077ced0	292	
	0077d000	153	
	0077d0a0	278	
	0077d1c0	82	
	0077d220	68	
	0077d270	12	
	0077d280	12	
	0077d290	12	
	0077d2a0	5	
0077d2a0	0077d2b0	11	
	0077d2c0	5	
0077d2c0	0077d2d0	11	
	0077d2e0	57	
	0077d320	5	
	0077d330	30	
	0077d350	11	
	0077d360	11	
	0077d370	31	
	0077d390	30	
	0077d3b0	371	
	0077d540	144	
	0077d5d0	108	
	0077d640	816	
	0077d970	163	
	0077da20	118	
	0077daa0	231	
	0077db90	169	
	0077dc40	195	
	0077dd10	45	
	0077dd40	118	
	0077ddc0	118	
	0077de40	68	
	0077de90	12	
	0077dea0	12	
	0077deb0	12	
	0077dec0	40	
	0077def0	5	
	0077df00	30	
	0077df20	11	
	0077df30	11	
	0077df40	31	
	0077df60	13	
	0077df70	314	
	0077e0b0	66	
	0077e100	66	
	0077e150	68	
	0077e1a0	12	
	0077e1b0	12	
	0077e1c0	12	
	0077e1d0	10	
	0077e1e0	9406	
	007806a0	12	
	007806b0	23	
	007806d0	75	
	00780720	5	
	00780730	30	
	00780750	11	
	00780760	11	
	00780770	31	
	00780790	48	
	007807c0	283	
	007808e0	246	
	007809e0	786	
	00780d00	538	
	00780f20	164	
	00780fd0	68	
	00781020	12	
	00781030	12	
	00781040	12	
	00781050	10	
	00781060	9406	
	00783520	12	
	00783530	23	
	00783550	159	
	007835f0	48	
	00783620	5	
	00783630	30	
	00783650	11	
	00783660	11	
	00783670	31	
	00783690	34	
	007836c0	35	
	007836f0	1323	
	00783c20	1237	
	00784100	45	
	00784130	45	
	00784160	68	
	007841b0	12	
	007841c0	12	
	007841d0	12	
	007841e0	102	
	00784250	5	
	00784260	30	
	00784280	82	
	007842e0	11	
	007842f0	31	
	00784310	21	
	00784330	331	
	00784480	322	
	007845d0	58	
	00784610	58	
	00784650	68	
	007846a0	12	
	007846b0	12	
	007846c0	12	
	007846d0	10	
	007846e0	9406	
	00786ba0	12	
	00786bb0	23	
	00786bd0	60	
	00786c10	5	
	00786c20	30	
	00786c40	11	
	00786c50	11	
	00786c60	31	
	00786c80	37	
	00786cb0	914	
	00787050	366	
	007871c0	1189	
	00787680	1055	
	00787aa0	266	
	00787bb0	734	
	00787e90	188	
	00787f50	188	
	00788010	68	
	00788060	12	
	00788070	12	
	00788080	12	
	00788090	10	
	007880a0	9406	
	0078a560	12	
	0078a570	23	
	0078a590	10	
	0078a5a0	91	
	0078a600	12	
	0078a610	20	
	0078a630	78	
	0078a680	5	
	0078a690	30	
	0078a6b0	11	
	0078a6c0	11	
	0078a6d0	31	
	0078a6f0	67	
	0078a740	1892	
	0078aec0	235	
	0078afb0	55	
	0078aff0	707	
	0078b2c0	738	
	0078b5b0	82	
	0078b610	85	
	0078b670	196	
	0078b740	385	
	0078b8d0	331	
	0078ba20	738	
	0078bd20	100	
	0078bd90	210	
	0078be70	183	
	0078bf30	68	
	0078bf80	12	
	0078bf90	12	
	0078bfa0	12	
	0078bfb0	5	
0078bfb0	0078bfc0	11	
	0078bfd0	5	
0078bfd0	0078bfe0	11	
	0078bff0	5	
0078bff0	0078c000	11	
	0078c010	10	
	0078c020	9406	
	0078e4e0	12	
	0078e4f0	23	
	0078e510	78	
	0078e560	5	
	0078e570	30	
	0078e590	11	
	0078e5a0	11	
	0078e5b0	31	
	0078e5d0	64	
	0078e610	414	
	0078e7b0	541	
	0078e9e0	380	
	0078eb60	51	
	0078eba0	320	
	0078ece0	1439	
	0078f280	207	
	0078f350	180	
	0078f410	68	
	0078f460	12	
	0078f470	12	
	0078f480	12	
	0078f490	10	
	0078f4a0	9406	
	00791960	12	
	00791970	23	
	00791990	95	
	007919f0	5	
	00791a00	30	
	00791a20	82	
	00791a80	11	
	00791a90	31	
	00791ab0	43	
	00791ae0	30	
	00791b00	536	
	00791d20	135	
	00791db0	66	
	00791e00	68	
	00791e50	12	
	00791e60	12	
	00791e70	12	
	00791e80	10	
	00791e90	9406	
	00794350	12	
	00794360	23	
	00794380	40	
	007943b0	5	
	007943c0	30	
	007943e0	11	
	007943f0	11	
	00794400	31	
	00794420	20	
	00794440	382	
	007945c0	27	
	007945e0	152	
	00794680	834	
	007949e0	1	
	007949f0	53	
	00794a30	53	
	00794a70	68	
	00794ac0	12	
	00794ad0	12	
	00794ae0	12	
	00794af0	10	
	00794b00	9406	
	00796fc0	12	
	00796fd0	23	
	00796ff0	47	
	00797020	5	
	00797030	30	
	00797050	11	
	00797060	11	
	00797070	31	
	00797090	27	
	007970b0	216	
	00797190	591	
	007973e0	53	
	00797420	53	
	00797460	68	
	007974b0	12	
	007974c0	12	
	007974d0	12	
	007974e0	10	
	007974f0	9406	
	007999b0	12	
	007999c0	23	
	007999e0	36	
	00799a10	5	
	00799a20	30	
	00799a40	11	
	00799a50	11	
	00799a60	31	
	00799a80	16	
	00799a90	651	
	00799d30	79	
	00799d80	79	
	00799dd0	68	
	00799e20	12	
	00799e30	12	
	00799e40	12	
	00799e50	32	
	00799e70	5	
	00799e80	30	
	00799ea0	11	
	00799eb0	11	
	00799ec0	31	
	00799ee0	12	
	00799ef0	289	
	0079a030	53	
	0079a070	53	
	0079a0b0	68	
	0079a100	12	
	0079a110	12	
	0079a120	12	
	0079a130	10	
	0079a140	9406	
	0079c600	12	
	0079c610	23	
	0079c630	33	
	0079c660	5	
	0079c670	30	
	0079c690	11	
	0079c6a0	11	
	0079c6b0	31	
	0079c6d0	13	
	0079c6e0	16	
	0079c6f0	966	
	0079cae0	86	
	0079cb40	86	
	0079cba0	68	
	0079cbf0	12	
	0079cc00	12	
	0079cc10	12	
	0079cc20	10	
	0079cc30	9406	
	0079f0f0	12	
	0079f100	23	
	0079f120	48	
	0079f150	5	
	0079f160	30	
	0079f180	11	
	0079f190	11	
	0079f1a0	31	
	0079f1c0	28	
	0079f1e0	470	
	0079f3c0	33	
	0079f3f0	998	
	0079f7f0	136	
	0079f880	136	
	0079f910	68	
	0079f960	12	
	0079f970	12	
	0079f980	12	
	0079f990	10	
	0079f9a0	9406	
	007a1e60	12	
	007a1e70	23	
	007a1e90	46	
	007a1ec0	5	
	007a1ed0	30	
	007a1ef0	11	
	007a1f00	11	
	007a1f10	31	
	007a1f30	19	
	007a1f50	287	
	007a2070	92	
	007a20d0	92	
	007a2130	68	
	007a2180	12	
	007a2190	12	
	007a21a0	12	
	007a21b0	465	
	007a2390	30	
	007a23b0	101	
	007a2420	11	
	007a2430	21	
	007a2450	31	
	007a2470	50	
	007a24b0	45	
	007a24e0	38	
	007a2510	38	
	007a2540	38	
	007a2570	43	
	007a25a0	38	
	007a25d0	68	
	007a2620	12	
	007a2630	12	
	007a2640	12	
	007a2650	5	
	007a2660	5	
007a2660	007a2670	31	
	007a2690	5	
007a2690	007a26a0	31	
	007a26c0	10	
	007a26d0	13	
	007a26e0	12	
	007a26f0	10	
	007a2700	10	
	007a2710	16	
	007a2720	12	
	007a2730	10	
	007a2740	10	
	007a2750	16	
	007a2760	12	
	007a2770	10	
	007a2780	296	
	007a28b0	21	
	007a28d0	39	
	007a2900	5	
	007a2910	166	
	007a29c0	16	
	007a29d0	24	
	007a29f0	24	
	007a2a10	26	
	007a2a30	18	
	007a2a50	12	
	007a2a60	23	
	007a2a80	22	
	007a2aa0	525	
	007a2cb0	94	
	007a2d10	278	
	007a2e30	213	
	007a2f10	195	
	007a2fe0	183	
	007a30a0	225	
	007a3190	225	
	007a3280	209	
	007a3360	786	
	007a3680	1087	
	007a3ac0	1480	
	007a4090	264	
	007a41a0	117	
	007a4220	69	
	007a4270	617	
	007a44e0	214	
	007a45c0	222	
	007a46a0	218	
	007a4780	218	
	007a4860	394	
	007a49f0	404	
	007a4b90	44	
	007a4bc0	32	
	007a4be0	36	
	007a4c10	27	
	007a4c30	302	
	007a4d60	359	
	007a4ed0	196	
	007a4fa0	196	
	007a5070	265	
	007a5180	192	
	007a5240	192	
	007a5300	192	
	007a53c0	192	
	007a5480	254	
	007a5580	206	
	007a5650	217	
	007a5730	206	
	007a5800	44	
	007a5830	228	
	007a5920	223	
	007a5a00	213	
	007a5ae0	17	
	007a5b00	77	
	007a5b50	16	
	007a5b60	20	
	007a5b80	254	
	007a5c80	30	
	007a5ca0	100	
	007a5d10	89	
	007a5d70	12	
	007a5d80	12	
	007a5d90	12	
	007a5da0	12	
	007a5db0	66	
	007a5e00	26	
	007a5e20	26	
	007a5e40	4	
	007a5e50	113	
	007a5ed0	208	
	007a5fa0	45	
	007a5fd0	103	
	007a6040	104	
	007a60b0	87	
	007a6110	256	
	007a6210	140	
	007a62a0	68	
	007a62f0	12	
	007a6300	12	
	007a6310	12	
	007a6320	24	
	007a6340	7	
	007a6350	32	
	007a6370	41	
	007a63a0	41	
	007a63d0	35	
	007a6400	105	
	007a6470	54	
	007a64b0	54	
	007a64f0	68	
	007a6540	12	
	007a6550	12	
	007a6560	12	
	007a6570	40	
	007a65a0	37	
	007a65d0	64	
	007a6610	64	
	007a6650	68	
	007a66a0	12	
	007a66b0	12	
	007a66c0	12	
	007a66d0	44	
	007a6700	30	
	007a6720	11	
	007a6730	19	
	007a6750	692	
	007a6a10	60	
	007a6a50	60	
	007a6a90	68	
	007a6ae0	12	
	007a6af0	12	
	007a6b00	12	
	007a6b10	39	
	007a6b40	30	
	007a6b60	11	
	007a6b70	49	
	007a6bb0	129	
	007a6c40	49	
	007a6c80	47	
	007a6cb0	47	
	007a6ce0	68	
	007a6d30	12	
	007a6d40	12	
	007a6d50	12	
	007a6d60	50	
	007a6da0	30	
	007a6dc0	11	
	007a6dd0	84	
	007a6e30	540	
	007a7050	150	
	007a70f0	91	
	007a7150	68	
	007a71a0	12	
	007a71b0	12	
	007a71c0	12	
	007a71d0	50	
	007a7210	30	
	007a7230	11	
	007a7240	91	
	007a72a0	68	
	007a72f0	12	
	007a7300	12	
	007a7310	12	
	007a7320	140	
	007a73b0	30	
	007a73d0	275	
	007a74f0	16	
	007a7500	24	
	007a7520	24	
	007a7540	27	
	007a7560	21	
	007a7580	265	
	007a7690	265	
	007a77a0	140	
	007a7830	313	
	007a7970	336	
	007a7ac0	172	
	007a7b70	689	
	007a7e30	17	
	007a7e50	7	
	007a7e60	54	
	007a7ea0	54	
	007a7ee0	24	
	007a7f00	30	
	007a7f20	64	
	007a7f60	64	
	007a7fa0	225	
	007a8090	835	
	007a83e0	811	
	007a8710	68	
	007a8760	12	
	007a8770	12	
	007a8780	12	
	007a8790	11	
	007a87a0	11	
	007a87b0	11	
	007a87c0	83	
	007a8820	30	
	007a8840	28	
	007a8860	69	
	007a88b0	11	
	007a88c0	228	
	007a89b0	187	
	007a8a70	187	
	007a8b30	163	
	007a8be0	161	
	007a8c90	94	
	007a8cf0	179	
	007a8db0	68	
	007a8e00	12	
	007a8e10	12	
	007a8e20	12	
	007a8e30	32	
	007a8e50	5	
007a8e50	007a8e60	31	
	007a8e80	5	
007a8e80	007a8e90	19	
	007a8eb0	526	
	007a90c0	312	
	007a9200	44	
	007a9230	267	
	007a9340	140	
	007a93d0	120	
	007a9450	375	
	007a95d0	854	
	007a9930	703	
	007a9bf0	494	
	007a9de0	1345	
	007aa330	264	
	007aa440	29	
	007aa460	31	
	007aa480	38	
	007aa4b0	51	
	007aa4f0	53	
	007aa530	50	
	007aa570	20	
	007aa590	22	
	007aa5b0	22	
	007aa5d0	315	
	007aa710	308	
	007aa850	159	
	007aa8f0	748	
	007aabe0	118	
	007aac60	795	
	007aaf80	224	
	007ab060	208	
	007ab130	392	
	007ab2c0	277	
	007ab3e0	627	
	007ab660	366	
	007ab7d0	324	
	007ab920	64	
	007ab960	59	
	007ab9a0	13	
	007ab9b0	144	
	007aba40	1813	
	007ac160	199	
	007ac230	112	
	007ac2a0	35	
	007ac2d0	35	
	007ac300	29	
	007ac320	65	
	007ac370	408	
	007ac510	94	
	007ac570	308	
	007ac6b0	599	
	007ac910	115	
	007ac990	589	
	007acbe0	194	
	007accb0	28	
	007accd0	44	
	007acd00	60	
	007acd40	182	
	007ace00	187	
	007acec0	68	
	007acf10	12	
	007acf20	12	
	007acf30	12	
	007acf40	5	
007acf40	007acf50	31	
	007acf70	5	
007acf70	007acf80	31	
	007acfa0	89	
	007ad000	12	
	007ad010	12	
	007ad020	12	
	007ad030	12	
	007ad040	5	
007ad040	007ad050	31	
	007ad070	10	
	007ad080	13	
	007ad090	12	
	007ad0a0	10	
	007ad0b0	10	
	007ad0c0	16	
	007ad0d0	12	
	007ad0e0	10	
	007ad0f0	10	
	007ad100	16	
	007ad110	12	
	007ad120	10	
	007ad130	466	
	007ad310	25	
	007ad330	233	
	007ad420	1196	
	007ad8d0	1390	
	007ade40	97	
	007adeb0	1201	
	007ae370	435	
	007ae530	50	
	007ae570	582	
	007ae7c0	527	
	007ae9d0	970	
	007aeda0	562	
	007aefe0	1924	
	007af770	38	
	007af7a0	1683	
	007afe50	186	
	007aff10	144	
	007affb0	1157	
	007b0450	852	
	007b07b0	800	
	007b0ad0	1871	
	007b1240	43	
	007b1270	79	
	007b12c0	1051	
	007b16e0	747	
	007b19f0	681	
	007b1ca0	31	
	007b1cc0	350	
	007b1e20	218	
	007b1f00	10	
	007b1f10	57	
	007b1f50	38	
	007b1f80	38	
	007b1fb0	84	
	007b2010	12	
	007b2020	73	
	007b2070	84	
	007b20d0	111	
	007b2140	115	
	007b21c0	159	
	007b2260	53	
	007b22a0	127	
	007b2320	89	
	007b2380	12	
	007b2390	12	
	007b23a0	12	
	007b23b0	12	
	007b23c0	54	
	007b2400	5	
007b2400	007b2410	31	
	007b2430	5	
007b2430	007b2440	31	
	007b2460	81	
	007b24c0	1278	
	007b29c0	528	
	007b2bd0	76	
	007b2c20	444	
	007b2de0	1585	
	007b3430	800	
	007b3760	719	
	007b3a30	1701	
	007b40e0	1852	
007b40e0	007b487e	2723	
	007b481c	98	
	007b5350	850	
	007b56b0	89	
	007b5710	12	
	007b5720	12	
	007b5730	12	
	007b5740	12	
	007b5750	14	
	007b5760	57	
	007b57a0	199	
	007b5870	84	
	007b58d0	84	
	007b5930	315	
	007b5a70	213	
	007b5b50	68	
	007b5ba0	12	
	007b5bb0	12	
	007b5bc0	12	
	007b5bd0	24	
	007b5bf0	30	
	007b5c10	7	
	007b5c20	21	
	007b5c40	68	
	007b5c90	12	
	007b5ca0	12	
	007b5cb0	12	
	007b5cc0	24	
	007b5ce0	30	
	007b5d00	925	
	007b60a0	261	
	007b61b0	173	
	007b6260	93	
	007b62c0	93	
	007b6320	68	
	007b6370	12	
	007b6380	12	
	007b6390	12	
	007b63a0	10	
	007b63b0	28	
	007b63d0	12	
	007b63e0	53	
	007b6420	44	
	007b6450	219	
	007b6530	68	
	007b6580	12	
	007b6590	12	
	007b65a0	12	
	007b65b0	10	
	007b65c0	723	
	007b68a0	12	
	007b68b0	31	
	007b68d0	5	
	007b68e0	29	
	007b6900	53	
	007b6940	149	
	007b69e0	37	
	007b6a10	47	
	007b6a40	70	
	007b6a90	155	
	007b6b30	905	
	007b6ec0	68	
	007b6f10	12	
	007b6f20	12	
	007b6f30	12	
	007b6f40	84	
	007b6fa0	290	
	007b70d0	12	
	007b70e0	10	
	007b70f0	711	
	007b73c0	12	
	007b73d0	31	
	007b73f0	13	
	007b7400	5	
	007b7410	29	
	007b7430	53	
	007b7470	149	
	007b7510	47	
	007b7540	63	
	007b7580	155	
	007b7620	890	
	007b79a0	68	
	007b79f0	12	
	007b7a00	12	
	007b7a10	12	
	007b7a20	287	
	007b7b40	12	
	007b7b50	212	
	007b7c30	8	
	007b7c40	68	
	007b7c90	12	
	007b7ca0	12	
	007b7cb0	12	
	007b7cc0	20	
	007b7ce0	44	
	007b7d10	312	
	007b7e50	402	
	007b7ff0	68	
	007b8040	12	
	007b8050	12	
	007b8060	12	
	007b8070	3	
	007b8080	83	
	007b80e0	91	
	007b8140	68	
	007b8190	12	
	007b81a0	12	
	007b81b0	12	
	007b81c0	19	
	007b81e0	11	
	007b81f0	62	
	007b8230	62	
	007b8270	68	
	007b82c0	12	
	007b82d0	12	
	007b82e0	12	
	007b82f0	10	
	007b8300	10	
	007b8310	12	
	007b8320	10	
	007b8330	10	
	007b8340	10	
	007b8350	12	
	007b8360	10	
	007b8370	223	
	007b8450	30	
	007b8470	100	
	007b84e0	1139	
	007b8960	166	
	007b8a10	154	
	007b8b20	1212	
	007b8fe0	1260	
	007b94e0	959	
	007b98a0	71	
	007b98f0	880	
	007b9c80	11	
	007b9c90	33	
	007b9cc0	11	
	007b9cd0	326	
	007b9e20	551	
	007ba050	1411	
	007ba5e0	279	
	007ba700	92	
	007ba760	55	
	007ba7a0	35	
	007ba7d0	28	
	007ba7f0	27	
	007ba810	278	
	007ba930	7	
	007ba940	501	
	007bab40	38	
	007bab70	56	
	007babb0	197	
	007bac80	89	
	007bace0	57	
	007bad20	55	
	007bad60	197	
	007bae30	201	
	007baf00	1479	
	007bb4d0	20	
	007bb4f0	10	
	007bb500	16	
	007bb510	12	
	007bb520	10	
	007bb530	10	
	007bb540	16	
	007bb550	12	
	007bb560	10	
	007bb570	10	
	007bb580	76	
	007bb5d0	12	
	007bb5e0	20	
	007bb600	7	
	007bb610	7	
	007bb620	27	
	007bb640	37	
	007bb670	11	
	007bb680	29	
	007bb6a0	47	
	007bb6d0	12	
	007bb6e0	7	
	007bb6f0	11	
	007bb700	11	
	007bb710	11	
	007bb720	11	
	007bb730	11	
	007bb740	25	
	007bb760	7	
	007bb770	68	
	007bb7c0	12	
	007bb7d0	12	
	007bb7e0	12	
	007bb7f0	10	
	007bb800	41	
	007bb830	12	
	007bb840	35	
	007bb870	75	
	007bb8c0	7	
	007bb8d0	32	
	007bb8f0	30	
	007bb910	71	
	007bb960	20	
	007bb980	150	
	007bba20	31	
	007bba40	54	
	007bba80	43	
	007bbab0	217	
	007bbb90	94	
	007bbbf0	10	
	007bbc00	10	
	007bbc10	12	
	007bbc20	10	
	007bbc30	10	
	007bbc40	10	
	007bbc50	12	
	007bbc60	10	
	007bbc70	10	
	007bbc80	16	
	007bbc90	12	
	007bbca0	10	
	007bbcb0	10	
	007bbcc0	16	
	007bbcd0	12	
	007bbce0	10	
	007bbcf0	10	
	007bbd00	76	
	007bbd50	12	
	007bbd60	20	
	007bbd80	68	
	007bbdd0	12	
	007bbde0	12	
	007bbdf0	12	
	007bbe00	134	
	007bbe90	1436	
	007bc450	2443	
	007bcde0	2443	
	007bd770	2536	
	007be160	2499	
	007beb30	2499	
	007bf500	2496	
	007bfec0	10	
	007bfed0	10	
	007bfee0	12	
	007bfef0	10	
	007bff00	10	
	007bff10	10	
	007bff20	12	
	007bff30	10	
	007bff40	2496	
	007c0900	2496	
	007c12c0	1186	
	007c1770	1760	
	007c1e50	46	
	007c1e80	10	
	007c1e90	16	
	007c1ea0	12	
	007c1eb0	10	
	007c1ec0	10	
	007c1ed0	16	
	007c1ee0	12	
	007c1ef0	10	
	007c1f00	10	
	007c1f10	76	
	007c1f60	12	
	007c1f70	20	
	007c1f90	68	
	007c1fe0	12	
	007c1ff0	12	
	007c2000	12	
	007c2010	188	
	007c20d0	30	
	007c20f0	100	
	007c2160	424	
	007c2310	172	
	007c23c0	25	
	007c23e0	1363	
	007c2940	775	
	007c2c70	737	
	007c2f80	1880	
	007c3730	1257	
	007c3c80	683	
	007c3f80	1293	
	007c4510	10	
	007c4520	10	
	007c4530	12	
	007c4540	10	
	007c4550	10	
	007c4560	10	
	007c4570	12	
	007c4580	10	
	007c4590	146	
	007c4630	405	
	007c47e0	183	
	007c48b0	238	
	007c49d0	67	
	007c4a20	10	
	007c4a30	16	
	007c4a40	12	
	007c4a50	10	
	007c4a60	10	
	007c4a70	16	
	007c4a80	12	
	007c4a90	10	
	007c4aa0	10	
	007c4ab0	76	
	007c4b00	12	
	007c4b10	20	
	007c4b30	68	
	007c4b80	12	
	007c4b90	12	
	007c4ba0	12	
	007c4bb0	26	
	007c4bd0	30	
	007c4bf0	11	
	007c4c00	10	
	007c4c10	10	
	007c4c20	12	
	007c4c30	10	
	007c4c40	10	
	007c4c50	10	
	007c4c60	12	
	007c4c70	10	
	007c4c80	68	
	007c4cd0	12	
	007c4ce0	12	
	007c4cf0	12	
	007c4d00	10	
	007c4d10	16	
	007c4d20	12	
	007c4d30	10	
	007c4d40	10	
	007c4d50	16	
	007c4d60	12	
	007c4d70	10	
	007c4d80	10	
	007c4d90	76	
	007c4de0	12	
	007c4df0	20	
	007c4e10	12	
	007c4e20	410	
	007c4fe0	318	
	007c5140	50	
	007c5180	51	
	007c51c0	28	
	007c51e0	10	
	007c51f0	16	
	007c5200	12	
	007c5210	10	
	007c5220	44	
	007c5250	30	
	007c5270	11	
	007c5280	727	
	007c55b0	342	
	007c5710	66	
	007c5760	742	
	007c5aa0	418	
	007c5c50	66	
	007c5ca0	440	
	007c5e60	465	
	007c6040	448	
	007c6200	256	
	007c6300	32	
	007c6320	40	
	007c6350	136	
	007c63e0	10	
	007c63f0	10	
	007c6400	12	
	007c6410	10	
	007c6420	10	
	007c6430	10	
	007c6440	12	
	007c6450	10	
	007c6460	10	
	007c6470	16	
	007c6480	12	
	007c6490	10	
	007c64a0	10	
	007c64b0	16	
	007c64c0	12	
	007c64d0	10	
	007c64e0	10	
	007c64f0	76	
	007c6540	12	
	007c6550	20	
	007c6570	299	
	007c66a0	68	
	007c66f0	12	
	007c6700	12	
	007c6710	12	
	007c6720	18	
	007c6740	446	
	007c6950	293	
	007c6aa0	62	
	007c6ae0	62	
	007c6b20	84	
	007c6b80	84	
	007c6be0	62	
	007c6c20	336	
	007c6d90	20	
	007c6db0	30	
	007c6dd0	11	
	007c6de0	98	
	007c6e50	10	
	007c6e60	10	
	007c6e70	12	
	007c6e80	10	
	007c6e90	10	
	007c6ea0	10	
	007c6eb0	12	
	007c6ec0	10	
	007c6ed0	10	
	007c6ee0	16	
	007c6ef0	12	
	007c6f00	10	
	007c6f10	10	
	007c6f20	16	
	007c6f30	12	
	007c6f40	10	
	007c6f50	10	
	007c6f60	76	
	007c6fb0	12	
	007c6fc0	20	
	007c6fe0	68	
	007c7030	12	
	007c7040	12	
	007c7050	12	
	007c7060	18	
	007c7080	30	
	007c70a0	11	
	007c70b0	39	
	007c70e0	23	
	007c7100	91	
	007c7160	108	
	007c71d0	23	
	007c71f0	14	
	007c7200	53	
	007c7240	87	
	007c72a0	10	
	007c72b0	10	
	007c72c0	12	
	007c72d0	10	
	007c72e0	10	
	007c72f0	10	
	007c7300	12	
	007c7310	10	
	007c7320	10	
	007c7330	16	
	007c7340	12	
	007c7350	10	
	007c7360	10	
	007c7370	16	
	007c7380	12	
	007c7390	10	
	007c73a0	10	
	007c73b0	76	
	007c7400	12	
	007c7410	20	
	007c7430	68	
	007c7480	12	
	007c7490	12	
	007c74a0	12	
	007c74b0	344	
	007c7610	30	
	007c7630	102	
	007c76a0	517	
	007c78b0	17	
	007c78d0	794	
	007c7bf0	718	
	007c7ec0	390	
	007c8050	741	
	007c8340	58	
	007c8380	58	
	007c83c0	72	
	007c8410	72	
	007c8460	89	
	007c84c0	89	
	007c8520	27319	
	007cefe0	70	
	007cf030	634	
	007cf2b0	70	
	007cf300	135	
	007cf390	86	
	007cf3f0	205	
	007cf4c0	29	
	007cf4e0	127	
	007cf560	25	
	007cf580	12	
	007cf590	30	
	007cf5b0	14	
	007cf5c0	222	
	007cf6a0	160	
	007cf740	195	
	007cf810	78	
	007cf860	30	
	007cf880	134	
	007cf910	994	
	007cfd00	390	
	007cfe90	200	
	007cff60	506	
	007d0160	91	
	007d01c0	9	
	007d01d0	311	
	007d0310	25	
	007d0330	12	
	007d0340	10	
	007d0350	16	
	007d0360	12	
	007d0370	10	
	007d0380	370	
	007d0500	30	
	007d0520	102	
	007d0590	208	
	007d0660	69	
	007d06b0	915	
	007d0a50	390	
	007d0be0	425	
	007d0d90	353	
	007d0f00	27	
	007d0f20	175	
	007d0fd0	62	
	007d1010	50	
	007d1050	25	
	007d1070	12	
	007d1080	10	
	007d1090	16	
	007d10a0	12	
	007d10b0	10	
	007d10c0	212	
	007d11a0	30	
	007d11c0	119	
	007d1240	766	
	007d1540	390	
	007d16d0	70	
	007d1720	175	
	007d17d0	486	
	007d19c0	25	
	007d19e0	12	
	007d19f0	10	
	007d1a00	16	
	007d1a10	12	
	007d1a20	10	
	007d1a30	212	
	007d1b10	30	
	007d1b30	119	
	007d1bb0	8	
	007d1bc0	766	
	007d1ec0	390	
	007d2050	70	
	007d20a0	175	
	007d2150	424	
	007d2300	25	
	007d2320	12	
	007d2330	272	
	007d2440	201	
	007d2510	774	
	007d2820	3024	
	007d33f0	390	
	007d3580	1933	
	007d3d10	68	
	007d3d60	12	
	007d3d70	12	
	007d3d80	12	
	007d3d90	835	
	007d40e0	13	
	007d40f0	30	
	007d4110	542	
	007d4330	1410	
	007d48c0	699	
	007d4b80	390	
	007d4d10	743	
	007d5000	780	
	007d5310	812	
	007d5640	1870	
	007d5d90	732	
	007d6070	1227	
	007d6540	253	
	007d6640	820	
	007d6980	55	
	007d69c0	1234	
	007d6ea0	391	
	007d7030	770	
	007d7340	743	
	007d7630	234	
	007d7720	90	
	007d7780	5	
	007d7790	188	
	007d7850	44	
	007d7880	44	
	007d78b0	44	
	007d78e0	44	
	007d7910	44	
	007d7940	44	
	007d7970	44	
	007d79a0	345	
	007d7b00	425	
	007d7cb0	296	
	007d7de0	130	
	007d7e70	182	
	007d7f30	266	
	007d8040	114	
	007d80c0	158	
	007d8160	262	
	007d8270	117	
	007d82f0	164	
	007d83a0	460	
	007d8570	133	
	007d8600	17	
	007d8620	340	
	007d8780	232	
	007d8870	49	
	007d88b0	125	
	007d8930	461	
	007d8b00	277	
	007d8c20	353	
	007d8d90	74	
	007d8de0	32	
	007d8e00	40	
	007d8e30	285	
	007d8f50	70	
	007d8fa0	176	
	007d9050	350	
	007d91b0	321	
	007d9300	140	
	007d9390	210	
	007d9470	568	
	007d96b0	160	
	007d9750	418	
	007d9900	99	
	007d9970	362	
	007d9ae0	106	
	007d9b50	246	
	007d9c50	68	
	007d9ca0	12	
	007d9cb0	12	
	007d9cc0	12	
	007d9cd0	158	
	007d9d70	168	
	007d9e20	30	
	007d9e40	109	
	007d9eb0	112	
	007d9f20	684	
	007da1d0	390	
	007da360	92	
	007da3c0	68	
	007da410	12	
	007da420	12	
	007da430	12	
	007da440	135	
	007da4d0	30	
	007da4f0	82	
	007da550	48	
	007da580	1050	
	007da9a0	390	
	007dab30	648	
	007dadc0	87	
	007dae20	5	
	007dae30	158	
	007daed0	158	
	007daf70	7	
	007daf80	68	
	007dafd0	12	
	007dafe0	12	
	007daff0	12	
	007db000	10	
	007db010	721	
	007db2f0	12	
	007db300	20	
	007db320	149	
	007db3c0	14	
	007db3d0	34	
	007db400	89	
	007db460	12	
	007db470	12	
	007db480	12	
	007db490	12	
	007db4a0	105	
	007db510	104	
	007db580	590	
	007db7d0	321	
	007db920	354	
	007dba90	280	
	007dbbb0	792	
	007dbed0	333	
	007dc020	333	
	007dc170	6	
	007dc180	25	
	007dc1a0	12	
	007dc1b0	1013	
	007dc5b0	30	
	007dc5d0	610	
	007dc840	292	
	007dc970	252	
	007dca70	4729	
	007ddcf0	390	
	007dde80	2027	
	007de670	90	
	007de6d0	851	
	007dea30	794	
	007ded50	5	
	007ded60	309	
	007deea0	68	
	007deef0	12	
	007def00	12	
	007def10	12	
	007def20	250	
	007df020	30	
	007df040	356	
	007df1b0	91	
	007df210	87	
	007df270	1081	
	007df6b0	390	
	007df840	484	
	007dfa30	187	
	007dfaf0	187	
	007dfbb0	16	
	007dfbc0	5	
	007dfbd0	25	
	007dfbf0	12	
	007dfc00	254	
	007dfd00	30	
	007dfd20	147	
	007dfdc0	89	
	007dfe20	1447	
	007e03d0	390	
	007e0560	686	
	007e0810	278	
	007e0930	252	
	007e0a30	87	
	007e0a90	43	
	007e0ac0	5	
	007e0ad0	311	
	007e0c10	25	
	007e0c30	12	
	007e0c40	187	
	007e0d00	30	
	007e0d20	117	
	007e0da0	153	
	007e0e40	970	
	007e1210	390	
	007e13a0	441	
	007e1560	90	
	007e15c0	170	
	007e1670	170	
	007e1720	5	
	007e1730	35	
	007e1760	25	
	007e1780	12	
	007e1790	189	
	007e1850	30	
	007e1870	130	
	007e1900	197	
	007e19d0	874	
	007e1d40	390	
	007e1ed0	258	
	007e1fe0	42	
	007e2010	125	
	007e2090	125	
	007e2110	90	
	007e2170	5	
	007e2180	25	
	007e21a0	12	
	007e21b0	557	
	007e23e0	30	
	007e2400	205	
	007e24d0	429	
	007e2680	3334	
	007e3390	81	
	007e33f0	390	
	007e3580	703	
	007e3840	185	
	007e3900	2464	
	007e42a0	699	
	007e4560	728	
	007e4840	90	
	007e48a0	5	
	007e48b0	38	
	007e48e0	348	
	007e4a40	25	
	007e4a60	12	
	007e4a70	10	
	007e4a80	16	
	007e4a90	12	
	007e4aa0	10	
	007e4ab0	223	
	007e4b90	162	
	007e4c40	81	
	007e4ca0	30	
	007e4cc0	157	
	007e4d60	86	
	007e4dc0	688	
	007e5070	1491	
	007e5650	594	
	007e58b0	80	
	007e5900	95	
	007e5960	4	
	007e5970	41	
	007e59a0	71	
	007e59f0	38	
	007e5a20	84	
	007e5a80	25	
	007e5aa0	12	
	007e5ab0	297	
	007e5be0	197	
	007e5cb0	85	
	007e5d10	1395	
	007e6290	976	
	007e6660	28	
	007e6680	38	
	007e66b0	634	
	007e6930	135	
	007e69c0	84	
	007e6a20	86	
	007e6a80	50	
	007e6ac0	127	
	007e6b40	89	
	007e6ba0	12	
	007e6bb0	12	
	007e6bc0	12	
	007e6bd0	12	
	007e6be0	30	
	007e6c00	14	
	007e6c10	662	
	007e6eb0	30	
	007e6ed0	333	
	007e7020	76	
	007e7070	2256	
	007e7940	6891	
	007e94a0	268	
	007e95b0	539	
	007e97d0	37	
	007e9800	47	
	007e9830	309	
	007e9970	47	
	007e99a0	1600	
	007e9fe0	1905	
	007ea760	533	
	007ea980	1596	
	007eafc0	571	
	007eb200	289	
	007eb330	6693	
	007ecd60	6	
	007ecd70	99	
	007ecde0	53	
	007ece20	6	
	007ece30	94	
	007ece90	106	
	007ecf00	6	
	007ecf10	47	
	007ecf40	6	
	007ecf50	47	
	007ecf80	100	
	007ecff0	6	
	007ed000	35	
	007ed030	6	
	007ed040	112	
	007ed0b0	6	
	007ed0c0	53	
	007ed100	6	
	007ed110	112	
	007ed180	6	
	007ed190	35	
	007ed1c0	6	
	007ed1d0	112	
	007ed240	6	
	007ed250	53	
	007ed290	6	
	007ed2a0	47	
	007ed2d0	6	
	007ed2e0	47	
	007ed310	6	
	007ed320	78	
	007ed370	6	
	007ed380	53	
	007ed3c0	19	
	007ed3e0	6	
	007ed3f0	286	
	007ed510	6	
	007ed520	35	
	007ed550	6	
	007ed560	35	
	007ed590	6	
	007ed5a0	47	
	007ed5d0	6	
	007ed5e0	53	
	007ed620	6	
	007ed630	47	
	007ed660	6	
	007ed670	35	
	007ed6a0	6	
	007ed6b0	106	
	007ed720	6	
	007ed730	47	
	007ed760	6	
	007ed770	53	
	007ed7b0	32	
	007ed7d0	30	
	007ed7f0	30	
	007ed810	30	
	007ed830	30	
	007ed850	30	
	007ed870	30	
	007ed890	30	
	007ed8b0	7	
	007ed8c0	67	
	007ed910	67	
	007ed960	67	
	007ed9b0	67	
	007eda00	85	
	007eda60	67	
	007edab0	1101	
	007edf00	1760	
	007ee5e0	665	
	007ee880	917	
	007eec20	994	
	007ef010	881	
	007ef390	707	
	007ef660	45	
	007ef690	2273	
	007eff80	16	
	007eff90	69	
	007effe0	1314	
	007f0510	166	
	007f05c0	24	
	007f05e0	40	
	007f0610	132	
	007f06a0	139	
	007f0730	140	
	007f07c0	79	
	007f0810	139	
	007f08a0	206	
	007f0970	138	
	007f0a00	143	
	007f0a90	143	
	007f0b20	152	
	007f0bc0	301	
	007f0cf0	143	
	007f0d80	109	
	007f0df0	85	
	007f0e50	91	
	007f0eb0	57	
	007f0ef0	184	
	007f0fb0	108	
	007f1020	133	
	007f10b0	263	
	007f11c0	174	
	007f1270	145	
	007f1310	30	
	007f1330	85	
	007f1390	123	
	007f1410	123	
	007f1490	543	
	007f16b0	319	
	007f17f0	542	
	007f1a10	651	
	007f1ca0	68	
	007f1cf0	12	
	007f1d00	12	
	007f1d10	12	
	007f1d20	10	
	007f1d30	13	
	007f1d40	12	
	007f1d50	10	
	007f1d60	10	
	007f1d70	16	
	007f1d80	12	
	007f1d90	10	
	007f1da0	10	
	007f1db0	16	
	007f1dc0	12	
	007f1dd0	10	
	007f1de0	362	
	007f1f50	30	
	007f1f70	222	
	007f2050	130	
	007f20e0	837	
	007f2430	169	
	007f24e0	162	
	007f2590	470	
	007f2770	779	
	007f2a80	213	
	007f2b60	676	
	007f2e10	233	
	007f2f00	230	
	007f2ff0	1277	
	007f34f0	554	
	007f3720	41	
	007f3750	68	
	007f37a0	12	
	007f37b0	12	
	007f37c0	12	
	007f37d0	579	
	007f3a20	62	
	007f3a60	39	
	007f3a90	61	
	007f3ad0	323	
	007f3c20	994	
	007f4010	1262	
	007f4500	34	
	007f4530	336	
	007f4680	787	
	007f49a0	606	
	007f4c00	178	
	007f4cc0	53	
	007f4d00	138	
	007f4d90	140	
	007f4e20	305	
	007f4f60	25	
	007f4f80	12	
	007f4f90	29	
	007f4fb0	9	
	007f4fc0	7	
	007f4fd0	5	
	007f4fe0	30	
	007f5000	11	
	007f5010	52	
	007f5050	40	
	007f5080	305	
	007f51c0	163	
	007f5270	184	
	007f5330	74	
	007f5380	21	
	007f53a0	49	
	007f53e0	21	
	007f5400	68	
	007f5450	12	
	007f5460	12	
	007f5470	12	
	007f5480	49	
	007f54c0	5	
	007f54d0	30	
	007f54f0	30	
	007f5510	194	
	007f55e0	182	
	007f56a0	503	
	007f58a0	259	
	007f59b0	409	
	007f5b50	238	
	007f5c40	98	
	007f5cb0	275	
	007f5dd0	94	
	007f5e30	17	
	007f5e50	42	
	007f5e80	56	
	007f5ec0	10	
	007f5ed0	35	
	007f5f00	44	
	007f5f30	37	
	007f5f60	57	
	007f5fa0	21	
	007f5fc0	62	
	007f6000	36	
	007f6030	75	
	007f6080	22	
	007f60a0	21	
	007f60c0	39	
	007f60f0	24	
	007f6110	24	
	007f6130	24	
	007f6150	68	
	007f61a0	12	
	007f61b0	12	
	007f61c0	12	
	007f61d0	18	
	007f61f0	5	
	007f6200	12	
	007f6210	7	
	007f6220	30	
	007f6240	94	
	007f62a0	67	
	007f62f0	68	
	007f6340	12	
	007f6350	12	
	007f6360	12	
	007f6370	29	
	007f6390	5	
	007f63a0	7	
	007f63b0	30	
	007f63d0	11	
	007f63e0	52	
	007f6420	40	
	007f6450	305	
	007f6590	163	
	007f6640	184	
	007f6700	74	
	007f6750	21	
	007f6770	49	
	007f67b0	68	
	007f6800	12	
	007f6810	12	
	007f6820	12	
	007f6830	10	
	007f6840	16	
	007f6850	12	
	007f6860	10	
	007f6870	208	
	007f6940	23	
	007f6960	4	
	007f6970	4	
	007f6980	25	
	007f69a0	89	
	007f6a00	51	
	007f6a40	5	
	007f6a50	118	
	007f6ad0	118	
	007f6b50	123	
	007f6bd0	123	
	007f6c50	118	
	007f6cd0	118	
	007f6d50	32	
	007f6d70	22	
	007f6d90	58	
	007f6dd0	61	
	007f6e10	206	
	007f6ee0	85	
	007f6f40	652	
	007f71d0	1000	
	007f75c0	215	
	007f76a0	390	
	007f7830	387	
	007f79c0	17	
	007f79e0	20	
	007f7a00	92	
	007f7a60	20	
	007f7a80	20	
	007f7aa0	17	
	007f7ac0	25	
	007f7ae0	20	
	007f7b00	16	
	007f7b10	16	
	007f7b20	47	
	007f7b50	121	
	007f7bd0	47	
	007f7c00	68	
	007f7c50	12	
	007f7c60	12	
	007f7c70	12	
	007f7c80	25	
	007f7ca0	12	
	007f7cb0	10	
	007f7cc0	41	
	007f7cf0	12	
	007f7d00	35	
	007f7d30	485	
	007f7f20	53	
	007f7f60	30	
	007f7f80	278	
	007f80a0	589	
	007f82f0	150	
	007f8390	31	
	007f83b0	68	
	007f8400	5	
	007f8410	571	
	007f8650	645	
	007f88e0	359	
	007f8a50	905	
	007f8de0	410	
	007f8f80	458	
	007f9150	161	
	007f9200	496	
	007f93f0	69	
	007f9440	67	
	007f9490	62	
	007f94d0	52	
	007f9510	162	
	007f95c0	49	
	007f9600	1299	
	007f9b20	495	
	007f9d10	469	
	007f9ef0	122	
	007f9f70	89	
	007f9fd0	550	
	007fa200	53	
	007fa240	50	
	007fa280	1246	
	007fa760	119	
	007fa7e0	47	
	007fa810	1470	
	007fadd0	1657	
	007fb450	3092	
	007fc070	77	
	007fc0c0	82	
	007fc120	89	
	007fc180	531	
	007fc3a0	112	
	007fc410	306	
	007fc550	86	
	007fc5b0	417	
	007fc760	863	
	007fcae0	1797	
	007fd200	365	
	007fd370	543	
	007fd5b0	54	
	007fd5f0	877	
	007fd960	181	
	007fda20	132	
	007fdab0	37	
	007fdae0	217	
	007fdbc0	94	
	007fdc20	38	
	007fdc50	20	
	007fdc70	258	
	007fdd80	68	
	007fddd0	12	
	007fdde0	12	
	007fddf0	12	
	007fde00	20	
	007fde20	10	
	007fde30	41	
	007fde60	12	
	007fde70	35	
	007fdea0	251	
	007fdfa0	23	
	007fdfc0	27	
	007fdfe0	23	
	007fe000	27	
	007fe020	23	
	007fe040	171	
	007fe0f0	23	
	007fe110	34	
	007fe140	206	
	007fe210	86	
	007fe270	116	
	007fe2f0	56	
	007fe330	29	
	007fe350	48	
	007fe380	46	
	007fe3b0	23	
	007fe3d0	47	
	007fe400	23	
	007fe420	43	
	007fe450	263	
	007fe560	30	
	007fe580	153	
	007fe620	678	
	007fe8d0	5	
	007fe8e0	148	
	007fe980	1873	
	007ff0e0	187	
	007ff1a0	1275	
	007ff6a0	665	
	007ff940	202	
	007ffa10	797	
	007ffd50	1464	
	00800350	161	
	00800400	67	
	00800450	408	
	00800600	422	
	008007b0	37	
	008007e0	217	
	008008c0	94	
	00800920	68	
	00800970	12	
	00800980	12	
	00800990	12	
	008009a0	10	
	008009b0	41	
	008009e0	12	
	008009f0	35	
	00800a20	104	
	00800a90	23	
	00800ab0	168	
	00800b60	23	
	00800b80	34	
	00800bb0	206	
	00800c80	56	
	00800cc0	83	
	00800d20	26	
	00800d40	45	
	00800d70	43	
	00800da0	23	
	00800dc0	47	
	00800df0	30	
	00800e10	128	
	00800e90	198	
	00800f60	97	
	00800fd0	173	
	00801080	339	
	008011e0	287	
	00801300	59	
	00801340	197	
	00801410	162	
	008014c0	1271	
	008019c0	215	
	00801aa0	94	
	00801b00	223	
	00801be0	1286	
	008020f0	91	
	00802150	102	
	008021c0	37	
	008021f0	217	
	008022d0	94	
	00802330	68	
	00802380	12	
	00802390	12	
	008023a0	12	
	008023b0	10	
	008023c0	41	
	008023f0	12	
	00802400	35	
	00802430	211	
	00802510	20	
	00802530	24	
	00802550	165	
	00802600	42	
	00802630	40	
	00802660	253	
	00802760	30	
	00802780	143	
	00802810	785	
	00802b30	97	
	00802ba0	125	
	00802c20	50	
	00802c60	32	
	00802c80	1353	
	008031d0	281	
	008032f0	363	
	00803460	594	
	008036c0	969	
	00803a90	134	
	00803b20	57	
	00803b60	260	
	00803c70	196	
	00803d40	192	
	00803e00	115	
	00803e80	113	
	00803f00	390	
	00804090	394	
	00804220	1005	
	00804610	37	
	00804640	217	
	00804720	94	
	00804780	208	
	00804850	68	
	008048a0	12	
	008048b0	12	
	008048c0	12	
	008048d0	404	
	00804a70	30	
	00804a90	132	
	00804b20	127	
	00804ba0	25	
	00804bc0	17	
	00804be0	25	
	00804c00	820	
	00804f40	146	
	00804fe0	170	
	00805090	106	
	00805100	106	
	00805170	68	
	008051c0	12	
	008051d0	12	
	008051e0	12	
	008051f0	305	
	00805330	30	
	00805350	232	
	00805440	231	
	00805530	17	
	00805550	31	
	00805570	187	
	00805630	216	
	00805710	92	
	00805770	28	
	00805790	26	
	008057b0	68	
	00805800	12	
	00805810	12	
	00805820	12	
	00805830	82	
	00805890	30	
	008058b0	141	
	00805940	437	
	00805b00	8	
	00805b10	68	
	00805b60	12	
	00805b70	12	
	00805b80	12	
	00805b90	10	
	00805ba0	41	
	00805bd0	12	
	00805be0	35	
	00805c10	239	
	00805d00	20	
	00805d20	20	
	00805d40	31	
	00805d60	206	
	00805e30	116	
	00805eb0	56	
	00805ef0	23	
	00805f10	20	
	00805f30	44	
	00805f60	8	
	00805f70	30	
	00805f90	143	
	00806020	653	
	008062b0	97	
	00806320	29	
	00806340	173	
	008063f0	339	
	00806550	287	
	00806670	19	
	00806690	32	
	008066b0	162	
	00806760	1248	
	00806c40	597	
	00806ea0	206	
	00806f70	223	
	00807050	685	
	00807300	91	
	00807360	102	
	008073d0	37	
	00807400	217	
	008074e0	94	
	00807540	48	
	00807570	68	
	008075c0	12	
	008075d0	12	
	008075e0	12	
	008075f0	10	
	00807600	38	
	00807630	12	
	00807640	10	
	00807650	10	
	00807660	16	
	00807670	12	
	00807680	10	
	00807690	10	
	008076a0	16	
	008076b0	12	
	008076c0	10	
	008076d0	10	
	008076e0	16	
	008076f0	12	
	00807700	10	
	00807710	10	
	00807720	16	
	00807730	12	
	00807740	10	
	00807750	10	
	00807760	16	
	00807770	12	
	00807780	10	
	00807790	10	
	008077a0	16	
	008077b0	12	
	008077c0	10	
	008077d0	10	
	008077e0	16	
	008077f0	12	
	00807800	10	
	00807810	10	
	00807820	16	
	00807830	12	
	00807840	10	
	00807850	10	
	00807860	16	
	00807870	12	
	00807880	10	
	00807890	10	
	008078a0	16	
	008078b0	12	
	008078c0	10	
	008078d0	10	
	008078e0	16	
	008078f0	12	
	00807900	10	
	00807910	10	
	00807920	16	
	00807930	12	
	00807940	10	
	00807950	10	
	00807960	16	
	00807970	12	
	00807980	10	
	00807990	10	
	008079a0	16	
	008079b0	12	
	008079c0	10	
	008079d0	10	
	008079e0	16	
	008079f0	12	
	00807a00	10	
	00807a10	10	
	00807a20	16	
	00807a30	12	
	00807a40	10	
	00807a50	10	
	00807a60	16	
	00807a70	12	
	00807a80	10	
	00807a90	10	
	00807aa0	16	
	00807ab0	12	
	00807ac0	10	
	00807ad0	837	
	00807e20	30	
	00807e40	1051	
	00808260	2336	
	00808bb0	1502	
	00809190	280	
	008092b0	147	
	00809350	147	
	008093f0	128	
	00809470	112	
	008094e0	107	
	00809550	1024	
	00809950	95	
	008099b0	1745	
	0080a090	529	
	0080a2b0	304	
	0080a3e0	324	
	0080a530	55	
	0080a570	5597	
	0080bb50	4835	
	0080ce40	4218	
	0080dec0	7978	
	0080fdf0	1990	
	008105c0	561	
	00810800	280	
	00810920	127	
	008109a0	320	
	00810ae0	64	
	00810b20	149	
	00810bc0	339	
	00810d20	4397	
	00811e80	3430	
	00812bf0	6324	
	008144e0	74	
	00814530	68	
	00814580	12	
	00814590	12	
	008145a0	12	
	008145b0	11	
	008145c0	11	
	008145d0	11	
	008145e0	133	
	00814670	30	
	00814690	48	
	008146c0	8	
	008146d0	129	
	00814760	382	
	008148e0	358	
	00814a50	835	
	00814da0	53	
	00814de0	541	
	00815000	68	
	00815050	12	
	00815060	12	
	00815070	12	
	00815080	320	
	008151c0	30	
	008151e0	291	
	00815310	1078	
	00815750	540	
	00815970	1048	
	00815d90	1500	
	00816370	1054	
	00816790	263	
	008168a0	38	
	008168d0	38	
	00816900	281	
	00816a20	88	
	00816a80	8	
	00816a90	43	
	00816ac0	68	
	00816b10	12	
	00816b20	12	
	00816b30	12	
	00816b40	11	
	00816b50	11	
	00816b60	11	
	00816b70	63	
	00816bb0	30	
	00816bd0	14	
	00816be0	33	
	00816c10	99	
	00816c80	153	
	00816d20	10	
	00816d30	68	
	00816d80	12	
	00816d90	12	
	00816da0	12	
	00816db0	490	
	00816fa0	47	
	00816fd0	30	
	00816ff0	112	
	00817060	170	
	00817110	270	
	00817220	97	
	00817290	38	
	008172c0	84	
	00817320	68	
	00817370	12	
	00817380	12	
	00817390	12	
	008173a0	10	
	008173b0	41	
	008173e0	12	
	008173f0	35	
	00817420	68	
	00817470	12	
	00817480	12	
	00817490	12	
	008174a0	10	
	008174b0	41	
	008174e0	12	
	008174f0	35	
	00817520	68	
	00817570	12	
	00817580	12	
	00817590	12	
	008175a0	140	
	00817630	38	
	00817660	64	
	008176a0	89	
	00817700	84	
	00817760	181	
	00817820	68	
	00817870	12	
	00817880	12	
	00817890	12	
	008178a0	28	
	008178c0	30	
	008178e0	11	
	008178f0	33	
	00817920	50	
	00817960	50	
	008179a0	68	
	008179f0	12	
	00817a00	12	
	00817a10	12	
	00817a20	28	
	00817a40	30	
	00817a60	11	
	00817a70	33	
	00817aa0	50	
	00817ae0	50	
	00817b20	68	
	00817b70	12	
	00817b80	12	
	00817b90	12	
	00817ba0	141	
	00817c30	14	
	00817c40	213	
	00817d20	68	
	00817d70	12	
	00817d80	12	
	00817d90	12	
	00817da0	32	
	00817dc0	30	
	00817de0	11	
	00817df0	22	
	00817e10	13	
	00817e20	68	
	00817e70	12	
	00817e80	12	
	00817e90	12	
	00817ea0	101	
	00817f10	102	
	00817f80	145	
	00818020	264	
	00818130	68	
	00818180	12	
	00818190	12	
	008181a0	12	
	008181b0	161	
	00818260	7	
	00818270	32	
	00818290	30	
	008182b0	29	
	008182d0	11	
	008182e0	1142	
	00818760	64	
	008187a0	1051	
	00818bc0	150	
	00818c60	68	
	00818cb0	12	
	00818cc0	12	
	00818cd0	12	
	00818ce0	166	
	00818d90	30	
	00818db0	29	
	00818dd0	1142	
	00819250	95	
	008192b0	95	
	00819310	1051	
	00819730	68	
	00819780	12	
	00819790	12	
	008197a0	12	
	008197b0	210	
	00819890	30	
	008198b0	38	
	008198e0	38	
	00819910	518	
	00819b20	73	
	00819b70	101	
	00819be0	101	
	00819c50	371	
	00819dd0	220	
	00819eb0	68	
	00819f00	12	
	00819f10	12	
	00819f20	12	
	00819f30	10	
	00819f40	41	
	00819f70	12	
	00819f80	35	
	00819fb0	10	
	00819fc0	17	
	00819fe0	12	
	00819ff0	31	
	0081a010	10	
	0081a020	17	
	0081a040	12	
	0081a050	31	
	0081a070	10	
	0081a080	17	
	0081a0a0	12	
	0081a0b0	31	
	0081a0d0	163	
	0081a180	30	
	0081a1a0	87	
	0081a200	1027	
	0081a610	1001	
	0081aa00	1064	
	0081ae30	217	
	0081af10	3	
	0081af20	237	
	0081b010	212	
	0081b0f0	596	
	0081b350	68	
	0081b394	536	
	0081b5b0	171	
	0081b660	70	
	0081b6a6	461	
	0081b880	76	
	0081b8d0	1553	
	0081bef0	571	
	0081c130	562	
	0081c370	125	
	0081c3f0	351	
	0081c550	138	
	0081c5e0	351	
	0081c740	138	
	0081c7d0	351	
	0081c930	65	
	0081c980	659	
	0081cc20	588	
	0081ce70	68	
	0081cec0	12	
	0081ced0	12	
	0081cee0	12	
	0081cef0	111	
	0081cf60	211	
	0081d040	140	
	0081d0d0	143	
	0081d160	290	
	0081d290	50	
	0081d2d0	30	
	0081d2f0	7	
	0081d300	68	
	0081d350	12	
	0081d360	12	
	0081d370	12	
	0081d380	9	
	0081d390	30	
	0081d3b0	7	
	0081d3c0	68	
	0081d410	12	
	0081d420	12	
	0081d430	12	
	0081d440	10	
	0081d450	16	
	0081d460	12	
	0081d470	10	
	0081d480	10	
	0081d490	16	
	0081d4a0	12	
	0081d4b0	10	
	0081d4c0	150	
	0081d560	30	
	0081d580	114	
	0081d600	28	
	0081d620	19	
	0081d640	18	
	0081d660	18	
	0081d680	127	
	0081d700	36	
	0081d730	163	
	0081d7e0	18	
	0081d800	15	
	0081d810	27	
	0081d830	29	
	0081d850	129	
	0081d8e0	70	
	0081d930	18	
	0081d950	89	
	0081d9b0	12	
	0081d9c0	12	
	0081d9d0	12	
	0081d9e0	12	
	0081d9f0	8	
	0081da00	10	
	0081da10	16	
	0081da20	12	
	0081da30	10	
	0081da40	10	
	0081da50	16	
	0081da60	12	
	0081da70	10	
	0081da80	38	
	0081dab0	17	
	0081dad0	30	
	0081daf0	11	
	0081db00	71	
	0081db50	68	
	0081dba0	12	
	0081dbb0	12	
	0081dbc0	12	
	0081dbd0	51	
	0081dc10	68	
	0081dc60	12	
	0081dc70	12	
	0081dc80	12	
	0081dc90	25	
	0081dcb0	12	
	0081dcc0	127	
	0081dd40	297	
	0081de70	225	
	0081df60	101	
	0081dfd0	541	
	0081e1f0	218	
	0081e2d0	1536	
	0081e8d0	25	
	0081e8f0	12	
	0081e900	107	
	0081e970	25	
	0081e990	12	
	0081e9a0	99	
	0081ea10	25	
	0081ea30	12	
	0081ea40	10	
	0081ea50	16	
	0081ea60	12	
	0081ea70	10	
	0081ea80	10	
	0081ea90	16	
	0081eaa0	12	
	0081eab0	10	
	0081eac0	111	
	0081eb30	30	
	0081eb50	7	
	0081eb60	57	
	0081eba0	63	
	0081ebe0	18	
	0081ec00	10	
	0081ec10	10	
	0081ec20	10	
	0081ec30	10	
	0081ec40	169	
	0081ecf0	338	
	0081ee50	37	
	0081ee80	764	
	0081f180	156	
	0081f220	182	
	0081f2e0	453	
	0081f4b0	857	
	0081f810	155	
	0081f8b0	155	
	0081f950	31	
	0081f970	650	
	0081fc00	24	
	0081fc20	500	
	0081fe20	133	
	0081feb0	213	
	0081ff90	232	
	00820080	43	
	008200b0	1282	
	008205c0	68	
	00820610	12	
	00820620	12	
	00820630	12	
	00820640	167	
	008206f0	30	
	00820710	55	
	00820750	330	
	008208a0	332	
	008209f0	109	
	00820a60	439	
	00820c20	458	
	00820df0	68	
	00820e40	12	
	00820e50	12	
	00820e60	12	
	00820e70	95	
	00820ed0	30	
	00820ef0	21	
	00820f10	31	
	00820f30	78	
	00820f80	1608	
	008215d0	45	
	00821600	45	
	00821630	66	
	00821680	68	
	008216d0	12	
	008216e0	12	
	008216f0	12	
	00821700	308	
	00821834	308	
	00821968	317	
	00821aa5	50	
	00821bd0	170	
	00821c7a	34	
	00821c9c	258	
00821c9c	00821daa	113	
00821c9c	00821e2d	120	
	00821ea5	48	
	00821ed5	55	
00821ed5	00821f25	21	
	00821f3a	6	
	00821f40	6	
	00821f46	6	
	00821f4c	6	
	00821f52	6	
	00821f58	6	
	00821f5e	6	
	00821f64	6	
	00821f6a	6	
	00821f70	6	
	00821f76	6	
	00821f7c	6	
	00821f82	6	
	00821f88	6	
	00821f8e	6	
	00821f94	6	
	00821f9a	6	
	00821fa0	6	
	00821fa6	6	
	00821fac	6	
	00821fb2	6	
	00821fb8	6	
	00821fbe	6	
	00821fc4	6	
	00821fd0	45	
	00822000	3	
	00822010	30	
	00822030	11	
	00822040	148	
	008220e0	180	
	008221a0	95	
	00822200	68	
	00822250	12	
	00822260	12	
	00822270	12	
	00822280	63	
	008222c0	30	
	008222e0	11	
	008222f0	74	
	00822340	752	
	00822630	113	
	008226b0	112	
	00822720	112	
	00822790	68	
	008227e0	12	
	008227f0	12	
	00822800	12	
	00822810	33	
	00822840	106	
	008228b0	30	
	008228d0	11	
	008228e0	135	
	00822970	5	
	00822980	113	
	00822a00	103	
	00822a70	103	
	00822ae0	68	
	00822b30	12	
	00822b40	12	
	00822b50	12	
	00822b60	71	
	00822bb0	30	
	00822bd0	11	
	00822be0	108	
	00822c50	749	
	00822f40	150	
	00822fe0	151	
	00823080	151	
	00823120	68	
	00823170	12	
	00823180	12	
	00823190	12	
	008231a0	25	
	008231c0	30	
	008231e0	11	
	008231f0	81	
	00823250	276	
	00823370	93	
	008233d0	99	
	00823440	151	
	008234e0	151	
	00823580	68	
	008235d0	12	
	008235e0	12	
	008235f0	12	
	00823600	17	
	00823620	30	
	00823640	7	
	00823650	21	
	00823670	3	
	00823680	3	
	00823690	41	
	008236c0	41	
	008236f0	68	
	00823740	12	
	00823750	12	
	00823760	12	
	00823770	8	
	00823778	8	
	00823780	8	
	00823788	11	
	00823793	10	
	008237a0	8	
	008237a8	10	
	008237c0	8	
	008237c8	10	
	008237e0	8	
	008237e8	10	
	00823800	8	
	00823808	8	
	00823810	11	
	0082381b	8	
	00823823	8	
	0082382b	8	
	00823833	10	
	00823840	8	
	00823848	8	
	00823850	11	
	0082385b	10	
	00823870	8	
	00823878	8	
	00823880	11	
	0082388b	8	
	00823893	10	
	008238a0	10	
	008238b0	8	
	008238b8	8	
	008238c0	10	
	008238d0	8	
	008238d8	10	
	008238f0	8	
	008238f8	10	
	00823910	8	
	00823918	10	
	00823930	8	
	00823938	10	
	00823950	11	
	0082395b	11	
	00823966	11	
	00823971	10	
	00823980	11	
	0082398b	11	
	00823996	11	
	008239a1	10	
	008239b0	8	
	008239b8	10	
	008239d0	10	
	008239e0	8	
	008239e8	8	
	008239f0	11	
	008239fb	10	
	00823a10	8	
	00823a18	8	
	00823a20	8	
	00823a28	10	
	00823a40	8	
	00823a48	10	
	00823a60	8	
	00823a68	10	
	00823a80	8	
	00823a88	10	
	00823aa0	8	
	00823aa8	10	
	00823ac0	11	
	00823acb	10	
	00823ae0	11	
	00823aeb	14	
	00823af9	10	
	00823b10	46	
	00823b3e	14	
	00823b4c	10	
	00823b60	8	
	00823b68	8	
	00823b70	10	
	00823b80	8	
	00823b88	10	
	00823ba0	8	
	00823ba8	10	
	00823bc0	8	
	00823bc8	8	
	00823bd0	8	
	00823bd8	11	
	00823be3	10	
	00823bf0	11	
	00823bfb	10	
	00823c10	11	
	00823c1b	11	
	00823c26	11	
	00823c31	10	
	00823c40	11	
	00823c4b	11	
	00823c56	11	
	00823c61	10	
	00823c70	11	
	00823c7b	11	
	00823c86	11	
	00823c91	10	
	00823ca0	11	
	00823cab	11	
	00823cb6	11	
	00823cc1	10	
	00823cd0	11	
	00823cdb	11	
	00823ce6	11	
	00823cf1	10	
	00823d00	8	
	00823d08	10	
	00823d20	22	
	00823d36	10	
	00823d40	11	
	00823d4b	11	
	00823d56	10	
	00823d60	8	
	00823d68	10	
	00823d80	8	
	00823d88	10	
	00823da0	8	
	00823da8	10	
	00823dc0	8	
	00823dc8	10	
	00823de0	11	
	00823deb	10	
	00823e00	11	
	00823e0b	14	
	00823e19	14	
	00823e27	10	
	00823e40	46	
	00823e6e	14	
	00823e7c	10	
	00823e90	11	
	00823e9b	11	
	00823ea6	11	
	00823eb1	10	
	00823ec0	8	
	00823ec8	10	
	00823ee0	8	
	00823ee8	10	
	00823f00	11	
	00823f0b	10	
	00823f20	11	
	00823f2b	14	
	00823f39	14	
	00823f47	14	
	00823f55	14	
	00823f63	14	
	00823f71	14	
	00823f7f	14	
	00823f8d	14	
	00823f9b	14	
	00823fa9	14	
	00823fb7	24	
	00823fcf	8	
	00823fd7	14	
	00823fe5	14	
	00823ff3	14	
	00824001	14	
	0082400f	14	
	0082401d	14	
	0082402b	14	
	00824039	14	
	00824047	14	
	00824055	14	
	00824063	14	
	00824071	14	
	0082407f	11	
	0082408a	14	
	00824098	11	
	008240a3	14	
	008240b1	11	
	008240bc	14	
	008240ca	14	
	008240d8	14	
	008240e6	14	
	008240f4	14	
	00824102	14	
	00824110	14	
	0082411e	14	
	0082412c	14	
	0082413a	14	
	00824148	14	
	00824156	14	
	00824164	14	
	00824172	14	
	00824180	14	
	0082418e	11	
	00824199	14	
	008241a7	14	
	008241b5	11	
	008241c0	14	
	008241ce	11	
	008241d9	14	
	008241e7	11	
	008241f2	10	
	00824200	8	
	00824208	10	
	00824220	8	
	00824228	8	
	00824230	8	
	00824238	8	
	00824240	10	
	00824250	8	
	00824258	10	
	00824270	11	
	0082427b	10	
	00824290	46	
	008242be	14	
	008242cc	14	
	008242da	14	
	008242e8	14	
	008242f6	14	
	00824304	14	
	00824312	14	
	00824320	14	
	0082432e	14	
	0082433c	14	
	0082434a	24	
	00824362	14	
	00824370	14	
	0082437e	14	
	0082438c	14	
	0082439a	14	
	008243a8	14	
	008243b6	14	
	008243c4	14	
	008243d2	14	
	008243e0	14	
	008243ee	14	
	008243fc	14	
	0082440a	14	
	00824418	14	
	00824426	14	
	00824434	14	
	00824442	14	
	00824450	14	
	0082445e	14	
	0082446c	14	
	0082447a	14	
	00824488	14	
	00824496	14	
	008244a4	14	
	008244b2	14	
	008244c0	14	
	008244ce	14	
	008244dc	14	
	008244ea	14	
	008244f8	14	
	00824506	14	
	00824514	14	
	00824522	14	
	00824530	11	
	0082453b	11	
	00824546	11	
	00824551	11	
	0082455c	11	
	00824567	11	
	00824572	11	
	0082457d	11	
	00824588	11	
	00824593	11	
	0082459e	11	
	008245a9	11	
	008245b4	10	
	008245c0	10	
	008245d0	11	
	008245db	10	
	008245f0	8	
	008245f8	8	
	00824600	8	
	00824608	8	
	00824610	8	
	00824618	11	
	00824623	11	
	0082462e	8	
	00824636	10	
	00824640	8	
	00824648	8	
	00824650	8	
	00824658	8	
	00824660	8	
	00824668	11	
	00824673	11	
	0082467e	8	
	00824686	10	
	00824690	8	
	00824698	8	
	008246a0	8	
	008246a8	8	
	008246b0	8	
	008246b8	11	
	008246c3	11	
	008246ce	8	
	008246d6	10	
	008246e0	8	
	008246e8	8	
	008246f0	8	
	008246f8	8	
	00824700	8	
	00824708	11	
	00824713	8	
	0082471b	11	
	00824726	10	
	00824730	8	
	00824738	8	
	00824740	8	
	00824748	8	
	00824750	8	
	00824758	11	
	00824763	8	
	0082476b	11	
	00824776	10	
	00824780	8	
	00824788	8	
	00824790	8	
	00824798	8	
	008247a0	8	
	008247a8	11	
	008247b3	8	
	008247bb	11	
	008247c6	10	
	008247d0	11	
	008247db	8	
	008247e3	14	
	008247f1	14	
	008247ff	14	
	0082480d	14	
	0082481b	14	
	00824829	11	
	00824834	11	
	0082483f	11	
	0082484a	8	
	00824852	11	
	0082485d	11	
	00824868	14	
	00824876	14	
	00824884	11	
	0082488f	10	
	008248a0	8	
	008248a8	8	
	008248b0	8	
	008248b8	8	
	008248c0	8	
	008248c8	11	
	008248d3	8	
	008248db	11	
	008248e6	10	
	008248f0	8	
	008248f8	8	
	00824900	8	
	00824908	8	
	00824910	8	
	00824918	10	
	00824930	8	
	00824938	8	
	00824940	8	
	00824948	8	
	00824950	8	
	00824958	11	
	00824963	11	
	0082496e	8	
	00824976	10	
	00824980	8	
	00824988	8	
	00824990	8	
	00824998	8	
	008249a0	8	
	008249a8	8	
	008249b0	8	
	008249b8	8	
	008249c0	11	
	008249cb	11	
	008249d6	8	
	008249de	10	
	008249f0	11	
	008249fb	11	
	00824a06	11	
	00824a11	11	
	00824a1c	11	
	00824a27	11	
	00824a32	11	
	00824a3d	11	
	00824a48	11	
	00824a53	11	
	00824a5e	8	
	00824a66	8	
	00824a6e	11	
	00824a79	10	
	00824a90	8	
	00824a98	10	
	00824ab0	8	
	00824ab8	10	
	00824ad0	8	
	00824ad8	8	
	00824ae0	8	
	00824ae8	8	
	00824af0	10	
	00824b00	8	
	00824b08	8	
	00824b10	10	
	00824b20	11	
	00824b2b	11	
	00824b36	10	
	00824b40	8	
	00824b48	8	
	00824b50	8	
	00824b58	8	
	00824b60	11	
	00824b6b	11	
	00824b76	10	
	00824b80	11	
	00824b8b	11	
	00824b96	10	
	00824ba0	11	
	00824bab	11	
	00824bb6	10	
	00824bc0	11	
	00824bcb	11	
	00824bd6	10	
	00824be0	11	
	00824beb	11	
	00824bf6	10	
	00824c00	8	
	00824c08	8	
	00824c10	8	
	00824c18	8	
	00824c20	10	
	00824c30	11	
	00824c3b	11	
	00824c46	11	
	00824c51	11	
	00824c5c	8	
	00824c64	8	
	00824c6c	11	
	00824c77	10	
	00824c90	8	
	00824c98	8	
	00824ca0	8	
	00824ca8	10	
	00824cc0	8	
	00824cc8	11	
	00824cd3	10	
	00824ce0	8	
	00824ce8	8	
	00824cf0	10	
	00824d00	8	
	00824d08	11	
	00824d13	8	
	00824d1b	8	
	00824d23	8	
	00824d2b	8	
	00824d33	8	
	00824d3b	11	
	00824d46	10	
	00824d50	8	
	00824d58	11	
	00824d63	8	
	00824d6b	8	
	00824d73	8	
	00824d7b	8	
	00824d83	8	
	00824d8b	11	
	00824d96	10	
	00824da0	8	
	00824da8	8	
	00824db0	10	
	00824dc0	8	
	00824dc8	8	
	00824dd0	10	
	00824de0	8	
	00824de8	8	
	00824df0	8	
	00824df8	8	
	00824e00	8	
	00824e08	8	
	00824e10	8	
	00824e18	8	
	00824e20	10	
	00824e30	8	
	00824e38	8	
	00824e40	8	
	00824e48	8	
	00824e50	8	
	00824e58	11	
	00824e63	10	
	00824e70	8	
	00824e78	8	
	00824e80	8	
	00824e88	11	
	00824e93	10	
	00824ea0	8	
	00824ea8	8	
	00824eb0	8	
	00824eb8	8	
	00824ec0	10	
	00824ed0	8	
	00824ed8	8	
	00824ee0	11	
	00824eeb	8	
	00824ef3	11	
	00824efe	10	
	00824f10	11	
	00824f1b	10	
	00824f30	8	
	00824f38	8	
	00824f40	8	
	00824f48	8	
	00824f50	8	
	00824f58	10	
	00824f70	8	
	00824f78	8	
	00824f80	10	
	00824f90	8	
	00824f98	8	
	00824fa0	10	
	00824fb0	10	
	00824fc0	10	
	00824fd0	10	
	00824fe0	10	
	00824ff0	10	
	00825000	10	
	00825010	10	
	00825020	10	
	00825030	10	
	00825040	10	
	00825050	10	
	00825060	8	
	00825068	8	
	00825070	10	
	00825080	8	
	00825088	8	
	00825090	10	
	008250a0	11	
	008250ab	10	
	008250c0	11	
	008250cb	8	
	008250d3	8	
	008250db	8	
	008250e3	8	
	008250eb	8	
	008250f3	8	
	008250fb	10	
	00825110	8	
	00825118	8	
	00825120	11	
	0082512b	8	
	00825133	11	
	0082513e	10	
	00825150	10	
	00825160	8	
	00825168	10	
	00825180	11	
	0082518b	10	
	008251a0	8	
	008251a8	8	
	008251b0	8	
	008251b8	23	
	008251cf	8	
	008251d7	8	
	008251df	10	
	008251f0	8	
	008251f8	11	
	00825203	8	
	0082520b	8	
	00825213	10	
	00825220	8	
	00825228	11	
	00825233	10	
	00825240	11	
	0082524b	10	
	00825260	11	
	0082526b	10	
	00825280	8	
	00825288	11	
	00825293	10	
	008252a0	11	
	008252ab	10	
	008252c0	8	
	008252c8	8	
	008252d0	11	
	008252db	11	
	008252e6	10	
	008252f0	11	
	008252fb	11	
	00825306	8	
	0082530e	10	
	00825320	8	
	00825328	11	
	00825333	8	
	0082533b	10	
	00825350	8	
	00825358	11	
	00825363	8	
	0082536b	10	
	00825380	8	
	00825388	8	
	00825390	8	
	00825398	23	
	008253af	8	
	008253b7	8	
	008253bf	10	
	008253d0	8	
	008253d8	8	
	008253e0	10	
	008253f0	8	
	008253f8	8	
	00825400	10	
	00825410	8	
	00825418	11	
	00825423	10	
	00825430	8	
	00825438	10	
	00825450	8	
	00825458	11	
	00825463	10	
	00825470	8	
	00825478	11	
	00825483	10	
	00825490	8	
	00825498	10	
	008254b0	8	
	008254b8	10	
	008254d0	11	
	008254db	10	
	008254f0	8	
	008254f8	8	
	00825500	8	
	00825508	8	
	00825510	8	
	00825518	10	
	00825530	8	
	00825538	8	
	00825540	8	
	00825548	8	
	00825550	8	
	00825558	10	
	00825570	11	
	0082557b	11	
	00825586	11	
	00825591	10	
	008255a0	11	
	008255ab	10	
	008255c0	11	
	008255cb	10	
	008255e0	11	
	008255eb	10	
	00825600	11	
	0082560b	10	
	00825620	8	
	00825628	8	
	00825630	8	
	00825638	8	
	00825640	8	
	00825648	10	
	00825660	8	
	00825668	8	
	00825670	8	
	00825678	8	
	00825680	8	
	00825688	10	
	008256a0	8	
	008256a8	8	
	008256b0	10	
	008256c0	11	
	008256cb	10	
	008256e0	11	
	008256eb	10	
	00825700	11	
	0082570b	10	
	00825720	11	
	0082572b	10	
	00825740	8	
	00825748	8	
	00825750	10	
	00825760	8	
	00825768	11	
	00825773	10	
	00825780	8	
	00825788	10	
	008257a0	8	
	008257a8	10	
	008257c0	8	
	008257c8	10	
	008257e0	8	
	008257e8	11	
	008257f3	8	
	008257fb	10	
	00825810	11	
	0082581b	8	
	00825823	11	
	0082582e	8	
	00825836	10	
	00825840	8	
	00825848	10	
	00825860	8	
	00825868	10	
	00825880	8	
	00825888	10	
	008258a0	8	
	008258a8	11	
	008258b3	10	
	008258c0	11	
	008258cb	8	
	008258d3	8	
	008258db	11	
	008258e6	8	
	008258ee	8	
	008258f6	10	
	00825900	11	
	0082590b	10	
	00825920	11	
	0082592b	10	
	00825940	11	
	0082594b	14	
	00825959	14	
	00825967	14	
	00825975	14	
	00825983	14	
	00825991	14	
	0082599f	14	
	008259ad	14	
	008259bb	10	
	008259d0	46	
	008259fe	14	
	00825a0c	14	
	00825a1a	14	
	00825a28	14	
	00825a36	14	
	00825a44	14	
	00825a52	14	
	00825a60	14	
	00825a6e	14	
	00825a7c	10	
	00825a90	11	
	00825a9b	10	
	00825ab0	8	
	00825ab8	11	
	00825ac3	10	
	00825ad0	8	
	00825ad8	10	
	00825af0	8	
	00825af8	10	
	00825b10	8	
	00825b18	8	
	00825b20	10	
	00825b30	8	
	00825b38	8	
	00825b40	8	
	00825b48	8	
	00825b50	8	
	00825b58	10	
	00825b70	8	
	00825b78	8	
	00825b80	8	
	00825b88	10	
	00825ba0	8	
	00825ba8	8	
	00825bb0	8	
	00825bb8	8	
	00825bc0	10	
	00825bd0	8	
	00825bd8	8	
	00825be0	8	
	00825be8	8	
	00825bf0	8	
	00825bf8	8	
	00825c00	10	
	00825c10	8	
	00825c18	8	
	00825c20	8	
	00825c28	8	
	00825c30	10	
	00825c40	8	
	00825c48	8	
	00825c50	8	
	00825c58	8	
	00825c60	10	
	00825c70	8	
	00825c78	8	
	00825c80	8	
	00825c88	8	
	00825c90	8	
	00825c98	8	
	00825cb0	8	
	00825cb8	8	
	00825cc0	8	
	00825cc8	8	
	00825cd0	8	
	00825cd8	8	
	00825ce0	8	
	00825ce8	8	
	00825cf0	8	
	00825cf8	8	
	00825d00	8	
	00825d08	8	
	00825d10	8	
	00825d18	8	
	00825d20	8	
	00825d28	8	
	00825d30	8	
	00825d38	8	
	00825d40	8	
	00825d48	8	
	00825d50	8	
	00825d58	8	
	00825d60	10	
	00825d70	8	
	00825d78	8	
	00825d80	8	
	00825d88	10	
	00825da0	8	
	00825da8	8	
	00825db0	8	
	00825db8	8	
	00825dc0	8	
	00825dc8	8	
	00825dd0	8	
	00825dd8	8	
	00825de0	10	
	00825df0	8	
	00825df8	8	
	00825e00	8	
	00825e08	8	
	00825e10	8	
	00825e18	10	
	00825e30	8	
	00825e38	8	
	00825e40	8	
	00825e48	8	
	00825e50	8	
	00825e58	8	
	00825e60	10	
	00825e70	8	
	00825e78	8	
	00825e80	8	
	00825e88	8	
	00825e90	10	
	00825ea0	8	
	00825ea8	8	
	00825eb0	8	
	00825eb8	10	
	00825ed0	8	
	00825ed8	8	
	00825ee0	8	
	00825ee8	8	
	00825ef0	8	
	00825ef8	8	
	00825f00	8	
	00825f08	8	
	00825f10	8	
	00825f18	8	
	00825f20	8	
	00825f28	8	
	00825f30	10	
	00825f40	8	
	00825f48	8	
	00825f50	8	
	00825f58	8	
	00825f60	8	
	00825f68	8	
	00825f70	8	
	00825f78	8	
	00825f80	10	
	00825f90	8	
	00825f98	8	
	00825fa0	8	
	00825fa8	8	
	00825fb0	8	
	00825fb8	8	
	00825fc0	10	
	00825fd0	8	
	00825fd8	10	
	00825ff0	8	
	00825ff8	10	
	00826010	8	
	00826018	8	
	00826020	8	
	00826028	8	
	00826030	8	
	00826038	8	
	00826040	8	
	00826048	8	
	00826050	8	
	00826058	8	
	00826060	8	
	00826068	8	
	00826070	8	
	00826078	8	
	00826080	10	
	00826090	8	
	00826098	8	
	008260a0	10	
	008260b0	8	
	008260b8	10	
	008260d0	8	
	008260d8	8	
	008260e0	8	
	008260e8	8	
	008260f0	8	
	008260f8	8	
	00826100	8	
	00826108	8	
	00826110	8	
	00826118	8	
	00826120	10	
	00826130	8	
	00826138	10	
	00826150	8	
	00826158	8	
	00826160	10	
	00826170	8	
	00826178	10	
	00826190	8	
	00826198	8	
	008261a0	8	
	008261a8	8	
	008261b0	8	
	008261b8	10	
	008261d0	11	
	008261db	10	
	008261f0	8	
	008261f8	10	
	00826210	8	
	00826218	8	
	00826220	10	
	00826230	8	
	00826238	10	
	00826250	8	
	00826258	10	
	00826270	8	
	00826278	10	
	00826290	11	
	0082629b	11	
	008262a6	11	
	008262b1	10	
	008262c0	11	
	008262cb	10	
	008262e0	11	
	008262eb	14	
	008262f9	14	
	00826307	14	
	00826315	14	
	00826323	8	
	0082632b	11	
	00826336	11	
	00826341	14	
	0082634f	14	
	0082635d	14	
	0082636b	10	
	00826380	8	
	00826388	10	
	008263a0	8	
	008263a8	11	
	008263b3	11	
	008263be	10	
	008263d0	46	
	008263fe	14	
	0082640c	14	
	0082641a	14	
	00826428	14	
	00826436	14	
	00826444	14	
	00826452	14	
	00826460	14	
	0082646e	8	
	00826476	11	
	00826481	11	
	0082648c	10	
	008264a0	26	
	008264ba	11	
	008264c5	11	
	008264d0	11	
	008264db	11	
	008264e6	8	
	008264ee	8	
	008264f6	8	
	008264fe	8	
	00826506	10	
	00826510	8	
	00826518	10	
	00826530	26	
	0082654a	10	
	00826560	11	
	0082656b	8	
	00826573	14	
	00826581	8	
	00826589	14	
	00826597	14	
	008265a5	14	
	008265b3	14	
	008265c1	10	
	008265d0	8	
	008265d8	14	
	008265e6	24	
	008265fe	14	
	0082660c	14	
	0082661a	14	
	00826628	14	
	00826636	10	
	00826640	11	
	0082664b	10	
	00826660	11	
	0082666b	10	
	00826680	11	
	0082668b	10	
	008266a0	11	
	008266ab	10	
	008266c0	8	
	008266c8	10	
	008266e0	8	
	008266e8	8	
	008266f0	8	
	008266f8	8	
	00826700	8	
	00826708	10	
	00826720	8	
	00826728	8	
	00826730	8	
	00826738	8	
	00826740	8	
	00826748	8	
	00826750	8	
	00826758	10	
	00826770	26	
	0082678a	11	
	00826795	11	
	008267a0	11	
	008267ab	14	
	008267b9	14	
	008267c7	10	
	008267e0	8	
	008267e8	11	
	008267f3	10	
	00826800	11	
	0082680b	8	
	00826813	11	
	0082681e	10	
	00826830	8	
	00826838	10	
	00826850	8	
	00826858	10	
	00826870	8	
	00826878	10	
	00826890	8	
	00826898	10	
	008268b0	8	
	008268b8	8	
	008268c0	8	
	008268c8	10	
	008268e0	8	
	008268e8	8	
	008268f0	10	
	00826900	8	
	00826908	8	
	00826910	8	
	00826918	8	
	00826920	10	
	00826930	8	
	00826938	8	
	00826940	8	
	00826948	10	
	00826960	8	
	00826968	8	
	00826970	8	
	00826978	8	
	00826980	8	
	00826988	8	
	00826990	8	
	00826998	8	
	008269a0	8	
	008269a8	10	
	008269c0	8	
	008269c8	10	
	008269e0	8	
	008269e8	8	
	008269f0	8	
	008269f8	8	
	00826a00	8	
	00826a08	8	
	00826a10	8	
	00826a18	8	
	00826a20	8	
	00826a28	8	
	00826a30	10	
	00826a40	11	
	00826a4b	8	
	00826a53	11	
	00826a5e	10	
	00826a70	8	
	00826a78	8	
	00826a80	11	
	00826a8b	8	
	00826a93	10	
	00826aa0	8	
	00826aa8	10	
	00826ac0	8	
	00826ac8	8	
	00826ad0	23	
	00826ae7	10	
	00826b00	8	
	00826b08	10	
	00826b20	8	
	00826b28	10	
	00826b40	8	
	00826b48	10	
	00826b60	11	
	00826b6b	11	
	00826b76	11	
	00826b81	10	
	00826b90	11	
	00826b9b	10	
	00826bb0	8	
	00826bb8	14	
	00826bc6	14	
	00826bd4	14	
	00826be2	14	
	00826bf0	14	
	00826bfe	10	
	00826c10	8	
	00826c18	14	
	00826c26	14	
	00826c34	14	
	00826c42	14	
	00826c50	14	
	00826c5e	10	
	00826c70	11	
	00826c7b	10	
	00826c90	11	
	00826c9b	11	
	00826ca6	10	
	00826cb0	11	
	00826cbb	11	
	00826cc6	11	
	00826cd1	10	
	00826ce0	11	
	00826ceb	10	
	00826d00	11	
	00826d0b	10	
	00826d20	8	
	00826d28	22	
	00826d3e	14	
	00826d4c	10	
	00826d60	8	
	00826d68	22	
	00826d7e	10	
	00826d90	8	
	00826d98	10	
	00826db0	11	
	00826dbb	10	
	00826dd0	11	
	00826ddb	11	
	00826de6	10	
	00826df0	11	
	00826dfb	10	
	00826e10	11	
	00826e1b	10	
	00826e30	11	
	00826e3b	10	
	00826e50	8	
	00826e58	14	
	00826e66	24	
	00826e7e	14	
	00826e8c	14	
	00826e9a	14	
	00826ea8	14	
	00826eb6	24	
	00826ece	10	
	00826ee0	8	
	00826ee8	8	
	00826ef0	8	
	00826ef8	8	
	00826f00	10	
	00826f10	8	
	00826f18	8	
	00826f20	10	
	00826f30	8	
	00826f38	8	
	00826f40	10	
	00826f50	8	
	00826f58	8	
	00826f60	10	
	00826f70	8	
	00826f78	10	
	00826f90	8	
	00826f98	14	
	00826fa6	14	
	00826fb4	14	
	00826fc2	14	
	00826fd0	10	
	00826fe0	8	
	00826fe8	14	
	00826ff6	14	
	00827004	14	
	00827012	14	
	00827020	10	
	00827030	8	
	00827038	8	
	00827040	8	
	00827048	8	
	00827050	8	
	00827058	10	
	00827070	8	
	00827078	11	
	00827083	10	
	00827090	8	
	00827098	11	
	008270a3	10	
	008270b0	11	
	008270bb	10	
	008270d0	8	
	008270d8	10	
	008270f0	8	
	008270f8	8	
	00827100	10	
	00827110	8	
	00827118	14	
	00827126	14	
	00827134	14	
	00827142	10	
	00827150	11	
	0082715b	10	
	00827170	8	
	00827178	14	
	00827186	14	
	00827194	10	
	008271a0	11	
	008271ab	10	
	008271c0	8	
	008271c8	10	
	008271e0	8	
	008271e8	8	
	008271f0	10	
	00827200	8	
	00827208	10	
	00827220	8	
	00827228	8	
	00827230	8	
	00827238	8	
	00827240	8	
	00827248	8	
	00827250	10	
	00827260	11	
	0082726b	10	
	00827280	8	
	00827288	8	
	00827290	8	
	00827298	8	
	008272a0	10	
	008272b0	11	
	008272bb	10	
	008272d0	11	
	008272db	10	
	008272f0	8	
	008272f8	8	
	00827300	8	
	00827308	10	
	00827320	8	
	00827328	8	
	00827330	8	
	00827338	10	
	00827350	8	
	00827358	10	
	00827370	8	
	00827378	10	
	00827390	8	
	00827398	10	
	008273b0	8	
	008273b8	8	
	008273c0	11	
	008273cb	11	
	008273d6	10	
	008273e0	8	
	008273e8	11	
	008273f3	10	
	00827400	8	
	00827408	10	
	00827420	11	
	0082742b	11	
	00827436	10	
	00827440	8	
	00827448	10	
	00827460	11	
	0082746b	10	
	00827480	11	
	0082748b	10	
	008274a0	11	
	008274ab	8	
	008274b3	11	
	008274be	8	
	008274c6	10	
	008274d0	8	
	008274d8	10	
	008274f0	11	
	008274fb	11	
	00827506	11	
	00827511	10	
	00827520	11	
	0082752b	11	
	00827536	11	
	00827541	10	
	00827550	8	
	00827558	10	
	00827570	11	
	0082757b	10	
	00827590	11	
	0082759b	10	
	008275b0	11	
	008275bb	8	
	008275c3	11	
	008275ce	8	
	008275d6	10	
	008275e0	8	
	008275e8	10	
	00827600	11	
	0082760b	10	
	00827620	11	
	0082762b	10	
	00827640	11	
	0082764b	8	
	00827653	11	
	0082765e	8	
	00827666	10	
	00827670	8	
	00827678	10	
	00827690	11	
	0082769b	10	
	008276b0	11	
	008276bb	10	
	008276d0	11	
	008276db	8	
	008276e3	11	
	008276ee	8	
	008276f6	10	
	00827700	8	
	00827708	10	
	00827720	11	
	0082772b	10	
	00827740	11	
	0082774b	10	
	00827760	11	
	0082776b	8	
	00827773	11	
	0082777e	8	
	00827786	10	
	00827790	8	
	00827798	10	
	008277b0	11	
	008277bb	10	
	008277d0	11	
	008277db	10	
	008277f0	11	
	008277fb	8	
	00827803	11	
	0082780e	8	
	00827816	10	
	00827820	8	
	00827828	10	
	00827840	11	
	0082784b	10	
	00827860	11	
	0082786b	10	
	00827880	11	
	0082788b	8	
	00827893	11	
	0082789e	8	
	008278a6	10	
	008278b0	8	
	008278b8	10	
	008278d0	11	
	008278db	10	
	008278f0	11	
	008278fb	10	
	00827910	11	
	0082791b	8	
	00827923	11	
	0082792e	8	
	00827936	10	
	00827940	8	
	00827948	10	
	00827960	11	
	0082796b	10	
	00827980	11	
	0082798b	10	
	008279a0	11	
	008279ab	8	
	008279b3	11	
	008279be	8	
	008279c6	10	
	008279d0	8	
	008279d8	10	
	008279f0	11	
	008279fb	10	
	00827a10	11	
	00827a1b	10	
	00827a30	11	
	00827a3b	8	
	00827a43	11	
	00827a4e	8	
	00827a56	10	
	00827a60	8	
	00827a68	10	
	00827a80	11	
	00827a8b	10	
	00827aa0	11	
	00827aab	10	
	00827ac0	11	
	00827acb	8	
	00827ad3	11	
	00827ade	8	
	00827ae6	10	
	00827af0	8	
	00827af8	10	
	00827b10	11	
	00827b1b	10	
	00827b30	11	
	00827b3b	10	
	00827b50	11	
	00827b5b	8	
	00827b63	11	
	00827b6e	8	
	00827b76	10	
	00827b80	11	
	00827b8b	10	
	00827ba0	11	
	00827bab	10	
	00827bc0	11	
	00827bcb	10	
	00827be0	11	
	00827beb	10	
	00827c00	8	
	00827c08	10	
	00827c20	8	
	00827c28	10	
	00827c40	8	
	00827c48	10	
	00827c60	8	
	00827c68	10	
	00827c80	11	
	00827c8b	10	
	00827ca0	8	
	00827ca8	10	
	00827cc0	8	
	00827cc8	10	
	00827ce0	11	
	00827ceb	10	
	00827d00	11	
	00827d0b	10	
	00827d20	11	
	00827d2b	8	
	00827d33	10	
	00827d40	8	
	00827d48	10	
	00827d60	11	
	00827d6b	10	
	00827d80	11	
	00827d8b	8	
	00827d93	10	
	00827da0	8	
	00827da8	8	
	00827db0	10	
	00827dc0	11	
	00827dcb	8	
	00827dd3	8	
	00827ddb	10	
	00827df0	8	
	00827df8	8	
	00827e00	10	
	00827e10	11	
	00827e1b	10	
	00827e30	11	
	00827e3b	11	
	00827e46	11	
	00827e51	10	
	00827e60	11	
	00827e6b	11	
	00827e76	10	
	00827e80	8	
	00827e88	10	
	00827ea0	8	
	00827ea8	10	
	00827ec0	11	
	00827ecb	11	
	00827ed6	11	
	00827ee1	11	
	00827eec	11	
	00827ef7	14	
	00827f05	14	
	00827f13	10	
	00827f20	11	
	00827f2b	11	
	00827f36	11	
	00827f41	11	
	00827f4c	11	
	00827f57	14	
	00827f65	14	
	00827f73	14	
	00827f81	10	
	00827f90	8	
	00827f98	10	
	00827fb0	8	
	00827fb8	8	
	00827fc0	10	
	00827fd0	8	
	00827fd8	10	
	00827ff0	8	
	00827ff8	10	
	00828010	8	
	00828018	10	
	00828030	8	
	00828038	10	
	00828050	8	
	00828058	10	
	00828070	8	
	00828078	10	
	00828090	8	
	00828098	10	
	008280b0	8	
	008280b8	10	
	008280d0	8	
	008280d8	10	
	008280f0	11	
	008280fb	11	
	00828106	11	
	00828111	11	
	0082811c	11	
	00828127	11	
	00828132	11	
	0082813d	14	
	0082814b	14	
	00828159	10	
	00828170	11	
	0082817b	10	
	00828190	11	
	0082819b	10	
	008281b0	11	
	008281bb	10	
	008281d0	11	
	008281db	10	
	008281f0	11	
	008281fb	11	
	00828206	11	
	00828211	11	
	0082821c	11	
	00828227	11	
	00828232	14	
	00828240	14	
	0082824e	10	
	00828260	8	
	00828268	10	
	00828280	8	
	00828288	10	
	008282a0	11	
	008282ab	10	
	008282c0	8	
	008282c8	10	
	008282e0	11	
	008282eb	11	
	008282f6	10	
	00828300	8	
	00828308	10	
	00828320	11	
	0082832b	10	
	00828340	11	
	0082834b	10	
	00828360	11	
	0082836b	10	
	00828380	11	
	0082838b	11	
	00828396	10	
	008283a0	8	
	008283a8	11	
	008283b3	10	
	008283c0	8	
	008283c8	10	
	008283e0	8	
	008283e8	8	
	008283f0	10	
	00828400	8	
	00828408	14	
	00828416	14	
	00828424	14	
	00828432	14	
	00828440	11	
	0082844b	14	
	00828459	11	
	00828464	14	
	00828472	10	
	00828480	8	
	00828488	14	
	00828496	14	
	008284a4	14	
	008284b2	14	
	008284c0	14	
	008284ce	14	
	008284dc	14	
	008284ea	10	
	00828500	11	
	0082850b	8	
	00828513	8	
	0082851b	10	
	00828530	11	
	0082853b	8	
	00828543	8	
	0082854b	10	
	00828560	8	
	00828568	8	
	00828570	10	
	00828580	8	
	00828588	8	
	00828590	10	
	008285a0	8	
	008285a8	8	
	008285b0	10	
	008285c0	8	
	008285c8	8	
	008285d0	10	
	008285e0	8	
	008285e8	8	
	008285f0	8	
	008285f8	11	
	00828603	8	
	0082860b	8	
	00828613	8	
	0082861b	11	
	00828626	14	
	00828634	14	
	00828642	8	
	0082864a	10	
	00828660	11	
	0082866b	11	
	00828676	8	
	0082867e	8	
	00828686	8	
	0082868e	11	
	00828699	8	
	008286a1	8	
	008286a9	8	
	008286b1	8	
	008286b9	8	
	008286c1	8	
	008286c9	8	
	008286d1	23	
	008286e8	10	
	00828700	11	
	0082870b	8	
	00828713	11	
	0082871e	11	
	00828729	8	
	00828731	10	
	00828740	11	
	0082874b	10	
	00828760	11	
	0082876b	11	
	00828776	10	
	00828780	8	
	00828788	10	
	008287a0	11	
	008287ab	11	
	008287b6	11	
	008287c1	11	
	008287cc	14	
	008287da	14	
	008287e8	10	
	00828800	11	
	0082880b	11	
	00828816	11	
	00828821	14	
	0082882f	14	
	0082883d	10	
	00828850	8	
	00828858	10	
	00828870	11	
	0082887b	10	
	00828890	11	
	0082889b	8	
	008288a3	10	
	008288b0	8	
	008288b8	10	
	008288d0	11	
	008288db	11	
	008288e6	14	
	008288f4	10	
	00828900	11	
	0082890b	10	
	00828920	11	
	0082892b	10	
	00828940	11	
	0082894b	8	
	00828953	8	
	0082895b	11	
	00828966	14	
	00828974	11	
	0082897f	14	
	0082898d	11	
	00828998	14	
	008289a6	11	
	008289b1	11	
	008289bc	11	
	008289c7	11	
	008289d2	11	
	008289dd	11	
	008289e8	10	
	00828a00	8	
	00828a08	10	
	00828a20	8	
	00828a28	11	
	00828a33	8	
	00828a3b	11	
	00828a46	8	
	00828a4e	8	
	00828a56	10	
	00828a60	46	
	00828a8e	14	
	00828a9c	14	
	00828aaa	14	
	00828ab8	8	
	00828ac0	8	
	00828ac8	8	
	00828ad0	11	
	00828adb	8	
	00828ae3	11	
	00828aee	8	
	00828af6	8	
	00828afe	10	
	00828b10	11	
	00828b1b	10	
	00828b30	8	
	00828b38	8	
	00828b40	10	
	00828b50	8	
	00828b58	10	
	00828b70	8	
	00828b78	8	
	00828b80	10	
	00828b90	8	
	00828b98	11	
	00828ba3	8	
	00828bab	8	
	00828bb3	8	
	00828bbb	8	
	00828bc3	8	
	00828bcb	10	
	00828be0	8	
	00828be8	8	
	00828bf0	10	
	00828c00	11	
	00828c0b	11	
	00828c16	11	
	00828c21	11	
	00828c2c	11	
	00828c37	11	
	00828c42	11	
	00828c4d	11	
	00828c58	11	
	00828c63	11	
	00828c6e	11	
	00828c79	11	
	00828c84	11	
	00828c8f	10	
	00828ca0	11	
	00828cab	11	
	00828cb6	11	
	00828cc1	11	
	00828ccc	10	
	00828ce0	8	
	00828ce8	10	
	00828d00	8	
	00828d08	10	
	00828d20	8	
	00828d28	10	
	00828d40	11	
	00828d4b	10	
	00828d60	11	
	00828d6b	10	
	00828d80	8	
	00828d88	8	
	00828d90	10	
	00828da0	14	
	00828dae	11	
	00828db9	11	
	00828dc4	10	
	00828dd0	8	
	00828dd8	11	
	00828de3	10	
	00828df0	8	
	00828df8	10	
	00828e10	8	
	00828e18	10	
	00828e30	8	
	00828e38	10	
	00828e50	11	
	00828e5b	8	
	00828e63	8	
	00828e6b	10	
	00828e80	11	
	00828e8b	8	
	00828e93	10	
	00828ea0	8	
	00828ea8	8	
	00828eb0	10	
	00828ec0	8	
	00828ec8	10	
	00828ee0	8	
	00828ee8	10	
	00828f00	11	
	00828f0b	8	
	00828f13	8	
	00828f1b	11	
	00828f26	10	
	00828f30	11	
	00828f3b	8	
	00828f43	8	
	00828f4b	10	
	00828f60	11	
	00828f6b	8	
	00828f73	8	
	00828f7b	11	
	00828f86	10	
	00828f90	11	
	00828f9b	8	
	00828fa3	8	
	00828fab	10	
	00828fc0	11	
	00828fcb	10	
	00828fe0	11	
	00828feb	10	
	00829000	11	
	0082900b	10	
	00829020	46	
	0082904e	14	
	0082905c	10	
	00829070	8	
	00829078	10	
	00829090	11	
	0082909b	11	
	008290a6	11	
	008290b1	10	
	008290c0	11	
	008290cb	8	
	008290d3	8	
	008290db	10	
	008290f0	11	
	008290fb	10	
	00829110	11	
	0082911b	8	
	00829123	8	
	0082912b	11	
	00829136	10	
	00829140	11	
	0082914b	10	
	00829160	11	
	0082916b	8	
	00829173	11	
	0082917e	10	
	00829190	8	
	00829198	11	
	008291a3	10	
	008291b0	8	
	008291b8	8	
	008291c0	10	
	008291d0	8	
	008291d8	10	
	008291f0	8	
	008291f8	10	
	00829210	11	
	0082921b	10	
	00829230	11	
	0082923b	14	
	00829249	10	
	00829260	46	
	0082928e	14	
	0082929c	14	
	008292aa	10	
	008292c0	8	
	008292c8	11	
	008292d3	11	
	008292de	10	
	008292f0	8	
	008292f8	8	
	00829300	11	
	0082930b	10	
	00829320	11	
	0082932b	10	
	00829340	8	
	00829348	11	
	00829353	11	
	0082935e	10	
	00829370	11	
	0082937b	10	
	00829390	19	
	008293a3	24	
	008293bb	24	
	008293d3	24	
	008293eb	24	
	00829403	24	
	0082941b	24	
	00829433	8	
	0082943b	8	
	00829443	8	
	0082944b	8	
	00829453	8	
	0082945b	8	
	00829463	8	
	0082946b	8	
	00829473	8	
	0082947b	8	
	00829483	8	
	0082948b	8	
	00829493	8	
	0082949b	8	
	008294a3	8	
	008294ab	8	
	008294b3	8	
	008294bb	8	
	008294c3	8	
	008294cb	8	
	008294d3	8	
	008294db	8	
	008294e3	8	
	008294eb	8	
	008294f3	8	
	008294fb	8	
	00829503	8	
	0082950b	8	
	00829513	8	
	0082951b	8	
	00829523	8	
	0082952b	8	
	00829533	8	
	0082953b	8	
	00829543	8	
	0082954b	8	
	00829553	8	
	0082955b	8	
	00829563	8	
	0082956b	8	
	00829573	8	
	0082957b	8	
	00829583	8	
	0082958b	8	
	00829593	8	
	0082959b	8	
	008295a3	8	
	008295ab	8	
	008295b3	8	
	008295bb	8	
	008295c3	8	
	008295cb	8	
	008295d3	8	
	008295db	8	
	008295e3	8	
	008295eb	8	
	008295f3	8	
	008295fb	8	
	00829603	8	
	0082960b	8	
	00829613	8	
	0082961b	8	
	00829623	8	
	0082962b	8	
	00829633	8	
	0082963b	8	
	00829643	8	
	0082964b	8	
	00829653	8	
	0082965b	8	
	00829663	8	
	0082966b	8	
	00829673	8	
	0082967b	8	
	00829683	8	
	0082968b	8	
	00829693	8	
	0082969b	8	
	008296a3	8	
	008296ab	8	
	008296b3	8	
	008296bb	8	
	008296c3	8	
	008296cb	8	
	008296d3	8	
	008296db	8	
	008296e3	8	
	008296eb	8	
	008296f3	8	
	008296fb	8	
	00829703	8	
	0082970b	8	
	00829713	8	
	0082971b	8	
	00829723	8	
	0082972b	8	
	00829733	8	
	0082973b	8	
	00829743	8	
	0082974b	8	
	00829753	8	
	0082975b	8	
	00829763	8	
	0082976b	8	
	00829773	8	
	0082977b	8	
	00829783	8	
	0082978b	8	
	00829793	8	
	0082979b	8	
	008297a3	8	
	008297ab	8	
	008297b3	8	
	008297bb	8	
	008297c3	8	
	008297cb	8	
	008297d3	8	
	008297db	8	
	008297e3	8	
	008297eb	8	
	008297f3	8	
	008297fb	8	
	00829803	8	
	0082980b	8	
	00829813	8	
	0082981b	8	
	00829823	8	
	0082982b	8	
	00829833	8	
	0082983b	8	
	00829843	8	
	0082984b	8	
	00829853	8	
	0082985b	8	
	00829863	8	
	0082986b	8	
	00829873	8	
	0082987b	8	
	00829883	8	
	0082988b	8	
	00829893	8	
	0082989b	8	
	008298a3	8	
	008298ab	8	
	008298b3	8	
	008298bb	8	
	008298c3	8	
	008298cb	8	
	008298d3	8	
	008298db	8	
	008298e3	8	
	008298eb	8	
	008298f3	8	
	008298fb	8	
	00829903	8	
	0082990b	8	
	00829913	8	
	0082991b	8	
	00829923	8	
	0082992b	8	
	00829933	8	
	0082993b	8	
	00829943	8	
	0082994b	8	
	00829953	8	
	0082995b	8	
	00829963	8	
	0082996b	8	
	00829973	8	
	0082997b	8	
	00829983	8	
	0082998b	8	
	00829993	8	
	0082999b	8	
	008299a3	8	
	008299ab	8	
	008299b3	8	
	008299bb	8	
	008299c3	8	
	008299cb	8	
	008299d3	8	
	008299db	8	
	008299e3	8	
	008299eb	8	
	008299f3	8	
	008299fb	8	
	00829a03	8	
	00829a0b	8	
	00829a13	8	
	00829a1b	8	
	00829a23	8	
	00829a2b	8	
	00829a33	8	
	00829a3b	8	
	00829a43	8	
	00829a4b	8	
	00829a53	8	
	00829a5b	8	
	00829a63	8	
	00829a6b	8	
	00829a73	8	
	00829a7b	8	
	00829a83	8	
	00829a8b	8	
	00829a93	8	
	00829a9b	8	
	00829aa3	8	
	00829aab	8	
	00829ab3	8	
	00829abb	8	
	00829ac3	8	
	00829acb	8	
	00829ad3	8	
	00829adb	8	
	00829ae3	8	
	00829aeb	8	
	00829af3	8	
	00829afb	8	
	00829b03	8	
	00829b0b	8	
	00829b13	8	
	00829b1b	8	
	00829b23	8	
	00829b2b	8	
	00829b33	8	
	00829b3b	8	
	00829b43	8	
	00829b4b	8	
	00829b53	8	
	00829b5b	8	
	00829b63	8	
	00829b6b	8	
	00829b73	8	
	00829b7b	8	
	00829b83	8	
	00829b8b	8	
	00829b93	8	
	00829b9b	8	
	00829ba3	8	
	00829bab	8	
	00829bb3	8	
	00829bbb	8	
	00829bc3	8	
	00829bcb	8	
	00829bd3	8	
	00829bdb	8	
	00829be3	8	
	00829beb	8	
	00829bf3	8	
	00829bfb	8	
	00829c03	8	
	00829c0b	8	
	00829c13	8	
	00829c1b	8	
	00829c23	8	
	00829c2b	8	
	00829c33	8	
	00829c3b	8	
	00829c43	8	
	00829c4b	8	
	00829c53	8	
	00829c5b	8	
	00829c63	8	
	00829c6b	8	
	00829c73	8	
	00829c7b	8	
	00829c83	8	
	00829c8b	8	
	00829c93	8	
	00829c9b	8	
	00829ca3	8	
	00829cab	8	
	00829cb3	8	
	00829cbb	8	
	00829cc3	8	
	00829ccb	8	
	00829cd3	8	
	00829cdb	8	
	00829ce3	8	
	00829ceb	8	
	00829cf3	8	
	00829cfb	8	
	00829d03	8	
	00829d0b	8	
	00829d13	8	
	00829d1b	8	
	00829d23	8	
	00829d2b	8	
	00829d33	8	
	00829d3b	8	
	00829d43	8	
	00829d4b	8	
	00829d53	8	
	00829d5b	8	
	00829d63	8	
	00829d6b	8	
	00829d73	8	
	00829d7b	8	
	00829d83	8	
	00829d8b	8	
	00829d93	8	
	00829d9b	8	
	00829da3	8	
	00829dab	8	
	00829db3	8	
	00829dbb	8	
	00829dc3	8	
	00829dcb	8	
	00829dd3	8	
	00829ddb	8	
	00829de3	8	
	00829deb	8	
	00829df3	8	
	00829dfb	8	
	00829e03	8	
	00829e0b	8	
	00829e13	8	
	00829e1b	8	
	00829e23	8	
	00829e2b	8	
	00829e33	8	
	00829e3b	8	
	00829e43	8	
	00829e4b	8	
	00829e53	8	
	00829e5b	8	
	00829e63	8	
	00829e6b	8	
	00829e73	8	
	00829e7b	8	
	00829e83	8	
	00829e8b	8	
	00829e93	8	
	00829e9b	8	
	00829ea3	8	
	00829eab	8	
	00829eb3	8	
	00829ebb	8	
	00829ec3	8	
	00829ecb	8	
	00829ed3	8	
	00829edb	8	
	00829ee3	8	
	00829eeb	8	
	00829ef3	8	
	00829efb	8	
	00829f03	8	
	00829f0b	8	
	00829f13	8	
	00829f1b	8	
	00829f23	8	
	00829f2b	8	
	00829f33	8	
	00829f3b	8	
	00829f43	8	
	00829f4b	8	
	00829f53	8	
	00829f5b	8	
	00829f63	8	
	00829f6b	8	
	00829f73	8	
	00829f7b	8	
	00829f83	8	
	00829f8b	8	
	00829f93	8	
	00829f9b	8	
	00829fa3	8	
	00829fab	8	
	00829fb3	8	
	00829fbb	8	
	00829fc3	8	
	00829fcb	8	
	00829fd3	8	
	00829fdb	8	
	00829fe3	8	
	00829feb	8	
	00829ff3	8	
	00829ffb	8	
	0082a003	8	
	0082a00b	8	
	0082a013	8	
	0082a01b	8	
	0082a023	8	
	0082a02b	8	
	0082a033	8	
	0082a03b	8	
	0082a043	8	
	0082a04b	10	
	0082a060	11	
	0082a06b	10	
	0082a080	8	
	0082a088	11	
	0082a093	10	
	0082a0a0	8	
	0082a0a8	8	
	0082a0b0	8	
	0082a0b8	10	
	0082a0d0	11	
	0082a0db	8	
	0082a0e3	10	
	0082a0f0	11	
	0082a0fb	10	
	0082a110	11	
	0082a11b	10	
	0082a130	11	
	0082a13b	10	
	0082a150	8	
	0082a158	11	
	0082a163	14	
	0082a171	14	
	0082a17f	14	
	0082a18d	14	
	0082a19b	11	
	0082a1a6	14	
	0082a1b4	11	
	0082a1bf	14	
	0082a1cd	14	
	0082a1db	10	
	0082a1f0	8	
	0082a1f8	42	
	0082a222	14	
	0082a230	14	
	0082a23e	14	
	0082a24c	14	
	0082a25a	14	
	0082a268	14	
	0082a276	14	
	0082a284	10	
	0082a290	19	
	0082a2a3	24	
	0082a2bb	24	
	0082a2d3	24	
	0082a2eb	24	
	0082a303	24	
	0082a31b	10	
	0082a330	11	
	0082a33b	11	
	0082a346	10	
	0082a350	8	
	0082a358	8	
	0082a360	8	
	0082a368	8	
	0082a370	10	
	0082a380	11	
	0082a38b	8	
	0082a393	10	
	0082a3a0	8	
	0082a3a8	8	
	0082a3b0	8	
	0082a3b8	10	
	0082a3d0	8	
	0082a3d8	8	
	0082a3e0	8	
	0082a3e8	8	
	0082a3f0	8	
	0082a3f8	10	
	0082a410	11	
	0082a41b	10	
	0082a430	11	
	0082a43b	10	
	0082a450	11	
	0082a45b	10	
	0082a470	11	
	0082a47b	10	
	0082a490	11	
	0082a49b	10	
	0082a4b0	8	
	0082a4b8	10	
	0082a4d0	8	
	0082a4d8	10	
	0082a4f0	11	
	0082a4fb	10	
	0082a510	14	
	0082a51e	14	
	0082a52c	10	
	0082a540	8	
	0082a548	8	
	0082a550	10	
	0082a560	8	
	0082a568	8	
	0082a570	8	
	0082a578	10	
	0082a590	11	
	0082a59b	10	
	0082a5b0	8	
	0082a5b8	10	
	0082a5d0	14	
	0082a5de	14	
	0082a5ec	14	
	0082a5fa	14	
	0082a608	8	
	0082a610	8	
	0082a618	11	
	0082a623	14	
	0082a631	11	
	0082a63c	14	
	0082a64a	14	
	0082a658	10	
	0082a670	8	
	0082a678	10	
	0082a690	8	
	0082a698	10	
	0082a6b0	8	
	0082a6b8	10	
	0082a6d0	8	
	0082a6d8	10	
	0082a6f0	8	
	0082a6f8	10	
	0082a710	8	
	0082a718	10	
	0082a730	8	
	0082a738	11	
	0082a743	11	
	0082a74e	10	
	0082a760	11	
	0082a76b	10	
	0082a780	11	
	0082a78b	10	
	0082a7a0	11	
	0082a7ab	10	
	0082a7c0	11	
	0082a7cb	10	
	0082a7e0	11	
	0082a7eb	10	
	0082a800	8	
	0082a808	10	
	0082a820	8	
	0082a828	10	
	0082a840	8	
	0082a848	10	
	0082a860	11	
	0082a86b	10	
	0082a880	11	
	0082a88b	14	
	0082a899	14	
	0082a8a7	11	
	0082a8b2	14	
	0082a8c0	14	
	0082a8ce	14	
	0082a8dc	14	
	0082a8ea	14	
	0082a8f8	14	
	0082a906	11	
	0082a911	14	
	0082a91f	11	
	0082a92a	14	
	0082a938	11	
	0082a943	14	
	0082a951	14	
	0082a95f	10	
	0082a970	46	
	0082a99e	14	
	0082a9ac	14	
	0082a9ba	14	
	0082a9c8	14	
	0082a9d6	14	
	0082a9e4	14	
	0082a9f2	14	
	0082aa00	14	
	0082aa0e	14	
	0082aa1c	14	
	0082aa2a	14	
	0082aa38	14	
	0082aa46	14	
	0082aa54	10	
	0082aa60	11	
	0082aa6b	10	
	0082aa80	11	
	0082aa8b	11	
	0082aa96	11	
	0082aaa1	8	
	0082aaa9	10	
	0082aac0	8	
	0082aac8	8	
	0082aad0	10	
	0082aae0	8	
	0082aae8	10	
	0082ab00	11	
	0082ab0b	11	
	0082ab16	11	
	0082ab21	11	
	0082ab2c	8	
	0082ab34	11	
	0082ab3f	11	
	0082ab4a	11	
	0082ab55	11	
	0082ab60	11	
	0082ab6b	8	
	0082ab73	11	
	0082ab7e	11	
	0082ab89	11	
	0082ab94	11	
	0082ab9f	11	
	0082abaa	11	
	0082abb5	11	
	0082abc0	11	
	0082abcb	8	
	0082abd3	11	
	0082abde	11	
	0082abe9	11	
	0082abf4	11	
	0082abff	11	
	0082ac0a	11	
	0082ac15	11	
	0082ac20	11	
	0082ac2b	8	
	0082ac33	11	
	0082ac3e	11	
	0082ac49	11	
	0082ac54	11	
	0082ac5f	11	
	0082ac6a	11	
	0082ac75	11	
	0082ac80	11	
	0082ac8b	8	
	0082ac93	11	
	0082ac9e	11	
	0082aca9	11	
	0082acb4	11	
	0082acbf	11	
	0082acca	11	
	0082acd5	11	
	0082ace0	11	
	0082aceb	11	
	0082acf6	11	
	0082ad01	11	
	0082ad0c	11	
	0082ad17	11	
	0082ad22	11	
	0082ad2d	11	
	0082ad38	11	
	0082ad43	11	
	0082ad4e	11	
	0082ad59	8	
	0082ad61	10	
	0082ad70	8	
	0082ad78	8	
	0082ad80	8	
	0082ad88	8	
	0082ad90	10	
	0082ada0	8	
	0082ada8	8	
	0082adb0	11	
	0082adbb	8	
	0082adc3	11	
	0082adce	8	
	0082add6	8	
	0082adde	11	
	0082ade9	14	
	0082adf7	8	
	0082adff	8	
	0082ae07	14	
	0082ae15	11	
	0082ae20	11	
	0082ae2b	11	
	0082ae36	8	
	0082ae3e	8	
	0082ae46	8	
	0082ae4e	10	
	0082ae60	8	
	0082ae68	8	
	0082ae70	10	
	0082ae80	8	
	0082ae88	8	
	0082ae90	8	
	0082ae98	10	
	0082aeb0	14	
	0082aebe	14	
	0082aecc	14	
	0082aeda	14	
	0082aee8	29	
	0082af05	14	
	0082af13	14	
	0082af21	14	
	0082af2f	14	
	0082af3d	14	
	0082af4b	11	
	0082af56	11	
	0082af61	14	
	0082af6f	11	
	0082af7a	8	
	0082af82	11	
	0082af8d	11	
	0082af98	11	
	0082afa3	11	
	0082afae	11	
	0082afb9	11	
	0082afc4	8	
	0082afcc	11	
	0082afd7	8	
	0082afdf	8	
	0082afe7	11	
	0082aff2	14	
	0082b000	14	
	0082b00e	8	
	0082b016	10	
	0082b020	11	
	0082b02b	8	
	0082b033	11	
	0082b03e	11	
	0082b049	10	
	0082b060	11	
	0082b06b	8	
	0082b073	8	
	0082b07b	8	
	0082b083	8	
	0082b08b	10	
	0082b0a0	8	
	0082b0a8	10	
	0082b0c0	8	
	0082b0c8	10	
	0082b0e0	8	
	0082b0e8	8	
	0082b0f0	10	
	0082b100	8	
	0082b108	8	
	0082b110	8	
	0082b118	8	
	0082b120	8	
	0082b128	10	
	0082b140	11	
	0082b14b	10	
	0082b160	8	
	0082b168	10	
	0082b180	8	
	0082b188	11	
	0082b193	10	
	0082b1a0	11	
	0082b1ab	11	
	0082b1b6	8	
	0082b1be	8	
	0082b1c6	10	
	0082b1d0	8	
	0082b1d8	10	
	0082b1f0	11	
	0082b1fb	10	
	0082b210	11	
	0082b21b	10	
	0082b230	8	
	0082b238	10	
	0082b250	8	
	0082b258	11	
	0082b263	10	
	0082b270	8	
	0082b278	10	
	0082b290	8	
	0082b298	10	
	0082b2b0	11	
	0082b2bb	11	
	0082b2c6	10	
	0082b2d0	11	
	0082b2db	10	
	0082b2f0	11	
	0082b2fb	10	
	0082b310	11	
	0082b31b	11	
	0082b326	11	
	0082b331	10	
	0082b340	11	
	0082b34b	11	
	0082b356	11	
	0082b361	10	
	0082b370	8	
	0082b378	10	
	0082b390	11	
	0082b39b	10	
	0082b3b0	11	
	0082b3bb	11	
	0082b3c6	11	
	0082b3d1	11	
	0082b3dc	8	
	0082b3e4	11	
	0082b3ef	11	
	0082b3fa	11	
	0082b405	11	
	0082b410	8	
	0082b418	11	
	0082b423	11	
	0082b42e	11	
	0082b439	11	
	0082b444	8	
	0082b44c	8	
	0082b454	11	
	0082b45f	11	
	0082b46a	11	
	0082b475	11	
	0082b480	8	
	0082b488	8	
	0082b490	11	
	0082b49b	11	
	0082b4a6	11	
	0082b4b1	11	
	0082b4bc	8	
	0082b4c4	8	
	0082b4cc	11	
	0082b4d7	11	
	0082b4e2	11	
	0082b4ed	11	
	0082b4f8	8	
	0082b500	8	
	0082b508	11	
	0082b513	11	
	0082b51e	11	
	0082b529	11	
	0082b534	8	
	0082b53c	11	
	0082b547	11	
	0082b552	11	
	0082b55d	11	
	0082b568	8	
	0082b570	11	
	0082b57b	11	
	0082b586	11	
	0082b591	11	
	0082b59c	8	
	0082b5a4	11	
	0082b5af	11	
	0082b5ba	11	
	0082b5c5	11	
	0082b5d0	8	
	0082b5d8	11	
	0082b5e3	11	
	0082b5ee	11	
	0082b5f9	11	
	0082b604	8	
	0082b60c	11	
	0082b617	11	
	0082b622	11	
	0082b62d	11	
	0082b638	8	
	0082b640	11	
	0082b64b	11	
	0082b656	11	
	0082b661	11	
	0082b66c	11	
	0082b677	11	
	0082b682	11	
	0082b68d	11	
	0082b698	8	
	0082b6a0	8	
	0082b6a8	11	
	0082b6b3	11	
	0082b6be	11	
	0082b6c9	11	
	0082b6d4	8	
	0082b6dc	11	
	0082b6e7	11	
	0082b6f2	11	
	0082b6fd	11	
	0082b708	8	
	0082b710	11	
	0082b71b	11	
	0082b726	11	
	0082b731	11	
	0082b73c	8	
	0082b744	11	
	0082b74f	11	
	0082b75a	11	
	0082b765	11	
	0082b770	8	
	0082b778	11	
	0082b783	11	
	0082b78e	11	
	0082b799	11	
	0082b7a4	8	
	0082b7ac	11	
	0082b7b7	11	
	0082b7c2	11	
	0082b7cd	11	
	0082b7d8	8	
	0082b7e0	11	
	0082b7eb	11	
	0082b7f6	11	
	0082b801	11	
	0082b80c	8	
	0082b814	11	
	0082b81f	11	
	0082b82a	11	
	0082b835	11	
	0082b840	8	
	0082b848	11	
	0082b853	11	
	0082b85e	11	
	0082b869	11	
	0082b874	8	
	0082b87c	11	
	0082b887	11	
	0082b892	11	
	0082b89d	11	
	0082b8a8	8	
	0082b8b0	11	
	0082b8bb	11	
	0082b8c6	11	
	0082b8d1	11	
	0082b8dc	8	
	0082b8e4	8	
	0082b8ec	11	
	0082b8f7	11	
	0082b902	11	
	0082b90d	11	
	0082b918	8	
	0082b920	8	
	0082b928	11	
	0082b933	11	
	0082b93e	11	
	0082b949	11	
	0082b954	8	
	0082b95c	8	
	0082b964	11	
	0082b96f	11	
	0082b97a	11	
	0082b985	11	
	0082b990	8	
	0082b998	11	
	0082b9a3	11	
	0082b9ae	11	
	0082b9b9	11	
	0082b9c4	8	
	0082b9cc	10	
	0082b9e0	11	
	0082b9eb	11	
	0082b9f6	11	
	0082ba01	10	
	0082ba10	11	
	0082ba1b	11	
	0082ba26	11	
	0082ba31	11	
	0082ba3c	22	
	0082ba52	11	
	0082ba5d	11	
	0082ba68	11	
	0082ba73	11	
	0082ba7e	11	
	0082ba89	11	
	0082ba94	11	
	0082ba9f	11	
	0082baaa	11	
	0082bab5	11	
	0082bac0	11	
	0082bacb	11	
	0082bad6	11	
	0082bae1	11	
	0082baec	11	
	0082baf7	11	
	0082bb02	10	
	0082bb10	8	
	0082bb18	10	
	0082bb30	11	
	0082bb3b	8	
	0082bb43	11	
	0082bb4e	10	
	0082bb60	8	
	0082bb68	8	
	0082bb70	8	
	0082bb78	8	
	0082bb80	11	
	0082bb8b	11	
	0082bb96	10	
	0082bba0	11	
	0082bbab	10	
	0082bbc0	11	
	0082bbcb	10	
	0082bbe0	11	
	0082bbeb	14	
	0082bbf9	10	
	0082bc10	11	
	0082bc1b	14	
	0082bc29	14	
	0082bc37	10	
	0082bc50	8	
	0082bc58	8	
	0082bc60	10	
	0082bc70	11	
	0082bc7b	10	
	0082bc90	11	
	0082bc9b	10	
	0082bcb0	11	
	0082bcbb	11	
	0082bcc6	10	
	0082bcd0	8	
	0082bcd8	8	
	0082bce0	8	
	0082bce8	8	
	0082bcf0	8	
	0082bcf8	8	
	0082bd00	10	
	0082bd10	8	
	0082bd18	10	
	0082bd30	11	
	0082bd3b	14	
	0082bd49	10	
	0082bd60	11	
	0082bd6b	14	
	0082bd79	14	
	0082bd87	10	
	0082bda0	8	
	0082bda8	8	
	0082bdb0	10	
	0082bdc0	8	
	0082bdc8	10	
	0082bde0	8	
	0082bde8	10	
	0082be00	8	
	0082be08	8	
	0082be10	10	
	0082be20	8	
	0082be28	10	
	0082be40	8	
	0082be48	8	
	0082be50	8	
	0082be58	10	
	0082be70	8	
	0082be78	10	
	0082be90	11	
	0082be9b	11	
	0082bea6	11	
	0082beb1	24	
	0082bec9	14	
	0082bed7	11	
	0082bee2	11	
	0082beed	11	
	0082bef8	10	
	0082bf10	11	
	0082bf1b	11	
	0082bf26	11	
	0082bf31	24	
	0082bf49	14	
	0082bf57	10	
	0082bf70	8	
	0082bf78	8	
	0082bf80	10	
	0082bf90	8	
	0082bf98	8	
	0082bfa0	10	
	0082bfb0	8	
	0082bfb8	8	
	0082bfc0	10	
	0082bfd0	8	
	0082bfd8	8	
	0082bfe0	8	
	0082bfe8	8	
	0082bff0	10	
	0082c000	8	
	0082c008	10	
	0082c020	8	
	0082c028	10	
	0082c040	8	
	0082c048	10	
	0082c060	8	
	0082c068	8	
	0082c070	10	
	0082c080	8	
	0082c088	10	
	0082c0a0	8	
	0082c0a8	10	
	0082c0c0	8	
	0082c0c8	10	
	0082c0e0	8	
	0082c0e8	8	
	0082c0f0	10	
	0082c100	8	
	0082c108	10	
	0082c120	8	
	0082c128	10	
	0082c140	8	
	0082c148	10	
	0082c160	14	
	0082c16e	10	
	0082c180	8	
	0082c188	11	
	0082c193	11	
	0082c19e	14	
	0082c1ac	10	
	0082c1c0	8	
	0082c1c8	11	
	0082c1d3	11	
	0082c1de	14	
	0082c1ec	10	
	0082c200	8	
	0082c208	10	
	0082c220	11	
	0082c22b	11	
	0082c236	10	
	0082c240	11	
	0082c24b	10	
	0082c260	11	
	0082c26b	10	
	0082c280	8	
	0082c288	10	
	0082c2a0	8	
	0082c2a8	8	
	0082c2b0	10	
	0082c2c0	8	
	0082c2c8	8	
	0082c2d0	10	
	0082c2e0	8	
	0082c2e8	8	
	0082c2f0	8	
	0082c2f8	10	
	0082c310	8	
	0082c318	8	
	0082c320	8	
	0082c328	8	
	0082c330	8	
	0082c338	8	
	0082c340	8	
	0082c348	8	
	0082c350	8	
	0082c358	8	
	0082c360	8	
	0082c368	10	
	0082c380	11	
	0082c38b	11	
	0082c396	11	
	0082c3a1	8	
	0082c3a9	11	
	0082c3b4	10	
	0082c3c0	11	
	0082c3cb	10	
	0082c3e0	11	
	0082c3eb	11	
	0082c3f6	10	
	0082c400	8	
	0082c408	11	
	0082c413	10	
	0082c420	8	
	0082c428	11	
	0082c433	10	
	0082c440	8	
	0082c448	10	
	0082c460	8	
	0082c468	8	
	0082c470	10	
	0082c480	11	
	0082c48b	11	
	0082c496	11	
	0082c4a1	10	
	0082c4b0	11	
	0082c4bb	11	
	0082c4c6	11	
	0082c4d1	10	
	0082c4e0	11	
	0082c4eb	11	
	0082c4f6	8	
	0082c4fe	8	
	0082c506	14	
	0082c514	11	
	0082c51f	11	
	0082c52a	14	
	0082c538	14	
	0082c546	8	
	0082c54e	8	
	0082c556	11	
	0082c561	14	
	0082c56f	14	
	0082c57d	11	
	0082c588	11	
	0082c593	11	
	0082c59e	11	
	0082c5a9	11	
	0082c5b4	11	
	0082c5bf	11	
	0082c5ca	14	
	0082c5d8	10	
	0082c5f0	11	
	0082c5fb	11	
	0082c606	10	
	0082c610	8	
	0082c618	11	
	0082c623	11	
	0082c62e	11	
	0082c639	10	
	0082c650	8	
	0082c658	11	
	0082c663	11	
	0082c66e	10	
	0082c680	11	
	0082c68b	11	
	0082c696	11	
	0082c6a1	8	
	0082c6a9	8	
	0082c6b1	10	
	0082c6c0	11	
	0082c6cb	8	
	0082c6d3	8	
	0082c6db	8	
	0082c6e3	8	
	0082c6eb	10	
	0082c700	11	
	0082c70b	8	
	0082c713	10	
	0082c720	26	
	0082c73a	10	
	0082c750	8	
	0082c758	8	
	0082c760	8	
	0082c768	11	
	0082c773	10	
	0082c780	11	
	0082c78b	8	
	0082c793	11	
	0082c79e	10	
	0082c7b0	8	
	0082c7b8	11	
	0082c7c3	11	
	0082c7ce	11	
	0082c7d9	10	
	0082c7f0	8	
	0082c7f8	11	
	0082c803	11	
	0082c80e	10	
	0082c820	11	
	0082c82b	8	
	0082c833	8	
	0082c83b	11	
	0082c846	11	
	0082c851	8	
	0082c859	8	
	0082c861	8	
	0082c869	10	
	0082c880	14	
	0082c88e	11	
	0082c899	10	
	0082c8b0	11	
	0082c8bb	11	
	0082c8c6	11	
	0082c8d1	10	
	0082c8e0	11	
	0082c8eb	11	
	0082c8f6	11	
	0082c901	11	
	0082c90c	10	
	0082c920	8	
	0082c928	8	
	0082c930	10	
	0082c940	11	
	0082c94b	11	
	0082c956	11	
	0082c961	11	
	0082c96c	10	
	0082c980	11	
	0082c98b	10	
	0082c9a0	8	
	0082c9a8	10	
	0082c9c0	11	
	0082c9cb	11	
	0082c9d6	8	
	0082c9de	8	
	0082c9e6	8	
	0082c9ee	10	
	0082ca00	11	
	0082ca0b	8	
	0082ca13	11	
	0082ca1e	10	
	0082ca30	8	
	0082ca38	10	
	0082ca50	8	
	0082ca58	10	
	0082ca70	8	
	0082ca78	10	
	0082ca90	11	
	0082ca9b	10	
	0082cab0	11	
	0082cabb	14	
	0082cac9	11	
	0082cad4	10	
	0082cae0	8	
	0082cae8	8	
	0082caf0	8	
	0082caf8	10	
	0082cb10	11	
	0082cb1b	11	
	0082cb26	11	
	0082cb31	11	
	0082cb3c	11	
	0082cb47	11	
	0082cb52	11	
	0082cb5d	10	
	0082cb70	11	
	0082cb7b	11	
	0082cb86	10	
	0082cb90	8	
	0082cb98	23	
	0082cbaf	10	
	0082cbc0	8	
	0082cbc8	10	
	0082cbe0	8	
	0082cbe8	10	
	0082cc00	8	
	0082cc08	8	
	0082cc10	8	
	0082cc18	8	
	0082cc20	8	
	0082cc28	8	
	0082cc30	8	
	0082cc38	8	
	0082cc40	8	
	0082cc48	8	
	0082cc50	10	
	0082cc60	8	
	0082cc68	10	
	0082cc80	8	
	0082cc88	10	
	0082cca0	8	
	0082cca8	10	
	0082ccc0	8	
	0082ccc8	10	
	0082cce0	8	
	0082cce8	10	
	0082cd00	8	
	0082cd08	10	
	0082cd20	8	
	0082cd28	10	
	0082cd40	8	
	0082cd48	10	
	0082cd60	8	
	0082cd68	10	
	0082cd80	11	
	0082cd8b	10	
	0082cda0	8	
	0082cda8	8	
	0082cdb0	10	
	0082cdc0	8	
	0082cdc8	8	
	0082cdd0	10	
	0082cde0	8	
	0082cde8	10	
	0082ce00	8	
	0082ce08	8	
	0082ce10	10	
	0082ce20	8	
	0082ce28	8	
	0082ce30	8	
	0082ce38	10	
	0082ce50	8	
	0082ce58	8	
	0082ce60	8	
	0082ce68	8	
	0082ce70	10	
	0082ce80	8	
	0082ce88	10	
	0082cea0	11	
	0082ceab	14	
	0082ceb9	14	
	0082cec7	14	
	0082ced5	14	
	0082cee3	14	
	0082cef1	10	
	0082cf00	11	
	0082cf0b	14	
	0082cf19	14	
	0082cf27	14	
	0082cf35	14	
	0082cf43	14	
	0082cf51	10	
	0082cf60	8	
	0082cf68	8	
	0082cf70	10	
	0082cf80	8	
	0082cf88	8	
	0082cf90	8	
	0082cf98	10	
	0082cfb0	8	
	0082cfb8	8	
	0082cfc0	8	
	0082cfc8	8	
	0082cfd0	8	
	0082cfd8	10	
	0082cff0	8	
	0082cff8	8	
	0082d000	8	
	0082d008	10	
	0082d020	8	
	0082d028	8	
	0082d030	8	
	0082d038	10	
	0082d050	8	
	0082d058	10	
	0082d070	8	
	0082d078	10	
	0082d090	8	
	0082d098	8	
	0082d0a0	10	
	0082d0b0	11	
	0082d0bb	8	
	0082d0c3	11	
	0082d0ce	10	
	0082d0e0	8	
	0082d0e8	10	
	0082d100	8	
	0082d108	10	
	0082d120	8	
	0082d128	10	
	0082d140	14	
	0082d14e	14	
	0082d15c	14	
	0082d16a	14	
	0082d178	10	
	0082d190	8	
	0082d198	10	
	0082d1b0	8	
	0082d1b8	10	
	0082d1d0	8	
	0082d1d8	10	
	0082d1f0	8	
	0082d1f8	10	
	0082d210	8	
	0082d218	10	
	0082d230	8	
	0082d238	10	
	0082d250	8	
	0082d258	10	
	0082d270	8	
	0082d278	10	
	0082d290	8	
	0082d298	10	
	0082d2b0	8	
	0082d2b8	10	
	0082d2d0	8	
	0082d2d8	10	
	0082d2f0	8	
	0082d2f8	10	
	0082d310	8	
	0082d318	10	
	0082d330	8	
	0082d338	8	
	0082d340	8	
	0082d348	10	
	0082d360	8	
	0082d368	8	
	0082d370	8	
	0082d378	10	
	0082d390	8	
	0082d398	10	
	0082d3b0	8	
	0082d3b8	10	
	0082d3d0	8	
	0082d3d8	10	
	0082d3f0	8	
	0082d3f8	10	
	0082d410	8	
	0082d418	10	
	0082d430	8	
	0082d438	10	
	0082d450	8	
	0082d458	10	
	0082d470	8	
	0082d478	10	
	0082d490	8	
	0082d498	10	
	0082d4b0	8	
	0082d4b8	10	
	0082d4d0	8	
	0082d4d8	10	
	0082d4f0	11	
	0082d4fb	11	
	0082d506	10	
	0082d510	11	
	0082d51b	10	
	0082d530	8	
	0082d538	10	
	0082d550	8	
	0082d558	10	
	0082d570	8	
	0082d578	10	
	0082d590	8	
	0082d598	10	
	0082d5b0	8	
	0082d5b8	10	
	0082d5d0	8	
	0082d5d8	10	
	0082d5f0	8	
	0082d5f8	10	
	0082d610	8	
	0082d618	10	
	0082d630	8	
	0082d638	10	
	0082d650	8	
	0082d658	10	
	0082d670	11	
	0082d67b	10	
	0082d690	11	
	0082d69b	14	
	0082d6a9	10	
	0082d6c0	8	
	0082d6c8	8	
	0082d6d0	8	
	0082d6d8	10	
	0082d6f0	8	
	0082d6f8	8	
	0082d700	10	
	0082d710	8	
	0082d718	8	
	0082d720	10	
	0082d730	8	
	0082d738	10	
	0082d750	8	
	0082d758	8	
	0082d760	10	
	0082d770	8	
	0082d778	10	
	0082d790	8	
	0082d798	10	
	0082d7b0	11	
	0082d7bb	11	
	0082d7c6	11	
	0082d7d1	11	
	0082d7dc	10	
	0082d7f0	11	
	0082d7fb	11	
	0082d806	10	
	0082d810	11	
	0082d81b	14	
	0082d829	10	
	0082d840	11	
	0082d84b	14	
	0082d859	14	
	0082d867	10	
	0082d880	11	
	0082d88b	11	
	0082d896	11	
	0082d8a1	11	
	0082d8ac	11	
	0082d8b7	11	
	0082d8c2	11	
	0082d8cd	11	
	0082d8d8	11	
	0082d8e3	11	
	0082d8ee	29	
	0082d90b	11	
	0082d916	11	
	0082d921	11	
	0082d92c	11	
	0082d937	14	
	0082d945	11	
	0082d950	14	
	0082d95e	11	
	0082d969	11	
	0082d974	11	
	0082d97f	11	
	0082d98a	11	
	0082d995	11	
	0082d9a0	11	
	0082d9ab	14	
	0082d9b9	11	
	0082d9c4	14	
	0082d9d2	10	
	0082d9e0	26	
	0082d9fa	11	
	0082da05	11	
	0082da10	11	
	0082da1b	14	
	0082da29	8	
	0082da31	11	
	0082da3c	10	
	0082da50	8	
	0082da58	10	
	0082da70	11	
	0082da7b	10	
	0082da90	11	
	0082da9b	10	
	0082dab0	8	
	0082dab8	10	
	0082dad0	11	
	0082dadb	10	
	0082daf0	8	
	0082daf8	8	
	0082db00	11	
	0082db0b	8	
	0082db13	8	
	0082db1b	8	
	0082db23	8	
	0082db2b	8	
	0082db33	10	
	0082db40	8	
	0082db48	8	
	0082db50	8	
	0082db58	10	
	0082db70	8	
	0082db78	8	
	0082db80	8	
	0082db88	10	
	0082dba0	8	
	0082dba8	8	
	0082dbb0	8	
	0082dbb8	10	
	0082dbd0	8	
	0082dbd8	8	
	0082dbe0	8	
	0082dbe8	10	
	0082dc00	8	
	0082dc08	10	
	0082dc20	8	
	0082dc28	10	
	0082dc40	8	
	0082dc48	10	
	0082dc60	8	
	0082dc68	8	
	0082dc70	8	
	0082dc78	10	
	0082dc90	8	
	0082dc98	11	
	0082dca3	8	
	0082dcab	8	
	0082dcb3	10	
	0082dcc0	8	
	0082dcc8	11	
	0082dcd3	8	
	0082dcdb	8	
	0082dce3	8	
	0082dceb	8	
	0082dcf3	10	
	0082dd00	8	
	0082dd08	11	
	0082dd13	8	
	0082dd1b	8	
	0082dd23	8	
	0082dd2b	10	
	0082dd40	8	
	0082dd48	10	
	0082dd60	8	
	0082dd68	10	
	0082dd80	14	
	0082dd8e	11	
	0082dd99	11	
	0082dda4	11	
	0082ddaf	11	
	0082ddba	11	
	0082ddc5	10	
	0082ddd0	14	
	0082ddde	10	
	0082ddf0	8	
	0082ddf8	10	
	0082de10	8	
	0082de18	10	
	0082de30	8	
	0082de38	10	
	0082de50	8	
	0082de58	10	
	0082de70	8	
	0082de78	14	
	0082de86	14	
	0082de94	14	
	0082dea2	14	
	0082deb0	14	
	0082debe	11	
	0082dec9	10	
	0082dee0	8	
	0082dee8	14	
	0082def6	14	
	0082df04	10	
	0082df10	8	
	0082df18	14	
	0082df26	14	
	0082df34	10	
	0082df40	8	
	0082df48	14	
	0082df56	14	
	0082df64	10	
	0082df70	8	
	0082df78	8	
	0082df80	8	
	0082df88	8	
	0082df90	10	
	0082dfa0	8	
	0082dfa8	11	
	0082dfb3	10	
	0082dfc0	8	
	0082dfc8	11	
	0082dfd3	11	
	0082dfde	11	
	0082dfe9	11	
	0082dff4	11	
	0082dfff	11	
	0082e00a	14	
	0082e018	14	
	0082e026	14	
	0082e034	14	
	0082e042	14	
	0082e050	14	
	0082e05e	10	
	0082e070	8	
	0082e078	11	
	0082e083	11	
	0082e08e	11	
	0082e099	11	
	0082e0a4	11	
	0082e0af	14	
	0082e0bd	14	
	0082e0cb	14	
	0082e0d9	14	
	0082e0e7	14	
	0082e0f5	14	
	0082e103	14	
	0082e111	10	
	0082e120	8	
	0082e128	10	
	0082e140	8	
	0082e148	10	
	0082e160	11	
	0082e16b	11	
	0082e176	10	
	0082e180	11	
	0082e18b	11	
	0082e196	14	
	0082e1a4	10	
	0082e1b0	8	
	0082e1b8	8	
	0082e1c0	8	
	0082e1c8	10	
	0082e1e0	8	
	0082e1e8	8	
	0082e1f0	8	
	0082e1f8	10	
	0082e210	8	
	0082e218	8	
	0082e220	10	
	0082e230	11	
	0082e23b	10	
	0082e250	11	
	0082e25b	10	
	0082e270	8	
	0082e278	10	
	0082e290	8	
	0082e298	8	
	0082e2a0	11	
	0082e2ab	10	
	0082e2c0	8	
	0082e2c8	10	
	0082e2e0	11	
	0082e2eb	10	
	0082e300	11	
	0082e30b	10	
	0082e320	11	
	0082e32b	11	
	0082e336	11	
	0082e341	11	
	0082e34c	10	
	0082e360	11	
	0082e36b	11	
	0082e376	11	
	0082e381	11	
	0082e38c	10	
	0082e3a0	11	
	0082e3ab	11	
	0082e3b6	11	
	0082e3c1	10	
	0082e3d0	11	
	0082e3db	10	
	0082e3f0	8	
	0082e3f8	8	
	0082e400	8	
	0082e408	11	
	0082e413	10	
	0082e420	11	
	0082e42b	14	
	0082e439	11	
	0082e444	10	
	0082e450	11	
	0082e45b	14	
	0082e469	8	
	0082e471	8	
	0082e479	8	
	0082e481	10	
	0082e490	11	
	0082e49b	10	
	0082e4b0	8	
	0082e4b8	8	
	0082e4c0	8	
	0082e4c8	10	
	0082e4e0	8	
	0082e4e8	8	
	0082e4f0	8	
	0082e4f8	10	
	0082e510	8	
	0082e518	10	
	0082e530	11	
	0082e53b	11	
	0082e546	10	
	0082e550	8	
	0082e558	10	
	0082e570	11	
	0082e57b	11	
	0082e586	11	
	0082e591	11	
	0082e59c	10	
	0082e5b0	11	
	0082e5bb	11	
	0082e5c6	11	
	0082e5d1	11	
	0082e5dc	11	
	0082e5e7	10	
	0082e600	8	
	0082e608	10	
	0082e620	11	
	0082e62b	14	
	0082e639	10	
	0082e650	11	
	0082e65b	14	
	0082e669	10	
	0082e680	11	
	0082e68b	14	
	0082e699	14	
	0082e6a7	10	
	0082e6c0	11	
	0082e6cb	14	
	0082e6d9	14	
	0082e6e7	14	
	0082e6f5	10	
	0082e700	8	
	0082e708	10	
	0082e720	8	
	0082e728	10	
	0082e740	11	
	0082e74b	8	
	0082e753	10	
	0082e760	11	
	0082e76b	8	
	0082e773	10	
	0082e780	8	
	0082e788	10	
	0082e7a0	8	
	0082e7a8	10	
	0082e7c0	8	
	0082e7c8	11	
	0082e7d3	11	
	0082e7de	10	
	0082e7f0	8	
	0082e7f8	11	
	0082e803	10	
	0082e810	8	
	0082e818	8	
	0082e820	10	
	0082e830	11	
	0082e83b	10	
	0082e850	11	
	0082e85b	10	
	0082e870	8	
	0082e878	10	
	0082e890	11	
	0082e89b	10	
	0082e8b0	11	
	0082e8bb	10	
	0082e8d0	8	
	0082e8d8	11	
	0082e8e3	8	
	0082e8eb	8	
	0082e8f3	8	
	0082e8fb	10	
	0082e910	8	
	0082e918	10	
	0082e930	11	
	0082e93b	10	
	0082e950	8	
	0082e958	10	
	0082e970	8	
	0082e978	10	
	0082e990	8	
	0082e998	8	
	0082e9a0	10	
	0082e9b0	8	
	0082e9b8	8	
	0082e9c0	10	
	0082e9d0	11	
	0082e9db	11	
	0082e9e6	11	
	0082e9f1	11	
	0082e9fc	11	
	0082ea07	11	
	0082ea12	11	
	0082ea1d	11	
	0082ea28	8	
	0082ea30	11	
	0082ea3b	11	
	0082ea46	11	
	0082ea51	11	
	0082ea5c	11	
	0082ea67	11	
	0082ea72	10	
	0082ea80	8	
	0082ea88	10	
	0082eaa0	8	
	0082eaa8	8	
	0082eab0	8	
	0082eab8	10	
	0082ead0	8	
	0082ead8	8	
	0082eae0	8	
	0082eae8	10	
	0082eb00	8	
	0082eb08	8	
	0082eb10	10	
	0082eb20	8	
	0082eb28	11	
	0082eb33	11	
	0082eb3e	11	
	0082eb49	11	
	0082eb54	11	
	0082eb5f	11	
	0082eb6a	11	
	0082eb75	14	
	0082eb83	14	
	0082eb91	14	
	0082eb9f	14	
	0082ebad	14	
	0082ebbb	14	
	0082ebc9	14	
	0082ebd7	8	
	0082ebdf	8	
	0082ebe7	8	
	0082ebef	8	
	0082ebf7	8	
	0082ebff	8	
	0082ec07	8	
	0082ec0f	8	
	0082ec17	8	
	0082ec1f	8	
	0082ec27	8	
	0082ec2f	8	
	0082ec37	8	
	0082ec3f	8	
	0082ec47	8	
	0082ec4f	8	
	0082ec57	8	
	0082ec5f	8	
	0082ec67	8	
	0082ec6f	8	
	0082ec77	8	
	0082ec7f	8	
	0082ec87	8	
	0082ec8f	8	
	0082ec97	10	
	0082ecb0	8	
	0082ecb8	11	
	0082ecc3	10	
	0082ecd0	8	
	0082ecd8	11	
	0082ece3	10	
	0082ecf0	8	
	0082ecf8	11	
	0082ed03	10	
	0082ed10	8	
	0082ed18	8	
	0082ed20	11	
	0082ed2b	10	
	0082ed40	8	
	0082ed48	11	
	0082ed53	10	
	0082ed60	8	
	0082ed68	8	
	0082ed70	11	
	0082ed7b	10	
	0082ed90	8	
	0082ed98	8	
	0082eda0	11	
	0082edab	10	
	0082edc0	8	
	0082edc8	8	
	0082edd0	11	
	0082eddb	10	
	0082edf0	8	
	0082edf8	11	
	0082ee03	10	
	0082ee10	8	
	0082ee18	8	
	0082ee20	11	
	0082ee2b	10	
	0082ee40	8	
	0082ee48	8	
	0082ee50	11	
	0082ee5b	10	
	0082ee70	8	
	0082ee78	8	
	0082ee80	11	
	0082ee8b	10	
	0082eea0	8	
	0082eea8	11	
	0082eeb3	10	
	0082eec0	8	
	0082eec8	8	
	0082eed0	11	
	0082eedb	10	
	0082eef0	8	
	0082eef8	11	
	0082ef03	10	
	0082ef10	8	
	0082ef18	11	
	0082ef23	10	
	0082ef30	8	
	0082ef38	11	
	0082ef43	10	
	0082ef50	8	
	0082ef58	8	
	0082ef60	11	
	0082ef6b	10	
	0082ef80	8	
	0082ef88	8	
	0082ef90	8	
	0082ef98	10	
	0082efb0	8	
	0082efb8	8	
	0082efc0	8	
	0082efc8	10	
	0082efe0	8	
	0082efe8	8	
	0082eff0	8	
	0082eff8	10	
	0082f010	8	
	0082f018	8	
	0082f020	8	
	0082f028	10	
	0082f040	8	
	0082f048	8	
	0082f050	8	
	0082f058	10	
	0082f070	8	
	0082f078	8	
	0082f080	8	
	0082f088	10	
	0082f0a0	8	
	0082f0a8	8	
	0082f0b0	8	
	0082f0b8	10	
	0082f0d0	8	
	0082f0d8	8	
	0082f0e0	8	
	0082f0e8	10	
	0082f100	8	
	0082f108	8	
	0082f110	8	
	0082f118	10	
	0082f130	8	
	0082f138	8	
	0082f140	8	
	0082f148	10	
	0082f160	8	
	0082f168	8	
	0082f170	8	
	0082f178	10	
	0082f190	8	
	0082f198	8	
	0082f1a0	8	
	0082f1a8	10	
	0082f1c0	8	
	0082f1c8	8	
	0082f1d0	8	
	0082f1d8	10	
	0082f1f0	8	
	0082f1f8	8	
	0082f200	8	
	0082f208	10	
	0082f220	8	
	0082f228	8	
	0082f230	10	
	0082f240	8	
	0082f248	8	
	0082f250	8	
	0082f258	10	
	0082f270	8	
	0082f278	8	
	0082f280	8	
	0082f288	10	
	0082f2a0	8	
	0082f2a8	8	
	0082f2b0	8	
	0082f2b8	10	
	0082f2d0	8	
	0082f2d8	8	
	0082f2e0	8	
	0082f2e8	10	
	0082f300	8	
	0082f308	8	
	0082f310	8	
	0082f318	10	
	0082f330	8	
	0082f338	8	
	0082f340	8	
	0082f348	10	
	0082f360	8	
	0082f368	8	
	0082f370	8	
	0082f378	10	
	0082f390	8	
	0082f398	8	
	0082f3a0	8	
	0082f3a8	10	
	0082f3c0	8	
	0082f3c8	8	
	0082f3d0	8	
	0082f3d8	10	
	0082f3f0	8	
	0082f3f8	8	
	0082f400	8	
	0082f408	10	
	0082f420	8	
	0082f428	8	
	0082f430	8	
	0082f438	10	
	0082f450	8	
	0082f458	8	
	0082f460	8	
	0082f468	10	
	0082f480	8	
	0082f488	8	
	0082f490	8	
	0082f498	10	
	0082f4b0	8	
	0082f4b8	8	
	0082f4c0	8	
	0082f4c8	10	
	0082f4e0	8	
	0082f4e8	10	
	0082f500	8	
	0082f508	10	
	0082f520	8	
	0082f528	10	
	0082f540	8	
	0082f548	10	
	0082f560	8	
	0082f568	10	
	0082f580	8	
	0082f588	10	
	0082f5a0	8	
	0082f5a8	10	
	0082f5c0	11	
	0082f5cb	10	
	0082f5e0	8	
	0082f5e8	10	
	0082f600	8	
	0082f608	11	
	0082f613	10	
	0082f620	8	
	0082f628	10	
	0082f640	8	
	0082f648	10	
	0082f660	8	
	0082f668	10	
	0082f680	11	
	0082f68b	10	
	0082f6a0	8	
	0082f6a8	10	
	0082f6c0	8	
	0082f6c8	11	
	0082f6d3	10	
	0082f6e0	8	
	0082f6e8	10	
	0082f700	8	
	0082f708	10	
	0082f720	8	
	0082f728	10	
	0082f740	11	
	0082f74b	10	
	0082f760	8	
	0082f768	10	
	0082f780	8	
	0082f788	11	
	0082f793	10	
	0082f7a0	8	
	0082f7a8	10	
	0082f7c0	8	
	0082f7c8	8	
	0082f7d0	10	
	0082f7e0	8	
	0082f7e8	10	
	0082f800	11	
	0082f80b	10	
	0082f820	8	
	0082f828	11	
	0082f833	11	
	0082f83e	11	
	0082f849	11	
	0082f854	11	
	0082f85f	11	
	0082f86a	11	
	0082f875	10	
	0082f880	8	
	0082f888	11	
	0082f893	11	
	0082f89e	11	
	0082f8a9	11	
	0082f8b4	11	
	0082f8bf	11	
	0082f8ca	14	
	0082f8d8	10	
	0082f8f0	8	
	0082f8f8	10	
	0082f910	11	
	0082f91b	8	
	0082f923	10	
	0082f930	8	
	0082f938	10	
	0082f950	11	
	0082f95b	10	
	0082f970	8	
	0082f978	10	
	0082f990	8	
	0082f998	11	
	0082f9a3	10	
	0082f9b0	8	
	0082f9b8	10	
	0082f9d0	8	
	0082f9d8	10	
	0082f9f0	8	
	0082f9f8	10	
	0082fa10	11	
	0082fa1b	10	
	0082fa30	11	
	0082fa3b	10	
	0082fa50	8	
	0082fa58	10	
	0082fa70	8	
	0082fa78	10	
	0082fa90	11	
	0082fa9b	10	
	0082fab0	8	
	0082fab8	11	
	0082fac3	10	
	0082fad0	8	
	0082fad8	10	
	0082faf0	8	
	0082faf8	10	
	0082fb10	11	
	0082fb1b	10	
	0082fb30	11	
	0082fb3b	10	
	0082fb50	11	
	0082fb5b	10	
	0082fb70	11	
	0082fb7b	10	
	0082fb90	11	
	0082fb9b	10	
	0082fbb0	11	
	0082fbbb	14	
	0082fbc9	14	
	0082fbd7	8	
	0082fbdf	11	
	0082fbea	11	
	0082fbf5	11	
	0082fc00	11	
	0082fc0b	14	
	0082fc19	10	
	0082fc30	40	
	0082fc58	14	
	0082fc66	14	
	0082fc74	14	
	0082fc82	11	
	0082fc8d	11	
	0082fc98	10	
	0082fcb0	11	
	0082fcbb	10	
	0082fcd0	11	
	0082fcdb	11	
	0082fce6	10	
	0082fcf0	11	
	0082fcfb	11	
	0082fd06	11	
	0082fd11	10	
	0082fd20	11	
	0082fd2b	10	
	0082fd40	8	
	0082fd48	10	
	0082fd52	10	
	0082fd5c	11	
	0082fd67	11	
	0082fd72	10	
	0082fd80	8	
	0082fd88	10	
	0082fda0	8	
	0082fda8	8	
	0082fdb0	8	
	0082fdb8	11	
	0082fdc3	10	
	0082fdd0	8	
	0082fdd8	8	
	0082fde0	8	
	0082fde8	11	
	0082fdf3	10	
	0082fe00	11	
	0082fe0b	11	
	0082fe16	10	
	0082fe20	11	
	0082fe2b	11	
	0082fe36	11	
	0082fe41	10	
	0082fe50	11	
	0082fe5b	11	
	0082fe66	11	
	0082fe71	10	
	0082fe80	11	
	0082fe8b	11	
	0082fe96	11	
	0082fea1	10	
	0082feb0	11	
	0082febb	11	
	0082fec6	11	
	0082fed1	10	
	0082fee0	11	
	0082feeb	11	
	0082fef6	11	
	0082ff01	10	
	0082ff10	11	
	0082ff1b	10	
	0082ff30	11	
	0082ff3b	14	
	0082ff49	24	
	0082ff61	10	
	0082ff70	40	
	0082ff98	14	
	0082ffa6	10	
	0082ffb0	8	
	0082ffb8	10	
	0082ffc2	10	
	0082ffcc	11	
	0082ffd7	11	
	0082ffe2	10	
	0082fff0	8	
	0082fff8	10	
	00830002	10	
	0083000c	11	
	00830017	11	
	00830022	10	
	00830030	8	
	00830038	10	
	00830042	10	
	0083004c	11	
	00830057	11	
	00830062	10	
	00830070	8	
	00830078	10	
	00830082	10	
	0083008c	11	
	00830097	11	
	008300a2	10	
	008300b0	8	
	008300b8	10	
	008300c2	10	
	008300cc	11	
	008300d7	11	
	008300e2	10	
	008300f0	8	
	008300f8	10	
	00830102	10	
	0083010c	11	
	00830117	11	
	00830122	10	
	00830130	8	
	00830138	10	
	00830142	10	
	0083014c	11	
	00830157	11	
	00830162	10	
	00830170	8	
	00830178	10	
	00830182	10	
	0083018c	11	
	00830197	11	
	008301a2	10	
	008301b0	8	
	008301b8	10	
	008301c2	10	
	008301cc	11	
	008301d7	11	
	008301e2	10	
	008301f0	8	
	008301f8	10	
	00830202	10	
	0083020c	11	
	00830217	11	
	00830222	10	
	00830230	8	
	00830238	10	
	00830242	10	
	0083024c	11	
	00830257	11	
	00830262	10	
	00830270	8	
	00830278	10	
	00830282	10	
	0083028c	11	
	00830297	11	
	008302a2	10	
	008302b0	8	
	008302b8	10	
	008302c2	10	
	008302cc	11	
	008302d7	11	
	008302e2	10	
	008302f0	8	
	008302f8	10	
	00830302	10	
	0083030c	11	
	00830317	11	
	00830322	10	
	00830330	8	
	00830338	10	
	00830342	10	
	0083034c	11	
	00830357	11	
	00830362	10	
	00830370	8	
	00830378	10	
	00830382	10	
	0083038c	11	
	00830397	11	
	008303a2	10	
	008303b0	8	
	008303b8	10	
	008303c2	10	
	008303cc	11	
	008303d7	11	
	008303e2	10	
	008303f0	8	
	008303f8	10	
	00830402	10	
	0083040c	11	
	00830417	11	
	00830422	10	
	00830430	11	
	0083043b	11	
	00830446	10	
	00830450	11	
	0083045b	11	
	00830466	10	
	00830470	11	
	0083047b	11	
	00830486	10	
	00830490	11	
	0083049b	11	
	008304a6	10	
	008304b0	11	
	008304bb	11	
	008304c6	10	
	008304d0	11	
	008304db	11	
	008304e6	10	
	008304f0	11	
	008304fb	11	
	00830506	10	
	00830510	11	
	0083051b	11	
	00830526	10	
	00830530	11	
	0083053b	11	
	00830546	10	
	00830550	11	
	0083055b	11	
	00830566	10	
	00830570	11	
	0083057b	11	
	00830586	10	
	00830590	11	
	0083059b	11	
	008305a6	10	
	008305b0	11	
	008305bb	11	
	008305c6	10	
	008305d0	11	
	008305db	11	
	008305e6	10	
	008305f0	11	
	008305fb	11	
	00830606	10	
	00830610	11	
	0083061b	11	
	00830626	10	
	00830630	11	
	0083063b	11	
	00830646	10	
	00830650	11	
	0083065b	11	
	00830666	10	
	00830670	11	
	0083067b	10	
	00830690	11	
	0083069b	10	
	008306b0	11	
	008306bb	10	
	008306d0	11	
	008306db	10	
	008306f0	11	
	008306fb	10	
	00830710	11	
	0083071b	10	
	00830730	11	
	0083073b	10	
	00830750	11	
	0083075b	10	
	00830770	11	
	0083077b	10	
	00830790	11	
	0083079b	10	
	008307b0	11	
	008307bb	10	
	008307d0	11	
	008307db	10	
	008307f0	11	
	008307fb	10	
	00830810	11	
	0083081b	10	
	00830830	11	
	0083083b	10	
	00830850	11	
	0083085b	10	
	00830870	11	
	0083087b	10	
	00830890	11	
	0083089b	10	
	008308b0	8	
	008308b8	10	
	008308d0	11	
	008308db	24	
	008308f3	14	
	00830901	14	
	0083090f	14	
	0083091d	10	
	00830930	40	
	00830958	24	
	00830970	14	
	0083097e	14	
	0083098c	14	
	0083099a	14	
	008309a8	10	
	008309c0	8	
	008309c8	8	
	008309d0	8	
	008309d8	8	
	008309e0	8	
	008309e8	10	
	00830a00	11	
	00830a0b	11	
	00830a16	10	
	00830a20	40	
	00830a48	10	
	00830a60	8	
	00830a68	10	
	00830a80	8	
	00830a88	10	
	00830aa0	11	
	00830aab	10	
	00830ac0	11	
	00830acb	10	
	00830ae0	8	
	00830ae8	14	
	00830af6	14	
	00830b04	10	
	00830b10	8	
	00830b18	14	
	00830b26	10	
	00830b30	8	
	00830b38	10	
	00830b50	8	
	00830b58	11	
	00830b63	10	
	00830b70	8	
	00830b78	11	
	00830b83	11	
	00830b8e	11	
	00830b99	10	
	00830bb0	8	
	00830bb8	11	
	00830bc3	11	
	00830bce	10	
	00830be0	11	
	00830beb	10	
	00830c00	11	
	00830c0b	14	
	00830c19	14	
	00830c27	14	
	00830c35	10	
	00830c40	40	
	00830c68	14	
	00830c76	14	
	00830c84	14	
	00830c92	10	
	00830ca0	8	
	00830ca8	8	
	00830cb0	10	
	00830cc0	11	
	00830ccb	8	
	00830cd3	8	
	00830cdb	11	
	00830ce6	11	
	00830cf1	8	
	00830cf9	8	
	00830d01	11	
	00830d0c	8	
	00830d14	11	
	00830d1f	10	
	00830d30	8	
	00830d38	11	
	00830d43	8	
	00830d4b	8	
	00830d53	8	
	00830d5b	10	
	00830d70	8	
	00830d78	10	
	00830d90	8	
	00830d98	10	
	00830db0	11	
	00830dbb	10	
	00830dd0	11	
	00830ddb	8	
	00830de3	8	
	00830deb	8	
	00830df3	8	
	00830dfb	14	
	00830e09	14	
	00830e17	10	
	00830e30	11	
	00830e3b	8	
	00830e43	11	
	00830e4e	11	
	00830e59	11	
	00830e64	11	
	00830e6f	10	
	00830e80	8	
	00830e88	8	
	00830e90	10	
	00830ea0	8	
	00830ea8	23	
	00830ebf	10	
	00830ed0	11	
	00830edb	14	
	00830ee9	14	
	00830ef7	14	
	00830f05	26	
	00830f1f	11	
	00830f2a	8	
	00830f32	11	
	00830f3d	14	
	00830f4b	14	
	00830f59	14	
	00830f67	14	
	00830f75	14	
	00830f83	14	
	00830f91	8	
	00830f99	10	
	00830fb0	40	
	00830fd8	14	
	00830fe6	14	
	00830ff4	14	
	00831002	14	
	00831010	14	
	0083101e	14	
	0083102c	14	
	0083103a	14	
	00831048	14	
	00831056	11	
	00831061	8	
	00831069	11	
	00831074	10	
	00831080	8	
	00831088	8	
	00831090	8	
	00831098	8	
	008310a0	10	
	008310b0	11	
	008310bb	10	
	008310d0	11	
	008310db	10	
	008310f0	8	
	008310f8	8	
	00831100	8	
	00831108	8	
	00831110	10	
	00831120	8	
	00831128	11	
	00831133	26	
	0083114d	11	
	00831158	11	
	00831163	10	
	00831170	8	
	00831178	10	
	00831190	8	
	00831198	8	
	008311a0	11	
	008311ab	26	
	008311c5	11	
	008311d0	11	
	008311db	11	
	008311e6	14	
	008311f4	14	
	00831202	10	
	00831210	10	
	00831220	11	
	0083122b	8	
	00831233	26	
	0083124d	11	
	00831258	11	
	00831263	11	
	0083126e	14	
	0083127c	14	
	0083128a	10	
	008312a0	10	
	008312b0	8	
	008312b8	10	
	008312d0	8	
	008312d8	10	
	008312f0	8	
	008312f8	10	
	00831310	8	
	00831318	10	
	00831330	8	
	00831338	10	
	00831350	8	
	00831358	8	
	00831360	10	
	00831370	11	
	0083137b	14	
	00831389	11	
	00831394	10	
	008313a0	11	
	008313ab	10	
	008313c0	40	
	008313e8	14	
	008313f6	10	
	00831400	11	
	0083140b	11	
	00831416	10	
	00831420	11	
	0083142b	10	
	00831440	11	
	0083144b	8	
	00831453	8	
	0083145b	10	
	00831470	11	
	0083147b	29	
	00831498	11	
	008314a3	11	
	008314ae	14	
	008314bc	11	
	008314c7	11	
	008314d2	14	
	008314e0	11	
	008314eb	14	
	008314f9	10	
	00831510	8	
	00831518	10	
	00831530	11	
	0083153b	10	
	00831550	8	
	00831558	10	
	00831562	10	
	0083156c	11	
	00831577	11	
	00831582	10	
	00831590	8	
	00831598	10	
	008315a2	10	
	008315ac	11	
	008315b7	11	
	008315c2	10	
	008315d0	11	
	008315db	10	
	008315f0	11	
	008315fb	10	
	00831610	11	
	0083161b	10	
	00831630	11	
	0083163b	14	
	00831649	14	
	00831657	11	
	00831662	14	
	00831670	14	
	0083167e	10	
	00831690	40	
	008316b8	14	
	008316c6	14	
	008316d4	14	
	008316e2	14	
	008316f0	10	
	00831700	11	
	0083170b	10	
	00831720	8	
	00831728	8	
	00831730	8	
	00831738	11	
	00831743	10	
	00831750	11	
	0083175b	11	
	00831766	10	
	00831770	11	
	0083177b	11	
	00831786	10	
	00831790	11	
	0083179b	10	
	008317b0	11	
	008317bb	11	
	008317c6	11	
	008317d1	10	
	008317e0	11	
	008317eb	11	
	008317f6	11	
	00831801	10	
	00831810	11	
	0083181b	10	
	00831830	11	
	0083183b	10	
	00831850	11	
	0083185b	10	
	00831870	40	
	00831898	10	
	008318b0	11	
	008318bb	14	
	008318c9	14	
	008318d7	11	
	008318e2	14	
	008318f0	14	
	008318fe	14	
	0083190c	14	
	0083191a	14	
	00831928	14	
	00831936	24	
	0083194e	24	
	00831966	24	
	0083197e	14	
	0083198c	11	
	00831997	10	
	008319b0	40	
	008319d8	14	
	008319e6	14	
	008319f4	14	
	00831a02	14	
	00831a10	14	
	00831a1e	14	
	00831a2c	14	
	00831a3a	14	
	00831a48	24	
	00831a60	24	
	00831a78	24	
	00831a90	14	
	00831a9e	10	
	00831ab0	11	
	00831abb	11	
	00831ac6	8	
	00831ace	8	
	00831ad6	8	
	00831ade	10	
	00831af0	11	
	00831afb	11	
	00831b06	10	
	00831b10	11	
	00831b1b	10	
	00831b30	11	
	00831b3b	10	
	00831b50	8	
	00831b58	8	
	00831b60	8	
	00831b68	8	
	00831b70	10	
	00831b80	8	
	00831b88	10	
	00831ba0	40	
	00831bc8	14	
	00831bd6	14	
	00831be4	14	
	00831bf2	14	
	00831c00	14	
	00831c0e	8	
	00831c16	8	
	00831c1e	10	
	00831c30	8	
	00831c38	8	
	00831c40	10	
	00831c50	8	
	00831c58	8	
	00831c60	10	
	00831c70	8	
	00831c78	10	
	00831c90	11	
	00831c9b	11	
	00831ca6	10	
	00831cb0	8	
	00831cb8	8	
	00831cc0	10	
	00831cd0	8	
	00831cd8	8	
	00831ce0	8	
	00831ce8	8	
	00831cf0	8	
	00831cf8	8	
	00831d00	8	
	00831d08	8	
	00831d10	10	
	00831d20	8	
	00831d28	10	
	00831d40	8	
	00831d48	11	
	00831d53	10	
	00831d60	8	
	00831d68	23	
	00831d7f	10	
	00831d90	8	
	00831d98	10	
	00831db0	8	
	00831db8	10	
	00831dd0	8	
	00831dd8	10	
	00831df0	11	
	00831dfb	11	
	00831e06	10	
	00831e10	8	
	00831e18	10	
	00831e30	8	
	00831e38	10	
	00831e50	40	
	00831e78	10	
	00831e90	11	
	00831e9b	10	
	00831eb0	11	
	00831ebb	10	
	00831ed0	40	
	00831ef8	10	
	00831f10	11	
	00831f1b	10	
	00831f30	11	
	00831f3b	11	
	00831f46	11	
	00831f51	11	
	00831f5c	11	
	00831f67	11	
	00831f72	11	
	00831f7d	11	
	00831f88	11	
	00831f93	11	
	00831f9e	11	
	00831fa9	14	
	00831fb7	14	
	00831fc5	14	
	00831fd3	14	
	00831fe1	10	
	00831ff0	11	
	00831ffb	11	
	00832006	11	
	00832011	11	
	0083201c	11	
	00832027	11	
	00832032	11	
	0083203d	11	
	00832048	11	
	00832053	11	
	0083205e	11	
	00832069	14	
	00832077	14	
	00832085	14	
	00832093	14	
	008320a1	10	
	008320b0	8	
	008320b8	8	
	008320c0	8	
	008320c8	8	
	008320d0	8	
	008320d8	8	
	008320e0	8	
	008320e8	8	
	008320f0	8	
	008320f8	8	
	00832100	8	
	00832108	8	
	00832110	8	
	00832118	8	
	00832120	8	
	00832128	10	
	00832140	11	
	0083214b	11	
	00832156	11	
	00832161	10	
	00832170	8	
	00832178	8	
	00832180	8	
	00832188	8	
	00832190	8	
	00832198	8	
	008321a0	8	
	008321a8	10	
	008321c0	11	
	008321cb	11	
	008321d6	8	
	008321de	10	
	008321f0	11	
	008321fb	10	
	00832210	8	
	00832218	8	
	00832220	10	
	00832230	8	
	00832238	10	
	00832250	8	
	00832258	10	
	00832270	8	
	00832278	10	
	00832290	8	
	00832298	10	
	008322b0	8	
	008322b8	8	
	008322c0	10	
	008322d0	8	
	008322d8	8	
	008322e0	8	
	008322e8	8	
	008322f0	8	
	008322f8	10	
	00832310	8	
	00832318	10	
	00832330	11	
	0083233b	11	
	00832346	11	
	00832351	10	
	00832360	11	
	0083236b	11	
	00832376	11	
	00832381	10	
	00832390	11	
	0083239b	10	
	008323b0	8	
	008323b8	11	
	008323c3	11	
	008323ce	10	
	008323e0	8	
	008323e8	11	
	008323f3	10	
	00832400	8	
	00832408	8	
	00832410	10	
	00832420	8	
	00832428	11	
	00832433	10	
	00832440	8	
	00832448	10	
	00832460	8	
	00832468	11	
	00832473	11	
	0083247e	11	
	00832489	11	
	00832494	11	
	0083249f	11	
	008324aa	22	
	008324c0	24	
	008324d8	10	
	008324f0	8	
	008324f8	11	
	00832503	11	
	0083250e	11	
	00832519	11	
	00832524	11	
	0083252f	11	
	0083253a	22	
	00832550	10	
	00832560	8	
	00832568	8	
	00832570	8	
	00832578	11	
	00832583	10	
	00832590	8	
	00832598	11	
	008325a3	10	
	008325b0	8	
	008325b8	11	
	008325c3	10	
	008325d0	8	
	008325d8	39	
	008325ff	11	
	0083260a	10	
	00832620	11	
	0083262b	11	
	00832636	10	
	00832640	11	
	0083264b	10	
	00832660	8	
	00832668	11	
	00832673	11	
	0083267e	11	
	00832689	11	
	00832694	10	
	008326a0	8	
	008326a8	10	
	008326c0	8	
	008326c8	11	
	008326d3	11	
	008326de	8	
	008326e6	10	
	008326f0	8	
	008326f8	10	
	00832710	8	
	00832718	11	
	00832723	10	
	00832730	11	
	0083273b	11	
	00832746	11	
	00832751	11	
	0083275c	11	
	00832767	10	
	00832780	8	
	00832788	11	
	00832793	10	
	008327a0	8	
	008327a8	10	
	008327c0	8	
	008327c8	14	
	008327d6	10	
	008327e0	8	
	008327e8	10	
	00832800	8	
	00832808	10	
	00832820	11	
	0083282b	10	
	00832840	8	
	00832848	10	
	00832860	8	
	00832868	11	
	00832873	10	
	00832880	8	
	00832888	11	
	00832893	10	
	008328a0	8	
	008328a8	11	
	008328b3	8	
	008328bb	11	
	008328c6	10	
	008328d0	11	
	008328db	10	
	008328f0	8	
	008328f8	8	
	00832900	10	
	00832910	11	
	0083291b	8	
	00832923	10	
	00832930	8	
	00832938	10	
	00832950	11	
	0083295b	10	
	00832970	11	
	0083297b	8	
	00832983	11	
	0083298e	8	
	00832996	10	
	008329a0	11	
	008329ab	10	
	008329c0	8	
	008329c8	10	
	008329e0	11	
	008329eb	10	
	00832a00	11	
	00832a0b	8	
	00832a13	11	
	00832a1e	8	
	00832a26	10	
	00832a30	11	
	00832a3b	10	
	00832a50	10	
	00832a60	8	
	00832a68	10	
	00832a80	8	
	00832a88	10	
	00832aa0	11	
	00832aab	10	
	00832ac0	11	
	00832acb	10	
	00832ae0	8	
	00832ae8	10	
	00832b00	8	
	00832b08	11	
	00832b13	10	
	00832b20	11	
	00832b2b	10	
	00832b40	11	
	00832b4b	10	
	00832b60	8	
	00832b68	10	
	00832b80	8	
	00832b88	10	
	00832ba0	8	
	00832ba8	11	
	00832bb3	10	
	00832bc0	11	
	00832bcb	8	
	00832bd3	10	
	00832be0	11	
	00832beb	10	
	00832c00	8	
	00832c08	10	
	00832c20	11	
	00832c2b	10	
	00832c40	11	
	00832c4b	10	
	00832c60	8	
	00832c68	10	
	00832c80	11	
	00832c8b	10	
	00832ca0	11	
	00832cab	10	
	00832cc0	8	
	00832cc8	10	
	00832ce0	11	
	00832ceb	10	
	00832d00	11	
	00832d0b	10	
	00832d20	8	
	00832d28	11	
	00832d33	10	
	00832d40	11	
	00832d4b	10	
	00832d60	11	
	00832d6b	10	
	00832d80	8	
	00832d88	10	
	00832da0	8	
	00832da8	25	
	00832dc1	10	
	00832dd0	11	
	00832ddb	10	
	00832df0	10	
	00832e00	19	
	00832e13	10	
	00832e20	11	
	00832e2b	11	
	00832e36	11	
	00832e41	11	
	00832e4c	11	
	00832e57	11	
	00832e62	8	
	00832e6a	11	
	00832e75	11	
	00832e80	10	
	00832e90	11	
	00832e9b	11	
	00832ea6	11	
	00832eb1	11	
	00832ebc	11	
	00832ec7	11	
	00832ed2	10	
	00832ee0	8	
	00832ee8	8	
	00832ef0	8	
	00832ef8	8	
	00832f00	8	
	00832f08	10	
	00832f20	26	
	00832f3a	11	
	00832f45	11	
	00832f50	11	
	00832f5b	14	
	00832f69	11	
	00832f74	14	
	00832f82	10	
	00832f90	8	
	00832f98	11	
	00832fa3	10	
	00832fb0	8	
	00832fb8	8	
	00832fc0	8	
	00832fc8	10	
	00832fe0	8	
	00832fe8	14	
	00832ff6	10	
	00833000	11	
	0083300b	10	
	00833020	8	
	00833028	10	
	00833040	11	
	0083304b	10	
	00833060	10	
	00833070	8	
	00833078	11	
	00833083	11	
	0083308e	10	
	008330a0	8	
	008330a8	11	
	008330b3	11	
	008330be	10	
	008330d0	8	
	008330d8	10	
	008330f0	11	
	008330fb	10	
	00833110	11	
	0083311b	10	
	00833130	11	
	0083313b	11	
	00833146	11	
	00833151	11	
	0083315c	11	
	00833167	10	
	00833180	11	
	0083318b	11	
	00833196	11	
	008331a1	11	
	008331ac	14	
	008331ba	14	
	008331c8	10	
	008331e0	11	
	008331eb	11	
	008331f6	11	
	00833201	11	
	0083320c	14	
	0083321a	14	
	00833228	14	
	00833236	10	
	00833240	8	
	00833248	10	
	00833260	11	
	0083326b	11	
	00833276	8	
	0083327e	8	
	00833286	8	
	0083328e	10	
	008332a0	8	
	008332a8	10	
	008332c0	11	
	008332cb	10	
	008332e0	11	
	008332eb	8	
	008332f3	11	
	008332fe	10	
	00833310	11	
	0083331b	10	
	00833330	11	
	0083333b	10	
	00833350	8	
	00833358	8	
	00833360	11	
	0083336b	10	
	00833380	8	
	00833388	11	
	00833393	10	
	008333a0	14	
	008333ae	11	
	008333b9	11	
	008333c4	11	
	008333cf	14	
	008333dd	14	
	008333eb	10	
	00833400	14	
	0083340e	11	
	00833419	11	
	00833424	10	
	00833430	11	
	0083343b	11	
	00833446	10	
	00833450	8	
	00833458	10	
	00833470	11	
	0083347b	10	
	00833490	11	
	0083349b	10	
	008334b0	11	
	008334bb	11	
	008334c6	11	
	008334d1	11	
	008334dc	10	
	008334f0	11	
	008334fb	11	
	00833506	11	
	00833511	10	
	00833520	11	
	0083352b	10	
	00833540	14	
	0083354e	11	
	00833559	14	
	00833567	11	
	00833572	10	
	00833580	11	
	0083358b	10	
	008335a0	11	
	008335ab	10	
	008335c0	11	
	008335cb	11	
	008335d6	11	
	008335e1	11	
	008335ec	11	
	008335f7	11	
	00833602	14	
	00833610	14	
	0083361e	14	
	0083362c	11	
	00833637	14	
	00833645	11	
	00833650	14	
	0083365e	14	
	0083366c	11	
	00833677	14	
	00833685	11	
	00833690	10	
	008336a0	11	
	008336ab	11	
	008336b6	11	
	008336c1	11	
	008336cc	11	
	008336d7	11	
	008336e2	14	
	008336f0	14	
	008336fe	14	
	0083370c	14	
	0083371a	14	
	00833728	14	
	00833736	14	
	00833744	10	
	00833750	8	
	00833758	10	
	00833770	8	
	00833778	11	
	00833783	10	
	00833790	8	
	00833798	11	
	008337a3	10	
	008337b0	11	
	008337bb	10	
	008337d0	11	
	008337db	10	
	008337f0	11	
	008337fb	10	
	00833810	8	
	00833818	10	
	00833830	11	
	0083383b	10	
	00833850	11	
	0083385b	10	
	00833870	11	
	0083387b	10	
	00833890	11	
	0083389b	10	
	008338b0	11	
	008338bb	10	
	008338d0	11	
	008338db	10	
	008338f0	8	
	008338f8	10	
	00833910	8	
	00833918	8	
	00833920	10	
	00833930	8	
	00833938	10	
	00833950	11	
	0083395b	10	
	00833970	8	
	00833978	8	
	00833980	10	
	00833990	11	
	0083399b	11	
	008339a6	11	
	008339b1	11	
	008339bc	11	
	008339c7	10	
	008339e0	11	
	008339eb	11	
	008339f6	11	
	00833a01	11	
	00833a0c	10	
	00833a20	8	
	00833a28	23	
	00833a3f	10	
	00833a50	8	
	00833a58	10	
	00833a70	8	
	00833a78	10	
	00833a82	10	
	00833a8c	11	
	00833a97	10	
	00833ab0	11	
	00833abb	10	
	00833ad0	11	
	00833adb	10	
	00833af0	11	
	00833afb	10	
	00833b10	8	
	00833b18	10	
	00833b30	11	
	00833b3b	10	
	00833b50	11	
	00833b5b	10	
	00833b70	11	
	00833b7b	11	
	00833b86	11	
	00833b91	11	
	00833b9c	11	
	00833ba7	10	
	00833bc0	11	
	00833bcb	10	
	00833be0	11	
	00833beb	8	
	00833bf3	11	
	00833bfe	11	
	00833c09	11	
	00833c14	11	
	00833c1f	11	
	00833c2a	10	
	00833c40	8	
	00833c48	11	
	00833c53	10	
	00833c60	11	
	00833c6b	10	
	00833c80	11	
	00833c8b	10	
	00833ca0	11	
	00833cab	10	
	00833cc0	11	
	00833ccb	10	
	00833ce0	11	
	00833ceb	10	
	00833d00	11	
	00833d0b	10	
	00833d20	11	
	00833d2b	11	
	00833d36	10	
	00833d40	11	
	00833d4b	11	
	00833d56	11	
	00833d61	10	
	00833d70	8	
	00833d78	10	
	00833d90	8	
	00833d98	11	
	00833da3	8	
	00833dab	8	
	00833db3	8	
	00833dbb	8	
	00833dc3	10	
	00833dd0	11	
	00833ddb	8	
	00833de3	10	
	00833df0	8	
	00833df8	10	
	00833e10	11	
	00833e1b	8	
	00833e23	10	
	00833e30	8	
	00833e38	8	
	00833e40	8	
	00833e48	8	
	00833e50	10	
	00833e60	8	
	00833e68	11	
	00833e73	10	
	00833e80	11	
	00833e8b	8	
	00833e93	8	
	00833e9b	11	
	00833ea6	10	
	00833eb0	11	
	00833ebb	8	
	00833ec3	14	
	00833ed1	11	
	00833edc	14	
	00833eea	11	
	00833ef5	11	
	00833f00	8	
	00833f08	10	
	00833f20	11	
	00833f2b	10	
	00833f40	11	
	00833f4b	8	
	00833f53	8	
	00833f5b	10	
	00833f70	11	
	00833f7b	10	
	00833f90	11	
	00833f9b	10	
	00833fb0	8	
	00833fb8	10	
	00833fd0	8	
	00833fd8	10	
	00833ff0	11	
	00833ffb	11	
	00834006	11	
	00834011	11	
	0083401c	10	
	00834030	11	
	0083403b	11	
	00834046	11	
	00834051	11	
	0083405c	10	
	00834070	11	
	0083407b	10	
	00834090	11	
	0083409b	10	
	008340b0	11	
	008340bb	10	
	008340d0	11	
	008340db	10	
	008340f0	11	
	008340fb	10	
	00834110	11	
	0083411b	10	
	00834130	11	
	0083413b	10	
	00834150	11	
	0083415b	10	
	00834170	11	
	0083417b	10	
	00834190	11	
	0083419b	10	
	008341b0	11	
	008341bb	10	
	008341d0	11	
	008341db	10	
	008341f0	11	
	008341fb	10	
	00834210	11	
	0083421b	10	
	00834230	8	
	00834238	10	
	00834242	10	
	0083424c	11	
	00834257	11	
	00834262	10	
	00834270	8	
	00834278	10	
	00834290	8	
	00834298	11	
	008342a3	10	
	008342b0	11	
	008342bb	11	
	008342c6	10	
	008342d0	11	
	008342db	11	
	008342e6	11	
	008342f1	10	
	00834300	11	
	0083430b	10	
	00834320	11	
	0083432b	11	
	00834336	11	
	00834341	14	
	0083434f	11	
	0083435a	14	
	00834368	14	
	00834376	10	
	00834380	11	
	0083438b	11	
	00834396	11	
	008343a1	14	
	008343af	14	
	008343bd	14	
	008343cb	14	
	008343d9	10	
	008343f0	8	
	008343f8	10	
	00834410	8	
	00834418	10	
	00834430	8	
	00834438	10	
	00834450	11	
	0083445b	11	
	00834466	11	
	00834471	10	
	00834480	11	
	0083448b	11	
	00834496	11	
	008344a1	11	
	008344ac	10	
	008344c0	11	
	008344cb	10	
	008344e0	11	
	008344eb	10	
	00834500	11	
	0083450b	8	
	00834513	11	
	0083451e	11	
	00834529	10	
	00834540	11	
	0083454b	10	
	00834560	11	
	0083456b	11	
	00834576	10	
	00834580	11	
	0083458b	10	
	008345a0	11	
	008345ab	10	
	008345c0	11	
	008345cb	10	
	008345e0	11	
	008345eb	11	
	008345f6	10	
	00834600	11	
	0083460b	10	
	00834620	11	
	0083462b	11	
	00834636	10	
	00834640	11	
	0083464b	10	
	00834660	11	
	0083466b	10	
	00834680	8	
	00834688	8	
	00834690	11	
	0083469b	23	
	008346b2	10	
	008346c0	8	
	008346c8	11	
	008346d3	11	
	008346de	11	
	008346e9	11	
	008346f4	10	
	00834700	8	
	00834708	11	
	00834713	11	
	0083471e	10	
	00834730	8	
	00834738	10	
	00834750	8	
	00834758	11	
	00834763	10	
	00834770	11	
	0083477b	11	
	00834786	11	
	00834791	11	
	0083479c	11	
	008347a7	11	
	008347b2	10	
	008347c0	11	
	008347cb	11	
	008347d6	11	
	008347e1	11	
	008347ec	10	
	00834800	11	
	0083480b	10	
	00834820	8	
	00834828	10	
	00834840	8	
	00834848	11	
	00834853	10	
	00834860	8	
	00834868	10	
	00834880	8	
	00834888	23	
	0083489f	10	
	008348b0	8	
	008348b8	23	
	008348cf	10	
	008348e0	8	
	008348e8	23	
	008348ff	10	
	00834910	8	
	00834918	23	
	0083492f	10	
	00834940	26	
	0083495a	11	
	00834965	11	
	00834970	8	
	00834978	11	
	00834983	11	
	0083498e	10	
	008349a0	29	
	008349bd	11	
	008349c8	11	
	008349d3	8	
	008349db	11	
	008349e6	26	
	00834a00	11	
	00834a0b	10	
	00834a20	14	
	00834a2e	14	
	00834a3c	11	
	00834a47	8	
	00834a4f	11	
	00834a5a	10	
	00834a70	11	
	00834a7b	10	
	00834a90	8	
	00834a98	8	
	00834aa0	10	
	00834ab0	11	
	00834abb	10	
	00834ad0	8	
	00834ad8	8	
	00834ae0	8	
	00834ae8	10	
	00834b00	11	
	00834b0b	10	
	00834b20	11	
	00834b2b	10	
	00834b40	11	
	00834b4b	10	
	00834b60	11	
	00834b6b	10	
	00834b80	11	
	00834b8b	10	
	00834ba0	11	
	00834bab	11	
	00834bb6	10	
	00834bc0	11	
	00834bcb	11	
	00834bd6	10	
	00834be0	11	
	00834beb	11	
	00834bf6	10	
	00834c00	11	
	00834c0b	11	
	00834c16	10	
	00834c20	11	
	00834c2b	10	
	00834c40	8	
	00834c48	23	
	00834c5f	10	
	00834c70	8	
	00834c78	23	
	00834c8f	10	
	00834ca0	8	
	00834ca8	23	
	00834cbf	10	
	00834cd0	23	
	00834ce7	10	
	00834d00	23	
	00834d17	10	
	00834d30	26	
	00834d4a	10	
	00834d60	11	
	00834d6b	10	
	00834d80	11	
	00834d8b	10	
	00834da0	11	
	00834dab	10	
	00834dc0	11	
	00834dcb	10	
	00834de0	8	
	00834de8	23	
	00834dff	10	
	00834e10	11	
	00834e1b	14	
	00834e29	14	
	00834e37	14	
	00834e45	14	
	00834e53	10	
	00834e60	8	
	00834e68	11	
	00834e73	11	
	00834e7e	11	
	00834e89	10	
	00834ea0	8	
	00834ea8	10	
	00834ec0	8	
	00834ec8	10	
	00834ee0	8	
	00834ee8	8	
	00834ef0	23	
	00834f07	10	
	00834f20	8	
	00834f28	8	
	00834f30	8	
	00834f38	8	
	00834f40	10	
	00834f50	23	
	00834f67	8	
	00834f6f	8	
	00834f77	8	
	00834f7f	10	
	00834f90	8	
	00834f98	8	
	00834fa0	8	
	00834fa8	8	
	00834fb0	8	
	00834fb8	8	
	00834fc0	8	
	00834fc8	8	
	00834fd0	8	
	00834fd8	8	
	00834fe0	8	
	00834fe8	8	
	00834ff0	8	
	00834ff8	8	
	00835000	8	
	00835008	8	
	00835010	8	
	00835018	8	
	00835020	8	
	00835028	8	
	00835030	8	
	00835038	10	
	00835050	8	
	00835058	8	
	00835060	8	
	00835068	23	
	0083507f	10	
	00835090	8	
	00835098	8	
	008350a0	8	
	008350a8	8	
	008350b0	8	
	008350b8	8	
	008350c0	8	
	008350c8	8	
	008350d0	10	
	008350e0	23	
	008350f7	8	
	008350ff	8	
	00835107	10	
	00835120	8	
	00835128	8	
	00835130	8	
	00835138	8	
	00835140	8	
	00835148	8	
	00835150	8	
	00835158	10	
	00835170	8	
	00835178	8	
	00835180	8	
	00835188	8	
	00835190	10	
	008351a0	8	
	008351a8	8	
	008351b0	10	
	008351c0	8	
	008351c8	8	
	008351d0	8	
	008351d8	8	
	008351e0	8	
	008351e8	10	
	00835200	8	
	00835208	8	
	00835210	8	
	00835218	8	
	00835220	10	
	00835230	8	
	00835238	10	
	00835250	8	
	00835258	10	
	00835270	8	
	00835278	10	
	00835290	8	
	00835298	10	
	008352b0	8	
	008352b8	10	
	008352d0	8	
	008352d8	10	
	008352f0	8	
	008352f8	10	
	00835310	8	
	00835318	10	
	00835330	8	
	00835338	10	
	00835350	8	
	00835358	10	
	00835370	11	
	0083537b	10	
	00835390	11	
	0083539b	10	
	008353b0	11	
	008353bb	10	
	008353d0	11	
	008353db	10	
	008353f0	11	
	008353fb	11	
	00835406	8	
	0083540e	11	
	00835419	8	
	00835421	11	
	0083542c	10	
	00835440	11	
	0083544b	11	
	00835456	11	
	00835461	10	
	00835470	8	
	00835478	8	
	00835480	23	
	00835497	10	
	008354b0	8	
	008354b8	8	
	008354c0	10	
	008354d0	26	
	008354ea	11	
	008354f5	11	
	00835500	11	
	0083550b	14	
	00835519	11	
	00835524	11	
	0083552f	14	
	0083553d	11	
	00835548	14	
	00835556	10	
	00835560	29	
	0083557d	11	
	00835588	11	
	00835593	11	
	0083559e	11	
	008355a9	11	
	008355b4	11	
	008355bf	11	
	008355ca	11	
	008355d5	11	
	008355e0	11	
	008355eb	11	
	008355f6	11	
	00835601	14	
	0083560f	10	
	00835620	10	
	00835630	8	
	00835638	11	
	00835643	8	
	0083564b	10	
	00835660	8	
	00835668	8	
	00835670	23	
	00835687	8	
	0083568f	10	
	008356a0	8	
	008356a8	10	
	008356c0	8	
	008356c8	8	
	008356d0	8	
	008356d8	10	
	008356f0	8	
	008356f8	8	
	00835700	8	
	00835708	10	
	00835720	8	
	00835728	10	
	00835740	11	
	0083574b	10	
	00835760	11	
	0083576b	11	
	00835776	11	
	00835781	11	
	0083578c	11	
	00835797	23	
	008357ae	23	
	008357c5	10	
	008357d0	11	
	008357db	11	
	008357e6	11	
	008357f1	10	
	00835800	11	
	0083580b	11	
	00835816	11	
	00835821	11	
	0083582c	11	
	00835837	11	
	00835842	11	
	0083584d	11	
	00835858	11	
	00835863	11	
	0083586e	11	
	00835879	11	
	00835884	11	
	0083588f	11	
	0083589a	11	
	008358a5	10	
	008358b0	14	
	008358be	11	
	008358c9	11	
	008358d4	11	
	008358df	10	
	008358f0	11	
	008358fb	11	
	00835906	11	
	00835911	11	
	0083591c	11	
	00835927	11	
	00835932	11	
	0083593d	11	
	00835948	11	
	00835953	14	
	00835961	10	
	00835970	8	
	00835978	8	
	00835980	8	
	00835988	11	
	00835993	10	
	008359a0	11	
	008359ab	11	
	008359b6	14	
	008359c4	29	
	008359e1	10	
	008359f0	8	
	008359f8	8	
	00835a00	8	
	00835a08	10	
	00835a20	8	
	00835a28	8	
	00835a30	8	
	00835a38	10	
	00835a50	8	
	00835a58	8	
	00835a60	8	
	00835a68	10	
	00835a80	8	
	00835a88	8	
	00835a90	8	
	00835a98	10	
	00835ab0	8	
	00835ab8	8	
	00835ac0	8	
	00835ac8	10	
	00835ae0	8	
	00835ae8	10	
	00835b00	23	
	00835b17	11	
	00835b22	11	
	00835b2d	11	
	00835b38	8	
	00835b40	8	
	00835b48	8	
	00835b50	8	
	00835b58	8	
	00835b60	8	
	00835b68	11	
	00835b73	11	
	00835b7e	8	
	00835b86	11	
	00835b91	8	
	00835b99	11	
	00835ba4	10	
	00835bb0	26	
	00835bca	11	
	00835bd5	11	
	00835be0	11	
	00835beb	14	
	00835bf9	10	
	00835c10	11	
	00835c1b	10	
	00835c30	11	
	00835c3b	11	
	00835c46	10	
	00835c50	11	
	00835c5b	11	
	00835c66	11	
	00835c71	11	
	00835c7c	11	
	00835c87	10	
	00835ca0	11	
	00835cab	11	
	00835cb6	11	
	00835cc1	11	
	00835ccc	10	
	00835ce0	11	
	00835ceb	11	
	00835cf6	11	
	00835d01	11	
	00835d0c	10	
	00835d20	8	
	00835d28	10	
	00835d40	8	
	00835d48	8	
	00835d50	8	
	00835d58	8	
	00835d60	10	
	00835d70	8	
	00835d78	8	
	00835d80	8	
	00835d88	8	
	00835d90	8	
	00835d98	8	
	00835da0	8	
	00835da8	8	
	00835db0	10	
	00835dc0	8	
	00835dc8	8	
	00835dd0	10	
	00835de0	11	
	00835deb	10	
	00835e00	11	
	00835e0b	26	
	00835e25	11	
	00835e30	10	
	00835e40	27	
	00835e5b	27	
	00835e76	27	
	00835e91	11	
	00835e9c	14	
	00835eaa	10	
	00835ec0	27	
	00835edb	27	
	00835ef6	27	
	00835f11	10	
	00835f20	8	
	00835f28	8	
	00835f30	8	
	00835f38	10	
	00835f50	11	
	00835f5b	11	
	00835f66	11	
	00835f71	11	
	00835f7c	11	
	00835f87	10	
	00835fa0	29	
	00835fbd	11	
	00835fc8	11	
	00835fd3	11	
	00835fde	14	
	00835fec	11	
	00835ff7	14	
	00836005	10	
	00836010	11	
	0083601b	14	
	00836029	11	
	00836034	14	
	00836042	10	
	00836050	11	
	0083605b	10	
	00836070	8	
	00836078	10	
	00836090	8	
	00836098	10	
	008360b0	8	
	008360b8	10	
	008360d0	8	
	008360d8	10	
	008360f0	8	
	008360f8	10	
	00836110	8	
	00836118	10	
	00836130	8	
	00836138	23	
	0083614f	10	
	00836160	8	
	00836168	10	
	00836180	8	
	00836188	10	
	008361a0	8	
	008361a8	23	
	008361bf	10	
	008361d0	8	
	008361d8	10	
	008361f0	8	
	008361f8	23	
	0083620f	10	
	00836220	8	
	00836228	11	
	00836233	10	
	00836240	11	
	0083624b	11	
	00836256	10	
	00836260	8	
	00836268	11	
	00836273	10	
	00836280	11	
	0083628b	11	
	00836296	10	
	008362a0	8	
	008362a8	11	
	008362b3	8	
	008362bb	10	
	008362d0	11	
	008362db	8	
	008362e3	11	
	008362ee	8	
	008362f6	10	
	00836300	8	
	00836308	10	
	00836320	8	
	00836328	10	
	00836340	8	
	00836348	8	
	00836350	8	
	00836358	10	
	00836370	8	
	00836378	10	
	00836390	8	
	00836398	10	
	008363b0	8	
	008363b8	8	
	008363c0	11	
	008363cb	8	
	008363d3	10	
	008363e0	11	
	008363eb	8	
	008363f3	10	
	00836400	8	
	00836408	10	
	00836412	10	
	0083641c	11	
	00836427	11	
	00836432	10	
	00836440	11	
	0083644b	10	
	00836460	8	
	00836468	10	
	00836480	8	
	00836488	8	
	00836490	10	
	008364a0	8	
	008364a8	10	
	008364c0	8	
	008364c8	10	
	008364e0	11	
	008364eb	11	
	008364f6	10	
	00836500	8	
	00836508	11	
	00836513	10	
	00836520	11	
	0083652b	10	
	00836540	11	
	0083654b	10	
	00836560	8	
	00836568	10	
	00836580	8	
	00836588	11	
	00836593	11	
	0083659e	10	
	008365b0	8	
	008365b8	10	
	008365d0	8	
	008365d8	10	
	008365f0	8	
	008365f8	8	
	00836600	8	
	00836608	8	
	00836610	11	
	0083661b	8	
	00836623	10	
	00836630	8	
	00836638	8	
	00836640	11	
	0083664b	8	
	00836653	10	
	00836660	8	
	00836668	10	
	00836680	11	
	0083668b	26	
	008366a5	11	
	008366b0	11	
	008366bb	8	
	008366c3	10	
	008366d0	26	
	008366ea	11	
	008366f5	11	
	00836700	11	
	0083670b	14	
	00836719	14	
	00836727	10	
	00836740	29	
	0083675d	11	
	00836768	11	
	00836773	11	
	0083677e	14	
	0083678c	11	
	00836797	14	
	008367a5	10	
	008367b0	11	
	008367bb	10	
	008367d0	11	
	008367db	8	
	008367e3	11	
	008367ee	11	
	008367f9	11	
	00836804	10	
	00836810	8	
	00836818	11	
	00836823	11	
	0083682e	10	
	00836840	23	
	00836857	8	
	0083685f	8	
	00836867	10	
	00836880	8	
	00836888	8	
	00836890	23	
	008368a7	10	
	008368c0	8	
	008368c8	8	
	008368d0	11	
	008368db	10	
	008368f0	11	
	008368fb	10	
	00836910	11	
	0083691b	10	
	00836930	11	
	0083693b	10	
	00836950	11	
	0083695b	10	
	00836970	11	
	0083697b	10	
	00836990	8	
	00836998	10	
	008369b0	11	
	008369bb	11	
	008369c6	11	
	008369d1	11	
	008369dc	8	
	008369e4	11	
	008369ef	11	
	008369fa	11	
	00836a05	11	
	00836a10	11	
	00836a1b	8	
	00836a23	10	
	00836a30	8	
	00836a38	11	
	00836a43	11	
	00836a4e	11	
	00836a59	11	
	00836a64	10	
	00836a70	11	
	00836a7b	11	
	00836a86	11	
	00836a91	11	
	00836a9c	11	
	00836aa7	8	
	00836aaf	11	
	00836aba	11	
	00836ac5	11	
	00836ad0	11	
	00836adb	10	
	00836af0	11	
	00836afb	8	
	00836b03	8	
	00836b0b	10	
	00836b20	11	
	00836b2b	8	
	00836b33	8	
	00836b3b	23	
	00836b52	11	
	00836b5d	11	
	00836b68	11	
	00836b73	11	
	00836b7e	11	
	00836b89	8	
	00836b91	11	
	00836b9c	11	
	00836ba7	11	
	00836bb2	11	
	00836bbd	11	
	00836bc8	8	
	00836bd0	11	
	00836bdb	10	
	00836bf0	8	
	00836bf8	10	
	00836c10	8	
	00836c18	8	
	00836c20	8	
	00836c28	8	
	00836c30	8	
	00836c38	10	
	00836c50	8	
	00836c58	8	
	00836c60	8	
	00836c68	8	
	00836c70	8	
	00836c78	8	
	00836c80	8	
	00836c88	8	
	00836c90	8	
	00836c98	8	
	00836ca0	10	
	00836cb0	8	
	00836cb8	8	
	00836cc0	8	
	00836cc8	8	
	00836cd0	8	
	00836cd8	8	
	00836ce0	10	
	00836cf0	11	
	00836cfb	8	
	00836d03	8	
	00836d0b	8	
	00836d13	10	
	00836d20	8	
	00836d28	8	
	00836d30	8	
	00836d38	8	
	00836d40	10	
	00836d50	11	
	00836d5b	10	
	00836d70	8	
	00836d78	8	
	00836d80	11	
	00836d8b	8	
	00836d93	8	
	00836d9b	8	
	00836da3	8	
	00836dab	8	
	00836db3	10	
	00836dc0	8	
	00836dc8	8	
	00836dd0	8	
	00836dd8	8	
	00836de0	8	
	00836de8	8	
	00836df0	10	
	00836e00	8	
	00836e08	8	
	00836e10	11	
	00836e1b	8	
	00836e23	8	
	00836e2b	10	
	00836e40	11	
	00836e4b	11	
	00836e56	11	
	00836e61	11	
	00836e6c	11	
	00836e77	11	
	00836e82	14	
	00836e90	11	
	00836e9b	11	
	00836ea6	10	
	00836eb0	8	
	00836eb8	10	
	00836ed0	8	
	00836ed8	8	
	00836ee0	8	
	00836ee8	10	
	00836f00	8	
	00836f08	10	
	00836f20	8	
	00836f28	8	
	00836f30	8	
	00836f38	8	
	00836f40	8	
	00836f48	8	
	00836f50	8	
	00836f58	8	
	00836f60	8	
	00836f68	11	
	00836f73	8	
	00836f7b	10	
	00836f90	8	
	00836f98	8	
	00836fa0	10	
	00836fb0	8	
	00836fb8	8	
	00836fc0	10	
	00836fd0	8	
	00836fd8	8	
	00836fe0	10	
	00836ff0	8	
	00836ff8	8	
	00837000	8	
	00837008	11	
	00837013	10	
	00837020	8	
	00837028	8	
	00837030	10	
	00837040	8	
	00837048	8	
	00837050	8	
	00837058	10	
	00837070	8	
	00837078	8	
	00837080	8	
	00837088	10	
	008370a0	8	
	008370a8	11	
	008370b3	8	
	008370bb	10	
	008370d0	8	
	008370d8	10	
	008370f0	8	
	008370f8	10	
	00837110	8	
	00837118	8	
	00837120	8	
	00837128	8	
	00837130	10	
	00837140	8	
	00837148	8	
	00837150	11	
	0083715b	8	
	00837163	10	
	00837170	11	
	0083717b	11	
	00837186	11	
	00837191	11	
	0083719c	11	
	008371a7	11	
	008371b2	11	
	008371bd	10	
	008371d0	11	
	008371db	11	
	008371e6	11	
	008371f1	11	
	008371fc	11	
	00837207	11	
	00837212	11	
	0083721d	10	
	00837230	8	
	00837238	10	
	00837250	8	
	00837258	8	
	00837260	10	
	00837270	8	
	00837278	10	
	00837290	8	
	00837298	10	
	008372b0	8	
	008372b8	8	
	008372c0	8	
	008372c8	10	
	008372e0	8	
	008372e8	10	
	00837300	8	
	00837308	10	
	00837320	8	
	00837328	8	
	00837330	8	
	00837338	10	
	00837350	8	
	00837358	8	
	00837360	8	
	00837368	8	
	00837370	8	
	00837378	8	
	00837380	10	
	00837390	8	
	00837398	8	
	008373a0	8	
	008373a8	10	
	008373c0	8	
	008373c8	10	
	008373e0	8	
	008373e8	14	
	008373f6	11	
	00837401	14	
	0083740f	10	
	00837420	8	
	00837428	14	
	00837436	14	
	00837444	14	
	00837452	10	
	00837460	8	
	00837468	10	
	00837480	11	
	0083748b	14	
	00837499	11	
	008374a4	14	
	008374b2	10	
	008374c0	11	
	008374cb	14	
	008374d9	14	
	008374e7	14	
	008374f5	10	
	00837500	11	
	0083750b	14	
	00837519	11	
	00837524	11	
	0083752f	11	
	0083753a	8	
	00837542	10	
	00837550	11	
	0083755b	10	
	00837570	11	
	0083757b	10	
	00837590	8	
	00837598	14	
	008375a6	10	
	008375b0	8	
	008375b8	14	
	008375c6	14	
	008375d4	10	
	008375e0	11	
	008375eb	11	
	008375f6	11	
	00837601	10	
	00837610	11	
	0083761b	10	
	00837630	8	
	00837638	8	
	00837640	8	
	00837648	23	
	0083765f	10	
	00837670	11	
	0083767b	11	
	00837686	10	
	00837690	8	
	00837698	8	
	008376a0	8	
	008376a8	10	
	008376c0	8	
	008376c8	8	
	008376d0	8	
	008376d8	10	
	008376f0	8	
	008376f8	10	
	00837710	8	
	00837718	10	
	00837730	8	
	00837738	8	
	00837740	8	
	00837748	10	
	00837760	8	
	00837768	8	
	00837770	8	
	00837778	10	
	00837790	8	
	00837798	8	
	008377a0	8	
	008377a8	10	
	008377c0	8	
	008377c8	10	
	008377e0	8	
	008377e8	10	
	00837800	8	
	00837808	10	
	00837820	11	
	0083782b	11	
	00837836	11	
	00837841	11	
	0083784c	11	
	00837857	10	
	00837870	8	
	00837878	10	
	00837890	8	
	00837898	10	
	008378b0	11	
	008378bb	14	
	008378c9	14	
	008378d7	14	
	008378e5	14	
	008378f3	11	
	008378fe	14	
	0083790c	14	
	0083791a	14	
	00837928	14	
	00837936	14	
	00837944	14	
	00837952	14	
	00837960	14	
	0083796e	14	
	0083797c	14	
	0083798a	14	
	00837998	11	
	008379a3	14	
	008379b1	11	
	008379bc	14	
	008379ca	11	
	008379d5	14	
	008379e3	11	
	008379ee	14	
	008379fc	11	
	00837a07	14	
	00837a15	11	
	00837a20	14	
	00837a2e	11	
	00837a39	14	
	00837a47	11	
	00837a52	14	
	00837a60	11	
	00837a6b	14	
	00837a79	11	
	00837a84	14	
	00837a92	11	
	00837a9d	14	
	00837aab	11	
	00837ab6	14	
	00837ac4	11	
	00837acf	14	
	00837add	11	
	00837ae8	14	
	00837af6	11	
	00837b01	14	
	00837b0f	11	
	00837b1a	14	
	00837b28	14	
	00837b36	14	
	00837b44	14	
	00837b52	14	
	00837b60	14	
	00837b6e	14	
	00837b7c	14	
	00837b8a	14	
	00837b98	14	
	00837ba6	14	
	00837bb4	14	
	00837bc2	14	
	00837bd0	14	
	00837bde	14	
	00837bec	14	
	00837bfa	14	
	00837c08	14	
	00837c16	14	
	00837c24	14	
	00837c32	14	
	00837c40	14	
	00837c4e	14	
	00837c5c	14	
	00837c6a	10	
	00837c80	46	
	00837cae	14	
	00837cbc	14	
	00837cca	14	
	00837cd8	14	
	00837ce6	14	
	00837cf4	14	
	00837d02	14	
	00837d10	14	
	00837d1e	14	
	00837d2c	14	
	00837d3a	14	
	00837d48	14	
	00837d56	14	
	00837d64	14	
	00837d72	14	
	00837d80	14	
	00837d8e	14	
	00837d9c	14	
	00837daa	14	
	00837db8	14	
	00837dc6	14	
	00837dd4	14	
	00837de2	14	
	00837df0	14	
	00837dfe	14	
	00837e0c	14	
	00837e1a	14	
	00837e28	14	
	00837e36	14	
	00837e44	14	
	00837e52	14	
	00837e60	14	
	00837e6e	14	
	00837e7c	14	
	00837e8a	14	
	00837e98	14	
	00837ea6	14	
	00837eb4	14	
	00837ec2	14	
	00837ed0	14	
	00837ede	14	
	00837eec	14	
	00837efa	14	
	00837f08	14	
	00837f16	14	
	00837f24	14	
	00837f32	14	
	00837f40	14	
	00837f4e	14	
	00837f5c	14	
	00837f6a	14	
	00837f78	8	
	00837f80	8	
	00837f88	8	
	00837f90	10	
	00837fa0	11	
	00837fab	10	
	00837fc0	8	
	00837fc8	10	
	00837fe0	8	
	00837fe8	8	
	00837ff0	10	
	00838000	8	
	00838008	8	
	00838010	8	
	00838018	10	
	00838030	8	
	00838038	10	
	00838050	8	
	00838058	10	
	00838070	8	
	00838078	10	
	00838090	8	
	00838098	8	
	008380a0	8	
	008380a8	8	
	008380b0	8	
	008380b8	8	
	008380c0	8	
	008380c8	8	
	008380d0	10	
	008380e0	8	
	008380e8	8	
	008380f0	8	
	008380f8	8	
	00838100	8	
	00838108	8	
	00838110	10	
	00838120	8	
	00838128	8	
	00838130	8	
	00838138	8	
	00838140	10	
	00838150	8	
	00838158	10	
	00838170	8	
	00838178	10	
	00838190	8	
	00838198	10	
	008381b0	8	
	008381b8	8	
	008381c0	10	
	008381d0	8	
	008381d8	10	
	008381f0	8	
	008381f8	10	
	00838210	8	
	00838218	10	
	00838230	8	
	00838238	10	
	00838250	8	
	00838258	10	
	00838270	8	
	00838278	10	
	00838290	8	
	00838298	10	
	008382b0	8	
	008382b8	10	
	008382d0	8	
	008382d8	10	
	008382f0	8	
	008382f8	10	
	00838310	8	
	00838318	10	
	00838330	8	
	00838338	10	
	00838350	8	
	00838358	10	
	00838370	11	
	0083837b	11	
	00838386	11	
	00838391	10	
	008383a0	11	
	008383ab	8	
	008383b3	11	
	008383be	11	
	008383c9	8	
	008383d1	11	
	008383dc	11	
	008383e7	11	
	008383f2	8	
	008383fa	11	
	00838405	8	
	0083840d	11	
	00838418	8	
	00838420	11	
	0083842b	8	
	00838433	11	
	0083843e	11	
	00838449	11	
	00838454	11	
	0083845f	11	
	0083846a	11	
	00838475	11	
	00838480	11	
	0083848b	11	
	00838496	11	
	008384a1	11	
	008384ac	11	
	008384b7	11	
	008384c2	11	
	008384cd	11	
	008384d8	11	
	008384e3	8	
	008384eb	8	
	008384f3	8	
	008384fb	8	
	00838503	8	
	0083850b	8	
	00838513	8	
	0083851b	10	
	00838530	11	
	0083853b	11	
	00838546	11	
	00838551	11	
	0083855c	11	
	00838567	11	
	00838572	11	
	0083857d	11	
	00838588	11	
	00838593	11	
	0083859e	11	
	008385a9	11	
	008385b4	11	
	008385bf	11	
	008385ca	11	
	008385d5	11	
	008385e0	11	
	008385eb	11	
	008385f6	11	
	00838601	11	
	0083860c	11	
	00838617	11	
	00838622	11	
	0083862d	11	
	00838638	11	
	00838643	11	
	0083864e	11	
	00838659	11	
	00838664	11	
	0083866f	11	
	0083867a	11	
	00838685	11	
	00838690	11	
	0083869b	11	
	008386a6	11	
	008386b1	11	
	008386bc	11	
	008386c7	11	
	008386d2	11	
	008386dd	11	
	008386e8	11	
	008386f3	11	
	008386fe	11	
	00838709	11	
	00838714	11	
	0083871f	11	
	0083872a	11	
	00838735	11	
	00838740	11	
	0083874b	14	
	00838759	11	
	00838764	11	
	0083876f	11	
	0083877a	11	
	00838785	11	
	00838790	11	
	0083879b	11	
	008387a6	11	
	008387b1	11	
	008387bc	11	
	008387c7	11	
	008387d2	11	
	008387dd	11	
	008387e8	11	
	008387f3	11	
	008387fe	11	
	00838809	11	
	00838814	11	
	0083881f	10	
	00838830	8	
	00838838	11	
	00838843	10	
	00838850	11	
	0083885b	8	
	00838863	11	
	0083886e	10	
	00838880	8	
	00838888	11	
	00838893	10	
	008388a0	11	
	008388ab	8	
	008388b3	11	
	008388be	10	
	008388d0	8	
	008388d8	10	
	008388f0	11	
	008388fb	8	
	00838903	10	
	00838910	8	
	00838918	10	
	00838930	11	
	0083893b	8	
	00838943	10	
	00838950	11	
	0083895b	11	
	00838966	11	
	00838971	11	
	0083897c	11	
	00838987	8	
	0083898f	11	
	0083899a	11	
	008389a5	11	
	008389b0	11	
	008389bb	8	
	008389c3	8	
	008389cb	8	
	008389d3	11	
	008389de	11	
	008389e9	8	
	008389f1	8	
	008389f9	8	
	00838a01	8	
	00838a09	8	
	00838a11	11	
	00838a1c	11	
	00838a27	11	
	00838a32	11	
	00838a3d	11	
	00838a48	10	
	00838a60	8	
	00838a68	10	
	00838a80	26	
	00838a9a	11	
	00838aa5	11	
	00838ab0	10	
	00838ac0	8	
	00838ac8	8	
	00838ad0	10	
	00838ae0	8	
	00838ae8	8	
	00838af0	8	
	00838af8	8	
	00838b00	8	
	00838b08	8	
	00838b10	8	
	00838b18	8	
	00838b20	8	
	00838b28	8	
	00838b30	8	
	00838b38	8	
	00838b40	8	
	00838b48	8	
	00838b50	8	
	00838b58	8	
	00838b60	8	
	00838b68	8	
	00838b70	8	
	00838b78	8	
	00838b80	10	
	00838b90	8	
	00838b98	8	
	00838ba0	8	
	00838ba8	8	
	00838bb0	8	
	00838bb8	10	
	00838bd0	8	
	00838bd8	8	
	00838be0	10	
	00838bf0	8	
	00838bf8	11	
	00838c03	10	
	00838c10	8	
	00838c18	10	
	00838c30	8	
	00838c38	8	
	00838c40	10	
	00838c50	8	
	00838c58	10	
	00838c70	8	
	00838c78	10	
	00838c90	8	
	00838c98	10	
	00838cb0	11	
	00838cbb	11	
	00838cc6	10	
	00838cd0	8	
	00838cd8	10	
	00838cf0	8	
	00838cf8	10	
	00838d10	8	
	00838d18	10	
	00838d30	8	
	00838d38	10	
	00838d50	8	
	00838d58	10	
	00838d70	8	
	00838d78	10	
	00838d90	8	
	00838d98	10	
	00838db0	8	
	00838db8	10	
	00838dd0	8	
	00838dd8	10	
	00838df0	8	
	00838df8	10	
	00838e10	11	
	00838e1b	10	
	00838e30	11	
	00838e3b	14	
	00838e49	14	
	00838e57	14	
	00838e65	14	
	00838e73	14	
	00838e81	14	
	00838e8f	24	
	00838ea7	14	
	00838eb5	14	
	00838ec3	14	
	00838ed1	10	
	00838ee0	46	
	00838f0e	14	
	00838f1c	14	
	00838f2a	14	
	00838f38	14	
	00838f46	14	
	00838f54	14	
	00838f62	24	
	00838f7a	14	
	00838f88	14	
	00838f96	14	
	00838fa4	10	
	00838fb0	11	
	00838fbb	11	
	00838fc6	10	
	00838fd0	11	
	00838fdb	10	
	00838ff0	11	
	00838ffb	10	
	00839010	11	
	0083901b	10	
	00839030	11	
	0083903b	10	
	00839050	11	
	0083905b	10	
	00839070	11	
	0083907b	10	
	00839090	11	
	0083909b	10	
	008390b0	11	
	008390bb	23	
	008390d2	10	
	008390e0	11	
	008390eb	10	
	00839100	11	
	0083910b	23	
	00839122	10	
	00839130	11	
	0083913b	23	
	00839152	10	
	00839160	11	
	0083916b	10	
	00839180	11	
	0083918b	23	
	008391a2	10	
	008391b0	11	
	008391bb	10	
	008391d0	11	
	008391db	23	
	008391f2	10	
	00839200	11	
	0083920b	10	
	00839220	11	
	0083922b	23	
	00839242	10	
	00839250	11	
	0083925b	23	
	00839272	10	
	00839280	11	
	0083928b	10	
	008392a0	11	
	008392ab	23	
	008392c2	10	
	008392d0	11	
	008392db	23	
	008392f2	10	
	00839300	11	
	0083930b	10	
	00839320	11	
	0083932b	23	
	00839342	10	
	00839350	11	
	0083935b	10	
	00839370	11	
	0083937b	23	
	00839392	10	
	008393a0	11	
	008393ab	10	
	008393c0	11	
	008393cb	23	
	008393e2	10	
	008393f0	11	
	008393fb	10	
	00839410	11	
	0083941b	23	
	00839432	10	
	00839440	11	
	0083944b	8	
	00839453	11	
	0083945e	11	
	00839469	11	
	00839474	10	
	00839480	11	
	0083948b	11	
	00839496	10	
	008394a0	8	
	008394a8	11	
	008394b3	8	
	008394bb	11	
	008394c6	11	
	008394d1	11	
	008394dc	8	
	008394e4	10	
	008394f0	11	
	008394fb	11	
	00839506	10	
	00839510	8	
	00839518	8	
	00839520	10	
	00839530	8	
	00839538	8	
	00839540	8	
	00839548	8	
	00839550	8	
	00839558	8	
	00839560	8	
	00839568	10	
	00839580	8	
	00839588	8	
	00839590	8	
	00839598	10	
	008395b0	8	
	008395b8	8	
	008395c0	8	
	008395c8	8	
	008395d0	10	
	008395e0	8	
	008395e8	8	
	008395f0	10	
	00839600	8	
	00839608	8	
	00839610	8	
	00839618	10	
	00839630	8	
	00839638	10	
	00839650	11	
	0083965b	10	
	00839670	8	
	00839678	10	
	00839690	8	
	00839698	10	
	008396b0	8	
	008396b8	8	
	008396c0	10	
	008396d0	11	
	008396db	10	
	008396f0	8	
	008396f8	8	
	00839700	10	
	00839710	8	
	00839718	10	
	00839730	8	
	00839738	10	
	00839750	8	
	00839758	10	
	00839770	8	
	00839778	8	
	00839780	8	
	00839788	8	
	00839790	10	
	008397a0	8	
	008397a8	10	
	008397c0	8	
	008397c8	10	
	008397e0	11	
	008397eb	10	
	00839800	8	
	00839808	10	
	00839820	8	
	00839828	8	
	00839830	8	
	00839838	8	
	00839840	8	
	00839848	8	
	00839850	8	
	00839858	10	
	00839870	8	
	00839878	8	
	00839880	8	
	00839888	8	
	00839890	8	
	00839898	8	
	008398a0	10	
	008398b0	8	
	008398b8	8	
	008398c0	10	
	008398d0	8	
	008398d8	10	
	008398f0	8	
	008398f8	11	
	00839903	11	
	0083990e	11	
	00839919	11	
	00839924	11	
	0083992f	11	
	0083993a	11	
	00839945	11	
	00839950	11	
	0083995b	8	
	00839963	8	
	0083996b	11	
	00839976	11	
	00839981	10	
	00839990	11	
	0083999b	10	
	008399b0	11	
	008399bb	10	
	008399d0	11	
	008399db	26	
	008399f5	11	
	00839a00	11	
	00839a0b	11	
	00839a16	14	
	00839a24	11	
	00839a2f	14	
	00839a3d	10	
	00839a50	8	
	00839a58	8	
	00839a60	8	
	00839a68	8	
	00839a70	10	
	00839a80	11	
	00839a8b	8	
	00839a93	8	
	00839a9b	8	
	00839aa3	11	
	00839aae	10	
	00839ac0	8	
	00839ac8	11	
	00839ad3	10	
	00839ae0	11	
	00839aeb	10	
	00839b00	8	
	00839b08	10	
	00839b20	11	
	00839b2b	10	
	00839b40	8	
	00839b48	10	
	00839b60	8	
	00839b68	8	
	00839b70	10	
	00839b80	11	
	00839b8b	11	
	00839b96	11	
	00839ba1	8	
	00839ba9	8	
	00839bb1	11	
	00839bbc	11	
	00839bc7	11	
	00839bd2	11	
	00839bdd	11	
	00839be8	11	
	00839bf3	11	
	00839bfe	11	
	00839c09	8	
	00839c11	8	
	00839c19	8	
	00839c21	11	
	00839c2c	11	
	00839c37	11	
	00839c42	11	
	00839c4d	8	
	00839c55	11	
	00839c60	11	
	00839c6b	11	
	00839c76	10	
	00839c80	8	
	00839c88	8	
	00839c90	8	
	00839c98	10	
	00839cb0	11	
	00839cbb	11	
	00839cc6	11	
	00839cd1	11	
	00839cdc	11	
	00839ce7	11	
	00839cf2	8	
	00839cfa	8	
	00839d02	8	
	00839d0a	10	
	00839d20	8	
	00839d28	8	
	00839d30	8	
	00839d38	11	
	00839d43	11	
	00839d4e	11	
	00839d59	11	
	00839d64	11	
	00839d6f	10	
	00839d80	8	
	00839d88	8	
	00839d90	8	
	00839d98	8	
	00839da0	8	
	00839da8	8	
	00839db0	10	
	00839dc0	11	
	00839dcb	8	
	00839dd3	8	
	00839ddb	8	
	00839de3	8	
	00839deb	8	
	00839df3	8	
	00839dfb	11	
	00839e06	11	
	00839e11	11	
	00839e1c	11	
	00839e27	11	
	00839e32	10	
	00839e40	8	
	00839e48	8	
	00839e50	10	
	00839e60	8	
	00839e68	8	
	00839e70	10	
	00839e80	8	
	00839e88	11	
	00839e93	11	
	00839e9e	10	
	00839eb0	11	
	00839ebb	10	
	00839ed0	8	
	00839ed8	10	
	00839ef0	11	
	00839efb	10	
	00839f10	11	
	00839f1b	10	
	00839f30	11	
	00839f3b	10	
	00839f50	11	
	00839f5b	10	
	00839f70	8	
	00839f78	10	
	00839f90	8	
	00839f98	10	
	00839fb0	8	
	00839fb8	10	
	00839fd0	8	
	00839fd8	10	
	00839ff0	11	
	00839ffb	10	
	0083a010	11	
	0083a01b	10	
	0083a030	8	
	0083a038	14	
	0083a046	14	
	0083a054	14	
	0083a062	14	
	0083a070	14	
	0083a07e	14	
	0083a08c	14	
	0083a09a	14	
	0083a0a8	14	
	0083a0b6	14	
	0083a0c4	14	
	0083a0d2	14	
	0083a0e0	14	
	0083a0ee	14	
	0083a0fc	14	
	0083a10a	14	
	0083a118	14	
	0083a126	14	
	0083a134	14	
	0083a142	14	
	0083a150	14	
	0083a15e	14	
	0083a16c	14	
	0083a17a	14	
	0083a188	14	
	0083a196	14	
	0083a1a4	14	
	0083a1b2	14	
	0083a1c0	14	
	0083a1ce	14	
	0083a1dc	14	
	0083a1ea	11	
	0083a1f5	10	
	0083a200	8	
	0083a208	14	
	0083a216	14	
	0083a224	14	
	0083a232	14	
	0083a240	14	
	0083a24e	14	
	0083a25c	14	
	0083a26a	14	
	0083a278	14	
	0083a286	14	
	0083a294	14	
	0083a2a2	14	
	0083a2b0	14	
	0083a2be	14	
	0083a2cc	14	
	0083a2da	14	
	0083a2e8	14	
	0083a2f6	14	
	0083a304	14	
	0083a312	14	
	0083a320	14	
	0083a32e	14	
	0083a33c	14	
	0083a34a	14	
	0083a358	14	
	0083a366	14	
	0083a374	14	
	0083a382	14	
	0083a390	14	
	0083a39e	14	
	0083a3ac	14	
	0083a3ba	10	
	0083a3d0	8	
	0083a3d8	8	
	0083a3e0	8	
	0083a3e8	8	
	0083a3f0	8	
	0083a3f8	8	
	0083a400	10	
	0083a410	8	
	0083a418	8	
	0083a420	8	
	0083a428	8	
	0083a430	8	
	0083a438	8	
	0083a440	8	
	0083a448	8	
	0083a450	8	
	0083a458	8	
	0083a460	8	
	0083a468	8	
	0083a470	8	
	0083a478	8	
	0083a480	8	
	0083a488	8	
	0083a490	8	
	0083a498	8	
	0083a4a0	8	
	0083a4a8	8	
	0083a4b0	10	
	0083a4c0	8	
	0083a4c8	8	
	0083a4d0	11	
	0083a4db	11	
	0083a4e6	11	
	0083a4f1	8	
	0083a4f9	8	
	0083a501	11	
	0083a50c	11	
	0083a517	11	
	0083a522	11	
	0083a52d	8	
	0083a535	8	
	0083a53d	11	
	0083a548	11	
	0083a553	11	
	0083a55e	8	
	0083a566	8	
	0083a56e	8	
	0083a576	8	
	0083a57e	8	
	0083a586	8	
	0083a58e	11	
	0083a599	11	
	0083a5a4	11	
	0083a5af	11	
	0083a5ba	11	
	0083a5c5	11	
	0083a5d0	10	
	0083a5e0	11	
	0083a5eb	11	
	0083a5f6	11	
	0083a601	11	
	0083a60c	11	
	0083a617	11	
	0083a622	11	
	0083a62d	10	
	0083a640	8	
	0083a648	10	
	0083a660	8	
	0083a668	10	
	0083a680	11	
	0083a68b	10	
	0083a6a0	11	
	0083a6ab	11	
	0083a6b6	11	
	0083a6c1	11	
	0083a6cc	11	
	0083a6d7	11	
	0083a6e2	10	
	0083a6f0	8	
	0083a6f8	8	
	0083a700	8	
	0083a708	10	
	0083a720	8	
	0083a728	10	
	0083a740	8	
	0083a748	10	
	0083a760	8	
	0083a768	10	
	0083a780	9	
	0083a789	12	
	0083a795	25	
	0083a7ae	10	
	0083a7c0	9	
	0083a7c9	15	
	0083a7d8	12	
	0083a7e4	10	
	0083a7f0	9	
	0083a7f9	9	
	0083a802	9	
	0083a80b	9	
	0083a814	10	
	0083a820	12	
	0083a82c	10	
	0083a840	9	
	0083a849	12	
	0083a855	12	
	0083a861	9	
	0083a86a	10	
	0083a880	9	
	0083a889	10	
	0083a8a0	11	
	0083a8ab	10	
	0083a8c0	8	
	0083a8c8	8	
	0083a8d0	10	
	0083a8e0	11	
	0083a8eb	11	
	0083a8f6	8	
	0083a8fe	8	
	0083a906	8	
	0083a90e	11	
	0083a919	8	
	0083a921	11	
	0083a92c	11	
	0083a937	11	
	0083a942	11	
	0083a94d	11	
	0083a958	11	
	0083a963	11	
	0083a96e	11	
	0083a979	11	
	0083a984	11	
	0083a98f	11	
	0083a99a	11	
	0083a9a5	11	
	0083a9b0	11	
	0083a9bb	11	
	0083a9c6	11	
	0083a9d1	11	
	0083a9dc	11	
	0083a9e7	11	
	0083a9f2	10	
	0083aa00	8	
	0083aa08	11	
	0083aa13	11	
	0083aa1e	11	
	0083aa29	11	
	0083aa34	11	
	0083aa3f	11	
	0083aa4a	11	
	0083aa55	11	
	0083aa60	11	
	0083aa6b	11	
	0083aa76	11	
	0083aa81	11	
	0083aa8c	11	
	0083aa97	11	
	0083aaa2	11	
	0083aaad	11	
	0083aab8	11	
	0083aac3	11	
	0083aace	11	
	0083aad9	11	
	0083aae4	11	
	0083aaef	11	
	0083aafa	11	
	0083ab05	11	
	0083ab10	11	
	0083ab1b	11	
	0083ab26	11	
	0083ab31	11	
	0083ab3c	11	
	0083ab47	11	
	0083ab52	11	
	0083ab5d	11	
	0083ab68	11	
	0083ab73	11	
	0083ab7e	11	
	0083ab89	11	
	0083ab94	11	
	0083ab9f	11	
	0083abaa	11	
	0083abb5	11	
	0083abc0	11	
	0083abcb	11	
	0083abd6	11	
	0083abe1	11	
	0083abec	11	
	0083abf7	11	
	0083ac02	11	
	0083ac0d	11	
	0083ac18	11	
	0083ac23	11	
	0083ac2e	11	
	0083ac39	11	
	0083ac44	11	
	0083ac4f	11	
	0083ac5a	11	
	0083ac65	11	
	0083ac70	11	
	0083ac7b	11	
	0083ac86	11	
	0083ac91	11	
	0083ac9c	11	
	0083aca7	11	
	0083acb2	11	
	0083acbd	11	
	0083acc8	11	
	0083acd3	11	
	0083acde	11	
	0083ace9	11	
	0083acf4	11	
	0083acff	11	
	0083ad0a	11	
	0083ad15	11	
	0083ad20	11	
	0083ad2b	11	
	0083ad36	11	
	0083ad41	11	
	0083ad4c	11	
	0083ad57	11	
	0083ad62	11	
	0083ad6d	8	
	0083ad75	11	
	0083ad80	11	
	0083ad8b	11	
	0083ad96	11	
	0083ada1	11	
	0083adac	11	
	0083adb7	11	
	0083adc2	11	
	0083adcd	11	
	0083add8	11	
	0083ade3	11	
	0083adee	11	
	0083adf9	11	
	0083ae04	11	
	0083ae0f	11	
	0083ae1a	11	
	0083ae25	11	
	0083ae30	11	
	0083ae3b	11	
	0083ae46	11	
	0083ae51	11	
	0083ae5c	11	
	0083ae67	11	
	0083ae72	11	
	0083ae7d	11	
	0083ae88	11	
	0083ae93	11	
	0083ae9e	11	
	0083aea9	11	
	0083aeb4	11	
	0083aebf	11	
	0083aeca	11	
	0083aed5	11	
	0083aee0	11	
	0083aeeb	11	
	0083aef6	11	
	0083af01	11	
	0083af0c	11	
	0083af17	11	
	0083af22	11	
	0083af2d	11	
	0083af38	11	
	0083af43	11	
	0083af4e	11	
	0083af59	11	
	0083af64	11	
	0083af6f	11	
	0083af7a	11	
	0083af85	11	
	0083af90	11	
	0083af9b	11	
	0083afa6	11	
	0083afb1	11	
	0083afbc	11	
	0083afc7	11	
	0083afd2	11	
	0083afdd	11	
	0083afe8	11	
	0083aff3	11	
	0083affe	11	
	0083b009	11	
	0083b014	11	
	0083b01f	11	
	0083b02a	8	
	0083b032	11	
	0083b03d	11	
	0083b048	11	
	0083b053	11	
	0083b05e	11	
	0083b069	11	
	0083b074	11	
	0083b07f	11	
	0083b08a	11	
	0083b095	11	
	0083b0a0	11	
	0083b0ab	11	
	0083b0b6	11	
	0083b0c1	11	
	0083b0cc	11	
	0083b0d7	11	
	0083b0e2	11	
	0083b0ed	11	
	0083b0f8	11	
	0083b103	11	
	0083b10e	11	
	0083b119	11	
	0083b124	11	
	0083b12f	11	
	0083b13a	11	
	0083b145	11	
	0083b150	11	
	0083b15b	11	
	0083b166	11	
	0083b171	11	
	0083b17c	11	
	0083b187	11	
	0083b192	11	
	0083b19d	11	
	0083b1a8	11	
	0083b1b3	11	
	0083b1be	11	
	0083b1c9	11	
	0083b1d4	11	
	0083b1df	11	
	0083b1ea	11	
	0083b1f5	11	
	0083b200	11	
	0083b20b	11	
	0083b216	11	
	0083b221	11	
	0083b22c	11	
	0083b237	11	
	0083b242	11	
	0083b24d	11	
	0083b258	11	
	0083b263	11	
	0083b26e	11	
	0083b279	11	
	0083b284	11	
	0083b28f	11	
	0083b29a	11	
	0083b2a5	11	
	0083b2b0	11	
	0083b2bb	11	
	0083b2c6	11	
	0083b2d1	11	
	0083b2dc	11	
	0083b2e7	8	
	0083b2ef	11	
	0083b2fa	11	
	0083b305	11	
	0083b310	11	
	0083b31b	11	
	0083b326	11	
	0083b331	11	
	0083b33c	11	
	0083b347	11	
	0083b352	11	
	0083b35d	11	
	0083b368	11	
	0083b373	11	
	0083b37e	11	
	0083b389	11	
	0083b394	11	
	0083b39f	11	
	0083b3aa	11	
	0083b3b5	11	
	0083b3c0	11	
	0083b3cb	11	
	0083b3d6	11	
	0083b3e1	11	
	0083b3ec	11	
	0083b3f7	11	
	0083b402	11	
	0083b40d	11	
	0083b418	11	
	0083b423	11	
	0083b42e	11	
	0083b439	11	
	0083b444	11	
	0083b44f	11	
	0083b45a	11	
	0083b465	11	
	0083b470	11	
	0083b47b	11	
	0083b486	11	
	0083b491	11	
	0083b49c	11	
	0083b4a7	11	
	0083b4b2	11	
	0083b4bd	11	
	0083b4c8	11	
	0083b4d3	11	
	0083b4de	11	
	0083b4e9	11	
	0083b4f4	11	
	0083b4ff	11	
	0083b50a	11	
	0083b515	11	
	0083b520	11	
	0083b52b	11	
	0083b536	11	
	0083b541	11	
	0083b54c	11	
	0083b557	11	
	0083b562	11	
	0083b56d	11	
	0083b578	11	
	0083b583	11	
	0083b58e	11	
	0083b599	11	
	0083b5a4	8	
	0083b5ac	11	
	0083b5b7	11	
	0083b5c2	11	
	0083b5cd	11	
	0083b5d8	11	
	0083b5e3	11	
	0083b5ee	11	
	0083b5f9	11	
	0083b604	11	
	0083b60f	11	
	0083b61a	11	
	0083b625	11	
	0083b630	11	
	0083b63b	11	
	0083b646	11	
	0083b651	11	
	0083b65c	11	
	0083b667	11	
	0083b672	11	
	0083b67d	11	
	0083b688	11	
	0083b693	11	
	0083b69e	11	
	0083b6a9	11	
	0083b6b4	11	
	0083b6bf	11	
	0083b6ca	11	
	0083b6d5	11	
	0083b6e0	11	
	0083b6eb	11	
	0083b6f6	11	
	0083b701	11	
	0083b70c	11	
	0083b717	11	
	0083b722	11	
	0083b72d	11	
	0083b738	11	
	0083b743	11	
	0083b74e	11	
	0083b759	11	
	0083b764	11	
	0083b76f	11	
	0083b77a	11	
	0083b785	11	
	0083b790	11	
	0083b79b	11	
	0083b7a6	11	
	0083b7b1	11	
	0083b7bc	11	
	0083b7c7	11	
	0083b7d2	11	
	0083b7dd	11	
	0083b7e8	11	
	0083b7f3	11	
	0083b7fe	11	
	0083b809	11	
	0083b814	11	
	0083b81f	11	
	0083b82a	11	
	0083b835	11	
	0083b840	11	
	0083b84b	11	
	0083b856	11	
	0083b861	11	
	0083b86c	11	
	0083b877	11	
	0083b882	11	
	0083b88d	11	
	0083b898	11	
	0083b8a3	11	
	0083b8ae	11	
	0083b8b9	11	
	0083b8c4	11	
	0083b8cf	11	
	0083b8da	11	
	0083b8e5	11	
	0083b8f0	11	
	0083b8fb	11	
	0083b906	11	
	0083b911	11	
	0083b91c	11	
	0083b927	11	
	0083b932	11	
	0083b93d	11	
	0083b948	11	
	0083b953	11	
	0083b95e	11	
	0083b969	11	
	0083b974	11	
	0083b97f	11	
	0083b98a	11	
	0083b995	11	
	0083b9a0	11	
	0083b9ab	11	
	0083b9b6	11	
	0083b9c1	11	
	0083b9cc	11	
	0083b9d7	11	
	0083b9e2	11	
	0083b9ed	11	
	0083b9f8	11	
	0083ba03	11	
	0083ba0e	11	
	0083ba19	11	
	0083ba24	11	
	0083ba2f	11	
	0083ba3a	11	
	0083ba45	11	
	0083ba50	11	
	0083ba5b	11	
	0083ba66	11	
	0083ba71	11	
	0083ba7c	11	
	0083ba87	11	
	0083ba92	11	
	0083ba9d	11	
	0083baa8	11	
	0083bab3	11	
	0083babe	11	
	0083bac9	11	
	0083bad4	11	
	0083badf	11	
	0083baea	11	
	0083baf5	11	
	0083bb00	11	
	0083bb0b	11	
	0083bb16	11	
	0083bb21	11	
	0083bb2c	11	
	0083bb37	11	
	0083bb42	11	
	0083bb4d	11	
	0083bb58	11	
	0083bb63	11	
	0083bb6e	11	
	0083bb79	11	
	0083bb84	11	
	0083bb8f	11	
	0083bb9a	11	
	0083bba5	11	
	0083bbb0	11	
	0083bbbb	11	
	0083bbc6	11	
	0083bbd1	11	
	0083bbdc	11	
	0083bbe7	11	
	0083bbf2	11	
	0083bbfd	11	
	0083bc08	11	
	0083bc13	11	
	0083bc1e	11	
	0083bc29	11	
	0083bc34	11	
	0083bc3f	11	
	0083bc4a	11	
	0083bc55	11	
	0083bc60	11	
	0083bc6b	11	
	0083bc76	11	
	0083bc81	11	
	0083bc8c	11	
	0083bc97	11	
	0083bca2	11	
	0083bcad	11	
	0083bcb8	11	
	0083bcc3	11	
	0083bcce	11	
	0083bcd9	11	
	0083bce4	11	
	0083bcef	11	
	0083bcfa	11	
	0083bd05	11	
	0083bd10	11	
	0083bd1b	11	
	0083bd26	11	
	0083bd31	11	
	0083bd3c	11	
	0083bd47	11	
	0083bd52	11	
	0083bd5d	11	
	0083bd68	11	
	0083bd73	11	
	0083bd7e	11	
	0083bd89	11	
	0083bd94	11	
	0083bd9f	11	
	0083bdaa	11	
	0083bdb5	11	
	0083bdc0	11	
	0083bdcb	11	
	0083bdd6	11	
	0083bde1	11	
	0083bdec	11	
	0083bdf7	11	
	0083be02	11	
	0083be0d	11	
	0083be18	11	
	0083be23	11	
	0083be2e	11	
	0083be39	11	
	0083be44	11	
	0083be4f	11	
	0083be5a	11	
	0083be65	11	
	0083be70	11	
	0083be7b	11	
	0083be86	11	
	0083be91	11	
	0083be9c	11	
	0083bea7	11	
	0083beb2	11	
	0083bebd	11	
	0083bec8	11	
	0083bed3	11	
	0083bede	11	
	0083bee9	11	
	0083bef4	11	
	0083beff	11	
	0083bf0a	11	
	0083bf15	11	
	0083bf20	11	
	0083bf2b	11	
	0083bf36	11	
	0083bf41	11	
	0083bf4c	11	
	0083bf57	11	
	0083bf62	11	
	0083bf6d	11	
	0083bf78	11	
	0083bf83	11	
	0083bf8e	11	
	0083bf99	11	
	0083bfa4	11	
	0083bfaf	11	
	0083bfba	11	
	0083bfc5	11	
	0083bfd0	11	
	0083bfdb	11	
	0083bfe6	11	
	0083bff1	11	
	0083bffc	11	
	0083c007	11	
	0083c012	11	
	0083c01d	11	
	0083c028	11	
	0083c033	11	
	0083c03e	11	
	0083c049	11	
	0083c054	11	
	0083c05f	11	
	0083c06a	11	
	0083c075	11	
	0083c080	11	
	0083c08b	11	
	0083c096	11	
	0083c0a1	11	
	0083c0ac	11	
	0083c0b7	11	
	0083c0c2	11	
	0083c0cd	11	
	0083c0d8	11	
	0083c0e3	11	
	0083c0ee	11	
	0083c0f9	11	
	0083c104	11	
	0083c10f	11	
	0083c11a	11	
	0083c125	11	
	0083c130	11	
	0083c13b	11	
	0083c146	11	
	0083c151	11	
	0083c15c	11	
	0083c167	11	
	0083c172	11	
	0083c17d	11	
	0083c188	11	
	0083c193	11	
	0083c19e	11	
	0083c1a9	11	
	0083c1b4	11	
	0083c1bf	11	
	0083c1ca	11	
	0083c1d5	11	
	0083c1e0	11	
	0083c1eb	11	
	0083c1f6	11	
	0083c201	11	
	0083c20c	11	
	0083c217	11	
	0083c222	11	
	0083c22d	11	
	0083c238	11	
	0083c243	11	
	0083c24e	11	
	0083c259	11	
	0083c264	11	
	0083c26f	11	
	0083c27a	11	
	0083c285	11	
	0083c290	11	
	0083c29b	11	
	0083c2a6	11	
	0083c2b1	11	
	0083c2bc	11	
	0083c2c7	11	
	0083c2d2	11	
	0083c2dd	11	
	0083c2e8	11	
	0083c2f3	11	
	0083c2fe	11	
	0083c309	11	
	0083c314	11	
	0083c31f	11	
	0083c32a	11	
	0083c335	11	
	0083c340	8	
	0083c348	8	
	0083c350	8	
	0083c358	8	
	0083c360	10	
	0083c370	8	
	0083c378	8	
	0083c380	8	
	0083c388	8	
	0083c390	10	
	0083c3a0	8	
	0083c3a8	10	
	0083c3c0	8	
	0083c3c8	10	
	0083c3e0	11	
	0083c3eb	10	
	0083c400	11	
	0083c40b	10	
	0083c420	8	
	0083c428	8	
	0083c430	10	
	0083c440	8	
	0083c448	8	
	0083c450	8	
	0083c458	10	
	0083c470	8	
	0083c478	10	
	0083c490	8	
	0083c498	10	
	0083c4b0	8	
	0083c4b8	8	
	0083c4c0	8	
	0083c4c8	8	
	0083c4d0	8	
	0083c4d8	10	
	0083c4f0	8	
	0083c4f8	8	
	0083c500	8	
	0083c508	8	
	0083c510	8	
	0083c518	10	
	0083c530	8	
	0083c538	8	
	0083c540	8	
	0083c548	10	
	0083c560	8	
	0083c568	8	
	0083c570	8	
	0083c578	10	
	0083c590	8	
	0083c598	10	
	0083c5b0	8	
	0083c5b8	8	
	0083c5c0	10	
	0083c5d0	8	
	0083c5d8	8	
	0083c5e0	10	
	0083c5f0	8	
	0083c5f8	10	
	0083c610	8	
	0083c618	8	
	0083c620	10	
	0083c630	8	
	0083c638	8	
	0083c640	10	
	0083c650	8	
	0083c658	10	
	0083c670	8	
	0083c678	10	
	0083c690	8	
	0083c698	8	
	0083c6a0	10	
	0083c6b0	8	
	0083c6b8	8	
	0083c6c0	10	
	0083c6d0	8	
	0083c6d8	10	
	0083c6f0	8	
	0083c6f8	10	
	0083c710	8	
	0083c718	10	
	0083c730	8	
	0083c738	8	
	0083c740	8	
	0083c748	10	
	0083c760	8	
	0083c768	8	
	0083c770	8	
	0083c778	8	
	0083c780	10	
	0083c790	8	
	0083c798	8	
	0083c7a0	10	
	0083c7b0	8	
	0083c7b8	8	
	0083c7c0	10	
	0083c7d0	8	
	0083c7d8	8	
	0083c7e0	10	
	0083c7f0	8	
	0083c7f8	8	
	0083c800	8	
	0083c808	10	
	0083c820	8	
	0083c828	8	
	0083c830	10	
	0083c840	8	
	0083c848	10	
	0083c860	8	
	0083c868	10	
	0083c880	8	
	0083c888	10	
	0083c8a0	8	
	0083c8a8	8	
	0083c8b0	8	
	0083c8b8	10	
	0083c8d0	8	
	0083c8d8	8	
	0083c8e0	10	
	0083c8f0	8	
	0083c8f8	23	
	0083c90f	10	
	0083c920	8	
	0083c928	23	
	0083c93f	10	
	0083c950	11	
	0083c95b	10	
	0083c970	8	
	0083c978	10	
	0083c990	8	
	0083c998	8	
	0083c9a0	8	
	0083c9a8	8	
	0083c9b0	10	
	0083c9c0	8	
	0083c9c8	10	
	0083c9e0	8	
	0083c9e8	8	
	0083c9f0	14	
	0083c9fe	10	
	0083ca10	8	
	0083ca18	14	
	0083ca26	10	
	0083ca30	8	
	0083ca38	41	
	0083ca61	10	
	0083ca70	8	
	0083ca78	8	
	0083ca80	8	
	0083ca88	8	
	0083ca90	8	
	0083ca98	10	
	0083cab0	8	
	0083cab8	8	
	0083cac0	10	
	0083cad0	8	
	0083cad8	10	
	0083caf0	11	
	0083cafb	11	
	0083cb06	8	
	0083cb0e	10	
	0083cb20	8	
	0083cb28	8	
	0083cb30	8	
	0083cb38	10	
	0083cb50	8	
	0083cb58	8	
	0083cb60	10	
	0083cb70	8	
	0083cb78	10	
	0083cb82	10	
	0083cb8c	11	
	0083cb97	11	
	0083cba2	10	
	0083cbb0	11	
	0083cbbb	11	
	0083cbc6	11	
	0083cbd1	11	
	0083cbdc	10	
	0083cbf0	11	
	0083cbfb	8	
	0083cc03	8	
	0083cc0b	11	
	0083cc16	11	
	0083cc21	10	
	0083cc30	8	
	0083cc38	10	
	0083cc50	8	
	0083cc58	8	
	0083cc60	10	
	0083cc70	8	
	0083cc78	8	
	0083cc80	8	
	0083cc88	10	
	0083cca0	11	
	0083ccab	11	
	0083ccb6	8	
	0083ccbe	11	
	0083ccc9	10	
	0083cce0	8	
	0083cce8	10	
	0083cd00	8	
	0083cd08	10	
	0083cd20	8	
	0083cd28	11	
	0083cd33	11	
	0083cd3e	11	
	0083cd49	10	
	0083cd60	11	
	0083cd6b	10	
	0083cd80	11	
	0083cd8b	11	
	0083cd96	11	
	0083cda1	10	
	0083cdb0	8	
	0083cdb8	10	
	0083cdc2	10	
	0083cdcc	11	
	0083cdd7	11	
	0083cde2	10	
	0083cdf0	11	
	0083cdfb	11	
	0083ce06	8	
	0083ce0e	10	
	0083ce20	11	
	0083ce2b	11	
	0083ce36	10	
	0083ce40	11	
	0083ce4b	11	
	0083ce56	10	
	0083ce60	11	
	0083ce6b	11	
	0083ce76	11	
	0083ce81	10	
	0083ce90	11	
	0083ce9b	10	
	0083ceb0	11	
	0083cebb	10	
	0083ced0	11	
	0083cedb	10	
	0083cef0	8	
	0083cef8	10	
	0083cf10	8	
	0083cf18	10	
	0083cf30	8	
	0083cf38	10	
	0083cf50	8	
	0083cf58	8	
	0083cf60	8	
	0083cf68	8	
	0083cf70	10	
	0083cf80	8	
	0083cf88	10	
	0083cfa0	8	
	0083cfa8	10	
	0083cfc0	8	
	0083cfc8	11	
	0083cfd3	14	
	0083cfe1	14	
	0083cfef	14	
	0083cffd	14	
	0083d00b	11	
	0083d016	14	
	0083d024	11	
	0083d02f	14	
	0083d03d	11	
	0083d048	14	
	0083d056	14	
	0083d064	10	
	0083d070	8	
	0083d078	14	
	0083d086	14	
	0083d094	14	
	0083d0a2	14	
	0083d0b0	14	
	0083d0be	14	
	0083d0cc	14	
	0083d0da	14	
	0083d0e8	14	
	0083d0f6	10	
	0083d100	8	
	0083d108	10	
	0083d120	8	
	0083d128	8	
	0083d130	8	
	0083d138	8	
	0083d140	10	
	0083d150	8	
	0083d158	8	
	0083d160	8	
	0083d168	8	
	0083d170	8	
	0083d178	8	
	0083d180	8	
	0083d188	11	
	0083d193	8	
	0083d19b	8	
	0083d1a3	8	
	0083d1ab	8	
	0083d1b3	10	
	0083d1c0	8	
	0083d1c8	8	
	0083d1d0	8	
	0083d1d8	8	
	0083d1e0	8	
	0083d1e8	8	
	0083d1f0	10	
	0083d200	8	
	0083d208	10	
	0083d220	8	
	0083d228	8	
	0083d230	8	
	0083d238	10	
	0083d250	8	
	0083d258	11	
	0083d263	11	
	0083d26e	11	
	0083d279	11	
	0083d284	10	
	0083d290	8	
	0083d298	8	
	0083d2a0	8	
	0083d2a8	8	
	0083d2b0	10	
	0083d2c0	8	
	0083d2c8	8	
	0083d2d0	10	
	0083d2e0	11	
	0083d2eb	10	
	0083d300	11	
	0083d30b	10	
	0083d320	8	
	0083d328	10	
	0083d340	8	
	0083d348	8	
	0083d350	10	
	0083d360	8	
	0083d368	10	
	0083d380	8	
	0083d388	8	
	0083d390	8	
	0083d398	8	
	0083d3a0	10	
	0083d3b0	11	
	0083d3bb	10	
	0083d3d0	8	
	0083d3d8	8	
	0083d3e0	10	
	0083d3f0	8	
	0083d3f8	10	
	0083d410	8	
	0083d418	11	
	0083d423	11	
	0083d42e	10	
	0083d440	8	
	0083d448	10	
	0083d460	8	
	0083d468	8	
	0083d470	10	
	0083d480	8	
	0083d488	10	
	0083d4a0	8	
	0083d4a8	14	
	0083d4b6	14	
	0083d4c4	11	
	0083d4cf	14	
	0083d4dd	10	
	0083d4f0	8	
	0083d4f8	14	
	0083d506	14	
	0083d514	14	
	0083d522	14	
	0083d530	10	
	0083d540	8	
	0083d548	8	
	0083d550	10	
	0083d560	8	
	0083d568	10	
	0083d580	8	
	0083d588	10	
	0083d5a0	8	
	0083d5a8	11	
	0083d5b3	10	
	0083d5c0	11	
	0083d5cb	11	
	0083d5d6	14	
	0083d5e4	11	
	0083d5ef	10	
	0083d600	14	
	0083d60e	8	
	0083d616	8	
	0083d61e	10	
	0083d630	14	
	0083d63e	8	
	0083d646	11	
	0083d651	8	
	0083d659	8	
	0083d661	10	
	0083d670	8	
	0083d678	8	
	0083d680	8	
	0083d688	8	
	0083d690	10	
	0083d6a0	14	
	0083d6ae	11	
	0083d6b9	14	
	0083d6c7	10	
	0083d6e0	11	
	0083d6eb	10	
	0083d700	8	
	0083d708	10	
	0083d720	8	
	0083d728	14	
	0083d736	14	
	0083d744	14	
	0083d752	10	
	0083d760	8	
	0083d768	14	
	0083d776	14	
	0083d784	14	
	0083d792	14	
	0083d7a0	10	
	0083d7b0	8	
	0083d7b8	10	
	0083d7d0	8	
	0083d7d8	8	
	0083d7e0	8	
	0083d7e8	8	
	0083d7f0	10	
	0083d800	8	
	0083d808	8	
	0083d810	8	
	0083d818	10	
	0083d830	8	
	0083d838	8	
	0083d840	10	
	0083d850	8	
	0083d858	10	
	0083d870	8	
	0083d878	10	
	0083d890	8	
	0083d898	11	
	0083d8a3	10	
	0083d8b0	8	
	0083d8b8	11	
	0083d8c3	10	
	0083d8d0	8	
	0083d8d8	14	
	0083d8e6	14	
	0083d8f4	10	
	0083d900	8	
	0083d908	14	
	0083d916	14	
	0083d924	10	
	0083d930	8	
	0083d938	10	
	0083d950	8	
	0083d958	10	
	0083d970	8	
	0083d978	8	
	0083d980	10	
	0083d990	8	
	0083d998	10	
	0083d9b0	8	
	0083d9b8	10	
	0083d9d0	8	
	0083d9d8	10	
	0083d9f0	8	
	0083d9f8	8	
	0083da00	8	
	0083da08	8	
	0083da10	8	
	0083da18	8	
	0083da20	8	
	0083da28	10	
	0083da40	11	
	0083da4b	10	
	0083da60	11	
	0083da6b	11	
	0083da76	11	
	0083da81	11	
	0083da8c	10	
	0083daa0	8	
	0083daa8	10	
	0083dac0	8	
	0083dac8	10	
	0083dae0	8	
	0083dae8	10	
	0083db00	8	
	0083db08	10	
	0083db20	8	
	0083db28	10	
	0083db40	8	
	0083db48	8	
	0083db50	10	
	0083db60	8	
	0083db68	10	
	0083db80	11	
	0083db8b	10	
	0083dba0	8	
	0083dba8	10	
	0083dbc0	8	
	0083dbc8	10	
	0083dbe0	8	
	0083dbe8	10	
	0083dc00	8	
	0083dc08	10	
	0083dc20	11	
	0083dc2b	10	
	0083dc40	8	
	0083dc48	14	
	0083dc56	11	
	0083dc61	14	
	0083dc6f	14	
	0083dc7d	14	
	0083dc8b	14	
	0083dc99	14	
	0083dca7	14	
	0083dcb5	10	
	0083dcc0	8	
	0083dcc8	14	
	0083dcd6	14	
	0083dce4	14	
	0083dcf2	14	
	0083dd00	14	
	0083dd0e	14	
	0083dd1c	14	
	0083dd2a	14	
	0083dd38	10	
	0083dd50	8	
	0083dd58	8	
	0083dd60	10	
	0083dd70	8	
	0083dd78	8	
	0083dd80	10	
	0083dd90	8	
	0083dd98	8	
	0083dda0	8	
	0083dda8	11	
	0083ddb3	10	
	0083ddc0	8	
	0083ddc8	11	
	0083ddd3	11	
	0083ddde	11	
	0083dde9	11	
	0083ddf4	10	
	0083de00	8	
	0083de08	10	
	0083de20	11	
	0083de2b	8	
	0083de33	11	
	0083de3e	14	
	0083de4c	8	
	0083de54	10	
	0083de60	8	
	0083de68	10	
	0083de80	8	
	0083de88	8	
	0083de90	23	
	0083dea7	10	
	0083dec0	8	
	0083dec8	10	
	0083dee0	8	
	0083dee8	11	
	0083def3	10	
	0083df00	11	
	0083df0b	10	
	0083df20	11	
	0083df2b	10	
	0083df40	11	
	0083df4b	10	
	0083df60	8	
	0083df68	14	
	0083df76	14	
	0083df84	10	
	0083df90	8	
	0083df98	14	
	0083dfa6	14	
	0083dfb4	14	
	0083dfc2	8	
	0083dfca	10	
	0083dfe0	8	
	0083dfe8	8	
	0083dff0	10	
	0083e000	11	
	0083e00b	10	
	0083e020	26	
	0083e03a	11	
	0083e045	11	
	0083e050	11	
	0083e05b	8	
	0083e063	14	
	0083e071	8	
	0083e079	11	
	0083e084	10	
	0083e090	8	
	0083e098	10	
	0083e0b0	8	
	0083e0b8	14	
	0083e0c6	14	
	0083e0d4	10	
	0083e0e0	8	
	0083e0e8	14	
	0083e0f6	14	
	0083e104	10	
	0083e110	8	
	0083e118	10	
	0083e130	8	
	0083e138	10	
	0083e150	8	
	0083e158	10	
	0083e170	8	
	0083e178	8	
	0083e180	8	
	0083e188	11	
	0083e193	10	
	0083e1a0	11	
	0083e1ab	8	
	0083e1b3	10	
	0083e1c0	8	
	0083e1c8	10	
	0083e1e0	8	
	0083e1e8	11	
	0083e1f3	10	
	0083e200	8	
	0083e208	10	
	0083e220	8	
	0083e228	11	
	0083e233	11	
	0083e23e	14	
	0083e24c	10	
	0083e260	8	
	0083e268	11	
	0083e273	11	
	0083e27e	14	
	0083e28c	14	
	0083e29a	10	
	0083e2b0	8	
	0083e2b8	8	
	0083e2c0	8	
	0083e2c8	10	
	0083e2e0	11	
	0083e2eb	10	
	0083e300	8	
	0083e308	8	
	0083e310	8	
	0083e318	10	
	0083e330	8	
	0083e338	10	
	0083e350	8	
	0083e358	10	
	0083e370	11	
	0083e37b	10	
	0083e390	11	
	0083e39b	11	
	0083e3a6	11	
	0083e3b1	11	
	0083e3bc	11	
	0083e3c7	11	
	0083e3d2	10	
	0083e3e0	11	
	0083e3eb	11	
	0083e3f6	11	
	0083e401	11	
	0083e40c	10	
	0083e420	8	
	0083e428	10	
	0083e440	26	
	0083e45a	11	
	0083e465	11	
	0083e470	11	
	0083e47b	8	
	0083e483	11	
	0083e48e	8	
	0083e496	8	
	0083e49e	11	
	0083e4a9	11	
	0083e4b4	14	
	0083e4c2	11	
	0083e4cd	14	
	0083e4db	10	
	0083e4f0	11	
	0083e4fb	10	
	0083e510	11	
	0083e51b	10	
	0083e530	8	
	0083e538	10	
	0083e550	8	
	0083e558	10	
	0083e570	8	
	0083e578	10	
	0083e590	11	
	0083e59b	10	
	0083e5b0	8	
	0083e5b8	8	
	0083e5c0	8	
	0083e5c8	11	
	0083e5d3	10	
	0083e5e0	11	
	0083e5eb	10	
	0083e600	8	
	0083e608	8	
	0083e610	8	
	0083e618	10	
	0083e630	8	
	0083e638	8	
	0083e640	10	
	0083e650	11	
	0083e65b	10	
	0083e670	11	
	0083e67b	10	
	0083e690	8	
	0083e698	10	
	0083e6b0	11	
	0083e6bb	8	
	0083e6c3	8	
	0083e6cb	8	
	0083e6d3	8	
	0083e6db	10	
	0083e6f0	8	
	0083e6f8	10	
	0083e710	8	
	0083e718	8	
	0083e720	8	
	0083e728	8	
	0083e730	11	
	0083e73b	11	
	0083e746	11	
	0083e751	10	
	0083e760	8	
	0083e768	10	
	0083e780	8	
	0083e788	10	
	0083e7a0	8	
	0083e7a8	10	
	0083e7c0	8	
	0083e7c8	8	
	0083e7d0	8	
	0083e7d8	8	
	0083e7e0	10	
	0083e7f0	8	
	0083e7f8	10	
	0083e810	8	
	0083e818	8	
	0083e820	8	
	0083e828	10	
	0083e840	11	
	0083e84b	10	
	0083e860	8	
	0083e868	10	
	0083e880	8	
	0083e888	8	
	0083e890	8	
	0083e898	8	
	0083e8a0	8	
	0083e8a8	8	
	0083e8b0	10	
	0083e8c0	8	
	0083e8c8	8	
	0083e8d0	10	
	0083e8e0	8	
	0083e8e8	8	
	0083e8f0	8	
	0083e8f8	11	
	0083e903	11	
	0083e90e	11	
	0083e919	10	
	0083e930	11	
	0083e93b	11	
	0083e946	11	
	0083e951	11	
	0083e95c	11	
	0083e967	10	
	0083e980	8	
	0083e988	10	
	0083e9a0	8	
	0083e9a8	8	
	0083e9b0	8	
	0083e9b8	8	
	0083e9c0	10	
	0083e9d0	11	
	0083e9db	11	
	0083e9e6	11	
	0083e9f1	10	
	0083ea00	11	
	0083ea0b	10	
	0083ea20	8	
	0083ea28	8	
	0083ea30	8	
	0083ea38	10	
	0083ea50	8	
	0083ea58	10	
	0083ea70	8	
	0083ea78	10	
	0083ea90	8	
	0083ea98	11	
	0083eaa3	11	
	0083eaae	11	
	0083eab9	10	
	0083ead0	8	
	0083ead8	8	
	0083eae0	8	
	0083eae8	8	
	0083eaf0	8	
	0083eaf8	10	
	0083eb10	8	
	0083eb18	8	
	0083eb20	8	
	0083eb28	10	
	0083eb40	8	
	0083eb48	10	
	0083eb60	8	
	0083eb68	10	
	0083eb80	8	
	0083eb88	10	
	0083eba0	14	
	0083ebae	8	
	0083ebb6	11	
	0083ebc1	11	
	0083ebcc	11	
	0083ebd7	11	
	0083ebe2	8	
	0083ebea	8	
	0083ebf2	11	
	0083ebfd	11	
	0083ec08	11	
	0083ec13	11	
	0083ec1e	11	
	0083ec29	8	
	0083ec31	8	
	0083ec39	8	
	0083ec41	14	
	0083ec4f	14	
	0083ec5d	10	
	0083ec70	11	
	0083ec7b	10	
	0083ec90	11	
	0083ec9b	10	
	0083ecb0	8	
	0083ecb8	8	
	0083ecc0	8	
	0083ecc8	8	
	0083ecd0	8	
	0083ecd8	10	
	0083ecf0	8	
	0083ecf8	10	
	0083ed10	8	
	0083ed18	8	
	0083ed20	8	
	0083ed28	8	
	0083ed30	8	
	0083ed38	10	
	0083ed50	8	
	0083ed58	8	
	0083ed60	10	
	0083ed70	8	
	0083ed78	8	
	0083ed80	10	
	0083ed90	8	
	0083ed98	11	
	0083eda3	11	
	0083edae	11	
	0083edb9	10	
	0083edd0	8	
	0083edd8	11	
	0083ede3	10	
	0083edf0	8	
	0083edf8	10	
	0083ee10	11	
	0083ee1b	10	
	0083ee30	8	
	0083ee38	10	
	0083ee50	11	
	0083ee5b	11	
	0083ee66	11	
	0083ee71	11	
	0083ee7c	11	
	0083ee87	11	
	0083ee92	11	
	0083ee9d	24	
	0083eeb5	14	
	0083eec3	10	
	0083eed0	11	
	0083eedb	11	
	0083eee6	11	
	0083eef1	11	
	0083eefc	11	
	0083ef07	11	
	0083ef12	11	
	0083ef1d	24	
	0083ef35	14	
	0083ef43	10	
	0083ef50	8	
	0083ef58	10	
	0083ef70	8	
	0083ef78	8	
	0083ef80	8	
	0083ef88	8	
	0083ef90	8	
	0083ef98	8	
	0083efa0	8	
	0083efa8	8	
	0083efb0	14	
	0083efbe	14	
	0083efcc	14	
	0083efda	11	
	0083efe5	11	
	0083eff0	11	
	0083effb	8	
	0083f003	11	
	0083f00e	11	
	0083f019	11	
	0083f024	8	
	0083f02c	11	
	0083f037	11	
	0083f042	11	
	0083f04d	8	
	0083f055	11	
	0083f060	11	
	0083f06b	11	
	0083f076	11	
	0083f081	11	
	0083f08c	11	
	0083f097	11	
	0083f0a2	11	
	0083f0ad	11	
	0083f0b8	11	
	0083f0c3	11	
	0083f0ce	11	
	0083f0d9	11	
	0083f0e4	11	
	0083f0ef	11	
	0083f0fa	11	
	0083f105	11	
	0083f110	11	
	0083f11b	11	
	0083f126	11	
	0083f131	11	
	0083f13c	11	
	0083f147	11	
	0083f152	11	
	0083f15d	10	
	0083f170	8	
	0083f178	8	
	0083f180	8	
	0083f188	8	
	0083f190	8	
	0083f198	8	
	0083f1a0	8	
	0083f1a8	8	
	0083f1b0	10	
	0083f1c0	8	
	0083f1c8	8	
	0083f1d0	8	
	0083f1d8	8	
	0083f1e0	8	
	0083f1e8	8	
	0083f1f0	8	
	0083f1f8	8	
	0083f200	8	
	0083f208	10	
	0083f220	8	
	0083f228	8	
	0083f230	8	
	0083f238	8	
	0083f240	8	
	0083f248	8	
	0083f250	8	
	0083f258	8	
	0083f260	10	
	0083f270	8	
	0083f278	10	
	0083f290	8	
	0083f298	10	
	0083f2b0	8	
	0083f2b8	11	
	0083f2c3	10	
	0083f2d0	8	
	0083f2d8	11	
	0083f2e3	10	
	0083f2f0	8	
	0083f2f8	11	
	0083f303	10	
	0083f310	8	
	0083f318	8	
	0083f320	8	
	0083f328	10	
	0083f340	8	
	0083f348	11	
	0083f353	8	
	0083f35b	11	
	0083f366	11	
	0083f371	10	
	0083f380	8	
	0083f388	8	
	0083f390	10	
	0083f3a0	8	
	0083f3a8	10	
	0083f3c0	8	
	0083f3c8	10	
	0083f3e0	11	
	0083f3eb	8	
	0083f3f3	11	
	0083f3fe	8	
	0083f406	11	
	0083f411	11	
	0083f41c	8	
	0083f424	11	
	0083f42f	11	
	0083f43a	8	
	0083f442	11	
	0083f44d	10	
	0083f460	8	
	0083f468	10	
	0083f480	8	
	0083f488	8	
	0083f490	8	
	0083f498	8	
	0083f4a0	8	
	0083f4a8	8	
	0083f4b0	8	
	0083f4b8	10	
	0083f4d0	8	
	0083f4d8	10	
	0083f4f0	11	
	0083f4fb	11	
	0083f506	11	
	0083f511	11	
	0083f51c	11	
	0083f527	10	
	0083f540	8	
	0083f548	10	
	0083f560	8	
	0083f568	8	
	0083f570	10	
	0083f580	11	
	0083f58b	11	
	0083f596	11	
	0083f5a1	11	
	0083f5ac	11	
	0083f5b7	11	
	0083f5c2	11	
	0083f5cd	11	
	0083f5d8	11	
	0083f5e3	11	
	0083f5ee	11	
	0083f5f9	11	
	0083f604	11	
	0083f60f	11	
	0083f61a	11	
	0083f625	10	
	0083f630	8	
	0083f638	10	
	0083f650	8	
	0083f658	8	
	0083f660	8	
	0083f668	8	
	0083f670	8	
	0083f678	10	
	0083f690	11	
	0083f69b	11	
	0083f6a6	11	
	0083f6b1	10	
	0083f6c0	8	
	0083f6c8	8	
	0083f6d0	8	
	0083f6d8	10	
	0083f6f0	11	
	0083f6fb	11	
	0083f706	8	
	0083f70e	8	
	0083f716	8	
	0083f71e	8	
	0083f726	11	
	0083f731	8	
	0083f739	11	
	0083f744	11	
	0083f74f	8	
	0083f757	8	
	0083f75f	8	
	0083f767	8	
	0083f76f	8	
	0083f777	8	
	0083f77f	8	
	0083f787	8	
	0083f78f	11	
	0083f79a	10	
	0083f7b0	8	
	0083f7b8	8	
	0083f7c0	8	
	0083f7c8	10	
	0083f7e0	8	
	0083f7e8	8	
	0083f7f0	8	
	0083f7f8	10	
	0083f810	8	
	0083f818	10	
	0083f830	8	
	0083f838	8	
	0083f840	8	
	0083f848	8	
	0083f850	8	
	0083f858	8	
	0083f860	8	
	0083f868	8	
	0083f870	8	
	0083f878	8	
	0083f880	8	
	0083f888	8	
	0083f890	8	
	0083f898	8	
	0083f8a0	8	
	0083f8a8	8	
	0083f8b0	8	
	0083f8b8	8	
	0083f8c0	8	
	0083f8c8	8	
	0083f8d0	8	
	0083f8d8	8	
	0083f8e0	8	
	0083f8e8	8	
	0083f8f0	8	
	0083f8f8	8	
	0083f900	10	
	0083f910	8	
	0083f918	23	
	0083f92f	10	
	0083f940	8	
	0083f948	8	
	0083f950	8	
	0083f958	8	
	0083f960	10	
	0083f970	8	
	0083f978	8	
	0083f980	8	
	0083f988	8	
	0083f990	8	
	0083f998	8	
	0083f9a0	8	
	0083f9a8	10	
	0083f9c0	8	
	0083f9c8	8	
	0083f9d0	8	
	0083f9d8	8	
	0083f9e0	10	
	0083f9f0	8	
	0083f9f8	10	
	0083fa10	8	
	0083fa18	10	
	0083fa30	8	
	0083fa38	8	
	0083fa40	10	
	0083fa50	8	
	0083fa58	8	
	0083fa60	8	
	0083fa68	10	
	0083fa80	8	
	0083fa88	10	
	0083faa0	11	
	0083faab	11	
	0083fab6	11	
	0083fac1	11	
	0083facc	11	
	0083fad7	11	
	0083fae2	11	
	0083faed	11	
	0083faf8	11	
	0083fb03	11	
	0083fb0e	11	
	0083fb19	11	
	0083fb24	11	
	0083fb2f	11	
	0083fb3a	11	
	0083fb45	11	
	0083fb50	11	
	0083fb5b	11	
	0083fb66	11	
	0083fb71	11	
	0083fb7c	11	
	0083fb87	11	
	0083fb92	11	
	0083fb9d	11	
	0083fba8	11	
	0083fbb3	11	
	0083fbbe	11	
	0083fbc9	11	
	0083fbd4	11	
	0083fbdf	11	
	0083fbea	11	
	0083fbf5	11	
	0083fc00	11	
	0083fc0b	11	
	0083fc16	11	
	0083fc21	11	
	0083fc2c	11	
	0083fc37	11	
	0083fc42	11	
	0083fc4d	11	
	0083fc58	11	
	0083fc63	11	
	0083fc6e	11	
	0083fc79	11	
	0083fc84	11	
	0083fc8f	11	
	0083fc9a	11	
	0083fca5	11	
	0083fcb0	11	
	0083fcbb	11	
	0083fcc6	11	
	0083fcd1	11	
	0083fcdc	11	
	0083fce7	11	
	0083fcf2	11	
	0083fcfd	11	
	0083fd08	11	
	0083fd13	11	
	0083fd1e	11	
	0083fd29	11	
	0083fd34	10	
	0083fd40	23	
	0083fd57	23	
	0083fd6e	23	
	0083fd85	10	
	0083fd90	8	
	0083fd98	24	
	0083fdb0	11	
	0083fdbb	14	
	0083fdc9	24	
	0083fde1	24	
	0083fdf9	24	
	0083fe11	10	
	0083fe20	11	
	0083fe2b	10	
	0083fe40	11	
	0083fe4b	10	
	0083fe60	8	
	0083fe68	24	
	0083fe80	14	
	0083fe8e	24	
	0083fea6	24	
	0083febe	24	
	0083fed6	24	
	0083feee	10	
	0083ff00	8	
	0083ff08	8	
	0083ff10	8	
	0083ff18	10	
	0083ff30	8	
	0083ff38	8	
	0083ff40	10	
	0083ff50	8	
	0083ff58	8	
	0083ff60	8	
	0083ff68	8	
	0083ff70	8	
	0083ff78	8	
	0083ff80	8	
	0083ff88	8	
	0083ff90	8	
	0083ff98	8	
	0083ffa0	8	
	0083ffa8	8	
	0083ffb0	8	
	0083ffb8	8	
	0083ffc0	8	
	0083ffc8	8	
	0083ffd0	8	
	0083ffd8	10	
	0083fff0	8	
	0083fff8	8	
	00840000	8	
	00840008	8	
	00840010	8	
	00840018	8	
	00840020	8	
	00840028	8	
	00840030	8	
	00840038	8	
	00840040	8	
	00840048	10	
	00840060	8	
	00840068	8	
	00840070	8	
	00840078	8	
	00840080	8	
	00840088	8	
	00840090	8	
	00840098	10	
	008400b0	8	
	008400b8	8	
	008400c0	8	
	008400c8	8	
	008400d0	8	
	008400d8	8	
	008400e0	8	
	008400e8	8	
	008400f0	8	
	008400f8	8	
	00840100	8	
	00840108	8	
	00840110	8	
	00840118	8	
	00840120	8	
	00840128	8	
	00840130	8	
	00840138	8	
	00840140	10	
	00840150	8	
	00840158	8	
	00840160	8	
	00840168	23	
	0084017f	10	
	00840190	8	
	00840198	8	
	008401a0	8	
	008401a8	8	
	008401b0	8	
	008401b8	11	
	008401c3	10	
	008401d0	8	
	008401d8	8	
	008401e0	8	
	008401e8	10	
	00840200	8	
	00840208	8	
	00840210	8	
	00840218	8	
	00840220	8	
	00840228	8	
	00840230	10	
	00840240	8	
	00840248	8	
	00840250	8	
	00840258	10	
	00840270	11	
	0084027b	8	
	00840283	8	
	0084028b	8	
	00840293	8	
	0084029b	8	
	008402a3	8	
	008402ab	10	
	008402c0	8	
	008402c8	8	
	008402d0	8	
	008402d8	8	
	008402e0	8	
	008402e8	8	
	008402f0	8	
	008402f8	8	
	00840300	8	
	00840308	8	
	00840310	8	
	00840318	8	
	00840320	8	
	00840328	8	
	00840330	8	
	00840338	8	
	00840340	8	
	00840348	8	
	00840350	8	
	00840358	8	
	00840360	8	
	00840368	8	
	00840370	8	
	00840378	8	
	00840380	8	
	00840388	8	
	00840390	8	
	00840398	10	
	008403b0	8	
	008403b8	10	
	008403d0	8	
	008403d8	8	
	008403e0	10	
	008403f0	8	
	008403f8	8	
	00840400	8	
	00840408	8	
	00840410	8	
	00840418	8	
	00840420	10	
	00840430	8	
	00840438	8	
	00840440	10	
	00840450	11	
	0084045b	8	
	00840463	8	
	0084046b	8	
	00840473	11	
	0084047e	11	
	00840489	11	
	00840494	11	
	0084049f	8	
	008404a7	8	
	008404af	8	
	008404b7	11	
	008404c2	11	
	008404cd	8	
	008404d5	10	
	008404e0	8	
	008404e8	8	
	008404f0	8	
	008404f8	8	
	00840500	8	
	00840508	8	
	00840510	8	
	00840518	8	
	00840520	8	
	00840528	8	
	00840530	8	
	00840538	8	
	00840540	8	
	00840548	8	
	00840550	8	
	00840558	8	
	00840560	8	
	00840568	8	
	00840570	8	
	00840578	8	
	00840580	8	
	00840588	8	
	00840590	8	
	00840598	8	
	008405a0	8	
	008405a8	8	
	008405b0	8	
	008405b8	10	
	008405d0	8	
	008405d8	8	
	008405e0	8	
	008405e8	10	
	00840600	8	
	00840608	8	
	00840610	8	
	00840618	8	
	00840620	8	
	00840628	10	
	00840640	8	
	00840648	8	
	00840650	8	
	00840658	8	
	00840660	8	
	00840668	8	
	00840670	8	
	00840678	10	
	00840690	8	
	00840698	8	
	008406a0	10	
	008406b0	8	
	008406b8	10	
	008406d0	8	
	008406d8	8	
	008406e0	10	
	008406f0	8	
	008406f8	8	
	00840700	8	
	00840708	8	
	00840710	8	
	00840718	8	
	00840720	8	
	00840728	8	
	00840730	8	
	00840738	10	
	00840750	8	
	00840758	8	
	00840760	8	
	00840768	8	
	00840770	10	
	00840780	8	
	00840788	8	
	00840790	8	
	00840798	8	
	008407a0	10	
	008407b0	8	
	008407b8	8	
	008407c0	8	
	008407c8	8	
	008407d0	10	
	008407e0	8	
	008407e8	8	
	008407f0	8	
	008407f8	8	
	00840800	10	
	00840810	8	
	00840818	10	
	00840830	8	
	00840838	8	
	00840840	8	
	00840848	8	
	00840850	8	
	00840858	10	
	00840870	8	
	00840878	8	
	00840880	10	
	00840890	8	
	00840898	10	
	008408b0	8	
	008408b8	10	
	008408d0	8	
	008408d8	10	
	008408f0	11	
	008408fb	11	
	00840906	11	
	00840911	11	
	0084091c	11	
	00840927	22	
	0084093d	11	
	00840948	11	
	00840953	11	
	0084095e	11	
	00840969	11	
	00840974	11	
	0084097f	11	
	0084098a	11	
	00840995	10	
	008409a0	8	
	008409a8	14	
	008409b6	14	
	008409c4	10	
	008409d0	8	
	008409d8	14	
	008409e6	14	
	008409f4	14	
	00840a02	10	
	00840a10	8	
	00840a18	10	
	00840a30	8	
	00840a38	8	
	00840a40	8	
	00840a48	8	
	00840a50	10	
	00840a60	8	
	00840a68	10	
	00840a80	8	
	00840a88	10	
	00840aa0	8	
	00840aa8	10	
	00840ac0	8	
	00840ac8	11	
	00840ad3	8	
	00840adb	11	
	00840ae6	8	
	00840aee	8	
	00840af6	8	
	00840afe	10	
	00840b10	8	
	00840b18	10	
	00840b30	11	
	00840b3b	10	
	00840b50	11	
	00840b5b	10	
	00840b70	8	
	00840b78	10	
	00840b90	8	
	00840b98	14	
	00840ba6	10	
	00840bb0	11	
	00840bbb	11	
	00840bc6	10	
	00840bd0	8	
	00840bd8	10	
	00840bf0	8	
	00840bf8	10	
	00840c10	8	
	00840c18	10	
	00840c30	8	
	00840c38	10	
	00840c50	8	
	00840c58	14	
	00840c66	10	
	00840c70	8	
	00840c78	14	
	00840c86	14	
	00840c94	10	
	00840ca0	8	
	00840ca8	8	
	00840cb0	8	
	00840cb8	8	
	00840cc0	10	
	00840cd0	11	
	00840cdb	11	
	00840ce6	11	
	00840cf1	11	
	00840cfc	11	
	00840d07	10	
	00840d20	8	
	00840d28	10	
	00840d40	11	
	00840d4b	8	
	00840d53	11	
	00840d5e	11	
	00840d69	11	
	00840d74	11	
	00840d7f	11	
	00840d8a	11	
	00840d95	8	
	00840d9d	11	
	00840da8	11	
	00840db3	11	
	00840dbe	8	
	00840dc6	11	
	00840dd1	11	
	00840ddc	11	
	00840de7	11	
	00840df2	8	
	00840dfa	11	
	00840e05	11	
	00840e10	11	
	00840e1b	8	
	00840e23	11	
	00840e2e	8	
	00840e36	11	
	00840e41	11	
	00840e4c	8	
	00840e54	11	
	00840e5f	11	
	00840e6a	8	
	00840e72	11	
	00840e7d	11	
	00840e88	11	
	00840e93	11	
	00840e9e	11	
	00840ea9	11	
	00840eb4	11	
	00840ebf	11	
	00840eca	11	
	00840ed5	11	
	00840ee0	11	
	00840eeb	11	
	00840ef6	11	
	00840f01	11	
	00840f0c	11	
	00840f17	11	
	00840f22	8	
	00840f2a	8	
	00840f32	8	
	00840f3a	8	
	00840f42	8	
	00840f4a	11	
	00840f55	10	
	00840f60	8	
	00840f68	8	
	00840f70	8	
	00840f78	8	
	00840f80	8	
	00840f88	8	
	00840f90	8	
	00840f98	8	
	00840fa0	8	
	00840fa8	10	
	00840fc0	8	
	00840fc8	8	
	00840fd0	8	
	00840fd8	8	
	00840fe0	8	
	00840fe8	8	
	00840ff0	8	
	00840ff8	8	
	00841000	8	
	00841008	8	
	00841010	8	
	00841018	8	
	00841020	8	
	00841028	8	
	00841030	8	
	00841038	8	
	00841040	10	
	00841050	8	
	00841058	8	
	00841060	10	
	00841070	11	
	0084107b	11	
	00841086	10	
	00841090	11	
	0084109b	8	
	008410a3	8	
	008410ab	8	
	008410b3	8	
	008410bb	8	
	008410c3	11	
	008410ce	10	
	008410e0	8	
	008410e8	8	
	008410f0	8	
	008410f8	8	
	00841100	8	
	00841108	8	
	00841110	8	
	00841118	8	
	00841120	8	
	00841128	10	
	00841140	8	
	00841148	8	
	00841150	8	
	00841158	8	
	00841160	8	
	00841168	8	
	00841170	10	
	00841180	8	
	00841188	8	
	00841190	8	
	00841198	10	
	008411b0	8	
	008411b8	8	
	008411c0	8	
	008411c8	8	
	008411d0	10	
	008411e0	8	
	008411e8	8	
	008411f0	10	
	00841200	8	
	00841208	8	
	00841210	8	
	00841218	8	
	00841220	10	
	00841230	8	
	00841238	8	
	00841240	8	
	00841248	8	
	00841250	8	
	00841258	8	
	00841260	8	
	00841268	8	
	00841270	8	
	00841278	8	
	00841280	8	
	00841288	8	
	00841290	10	
	008412a0	11	
	008412ab	8	
	008412b3	11	
	008412be	23	
	008412d5	11	
	008412e0	11	
	008412eb	8	
	008412f3	8	
	008412fb	8	
	00841303	8	
	0084130b	8	
	00841313	8	
	0084131b	8	
	00841323	8	
	0084132b	8	
	00841333	10	
	00841340	8	
	00841348	8	
	00841350	8	
	00841358	10	
	00841370	11	
	0084137b	11	
	00841386	11	
	00841391	11	
	0084139c	11	
	008413a7	11	
	008413b2	11	
	008413bd	11	
	008413c8	11	
	008413d3	11	
	008413de	11	
	008413e9	11	
	008413f4	11	
	008413ff	11	
	0084140a	11	
	00841415	10	
	00841420	8	
	00841428	10	
	00841440	8	
	00841448	10	
	00841460	11	
	0084146b	10	
	00841480	11	
	0084148b	10	
	008414a0	8	
	008414a8	11	
	008414b3	10	
	008414c0	8	
	008414c8	8	
	008414d0	8	
	008414d8	8	
	008414e0	10	
	008414f0	11	
	008414fb	8	
	00841503	8	
	0084150b	8	
	00841513	10	
	00841520	8	
	00841528	14	
	00841536	14	
	00841544	14	
	00841552	14	
	00841560	10	
	00841570	8	
	00841578	14	
	00841586	14	
	00841594	14	
	008415a2	10	
	008415b0	8	
	008415b8	8	
	008415c0	8	
	008415c8	10	
	008415e0	8	
	008415e8	10	
	00841600	8	
	00841608	8	
	00841610	8	
	00841618	10	
	00841630	8	
	00841638	8	
	00841640	10	
	00841650	8	
	00841658	8	
	00841660	8	
	00841668	8	
	00841670	8	
	00841678	10	
	00841690	8	
	00841698	10	
	008416b0	8	
	008416b8	8	
	008416c0	8	
	008416c8	10	
	008416e0	8	
	008416e8	8	
	008416f0	8	
	008416f8	10	
	00841710	8	
	00841718	8	
	00841720	10	
	00841730	8	
	00841738	8	
	00841740	10	
	00841750	11	
	0084175b	10	
	00841770	11	
	0084177b	10	
	00841790	11	
	0084179b	11	
	008417a6	11	
	008417b1	11	
	008417bc	11	
	008417c7	11	
	008417d2	11	
	008417dd	11	
	008417e8	11	
	008417f3	11	
	008417fe	11	
	00841809	10	
	00841820	8	
	00841828	24	
	00841840	14	
	0084184e	14	
	0084185c	14	
	0084186a	14	
	00841878	14	
	00841886	14	
	00841894	14	
	008418a2	10	
	008418b0	8	
	008418b8	11	
	008418c3	11	
	008418ce	10	
	008418e0	8	
	008418e8	11	
	008418f3	11	
	008418fe	10	
	00841910	8	
	00841918	24	
	00841930	14	
	0084193e	14	
	0084194c	14	
	0084195a	14	
	00841968	14	
	00841976	14	
	00841984	14	
	00841992	14	
	008419a0	10	
	008419b0	8	
	008419b8	10	
	008419d0	11	
	008419db	11	
	008419e6	11	
	008419f1	11	
	008419fc	11	
	00841a07	11	
	00841a12	11	
	00841a1d	11	
	00841a28	11	
	00841a33	11	
	00841a3e	11	
	00841a49	11	
	00841a54	11	
	00841a5f	11	
	00841a6a	11	
	00841a75	11	
	00841a80	11	
	00841a8b	11	
	00841a96	11	
	00841aa1	10	
	00841ab0	8	
	00841ab8	8	
	00841ac0	8	
	00841ac8	8	
	00841ad0	8	
	00841ad8	8	
	00841ae0	8	
	00841ae8	8	
	00841af0	8	
	00841af8	8	
	00841b00	8	
	00841b08	8	
	00841b10	8	
	00841b18	8	
	00841b20	8	
	00841b28	8	
	00841b30	8	
	00841b38	8	
	00841b40	8	
	00841b48	8	
	00841b50	8	
	00841b58	8	
	00841b60	8	
	00841b68	8	
	00841b70	8	
	00841b78	8	
	00841b80	8	
	00841b88	8	
	00841b90	8	
	00841b98	8	
	00841ba0	8	
	00841ba8	8	
	00841bb0	8	
	00841bb8	8	
	00841bc0	8	
	00841bc8	8	
	00841bd0	8	
	00841bd8	8	
	00841be0	8	
	00841be8	8	
	00841bf0	8	
	00841bf8	8	
	00841c00	8	
	00841c08	8	
	00841c10	8	
	00841c18	8	
	00841c20	8	
	00841c28	8	
	00841c30	8	
	00841c38	8	
	00841c40	8	
	00841c48	10	
	00841c60	8	
	00841c68	8	
	00841c70	8	
	00841c78	8	
	00841c80	8	
	00841c88	8	
	00841c90	8	
	00841c98	8	
	00841ca0	8	
	00841ca8	8	
	00841cb0	8	
	00841cb8	8	
	00841cc0	8	
	00841cc8	8	
	00841cd0	8	
	00841cd8	8	
	00841ce0	8	
	00841ce8	10	
	00841d00	8	
	00841d08	8	
	00841d10	8	
	00841d18	8	
	00841d20	8	
	00841d28	8	
	00841d30	8	
	00841d38	8	
	00841d40	8	
	00841d48	8	
	00841d50	8	
	00841d58	8	
	00841d60	8	
	00841d68	8	
	00841d70	10	
	00841d80	8	
	00841d88	10	
	00841da0	8	
	00841da8	8	
	00841db0	8	
	00841db8	8	
	00841dc0	8	
	00841dc8	10	
	00841de0	8	
	00841de8	8	
	00841df0	10	
	00841e00	8	
	00841e08	11	
	00841e13	11	
	00841e1e	8	
	00841e26	8	
	00841e2e	8	
	00841e36	8	
	00841e3e	8	
	00841e46	8	
	00841e4e	8	
	00841e56	11	
	00841e61	11	
	00841e6c	11	
	00841e77	11	
	00841e82	11	
	00841e8d	11	
	00841e98	11	
	00841ea3	11	
	00841eae	11	
	00841eb9	10	
	00841ed0	8	
	00841ed8	10	
	00841ef0	8	
	00841ef8	8	
	00841f00	8	
	00841f08	8	
	00841f10	8	
	00841f18	8	
	00841f20	8	
	00841f28	8	
	00841f30	8	
	00841f38	10	
	00841f50	8	
	00841f58	8	
	00841f60	10	
	00841f70	8	
	00841f78	10	
	00841f90	8	
	00841f98	8	
	00841fa0	8	
	00841fa8	8	
	00841fb0	8	
	00841fb8	10	
	00841fd0	11	
	00841fdb	11	
	00841fe6	11	
	00841ff1	11	
	00841ffc	11	
	00842007	11	
	00842012	11	
	0084201d	11	
	00842028	11	
	00842033	11	
	0084203e	11	
	00842049	11	
	00842054	11	
	0084205f	11	
	0084206a	11	
	00842075	11	
	00842080	11	
	0084208b	11	
	00842096	11	
	008420a1	11	
	008420ac	11	
	008420b7	11	
	008420c2	11	
	008420cd	11	
	008420d8	11	
	008420e3	11	
	008420ee	11	
	008420f9	11	
	00842104	11	
	0084210f	11	
	0084211a	11	
	00842125	11	
	00842130	11	
	0084213b	11	
	00842146	11	
	00842151	11	
	0084215c	11	
	00842167	11	
	00842172	11	
	0084217d	11	
	00842188	11	
	00842193	11	
	0084219e	11	
	008421a9	11	
	008421b4	11	
	008421bf	11	
	008421ca	11	
	008421d5	11	
	008421e0	11	
	008421eb	11	
	008421f6	10	
	00842200	8	
	00842208	8	
	00842210	11	
	0084221b	10	
	00842230	8	
	00842238	10	
	00842250	8	
	00842258	10	
	00842270	8	
	00842278	8	
	00842280	10	
	00842290	8	
	00842298	8	
	008422a0	10	
	008422b0	8	
	008422b8	8	
	008422c0	8	
	008422c8	10	
	008422e0	8	
	008422e8	8	
	008422f0	8	
	008422f8	11	
	00842303	8	
	0084230b	8	
	00842313	8	
	0084231b	8	
	00842323	8	
	0084232b	8	
	00842333	11	
	0084233e	10	
	00842350	11	
	0084235b	11	
	00842366	11	
	00842371	11	
	0084237c	11	
	00842387	11	
	00842392	11	
	0084239d	11	
	008423a8	11	
	008423b3	11	
	008423be	11	
	008423c9	11	
	008423d4	11	
	008423df	11	
	008423ea	11	
	008423f5	11	
	00842400	11	
	0084240b	11	
	00842416	11	
	00842421	11	
	0084242c	11	
	00842437	11	
	00842442	11	
	0084244d	11	
	00842458	11	
	00842463	11	
	0084246e	11	
	00842479	11	
	00842484	11	
	0084248f	11	
	0084249a	11	
	008424a5	11	
	008424b0	11	
	008424bb	11	
	008424c6	11	
	008424d1	11	
	008424dc	11	
	008424e7	11	
	008424f2	11	
	008424fd	11	
	00842508	10	
	00842520	8	
	00842528	8	
	00842530	11	
	0084253b	10	
	00842550	8	
	00842558	8	
	00842560	10	
	00842570	8	
	00842578	8	
	00842580	8	
	00842588	10	
	008425a0	8	
	008425a8	8	
	008425b0	10	
	008425c0	8	
	008425c8	11	
	008425d3	8	
	008425db	11	
	008425e6	10	
	008425f0	11	
	008425fb	11	
	00842606	11	
	00842611	11	
	0084261c	10	
	00842630	11	
	0084263b	8	
	00842643	8	
	0084264b	11	
	00842656	8	
	0084265e	8	
	00842666	8	
	0084266e	11	
	00842679	8	
	00842681	8	
	00842689	8	
	00842691	11	
	0084269c	8	
	008426a4	11	
	008426af	11	
	008426ba	8	
	008426c2	11	
	008426cd	8	
	008426d5	8	
	008426dd	11	
	008426e8	10	
	00842700	8	
	00842708	8	
	00842710	8	
	00842718	8	
	00842720	8	
	00842728	8	
	00842730	8	
	00842738	8	
	00842740	8	
	00842748	8	
	00842750	8	
	00842758	8	
	00842760	8	
	00842768	8	
	00842770	8	
	00842778	8	
	00842780	8	
	00842788	8	
	00842790	10	
	008427a0	8	
	008427a8	8	
	008427b0	8	
	008427b8	8	
	008427c0	8	
	008427c8	8	
	008427d0	10	
	008427e0	8	
	008427e8	10	
	00842800	8	
	00842808	8	
	00842810	8	
	00842818	10	
	00842830	8	
	00842838	8	
	00842840	8	
	00842848	8	
	00842850	8	
	00842858	8	
	00842860	8	
	00842868	8	
	00842870	8	
	00842878	8	
	00842880	8	
	00842888	8	
	00842890	8	
	00842898	10	
	008428b0	8	
	008428b8	11	
	008428c3	10	
	008428d0	8	
	008428d8	10	
	008428f0	8	
	008428f8	8	
	00842900	8	
	00842908	8	
	00842910	8	
	00842918	8	
	00842920	8	
	00842928	8	
	00842930	10	
	00842940	8	
	00842948	8	
	00842950	8	
	00842958	8	
	00842960	8	
	00842968	8	
	00842970	10	
	00842980	8	
	00842988	11	
	00842993	10	
	008429a0	8	
	008429a8	10	
	008429c0	11	
	008429cb	8	
	008429d3	11	
	008429de	8	
	008429e6	11	
	008429f1	11	
	008429fc	8	
	00842a04	8	
	00842a0c	11	
	00842a17	8	
	00842a1f	8	
	00842a27	11	
	00842a32	11	
	00842a3d	8	
	00842a45	11	
	00842a50	11	
	00842a5b	11	
	00842a66	11	
	00842a71	8	
	00842a79	8	
	00842a81	11	
	00842a8c	11	
	00842a97	11	
	00842aa2	11	
	00842aad	11	
	00842ab8	11	
	00842ac3	11	
	00842ace	11	
	00842ad9	11	
	00842ae4	11	
	00842aef	11	
	00842afa	11	
	00842b05	10	
	00842b10	8	
	00842b18	8	
	00842b20	8	
	00842b28	8	
	00842b30	8	
	00842b38	8	
	00842b40	10	
	00842b50	8	
	00842b58	8	
	00842b60	8	
	00842b68	8	
	00842b70	8	
	00842b78	8	
	00842b80	8	
	00842b88	8	
	00842b90	10	
	00842ba0	8	
	00842ba8	8	
	00842bb0	10	
	00842bc0	8	
	00842bc8	14	
	00842bd6	10	
	00842be0	8	
	00842be8	8	
	00842bf0	10	
	00842c00	8	
	00842c08	8	
	00842c10	11	
	00842c1b	8	
	00842c23	8	
	00842c2b	8	
	00842c33	8	
	00842c3b	11	
	00842c46	14	
	00842c54	14	
	00842c62	8	
	00842c6a	11	
	00842c75	14	
	00842c83	14	
	00842c91	10	
	00842ca0	8	
	00842ca8	8	
	00842cb0	11	
	00842cbb	11	
	00842cc6	10	
	00842cd0	8	
	00842cd8	11	
	00842ce3	11	
	00842cee	10	
	00842d00	8	
	00842d08	8	
	00842d10	8	
	00842d18	8	
	00842d20	8	
	00842d28	8	
	00842d30	10	
	00842d40	8	
	00842d48	8	
	00842d50	8	
	00842d58	8	
	00842d60	8	
	00842d68	8	
	00842d70	10	
	00842d80	8	
	00842d88	11	
	00842d93	8	
	00842d9b	11	
	00842da6	23	
	00842dbd	11	
	00842dc8	11	
	00842dd3	8	
	00842ddb	8	
	00842de3	8	
	00842deb	8	
	00842df3	8	
	00842dfb	8	
	00842e03	8	
	00842e0b	8	
	00842e13	10	
	00842e20	8	
	00842e28	11	
	00842e33	8	
	00842e3b	8	
	00842e43	8	
	00842e4b	10	
	00842e60	8	
	00842e68	8	
	00842e70	10	
	00842e80	8	
	00842e88	8	
	00842e90	8	
	00842e98	8	
	00842ea0	10	
	00842eb0	8	
	00842eb8	8	
	00842ec0	8	
	00842ec8	8	
	00842ed0	11	
	00842edb	11	
	00842ee6	8	
	00842eee	11	
	00842ef9	11	
	00842f04	11	
	00842f0f	8	
	00842f17	8	
	00842f1f	11	
	00842f2a	11	
	00842f35	14	
	00842f43	14	
	00842f51	11	
	00842f5c	11	
	00842f67	14	
	00842f75	14	
	00842f83	10	
	00842f90	8	
	00842f98	8	
	00842fa0	8	
	00842fa8	8	
	00842fb0	8	
	00842fb8	8	
	00842fc0	10	
	00842fd0	8	
	00842fd8	10	
	00842ff0	8	
	00842ff8	14	
	00843006	11	
	00843011	10	
	00843020	8	
	00843028	14	
	00843036	10	
	00843040	11	
	0084304b	11	
	00843056	11	
	00843061	11	
	0084306c	11	
	00843077	11	
	00843082	11	
	0084308d	11	
	00843098	11	
	008430a3	11	
	008430ae	11	
	008430b9	10	
	008430d0	14	
	008430de	11	
	008430e9	11	
	008430f4	11	
	008430ff	11	
	0084310a	14	
	00843118	11	
	00843123	11	
	0084312e	10	
	00843140	8	
	00843148	8	
	00843150	8	
	00843158	8	
	00843160	10	
	00843170	11	
	0084317b	10	
	00843190	22	
	008431a6	11	
	008431b1	10	
	008431c0	11	
	008431cb	11	
	008431d6	8	
	008431de	10	
	008431f0	11	
	008431fb	10	
	00843210	8	
	00843218	10	
	00843230	8	
	00843238	10	
	00843250	8	
	00843258	8	
	00843260	8	
	00843268	8	
	00843270	10	
	00843280	8	
	00843288	8	
	00843290	8	
	00843298	8	
	008432a0	8	
	008432a8	10	
	008432c0	8	
	008432c8	10	
	008432e0	8	
	008432e8	8	
	008432f0	8	
	008432f8	8	
	00843300	8	
	00843308	8	
	00843310	8	
	00843318	8	
	00843320	8	
	00843328	8	
	00843330	8	
	00843338	8	
	00843340	10	
	00843350	8	
	00843358	8	
	00843360	11	
	0084336b	8	
	00843373	11	
	0084337e	8	
	00843386	8	
	0084338e	8	
	00843396	8	
	0084339e	8	
	008433a6	8	
	008433ae	8	
	008433b6	8	
	008433be	10	
	008433d0	8	
	008433d8	10	
	008433f0	8	
	008433f8	8	
	00843400	8	
	00843408	8	
	00843410	10	
	00843420	8	
	00843428	8	
	00843430	8	
	00843438	8	
	00843440	8	
	00843448	8	
	00843450	10	
	00843460	8	
	00843468	8	
	00843470	8	
	00843478	8	
	00843480	8	
	00843488	8	
	00843490	8	
	00843498	8	
	008434a0	8	
	008434a8	10	
	008434c0	8	
	008434c8	11	
	008434d3	10	
	008434e0	8	
	008434e8	10	
	00843500	8	
	00843508	8	
	00843510	10	
	00843520	8	
	00843528	8	
	00843530	10	
	00843540	8	
	00843548	8	
	00843550	8	
	00843558	8	
	00843560	8	
	00843568	8	
	00843570	8	
	00843578	8	
	00843580	10	
	00843590	8	
	00843598	10	
	008435b0	11	
	008435bb	8	
	008435c3	11	
	008435ce	11	
	008435d9	8	
	008435e1	11	
	008435ec	11	
	008435f7	8	
	008435ff	8	
	00843607	11	
	00843612	11	
	0084361d	8	
	00843625	11	
	00843630	14	
	0084363e	14	
	0084364c	11	
	00843657	14	
	00843665	10	
	00843670	8	
	00843678	8	
	00843680	11	
	0084368b	11	
	00843696	10	
	008436a0	11	
	008436ab	10	
	008436c0	8	
	008436c8	8	
	008436d0	8	
	008436d8	8	
	008436e0	8	
	008436e8	10	
	00843700	8	
	00843708	8	
	00843710	8	
	00843718	8	
	00843720	8	
	00843728	10	
	00843740	8	
	00843748	8	
	00843750	8	
	00843758	10	
	00843770	8	
	00843778	14	
	00843786	8	
	0084378e	10	
	008437a0	8	
	008437a8	14	
	008437b6	10	
	008437c0	8	
	008437c8	8	
	008437d0	10	
	008437e0	8	
	008437e8	8	
	008437f0	8	
	008437f8	8	
	00843800	10	
	00843810	11	
	0084381b	10	
	00843830	8	
	00843838	8	
	00843840	8	
	00843848	8	
	00843850	8	
	00843858	10	
	00843870	8	
	00843878	10	
	00843890	8	
	00843898	8	
	008438a0	10	
	008438b0	8	
	008438b8	8	
	008438c0	8	
	008438c8	8	
	008438d0	11	
	008438db	8	
	008438e3	11	
	008438ee	11	
	008438f9	11	
	00843904	11	
	0084390f	11	
	0084391a	11	
	00843925	8	
	0084392d	8	
	00843935	8	
	0084393d	8	
	00843945	8	
	0084394d	8	
	00843955	8	
	0084395d	11	
	00843968	8	
	00843970	10	
	00843980	8	
	00843988	11	
	00843993	14	
	008439a1	10	
	008439b0	8	
	008439b8	14	
	008439c6	10	
	008439d0	8	
	008439d8	8	
	008439e0	10	
	008439f0	11	
	008439fb	8	
	00843a03	8	
	00843a0b	8	
	00843a13	8	
	00843a1b	8	
	00843a23	8	
	00843a2b	8	
	00843a33	8	
	00843a3b	8	
	00843a43	8	
	00843a4b	8	
	00843a53	8	
	00843a5b	8	
	00843a63	8	
	00843a6b	8	
	00843a73	10	
	00843a80	8	
	00843a88	8	
	00843a90	8	
	00843a98	23	
	00843aaf	8	
	00843ab7	8	
	00843abf	10	
	00843ad0	8	
	00843ad8	10	
	00843af0	8	
	00843af8	10	
	00843b10	8	
	00843b18	8	
	00843b20	8	
	00843b28	8	
	00843b30	10	
	00843b40	11	
	00843b4b	8	
	00843b53	8	
	00843b5b	8	
	00843b63	8	
	00843b6b	11	
	00843b76	8	
	00843b7e	8	
	00843b86	11	
	00843b91	8	
	00843b99	8	
	00843ba1	8	
	00843ba9	8	
	00843bb1	8	
	00843bb9	11	
	00843bc4	8	
	00843bcc	11	
	00843bd7	11	
	00843be2	8	
	00843bea	11	
	00843bf5	11	
	00843c00	8	
	00843c08	10	
	00843c20	8	
	00843c28	14	
	00843c36	11	
	00843c41	14	
	00843c4f	14	
	00843c5d	11	
	00843c68	14	
	00843c76	11	
	00843c81	14	
	00843c8f	14	
	00843c9d	14	
	00843cab	14	
	00843cb9	10	
	00843cd0	8	
	00843cd8	14	
	00843ce6	14	
	00843cf4	14	
	00843d02	14	
	00843d10	14	
	00843d1e	14	
	00843d2c	14	
	00843d3a	14	
	00843d48	10	
	00843d60	8	
	00843d68	8	
	00843d70	8	
	00843d78	8	
	00843d80	8	
	00843d88	8	
	00843d90	8	
	00843d98	8	
	00843da0	8	
	00843da8	8	
	00843db0	8	
	00843db8	8	
	00843dc0	10	
	00843dd0	8	
	00843dd8	8	
	00843de0	8	
	00843de8	8	
	00843df0	8	
	00843df8	8	
	00843e00	8	
	00843e08	10	
	00843e20	8	
	00843e28	8	
	00843e30	8	
	00843e38	8	
	00843e40	8	
	00843e48	8	
	00843e50	8	
	00843e58	8	
	00843e60	8	
	00843e68	8	
	00843e70	8	
	00843e78	8	
	00843e80	8	
	00843e88	8	
	00843e90	8	
	00843e98	10	
	00843eb0	8	
	00843eb8	8	
	00843ec0	8	
	00843ec8	8	
	00843ed0	8	
	00843ed8	10	
	00843ef0	8	
	00843ef8	8	
	00843f00	8	
	00843f08	8	
	00843f10	8	
	00843f18	8	
	00843f20	10	
	00843f30	8	
	00843f38	8	
	00843f40	8	
	00843f48	8	
	00843f50	8	
	00843f58	10	
	00843f70	8	
	00843f78	8	
	00843f80	8	
	00843f88	8	
	00843f90	8	
	00843f98	8	
	00843fa0	8	
	00843fa8	8	
	00843fb0	10	
	00843fc0	8	
	00843fc8	8	
	00843fd0	8	
	00843fd8	8	
	00843fe0	8	
	00843fe8	8	
	00843ff0	8	
	00843ff8	8	
	00844000	8	
	00844008	8	
	00844010	8	
	00844018	8	
	00844020	8	
	00844028	8	
	00844030	8	
	00844038	8	
	00844040	8	
	00844048	8	
	00844050	8	
	00844058	8	
	00844060	8	
	00844068	10	
	00844080	8	
	00844088	8	
	00844090	11	
	0084409b	10	
	008440b0	8	
	008440b8	11	
	008440c3	8	
	008440cb	10	
	008440e0	8	
	008440e8	8	
	008440f0	8	
	008440f8	8	
	00844100	8	
	00844108	8	
	00844110	8	
	00844118	8	
	00844120	8	
	00844128	8	
	00844130	8	
	00844138	10	
	00844150	8	
	00844158	8	
	00844160	8	
	00844168	8	
	00844170	11	
	0084417b	11	
	00844186	8	
	0084418e	10	
	008441a0	8	
	008441a8	11	
	008441b3	10	
	008441c0	8	
	008441c8	11	
	008441d3	10	
	008441e0	8	
	008441e8	8	
	008441f0	8	
	008441f8	8	
	00844200	8	
	00844208	10	
	00844220	8	
	00844228	8	
	00844230	10	
	00844240	8	
	00844248	8	
	00844250	10	
	00844260	11	
	0084426b	10	
	00844280	8	
	00844288	10	
	008442a0	8	
	008442a8	14	
	008442b6	10	
	008442c0	8	
	008442c8	8	
	008442d0	8	
	008442d8	8	
	008442e0	10	
	008442f0	11	
	008442fb	11	
	00844306	11	
	00844311	11	
	0084431c	11	
	00844327	11	
	00844332	11	
	0084433d	11	
	00844348	11	
	00844353	11	
	0084435e	11	
	00844369	11	
	00844374	11	
	0084437f	11	
	0084438a	11	
	00844395	11	
	008443a0	11	
	008443ab	11	
	008443b6	11	
	008443c1	11	
	008443cc	11	
	008443d7	11	
	008443e2	11	
	008443ed	11	
	008443f8	11	
	00844403	11	
	0084440e	11	
	00844419	11	
	00844424	11	
	0084442f	11	
	0084443a	11	
	00844445	11	
	00844450	11	
	0084445b	10	
	00844470	8	
	00844478	8	
	00844480	8	
	00844488	8	
	00844490	8	
	00844498	8	
	008444a0	8	
	008444a8	8	
	008444b0	8	
	008444b8	8	
	008444c0	8	
	008444c8	8	
	008444d0	8	
	008444d8	8	
	008444e0	8	
	008444e8	8	
	008444f0	10	
	00844500	8	
	00844508	8	
	00844510	8	
	00844518	8	
	00844520	8	
	00844528	8	
	00844530	8	
	00844538	10	
	00844550	8	
	00844558	8	
	00844560	8	
	00844568	8	
	00844570	10	
	00844580	11	
	0084458b	11	
	00844596	11	
	008445a1	8	
	008445a9	11	
	008445b4	11	
	008445bf	8	
	008445c7	11	
	008445d2	11	
	008445dd	8	
	008445e5	8	
	008445ed	8	
	008445f5	8	
	008445fd	8	
	00844605	8	
	0084460d	8	
	00844615	8	
	0084461d	10	
	00844630	8	
	00844638	11	
	00844643	11	
	0084464e	8	
	00844656	8	
	0084465e	8	
	00844666	8	
	0084466e	8	
	00844676	8	
	0084467e	8	
	00844686	11	
	00844691	11	
	0084469c	11	
	008446a7	11	
	008446b2	11	
	008446bd	11	
	008446c8	11	
	008446d3	11	
	008446de	11	
	008446e9	10	
	00844700	8	
	00844708	8	
	00844710	8	
	00844718	8	
	00844720	8	
	00844728	8	
	00844730	10	
	00844740	8	
	00844748	8	
	00844750	10	
	00844760	8	
	00844768	27	
	00844783	11	
	0084478e	11	
	00844799	10	
	008447b0	8	
	008447b8	27	
	008447d3	14	
	008447e1	8	
	008447e9	10	
	00844800	8	
	00844808	10	
	00844820	11	
	0084482b	11	
	00844836	8	
	0084483e	8	
	00844846	8	
	0084484e	8	
	00844856	8	
	0084485e	8	
	00844866	8	
	0084486e	8	
	00844876	10	
	00844880	8	
	00844888	10	
	008448a0	8	
	008448a8	10	
	008448c0	8	
	008448c8	8	
	008448d0	8	
	008448d8	10	
	008448f0	8	
	008448f8	8	
	00844900	11	
	0084490b	8	
	00844913	10	
	00844920	8	
	00844928	10	
	00844940	8	
	00844948	11	
	00844953	11	
	0084495e	11	
	00844969	11	
	00844974	11	
	0084497f	11	
	0084498a	11	
	00844995	11	
	008449a0	11	
	008449ab	11	
	008449b6	8	
	008449be	8	
	008449c6	8	
	008449ce	8	
	008449d6	8	
	008449de	8	
	008449e6	11	
	008449f1	11	
	008449fc	8	
	00844a04	11	
	00844a0f	10	
	00844a20	8	
	00844a28	10	
	00844a40	8	
	00844a48	11	
	00844a53	10	
	00844a60	8	
	00844a68	23	
	00844a7f	10	
	00844a90	8	
	00844a98	10	
	00844ab0	8	
	00844ab8	10	
	00844ad0	8	
	00844ad8	11	
	00844ae3	10	
	00844af0	8	
	00844af8	10	
	00844b10	8	
	00844b18	10	
	00844b30	8	
	00844b38	8	
	00844b40	11	
	00844b4b	8	
	00844b53	10	
	00844b60	8	
	00844b68	10	
	00844b80	8	
	00844b88	14	
	00844b96	11	
	00844ba1	10	
	00844bb0	8	
	00844bb8	14	
	00844bc6	10	
	00844bd0	8	
	00844bd8	10	
	00844bf0	8	
	00844bf8	10	
	00844c10	8	
	00844c18	10	
	00844c30	8	
	00844c38	8	
	00844c40	11	
	00844c4b	8	
	00844c53	10	
	00844c60	8	
	00844c68	10	
	00844c80	8	
	00844c88	10	
	00844ca0	8	
	00844ca8	8	
	00844cb0	8	
	00844cb8	8	
	00844cc0	10	
	00844cd0	8	
	00844cd8	10	
	00844cf0	11	
	00844cfb	11	
	00844d06	11	
	00844d11	11	
	00844d1c	11	
	00844d27	11	
	00844d32	11	
	00844d3d	11	
	00844d48	11	
	00844d53	11	
	00844d5e	11	
	00844d69	11	
	00844d74	11	
	00844d7f	11	
	00844d8a	11	
	00844d95	11	
	00844da0	11	
	00844dab	11	
	00844db6	11	
	00844dc1	11	
	00844dcc	11	
	00844dd7	11	
	00844de2	11	
	00844ded	11	
	00844df8	11	
	00844e03	11	
	00844e0e	11	
	00844e19	11	
	00844e24	11	
	00844e2f	11	
	00844e3a	11	
	00844e45	11	
	00844e50	11	
	00844e5b	11	
	00844e66	10	
	00844e70	8	
	00844e78	10	
	00844e90	8	
	00844e98	8	
	00844ea0	10	
	00844eb0	11	
	00844ebb	10	
	00844ed0	11	
	00844edb	10	
	00844ef0	8	
	00844ef8	8	
	00844f00	10	
	00844f10	8	
	00844f18	10	
	00844f30	8	
	00844f38	10	
	00844f50	8	
	00844f58	10	
	00844f70	8	
	00844f78	8	
	00844f80	8	
	00844f88	8	
	00844f90	10	
	00844fa0	8	
	00844fa8	10	
	00844fc0	11	
	00844fcb	10	
	00844fe0	8	
	00844fe8	10	
	00845000	8	
	00845008	10	
	00845020	8	
	00845028	8	
	00845030	8	
	00845038	8	
	00845040	10	
	00845050	11	
	0084505b	8	
	00845063	11	
	0084506e	8	
	00845076	8	
	0084507e	8	
	00845086	8	
	0084508e	8	
	00845096	10	
	008450a0	8	
	008450a8	8	
	008450b0	8	
	008450b8	8	
	008450c0	10	
	008450d0	8	
	008450d8	8	
	008450e0	8	
	008450e8	8	
	008450f0	10	
	00845100	11	
	0084510b	8	
	00845113	8	
	0084511b	8	
	00845123	8	
	0084512b	10	
	00845140	11	
	0084514b	8	
	00845153	8	
	0084515b	8	
	00845163	8	
	0084516b	10	
	00845180	8	
	00845188	8	
	00845190	8	
	00845198	8	
	008451a0	10	
	008451b0	11	
	008451bb	11	
	008451c6	8	
	008451ce	8	
	008451d6	11	
	008451e1	10	
	008451f0	8	
	008451f8	8	
	00845200	8	
	00845208	10	
	00845220	8	
	00845228	10	
	00845240	8	
	00845248	8	
	00845250	8	
	00845258	10	
	00845270	8	
	00845278	10	
	00845290	8	
	00845298	10	
	008452b0	8	
	008452b8	14	
	008452c6	10	
	008452d0	11	
	008452db	11	
	008452e6	11	
	008452f1	11	
	008452fc	11	
	00845307	10	
	00845320	8	
	00845328	8	
	00845330	10	
	00845340	8	
	00845348	10	
	00845360	8	
	00845368	8	
	00845370	10	
	00845380	8	
	00845388	10	
	008453a0	8	
	008453a8	8	
	008453b0	8	
	008453b8	8	
	008453c0	8	
	008453c8	8	
	008453d0	10	
	008453e0	8	
	008453e8	8	
	008453f0	10	
	00845400	8	
	00845408	8	
	00845410	8	
	00845418	10	
	00845430	8	
	00845438	10	
	00845450	8	
	00845458	10	
	00845470	11	
	0084547b	11	
	00845486	10	
	00845490	8	
	00845498	14	
	008454a6	11	
	008454b1	14	
	008454bf	10	
	008454d0	8	
	008454d8	14	
	008454e6	10	
	008454f0	8	
	008454f8	10	
	00845510	8	
	00845518	10	
	00845530	8	
	00845538	11	
	00845543	10	
	00845550	8	
	00845558	10	
	00845570	8	
	00845578	8	
	00845580	8	
	00845588	8	
	00845590	8	
	00845598	8	
	008455a0	8	
	008455a8	8	
	008455b0	8	
	008455b8	8	
	008455c0	8	
	008455c8	11	
	008455d3	10	
	008455e0	8	
	008455e8	8	
	008455f0	10	
	00845600	8	
	00845608	10	
	00845620	8	
	00845628	10	
	00845640	8	
	00845648	10	
	00845660	8	
	00845668	8	
	00845670	10	
	00845680	8	
	00845688	10	
	008456a0	8	
	008456a8	10	
	008456c0	8	
	008456c8	14	
	008456d6	14	
	008456e4	14	
	008456f2	14	
	00845700	14	
	0084570e	10	
	00845720	8	
	00845728	14	
	00845736	14	
	00845744	14	
	00845752	14	
	00845760	10	
	00845770	8	
	00845778	8	
	00845780	8	
	00845788	10	
	008457a0	8	
	008457a8	8	
	008457b0	10	
	008457c0	8	
	008457c8	10	
	008457e0	8	
	008457e8	10	
	00845800	8	
	00845808	10	
	00845820	8	
	00845828	10	
	00845832	10	
	0084583c	11	
	00845847	11	
	00845852	10	
	00845860	8	
	00845868	11	
	00845873	10	
	00845880	8	
	00845888	8	
	00845890	10	
	008458a0	8	
	008458a8	10	
	008458c0	11	
	008458cb	11	
	008458d6	10	
	008458e0	8	
	008458e8	8	
	008458f0	8	
	008458f8	10	
	00845910	11	
	0084591b	11	
	00845926	11	
	00845931	10	
	00845940	8	
	00845948	8	
	00845950	8	
	00845958	10	
	00845970	11	
	0084597b	10	
	00845990	8	
	00845998	10	
	008459a2	10	
	008459ac	11	
	008459b7	11	
	008459c2	10	
	008459d0	8	
	008459d8	11	
	008459e3	14	
	008459f1	14	
	008459ff	10	
	00845a10	11	
	00845a1b	40	
	00845a43	14	
	00845a51	10	
	00845a60	8	
	00845a68	8	
	00845a70	10	
	00845a80	8	
	00845a88	8	
	00845a90	10	
	00845aa0	8	
	00845aa8	10	
	00845ac0	8	
	00845ac8	8	
	00845ad0	10	
	00845ae0	8	
	00845ae8	10	
	00845b00	11	
	00845b0b	11	
	00845b16	10	
	00845b20	8	
	00845b28	8	
	00845b30	8	
	00845b38	10	
	00845b50	11	
	00845b5b	11	
	00845b66	11	
	00845b71	10	
	00845b80	8	
	00845b88	8	
	00845b90	8	
	00845b98	10	
	00845bb0	11	
	00845bbb	10	
	00845bd0	8	
	00845bd8	10	
	00845be2	10	
	00845bec	11	
	00845bf7	11	
	00845c02	10	
	00845c10	8	
	00845c18	11	
	00845c23	14	
	00845c31	14	
	00845c3f	10	
	00845c50	11	
	00845c5b	40	
	00845c83	14	
	00845c91	10	
	00845ca0	8	
	00845ca8	8	
	00845cb0	10	
	00845cc0	8	
	00845cc8	8	
	00845cd0	10	
	00845ce0	8	
	00845ce8	10	
	00845d00	8	
	00845d08	8	
	00845d10	10	
	00845d20	8	
	00845d28	10	
	00845d40	11	
	00845d4b	11	
	00845d56	10	
	00845d60	11	
	00845d6b	11	
	00845d76	11	
	00845d81	10	
	00845d90	8	
	00845d98	8	
	00845da0	8	
	00845da8	10	
	00845dc0	11	
	00845dcb	10	
	00845de0	8	
	00845de8	10	
	00845df2	10	
	00845dfc	11	
	00845e07	11	
	00845e12	10	
	00845e20	8	
	00845e28	11	
	00845e33	10	
	00845e40	8	
	00845e48	10	
	00845e60	8	
	00845e68	8	
	00845e70	10	
	00845e80	8	
	00845e88	11	
	00845e93	10	
	00845ea0	8	
	00845ea8	8	
	00845eb0	10	
	00845ec0	8	
	00845ec8	10	
	00845ee0	8	
	00845ee8	10	
	00845f00	8	
	00845f08	10	
	00845f20	11	
	00845f2b	11	
	00845f36	10	
	00845f40	8	
	00845f48	8	
	00845f50	8	
	00845f58	10	
	00845f70	11	
	00845f7b	11	
	00845f86	11	
	00845f91	10	
	00845fa0	8	
	00845fa8	8	
	00845fb0	8	
	00845fb8	10	
	00845fd0	11	
	00845fdb	10	
	00845ff0	8	
	00845ff8	10	
	00846002	10	
	0084600c	11	
	00846017	11	
	00846022	10	
	00846030	8	
	00846038	10	
	00846050	8	
	00846058	8	
	00846060	10	
	00846070	8	
	00846078	8	
	00846080	10	
	00846090	8	
	00846098	10	
	008460b0	11	
	008460bb	10	
	008460d0	8	
	008460d8	10	
	008460f0	11	
	008460fb	10	
	00846110	11	
	0084611b	11	
	00846126	10	
	00846130	8	
	00846138	8	
	00846140	8	
	00846148	10	
	00846160	11	
	0084616b	11	
	00846176	11	
	00846181	10	
	00846190	8	
	00846198	8	
	008461a0	8	
	008461a8	10	
	008461c0	11	
	008461cb	10	
	008461e0	8	
	008461e8	10	
	008461f2	10	
	008461fc	11	
	00846207	11	
	00846212	10	
	00846220	8	
	00846228	10	
	00846240	8	
	00846248	8	
	00846250	10	
	00846260	8	
	00846268	10	
	00846280	8	
	00846288	10	
	008462a0	11	
	008462ab	10	
	008462c0	8	
	008462c8	10	
	008462e0	11	
	008462eb	10	
	00846300	11	
	0084630b	11	
	00846316	10	
	00846320	8	
	00846328	8	
	00846330	8	
	00846338	10	
	00846350	11	
	0084635b	11	
	00846366	11	
	00846371	10	
	00846380	8	
	00846388	8	
	00846390	8	
	00846398	10	
	008463b0	11	
	008463bb	10	
	008463d0	8	
	008463d8	10	
	008463e2	10	
	008463ec	11	
	008463f7	11	
	00846402	10	
	00846410	8	
	00846418	8	
	00846420	10	
	00846430	11	
	0084643b	10	
	00846450	8	
	00846458	8	
	00846460	8	
	00846468	10	
	00846480	8	
	00846488	8	
	00846490	10	
	008464a0	8	
	008464a8	10	
	008464c0	8	
	008464c8	10	
	008464e0	11	
	008464eb	10	
	00846500	11	
	0084650b	11	
	00846516	10	
	00846520	8	
	00846528	8	
	00846530	8	
	00846538	10	
	00846550	11	
	0084655b	11	
	00846566	11	
	00846571	10	
	00846580	8	
	00846588	8	
	00846590	8	
	00846598	10	
	008465b0	11	
	008465bb	10	
	008465d0	8	
	008465d8	10	
	008465e2	10	
	008465ec	11	
	008465f7	11	
	00846602	10	
	00846610	8	
	00846618	10	
	00846630	8	
	00846638	8	
	00846640	10	
	00846650	8	
	00846658	8	
	00846660	11	
	0084666b	10	
	00846680	8	
	00846688	8	
	00846690	10	
	008466a0	8	
	008466a8	10	
	008466c0	8	
	008466c8	10	
	008466e0	11	
	008466eb	10	
	00846700	11	
	0084670b	11	
	00846716	10	
	00846720	8	
	00846728	8	
	00846730	8	
	00846738	10	
	00846750	11	
	0084675b	11	
	00846766	11	
	00846771	10	
	00846780	8	
	00846788	8	
	00846790	8	
	00846798	10	
	008467b0	11	
	008467bb	10	
	008467d0	8	
	008467d8	10	
	008467e2	10	
	008467ec	11	
	008467f7	11	
	00846802	10	
	00846810	8	
	00846818	10	
	00846830	8	
	00846838	8	
	00846840	10	
	00846850	11	
	0084685b	11	
	00846866	10	
	00846870	8	
	00846878	8	
	00846880	10	
	00846890	8	
	00846898	10	
	008468b0	11	
	008468bb	10	
	008468d0	8	
	008468d8	10	
	008468f0	11	
	008468fb	10	
	00846910	11	
	0084691b	11	
	00846926	10	
	00846930	8	
	00846938	8	
	00846940	8	
	00846948	10	
	00846960	11	
	0084696b	11	
	00846976	11	
	00846981	10	
	00846990	8	
	00846998	8	
	008469a0	8	
	008469a8	10	
	008469c0	11	
	008469cb	10	
	008469e0	8	
	008469e8	10	
	008469f2	10	
	008469fc	11	
	00846a07	11	
	00846a12	10	
	00846a20	8	
	00846a28	11	
	00846a33	10	
	00846a40	8	
	00846a48	10	
	00846a60	8	
	00846a68	8	
	00846a70	10	
	00846a80	11	
	00846a8b	11	
	00846a96	8	
	00846a9e	10	
	00846ab0	8	
	00846ab8	8	
	00846ac0	10	
	00846ad0	8	
	00846ad8	10	
	00846af0	8	
	00846af8	10	
	00846b10	11	
	00846b1b	10	
	00846b30	11	
	00846b3b	11	
	00846b46	10	
	00846b50	8	
	00846b58	8	
	00846b60	8	
	00846b68	10	
	00846b80	11	
	00846b8b	11	
	00846b96	11	
	00846ba1	10	
	00846bb0	8	
	00846bb8	8	
	00846bc0	8	
	00846bc8	10	
	00846be0	11	
	00846beb	10	
	00846c00	8	
	00846c08	10	
	00846c12	10	
	00846c1c	11	
	00846c27	11	
	00846c32	10	
	00846c40	8	
	00846c48	11	
	00846c53	14	
	00846c61	10	
	00846c70	11	
	00846c7b	40	
	00846ca3	10	
	00846cb0	8	
	00846cb8	8	
	00846cc0	10	
	00846cd0	8	
	00846cd8	8	
	00846ce0	10	
	00846cf0	8	
	00846cf8	10	
	00846d10	8	
	00846d18	10	
	00846d30	11	
	00846d3b	10	
	00846d50	11	
	00846d5b	11	
	00846d66	10	
	00846d70	8	
	00846d78	8	
	00846d80	8	
	00846d88	10	
	00846da0	11	
	00846dab	11	
	00846db6	11	
	00846dc1	10	
	00846dd0	8	
	00846dd8	8	
	00846de0	8	
	00846de8	10	
	00846e00	11	
	00846e0b	10	
	00846e20	8	
	00846e28	10	
	00846e32	10	
	00846e3c	11	
	00846e47	11	
	00846e52	10	
	00846e60	8	
	00846e68	11	
	00846e73	10	
	00846e80	8	
	00846e88	8	
	00846e90	8	
	00846e98	8	
	00846ea0	11	
	00846eab	8	
	00846eb3	10	
	00846ec0	11	
	00846ecb	11	
	00846ed6	10	
	00846ee0	8	
	00846ee8	8	
	00846ef0	8	
	00846ef8	10	
	00846f10	11	
	00846f1b	11	
	00846f26	11	
	00846f31	10	
	00846f40	8	
	00846f48	8	
	00846f50	8	
	00846f58	10	
	00846f70	11	
	00846f7b	10	
	00846f90	8	
	00846f98	10	
	00846fa2	10	
	00846fac	11	
	00846fb7	11	
	00846fc2	10	
	00846fd0	8	
	00846fd8	11	
	00846fe3	11	
	00846fee	10	
	00847000	8	
	00847008	10	
	00847020	8	
	00847028	8	
	00847030	8	
	00847038	8	
	00847040	8	
	00847048	8	
	00847050	10	
	00847060	11	
	0084706b	11	
	00847076	10	
	00847080	8	
	00847088	8	
	00847090	8	
	00847098	10	
	008470b0	11	
	008470bb	11	
	008470c6	11	
	008470d1	10	
	008470e0	8	
	008470e8	8	
	008470f0	8	
	008470f8	10	
	00847110	11	
	0084711b	10	
	00847130	11	
	0084713b	10	
	00847150	8	
	00847158	10	
	00847162	10	
	0084716c	11	
	00847177	11	
	00847182	10	
	00847190	8	
	00847198	11	
	008471a3	11	
	008471ae	10	
	008471c0	8	
	008471c8	11	
	008471d3	11	
	008471de	10	
	008471f0	8	
	008471f8	10	
	00847210	8	
	00847218	8	
	00847220	10	
	00847230	8	
	00847238	10	
	00847250	11	
	0084725b	11	
	00847266	10	
	00847270	11	
	0084727b	11	
	00847286	11	
	00847291	10	
	008472a0	8	
	008472a8	8	
	008472b0	8	
	008472b8	10	
	008472d0	8	
	008472d8	8	
	008472e0	10	
	008472f0	11	
	008472fb	10	
	00847308	16	
	00847318	16	
	00847328	16	
	00847338	16	
	00847348	16	
	00847358	16	
	00847368	16	
	00847378	10	
	00847384	26	
	0084739e	10	
	008473a8	26	
	008473c2	10	
	008473cc	16	
	008473dc	16	
	008473ec	16	
	008473fc	16	
	0084740c	16	
	0084741c	16	
	0084742c	16	
	0084743c	10	
	00847448	26	
	00847462	10	
	0084746c	26	
	00847486	10	
	00847490	26	
	008474aa	10	
	008474b4	26	
	008474ce	10	
	008474d8	11	
	008474e3	8	
	008474eb	11	
	008474f6	10	
	00847500	8	
	00847508	11	
	00847513	10	
	00847520	8	
	00847528	10	
	00847534	8	
	0084753c	10	
	00847548	8	
	00847550	10	
	0084755c	8	
	00847564	10	
	00847570	8	
	00847578	10	
	00847584	11	
	0084758f	10	
	0084759c	8	
	008475a4	10	
	008475ae	10	
	008475b8	8	
	008475c0	10	
	008475cc	8	
	008475d4	10	
	008475e0	8	
	008475e8	11	
	008475f3	8	
	008475fb	10	
	00847608	10	
	00847612	10	
	0084761c	8	
	00847624	10	
	0084762e	8	
	00847636	10	
	00847640	8	
	00847648	8	
	00847650	10	
	0084765c	8	
	00847664	11	
	0084766f	8	
	00847677	8	
	0084767f	8	
	00847687	10	
	00847694	8	
	0084769c	10	
	008476a8	8	
	008476b0	11	
	008476bb	11	
	008476c6	11	
	008476d1	10	
	008476dc	8	
	008476e4	11	
	008476ef	11	
	008476fa	10	
	00847704	8	
	0084770c	10	
	00847716	8	
	0084771e	10	
	00847728	8	
	00847730	10	
	0084773a	8	
	00847742	10	
	0084774c	8	
	00847754	10	
	0084775e	10	
	00847768	8	
	00847770	10	
	0084777c	8	
	00847784	10	
	00847790	8	
	00847798	10	
	008477a4	8	
	008477ac	10	
	008477b8	8	
	008477c0	10	
	008477cc	8	
	008477d4	10	
	008477e0	8	
	008477e8	10	
	008477f4	8	
	008477fc	10	
	00847808	11	
	00847813	10	
	00847820	11	
	0084782b	10	
	00847838	26	
	00847852	11	
	0084785d	11	
	00847868	8	
	00847870	10	
	0084787c	11	
	00847887	10	
	00847894	8	
	0084789c	10	
	008478a8	26	
	008478c2	11	
	008478cd	10	
	008478d8	8	
	008478e0	10	
	008478ea	8	
	008478f2	10	
	008478fc	8	
	00847904	10	
	0084790e	10	
	00847918	10	
	00847922	8	
	0084792a	10	
	00847934	8	
	0084793c	11	
	00847947	10	
	00847954	8	
	0084795c	10	
	00847968	8	
	00847970	8	
	00847978	8	
	00847980	8	
	00847988	8	
	00847990	10	
	0084799c	8	
	008479a4	10	
	008479b0	8	
	008479b8	10	
	008479c4	8	
	008479cc	10	
	008479d8	8	
	008479e0	10	
	008479ec	8	
	008479f4	10	
	00847a00	8	
	00847a08	10	
	00847a14	8	
	00847a1c	10	
	00847a28	8	
	00847a30	10	
	00847a3c	8	
	00847a44	8	
	00847a4c	8	
	00847a54	8	
	00847a5c	10	
	00847a68	8	
	00847a70	23	
	00847a87	10	
	00847a94	8	
	00847a9c	8	
	00847aa4	10	
	00847ab0	8	
	00847ab8	10	
	00847ac4	8	
	00847acc	10	
	00847ad8	8	
	00847ae0	8	
	00847ae8	10	
	00847af4	8	
	00847afc	8	
	00847b04	10	
	00847b10	8	
	00847b18	10	
	00847b24	8	
	00847b2c	8	
	00847b34	10	
	00847b40	8	
	00847b48	8	
	00847b50	8	
	00847b58	8	
	00847b60	8	
	00847b68	11	
	00847b73	8	
	00847b7b	11	
	00847b86	11	
	00847b91	11	
	00847b9c	11	
	00847ba7	11	
	00847bb2	11	
	00847bbd	8	
	00847bc5	23	
	00847bdc	10	
	00847be8	8	
	00847bf0	8	
	00847bf8	8	
	00847c00	11	
	00847c0b	8	
	00847c13	8	
	00847c1b	8	
	00847c23	11	
	00847c2e	8	
	00847c36	10	
	00847c40	8	
	00847c48	10	
	00847c54	10	
	00847c60	8	
	00847c68	10	
	00847c72	10	
	00847c7c	8	
	00847c84	10	
	00847c8e	8	
	00847c96	10	
	00847ca0	8	
	00847ca8	10	
	00847cb2	8	
	00847cba	10	
	00847cc4	8	
	00847ccc	10	
	00847cd6	10	
	00847ce0	8	
	00847ce8	10	
	00847cf2	10	
	00847cfc	8	
	00847d04	10	
	00847d0e	10	
	00847d18	8	
	00847d20	10	
	00847d2a	8	
	00847d32	10	
	00847d3c	8	
	00847d44	10	
	00847d4e	8	
	00847d56	10	
	00847d60	8	
	00847d68	10	
	00847d72	10	
	00847d7c	8	
	00847d84	10	
	00847d8e	10	
	00847d98	8	
	00847da0	10	
	00847daa	10	
	00847db4	8	
	00847dbc	10	
	00847dc6	10	
	00847dd0	8	
	00847dd8	10	
	00847de2	10	
	00847dec	8	
	00847df4	10	
	00847e00	8	
	00847e08	10	
	00847e14	8	
	00847e1c	10	
	00847e28	8	
	00847e30	11	
	00847e3b	10	
	00847e48	8	
	00847e50	8	
	00847e58	10	
	00847e64	8	
	00847e6c	10	
	00847e78	8	
	00847e80	8	
	00847e88	10	
	00847e94	8	
	00847e9c	8	
	00847ea4	10	
	00847eb0	8	
	00847eb8	10	
	00847ec4	8	
	00847ecc	10	
	00847ed8	8	
	00847ee0	10	
	00847eec	8	
	00847ef4	10	
	00847f00	8	
	00847f08	10	
	00847f14	8	
	00847f1c	10	
	00847f28	8	
	00847f30	10	
	00847f3c	8	
	00847f44	10	
	00847f50	8	
	00847f58	10	
	00847f64	8	
	00847f6c	10	
	00847f78	8	
	00847f80	10	
	00847f8c	8	
	00847f94	10	
	00847fa0	8	
	00847fa8	10	
	00847fb4	8	
	00847fbc	8	
	00847fc4	10	
	00847fd0	8	
	00847fd8	10	
	00847fe4	8	
	00847fec	10	
	00847ff8	8	
	00848000	10	
	0084800c	8	
	00848014	10	
	00848020	8	
	00848028	10	
	00848034	8	
	0084803c	10	
	00848048	8	
	00848050	10	
	0084805c	8	
	00848064	10	
	00848070	8	
	00848078	10	
	00848084	8	
	0084808c	10	
	00848098	8	
	008480a0	10	
	008480ac	8	
	008480b4	10	
	008480c0	8	
	008480c8	10	
	008480d4	8	
	008480dc	10	
	008480e6	8	
	008480ee	10	
	008480f8	10	
	00848102	10	
	0084810c	8	
	00848114	10	
	0084811e	8	
	00848126	11	
	00848131	10	
	0084813c	8	
	00848144	23	
	0084815b	10	
	00848168	8	
	00848170	8	
	00848178	10	
	00848184	8	
	0084818c	10	
	00848198	8	
	008481a0	10	
	008481ac	8	
	008481b4	8	
	008481bc	10	
	008481c8	8	
	008481d0	10	
	008481dc	8	
	008481e4	8	
	008481ec	8	
	008481f4	8	
	008481fc	8	
	00848204	11	
	0084820f	8	
	00848217	11	
	00848222	11	
	0084822d	11	
	00848238	11	
	00848243	11	
	0084824e	11	
	00848259	8	
	00848261	10	
	0084826c	8	
	00848274	8	
	0084827c	8	
	00848284	11	
	0084828f	8	
	00848297	8	
	0084829f	8	
	008482a7	11	
	008482b2	8	
	008482ba	10	
	008482c4	8	
	008482cc	10	
	008482d8	8	
	008482e0	10	
	008482ea	10	
	008482f4	8	
	008482fc	10	
	00848306	10	
	00848310	8	
	00848318	10	
	00848322	8	
	0084832a	10	
	00848334	8	
	0084833c	10	
	00848346	8	
	0084834e	10	
	00848358	8	
	00848360	10	
	0084836a	10	
	00848374	8	
	0084837c	10	
	00848390	8	
	00848398	10	
	008483a2	10	
	008483ac	8	
	008483b4	10	
	008483be	10	
	008483c8	8	
	008483d0	10	
	008483dc	8	
	008483e4	8	
	008483ec	10	
	008483f8	8	
	00848400	8	
	00848408	10	
	00848414	8	
	0084841c	11	
	00848427	10	
	00848434	8	
	0084843c	10	
	00848448	8	
	00848450	10	
	0084845c	8	
	00848464	10	
	00848470	8	
	00848478	10	
	00848484	8	
	0084848c	10	
	00848498	8	
	008484a0	10	
	008484ac	8	
	008484b4	10	
	008484c0	8	
	008484c8	10	
	008484d4	8	
	008484dc	8	
	008484e4	10	
	008484f0	8	
	008484f8	10	
	00848504	8	
	00848518	8	
	00848520	10	
	0084852c	8	
	00848534	10	
	00848540	8	
	00848548	10	
	00848554	8	
	0084855c	10	
	00848568	8	
	00848570	10	
	0084857c	8	
	00848584	10	
	00848590	8	
	00848598	10	
	008485a4	8	
	008485ac	10	
	008485b8	8	
	008485c0	10	
	008485cc	8	
	008485e0	10	
	008485ea	10	
	008485f4	10	
	008485fe	10	
	00848608	10	
	00848612	10	
	0084861c	10	
	00848626	10	
	00848630	11	
	0084863b	10	
	00848650	11	
	0084865b	10	
	00848670	8	
	00848678	10	
	00848690	8	
	00848698	11	
	008486a3	11	
	008486ae	10	
	008486c0	8	
	008486c8	11	
	008486d3	11	
	008486de	11	
	008486e9	11	
	008486f4	14	
	00848702	10	
	00848710	8	
	00848718	11	
	00848723	10	
	00848730	8	
	00848738	10	
	00848750	8	
	00848758	10	
	00848770	8	
	00848778	10	
	00848790	8	
	00848798	11	
	008487a3	10	
	008487b0	8	
	008487b8	10	
	008487d0	8	
	008487d8	8	
	008487e0	10	
	008487f0	8	
	008487f8	8	
	00848800	8	
	00848808	8	
	00848810	10	
	00848820	8	
	00848828	10	
	00848840	8	
	00848848	10	
	00848860	8	
	00848868	10	
	00848880	8	
	00848888	10	
	008488a0	8	
	008488a8	10	
	008488c0	8	
	008488c8	8	
	008488d0	10	
	008488e0	8	
	008488e8	8	
	008488f0	10	
	00848900	8	
	00848908	8	
	00848910	10	
	00848920	8	
	00848928	10	
	00848940	8	
	00848948	10	
	00848960	8	
	00848968	10	
	00848980	8	
	00848988	10	
	008489a0	8	
	008489a8	10	
	008489c0	8	
	008489c8	10	
	008489e0	8	
	008489e8	10	
	00848a00	8	
	00848a08	10	
	00848a20	11	
	00848a2b	10	
	00848a40	8	
	00848a48	10	
	00848a60	11	
	00848a6b	10	
	00848a80	11	
	00848a8b	10	
	00848aa0	11	
	00848aab	10	
	00848ac0	11	
	00848acb	10	
	00848ae0	11	
	00848aeb	10	
	00848b00	8	
	00848b08	10	
	00848b20	8	
	00848b28	11	
	00848b33	10	
	00848b40	8	
	00848b48	11	
	00848b53	10	
	00848b60	8	
	00848b68	10	
	00848b80	8	
	00848b88	10	
	00848ba0	8	
	00848ba8	10	
	00848bc0	8	
	00848bc8	10	
	00848be0	11	
	00848beb	10	
	00848c00	8	
	00848c08	10	
	00848c20	8	
	00848c28	10	
	00848c40	8	
	00848c48	10	
	00848c60	40	
	00848c88	10	
	00848ca0	40	
	00848cc8	10	
	00848ce0	8	
	00848ce8	10	
	00848d00	8	
	00848d08	10	
	00848d20	11	
	00848d2b	10	
	00848d40	8	
	00848d48	10	
	00848d60	8	
	00848d68	11	
	00848d73	10	
	00848d80	8	
	00848d88	10	
	00848da0	11	
	00848dab	10	
	00848dc0	11	
	00848dcb	10	
	00848de0	11	
	00848deb	8	
	00848df3	10	
	00848e00	8	
	00848e08	10	
	00848e20	8	
	00848e28	10	
	00848e40	11	
	00848e4b	10	
	00848e60	8	
	00848e68	10	
	00848e80	8	
	00848e88	10	
	00848ea0	11	
	00848eab	10	
	00848ec0	8	
	00848ec8	11	
	00848ed3	10	
	00848ee0	11	
	00848eeb	8	
	00848ef3	8	
	00848efb	8	
	00848f03	10	
	00848f10	8	
	00848f18	10	
	00848f30	8	
	00848f38	10	
	00848f50	8	
	00848f58	11	
	00848f63	22	
	00848f79	10	
	00848f90	8	
	00848f98	11	
	00848fa3	22	
	00848fb9	10	
	00848fd0	11	
	00848fdb	11	
	00848fe6	10	
	00848ff0	8	
	00848ff8	10	
	00849010	8	
	00849018	11	
	00849023	8	
	0084902b	8	
	00849033	11	
	0084903e	10	
	00849050	8	
	00849058	10	
	00849070	26	
	0084908a	11	
	00849095	11	
	008490a0	10	
	008490b0	8	
	008490b8	10	
	008490d0	11	
	008490db	11	
	008490e6	10	
	008490f0	8	
	008490f8	10	
	00849110	11	
	0084911b	10	
	00849130	11	
	0084913b	10	
	00849150	8	
	00849158	11	
	00849163	10	
	00849170	8	
	00849178	10	
	00849190	8	
	00849198	10	
	008491b0	8	
	008491b8	11	
	008491c3	10	
	008491d0	8	
	008491d8	10	
	008491f0	8	
	008491f8	10	
	00849210	11	
	0084921b	10	
	00849230	11	
	0084923b	10	
	00849250	8	
	00849258	11	
	00849263	11	
	0084926e	11	
	00849279	10	
	00849290	8	
	00849298	11	
	008492a3	11	
	008492ae	11	
	008492b9	10	
	008492d0	8	
	008492d8	11	
	008492e3	11	
	008492ee	11	
	008492f9	11	
	00849304	10	
	00849310	11	
	0084931b	8	
	00849323	11	
	0084932e	11	
	00849339	11	
	00849344	10	
	00849350	11	
	0084935b	10	
	00849370	11	
	0084937b	10	
	00849390	11	
	0084939b	10	
	008493b0	8	
	008493b8	11	
	008493c3	11	
	008493ce	14	
	008493dc	8	
	008493e4	10	
	008493f0	8	
	008493f8	11	
	00849403	11	
	0084940e	14	
	0084941c	10	
	00849430	8	
	00849438	10	
	00849450	8	
	00849458	11	
	00849463	11	
	0084946e	11	
	00849479	10	
	00849490	11	
	0084949b	11	
	008494a6	11	
	008494b1	10	
	008494c0	11	
	008494cb	11	
	008494d6	11	
	008494e1	11	
	008494ec	8	
	008494f4	8	
	008494fc	10	
	00849510	11	
	0084951b	11	
	00849526	11	
	00849531	10	
	00849540	8	
	00849548	11	
	00849553	11	
	0084955e	11	
	00849569	11	
	00849574	11	
	0084957f	14	
	0084958d	8	
	00849595	8	
	0084959d	8	
	008495a5	8	
	008495ad	8	
	008495b5	8	
	008495bd	8	
	008495c5	8	
	008495cd	8	
	008495d5	8	
	008495dd	8	
	008495e5	8	
	008495ed	8	
	008495f5	10	
	00849600	8	
	00849608	11	
	00849613	11	
	0084961e	11	
	00849629	11	
	00849634	11	
	0084963f	10	
	00849650	8	
	00849658	8	
	00849660	8	
	00849668	8	
	00849670	8	
	00849678	10	
	00849690	8	
	00849698	10	
	008496b0	8	
	008496b8	23	
	008496cf	10	
	008496e0	8	
	008496e8	10	
	00849700	8	
	00849708	11	
	00849713	8	
	0084971b	10	
	00849730	8	
	00849738	10	
	00849750	11	
	0084975b	8	
	00849763	11	
	0084976e	8	
	00849776	10	
	00849780	11	
	0084978b	11	
	00849796	11	
	008497a1	11	
	008497ac	11	
	008497b7	23	
	008497ce	11	
	008497d9	10	
	008497f0	11	
	008497fb	11	
	00849806	11	
	00849811	11	
	0084981c	11	
	00849827	23	
	0084983e	11	
	00849849	10	
	00849860	11	
	0084986b	11	
	00849876	11	
	00849881	11	
	0084988c	11	
	00849897	23	
	008498ae	11	
	008498b9	10	
	008498d0	11	
	008498db	11	
	008498e6	11	
	008498f1	11	
	008498fc	11	
	00849907	23	
	0084991e	11	
	00849929	10	
	00849940	11	
	0084994b	11	
	00849956	11	
	00849961	11	
	0084996c	11	
	00849977	8	
	0084997f	8	
	00849987	8	
	0084998f	10	
	008499a0	8	
	008499a8	10	
	008499c0	8	
	008499c8	11	
	008499d3	11	
	008499de	10	
	008499f0	11	
	008499fb	11	
	00849a06	10	
	00849a10	11	
	00849a1b	11	
	00849a26	10	
	00849a30	11	
	00849a3b	10	
	00849a50	11	
	00849a5b	10	
	00849a70	8	
	00849a78	10	
	00849a90	8	
	00849a98	23	
	00849aaf	10	
	00849ac0	8	
	00849ac8	10	
	00849ae0	8	
	00849ae8	10	
	00849b00	8	
	00849b08	11	
	00849b13	10	
	00849b20	8	
	00849b28	11	
	00849b33	11	
	00849b3e	10	
	00849b50	11	
	00849b5b	10	
	00849b70	8	
	00849b78	11	
	00849b83	10	
	00849b90	8	
	00849b98	11	
	00849ba3	11	
	00849bae	10	
	00849bc0	11	
	00849bcb	10	
	00849be0	8	
	00849be8	10	
	00849c00	11	
	00849c0b	10	
	00849c20	11	
	00849c2b	11	
	00849c36	10	
	00849c40	11	
	00849c4b	10	
	00849c60	8	
	00849c68	10	
	00849c80	8	
	00849c88	10	
	00849ca0	11	
	00849cab	10	
	00849cc0	11	
	00849ccb	10	
	00849ce0	8	
	00849ce8	10	
	00849d00	11	
	00849d0b	10	
	00849d20	11	
	00849d2b	10	
	00849d40	8	
	00849d48	10	
	00849d60	8	
	00849d68	11	
	00849d73	11	
	00849d7e	11	
	00849d89	10	
	00849da0	8	
	00849da8	11	
	00849db3	11	
	00849dbe	11	
	00849dc9	10	
	00849de0	8	
	00849de8	11	
	00849df3	10	
	00849e00	8	
	00849e08	11	
	00849e13	11	
	00849e1e	11	
	00849e29	11	
	00849e34	11	
	00849e3f	11	
	00849e4a	10	
	00849e60	8	
	00849e68	11	
	00849e73	11	
	00849e7e	11	
	00849e89	10	
	00849ea0	8	
	00849ea8	10	
	00849ec0	8	
	00849ec8	10	
	00849ee0	11	
	00849eeb	10	
	00849f00	11	
	00849f0b	10	
	00849f20	46	
	00849f4e	14	
	00849f5c	11	
	00849f67	11	
	00849f72	11	
	00849f7d	11	
	00849f88	11	
	00849f93	11	
	00849f9e	11	
	00849fa9	11	
	00849fb4	10	
	00849fc0	11	
	00849fcb	23	
	00849fe2	11	
	00849fed	11	
	00849ff8	11	
	0084a003	23	
	0084a01a	11	
	0084a025	11	
	0084a030	11	
	0084a03b	23	
	0084a052	11	
	0084a05d	11	
	0084a068	11	
	0084a073	23	
	0084a08a	11	
	0084a095	11	
	0084a0a0	11	
	0084a0ab	23	
	0084a0c2	11	
	0084a0cd	11	
	0084a0d8	11	
	0084a0e3	23	
	0084a0fa	11	
	0084a105	11	
	0084a110	11	
	0084a11b	23	
	0084a132	11	
	0084a13d	11	
	0084a148	11	
	0084a153	25	
	0084a16c	11	
	0084a177	11	
	0084a182	11	
	0084a18d	25	
	0084a1a6	11	
	0084a1b1	11	
	0084a1bc	11	
	0084a1c7	25	
	0084a1e0	11	
	0084a1eb	11	
	0084a1f6	11	
	0084a201	25	
	0084a21a	11	
	0084a225	11	
	0084a230	11	
	0084a23b	25	
	0084a254	11	
	0084a25f	11	
	0084a26a	11	
	0084a275	25	
	0084a28e	11	
	0084a299	11	
	0084a2a4	11	
	0084a2af	25	
	0084a2c8	11	
	0084a2d3	11	
	0084a2de	11	
	0084a2e9	25	
	0084a302	11	
	0084a30d	11	
	0084a318	11	
	0084a323	25	
	0084a33c	11	
	0084a347	11	
	0084a352	11	
	0084a35d	25	
	0084a376	11	
	0084a381	11	
	0084a38c	11	
	0084a397	25	
	0084a3b0	11	
	0084a3bb	11	
	0084a3c6	11	
	0084a3d1	25	
	0084a3ea	11	
	0084a3f5	11	
	0084a400	11	
	0084a40b	25	
	0084a424	11	
	0084a42f	11	
	0084a43a	11	
	0084a445	25	
	0084a45e	11	
	0084a469	11	
	0084a474	11	
	0084a47f	25	
	0084a498	11	
	0084a4a3	11	
	0084a4ae	11	
	0084a4b9	25	
	0084a4d2	11	
	0084a4dd	11	
	0084a4e8	11	
	0084a4f3	25	
	0084a50c	11	
	0084a517	11	
	0084a522	11	
	0084a52d	25	
	0084a546	11	
	0084a551	11	
	0084a55c	11	
	0084a567	25	
	0084a580	11	
	0084a58b	11	
	0084a596	11	
	0084a5a1	25	
	0084a5ba	11	
	0084a5c5	11	
	0084a5d0	11	
	0084a5db	25	
	0084a5f4	11	
	0084a5ff	11	
	0084a60a	11	
	0084a615	25	
	0084a62e	11	
	0084a639	11	
	0084a644	11	
	0084a64f	25	
	0084a668	11	
	0084a673	11	
	0084a67e	11	
	0084a689	25	
	0084a6a2	11	
	0084a6ad	11	
	0084a6b8	11	
	0084a6c3	25	
	0084a6dc	11	
	0084a6e7	11	
	0084a6f2	11	
	0084a6fd	23	
	0084a714	11	
	0084a71f	11	
	0084a72a	11	
	0084a735	23	
	0084a74c	11	
	0084a757	11	
	0084a762	11	
	0084a76d	23	
	0084a784	11	
	0084a78f	11	
	0084a79a	11	
	0084a7a5	23	
	0084a7bc	11	
	0084a7c7	11	
	0084a7d2	11	
	0084a7dd	23	
	0084a7f4	11	
	0084a7ff	11	
	0084a80a	11	
	0084a815	23	
	0084a82c	11	
	0084a837	11	
	0084a842	11	
	0084a84d	23	
	0084a864	11	
	0084a86f	11	
	0084a87a	11	
	0084a885	25	
	0084a89e	11	
	0084a8a9	25	
	0084a8c2	11	
	0084a8cd	25	
	0084a8e6	11	
	0084a8f1	25	
	0084a90a	11	
	0084a915	25	
	0084a92e	11	
	0084a939	25	
	0084a952	11	
	0084a95d	25	
	0084a976	11	
	0084a981	25	
	0084a99a	11	
	0084a9a5	25	
	0084a9be	11	
	0084a9c9	25	
	0084a9e2	10	
	0084a9f0	11	
	0084a9fb	10	
	0084aa10	11	
	0084aa1b	10	
	0084aa30	8	
	0084aa38	8	
	0084aa40	10	
	0084aa50	11	
	0084aa5b	10	
	0084aa70	11	
	0084aa7b	11	
	0084aa86	10	
	0084aa90	11	
	0084aa9b	11	
	0084aaa6	10	
	0084aab0	11	
	0084aabb	11	
	0084aac6	10	
	0084aad0	11	
	0084aadb	11	
	0084aae6	10	
	0084aaf0	11	
	0084aafb	11	
	0084ab06	10	
	0084ab10	11	
	0084ab1b	11	
	0084ab26	10	
	0084ab30	11	
	0084ab3b	11	
	0084ab46	10	
	0084ab50	11	
	0084ab5b	11	
	0084ab66	10	
	0084ab70	11	
	0084ab7b	11	
	0084ab86	10	
	0084ab90	11	
	0084ab9b	11	
	0084aba6	10	
	0084abb0	11	
	0084abbb	11	
	0084abc6	10	
	0084abd0	11	
	0084abdb	11	
	0084abe6	10	
	0084abf0	11	
	0084abfb	11	
	0084ac06	10	
	0084ac10	11	
	0084ac1b	11	
	0084ac26	10	
	0084ac30	11	
	0084ac3b	11	
	0084ac46	10	
	0084ac50	11	
	0084ac5b	11	
	0084ac66	10	
	0084ac70	11	
	0084ac7b	11	
	0084ac86	10	
	0084ac90	11	
	0084ac9b	11	
	0084aca6	10	
	0084acb0	11	
	0084acbb	11	
	0084acc6	10	
	0084acd0	11	
	0084acdb	11	
	0084ace6	10	
	0084acf0	11	
	0084acfb	11	
	0084ad06	10	
	0084ad10	11	
	0084ad1b	11	
	0084ad26	10	
	0084ad30	11	
	0084ad3b	11	
	0084ad46	10	
	0084ad50	11	
	0084ad5b	11	
	0084ad66	10	
	0084ad70	11	
	0084ad7b	11	
	0084ad86	10	
	0084ad90	11	
	0084ad9b	11	
	0084ada6	10	
	0084adb0	11	
	0084adbb	11	
	0084adc6	10	
	0084add0	11	
	0084addb	11	
	0084ade6	10	
	0084adf0	11	
	0084adfb	11	
	0084ae06	10	
	0084ae10	11	
	0084ae1b	11	
	0084ae26	10	
	0084ae30	11	
	0084ae3b	11	
	0084ae46	10	
	0084ae50	11	
	0084ae5b	11	
	0084ae66	10	
	0084ae70	11	
	0084ae7b	11	
	0084ae86	10	
	0084ae90	11	
	0084ae9b	11	
	0084aea6	10	
	0084aeb0	11	
	0084aebb	11	
	0084aec6	10	
	0084aed0	11	
	0084aedb	11	
	0084aee6	10	
	0084aef0	11	
	0084aefb	11	
	0084af06	10	
	0084af10	11	
	0084af1b	11	
	0084af26	10	
	0084af30	11	
	0084af3b	11	
	0084af46	11	
	0084af51	10	
	0084af60	11	
	0084af6b	11	
	0084af76	10	
	0084af80	11	
	0084af8b	11	
	0084af96	11	
	0084afa1	10	
	0084afb0	11	
	0084afbb	11	
	0084afc6	10	
	0084afd0	11	
	0084afdb	11	
	0084afe6	11	
	0084aff1	10	
	0084b000	11	
	0084b00b	11	
	0084b016	10	
	0084b020	11	
	0084b02b	11	
	0084b036	11	
	0084b041	10	
	0084b050	11	
	0084b05b	11	
	0084b066	10	
	0084b070	11	
	0084b07b	11	
	0084b086	11	
	0084b091	10	
	0084b0a0	11	
	0084b0ab	11	
	0084b0b6	10	
	0084b0c0	11	
	0084b0cb	11	
	0084b0d6	11	
	0084b0e1	10	
	0084b0f0	11	
	0084b0fb	11	
	0084b106	11	
	0084b111	10	
	0084b120	11	
	0084b12b	11	
	0084b136	10	
	0084b140	11	
	0084b14b	11	
	0084b156	11	
	0084b161	10	
	0084b170	11	
	0084b17b	11	
	0084b186	11	
	0084b191	10	
	0084b1a0	11	
	0084b1ab	11	
	0084b1b6	11	
	0084b1c1	10	
	0084b1d0	11	
	0084b1db	11	
	0084b1e6	10	
	0084b1f0	11	
	0084b1fb	11	
	0084b206	11	
	0084b211	10	
	0084b220	11	
	0084b22b	11	
	0084b236	11	
	0084b241	10	
	0084b250	11	
	0084b25b	11	
	0084b266	11	
	0084b271	10	
	0084b280	11	
	0084b28b	11	
	0084b296	11	
	0084b2a1	10	
	0084b2b0	11	
	0084b2bb	11	
	0084b2c6	11	
	0084b2d1	10	
	0084b2e0	11	
	0084b2eb	11	
	0084b2f6	11	
	0084b301	10	
	0084b310	11	
	0084b31b	11	
	0084b326	11	
	0084b331	10	
	0084b340	11	
	0084b34b	11	
	0084b356	11	
	0084b361	10	
	0084b370	11	
	0084b37b	11	
	0084b386	11	
	0084b391	10	
	0084b3a0	11	
	0084b3ab	11	
	0084b3b6	11	
	0084b3c1	10	
	0084b3d0	11	
	0084b3db	11	
	0084b3e6	11	
	0084b3f1	10	
	0084b400	11	
	0084b40b	11	
	0084b416	11	
	0084b421	10	
	0084b430	11	
	0084b43b	11	
	0084b446	11	
	0084b451	10	
	0084b460	11	
	0084b46b	11	
	0084b476	11	
	0084b481	10	
	0084b490	11	
	0084b49b	11	
	0084b4a6	11	
	0084b4b1	10	
	0084b4c0	11	
	0084b4cb	11	
	0084b4d6	11	
	0084b4e1	10	
	0084b4f0	11	
	0084b4fb	11	
	0084b506	11	
	0084b511	10	
	0084b520	11	
	0084b52b	11	
	0084b536	11	
	0084b541	10	
	0084b550	11	
	0084b55b	11	
	0084b566	11	
	0084b571	10	
	0084b580	11	
	0084b58b	11	
	0084b596	11	
	0084b5a1	10	
	0084b5b0	11	
	0084b5bb	11	
	0084b5c6	11	
	0084b5d1	10	
	0084b5e0	11	
	0084b5eb	11	
	0084b5f6	11	
	0084b601	10	
	0084b610	11	
	0084b61b	11	
	0084b626	11	
	0084b631	10	
	0084b640	11	
	0084b64b	11	
	0084b656	11	
	0084b661	10	
	0084b670	11	
	0084b67b	11	
	0084b686	11	
	0084b691	10	
	0084b6a0	11	
	0084b6ab	11	
	0084b6b6	11	
	0084b6c1	10	
	0084b6d0	11	
	0084b6db	11	
	0084b6e6	11	
	0084b6f1	10	
	0084b700	11	
	0084b70b	11	
	0084b716	11	
	0084b721	10	
	0084b730	11	
	0084b73b	11	
	0084b746	11	
	0084b751	10	
	0084b760	11	
	0084b76b	11	
	0084b776	11	
	0084b781	10	
	0084b790	11	
	0084b79b	11	
	0084b7a6	11	
	0084b7b1	10	
	0084b7c0	11	
	0084b7cb	11	
	0084b7d6	11	
	0084b7e1	10	
	0084b7f0	11	
	0084b7fb	11	
	0084b806	11	
	0084b811	10	
	0084b820	11	
	0084b82b	11	
	0084b836	11	
	0084b841	10	
	0084b850	11	
	0084b85b	11	
	0084b866	11	
	0084b871	10	
	0084b880	11	
	0084b88b	11	
	0084b896	11	
	0084b8a1	10	
	0084b8b0	11	
	0084b8bb	11	
	0084b8c6	11	
	0084b8d1	10	
	0084b8e0	11	
	0084b8eb	11	
	0084b8f6	11	
	0084b901	10	
	0084b910	11	
	0084b91b	11	
	0084b926	11	
	0084b931	10	
	0084b940	11	
	0084b94b	11	
	0084b956	11	
	0084b961	10	
	0084b970	11	
	0084b97b	11	
	0084b986	11	
	0084b991	10	
	0084b9a0	11	
	0084b9ab	11	
	0084b9b6	11	
	0084b9c1	10	
	0084b9d0	11	
	0084b9db	11	
	0084b9e6	11	
	0084b9f1	10	
	0084ba00	11	
	0084ba0b	11	
	0084ba16	11	
	0084ba21	10	
	0084ba30	11	
	0084ba3b	11	
	0084ba46	11	
	0084ba51	10	
	0084ba60	11	
	0084ba6b	11	
	0084ba76	11	
	0084ba81	10	
	0084ba90	11	
	0084ba9b	11	
	0084baa6	11	
	0084bab1	10	
	0084bac0	11	
	0084bacb	11	
	0084bad6	11	
	0084bae1	10	
	0084baf0	11	
	0084bafb	11	
	0084bb06	11	
	0084bb11	10	
	0084bb20	11	
	0084bb2b	10	
	0084bb40	11	
	0084bb4b	10	
	0084bb60	11	
	0084bb6b	10	
	0084bb80	11	
	0084bb8b	11	
	0084bb96	10	
	0084bba0	11	
	0084bbab	10	
	0084bbc0	11	
	0084bbcb	10	
	0084bbe0	11	
	0084bbeb	10	
	0084bc00	11	
	0084bc0b	10	
	0084bc20	11	
	0084bc2b	10	
	0084bc40	11	
	0084bc4b	10	
	0084bc60	11	
	0084bc6b	10	
	0084bc80	11	
	0084bc8b	10	
	0084bca0	11	
	0084bcab	10	
	0084bcc0	11	
	0084bccb	10	
	0084bce0	11	
	0084bceb	10	
	0084bd00	11	
	0084bd0b	10	
	0084bd20	11	
	0084bd2b	10	
	0084bd40	11	
	0084bd4b	10	
	0084bd60	11	
	0084bd6b	10	
	0084bd80	11	
	0084bd8b	10	
	0084bda0	11	
	0084bdab	10	
	0084bdc0	11	
	0084bdcb	10	
	0084bde0	8	
	0084bde8	11	
	0084bdf3	11	
	0084bdfe	11	
	0084be09	10	
	0084be20	8	
	0084be28	10	
	0084be40	8	
	0084be48	8	
	0084be50	8	
	0084be58	8	
	0084be60	8	
	0084be68	8	
	0084be70	10	
	0084be80	8	
	0084be88	8	
	0084be90	8	
	0084be98	8	
	0084bea0	8	
	0084bea8	8	
	0084beb0	8	
	0084beb8	8	
	0084bec0	8	
	0084bec8	8	
	0084bed0	8	
	0084bed8	10	
	0084bef0	8	
	0084bef8	10	
	0084bf10	8	
	0084bf18	10	
	0084bf30	8	
	0084bf38	10	
	0084bf50	8	
	0084bf58	10	
	0084bf70	8	
	0084bf78	10	
	0084bf90	8	
	0084bf98	11	
	0084bfa3	10	
	0084bfb0	8	
	0084bfb8	11	
	0084bfc3	11	
	0084bfce	10	
	0084bfe0	11	
	0084bfeb	10	
	0084c000	11	
	0084c00b	10	
	0084c020	11	
	0084c02b	10	
	0084c040	11	
	0084c04b	10	
	0084c060	11	
	0084c06b	11	
	0084c076	11	
	0084c081	11	
	0084c08c	11	
	0084c097	10	
	0084c0b0	8	
	0084c0b8	11	
	0084c0c3	11	
	0084c0ce	11	
	0084c0d9	11	
	0084c0e4	10	
	0084c0f0	8	
	0084c0f8	11	
	0084c103	11	
	0084c10e	11	
	0084c119	11	
	0084c124	8	
	0084c12c	8	
	0084c134	10	
	0084c140	8	
	0084c148	8	
	0084c150	10	
	0084c160	11	
	0084c16b	10	
	0084c180	8	
	0084c188	8	
	0084c190	8	
	0084c198	10	
	0084c1b0	11	
	0084c1bb	10	
	0084c1d0	8	
	0084c1d8	8	
	0084c1e0	10	
	0084c1f0	8	
	0084c1f8	10	
	0084c210	8	
	0084c218	10	
	0084c230	8	
	0084c238	11	
	0084c243	10	
	0084c250	8	
	0084c258	11	
	0084c263	11	
	0084c26e	8	
	0084c276	10	
	0084c280	8	
	0084c288	10	
	0084c2a0	8	
	0084c2a8	10	
	0084c2c0	8	
	0084c2c8	10	
	0084c2e0	8	
	0084c2e8	10	
	0084c300	8	
	0084c308	10	
	0084c320	8	
	0084c328	8	
	0084c330	8	
	0084c338	10	
	0084c350	11	
	0084c35b	10	
	0084c370	8	
	0084c378	8	
	0084c380	10	
	0084c390	11	
	0084c39b	10	
	0084c3b0	8	
	0084c3b8	8	
	0084c3c0	10	
	0084c3d0	8	
	0084c3d8	10	
	0084c3f0	8	
	0084c3f8	14	
	0084c406	11	
	0084c411	11	
	0084c41c	11	
	0084c427	11	
	0084c432	10	
	0084c440	8	
	0084c448	14	
	0084c456	10	
	0084c460	8	
	0084c468	10	
	0084c480	8	
	0084c488	8	
	0084c490	10	
	0084c4a0	11	
	0084c4ab	11	
	0084c4b6	10	
	0084c4c0	11	
	0084c4cb	10	
	0084c4e0	11	
	0084c4eb	10	
	0084c500	11	
	0084c50b	10	
	0084c520	11	
	0084c52b	11	
	0084c536	10	
	0084c540	11	
	0084c54b	10	
	0084c560	8	
	0084c568	10	
	0084c580	8	
	0084c588	8	
	0084c590	8	
	0084c598	8	
	0084c5a0	10	
	0084c5b0	8	
	0084c5b8	8	
	0084c5c0	8	
	0084c5c8	8	
	0084c5d0	10	
	0084c5e0	8	
	0084c5e8	8	
	0084c5f0	8	
	0084c5f8	8	
	0084c600	10	
	0084c610	8	
	0084c618	10	
	0084c630	8	
	0084c638	14	
	0084c646	10	
	0084c650	8	
	0084c658	10	
	0084c670	8	
	0084c678	10	
	0084c690	8	
	0084c698	11	
	0084c6a3	11	
	0084c6ae	11	
	0084c6b9	11	
	0084c6c4	10	
	0084c6d0	8	
	0084c6d8	11	
	0084c6e3	11	
	0084c6ee	10	
	0084c700	8	
	0084c708	10	
	0084c720	11	
	0084c72b	10	
	0084c740	11	
	0084c74b	10	
	0084c760	11	
	0084c76b	10	
	0084c780	8	
	0084c788	10	
	0084c7a0	8	
	0084c7a8	10	
	0084c7c0	8	
	0084c7c8	11	
	0084c7d3	11	
	0084c7de	11	
	0084c7e9	11	
	0084c7f4	10	
	0084c800	8	
	0084c808	11	
	0084c813	11	
	0084c81e	10	
	0084c830	8	
	0084c838	10	
	0084c850	8	
	0084c858	10	
	0084c870	11	
	0084c87b	10	
	0084c890	8	
	0084c898	11	
	0084c8a3	10	
	0084c8b0	8	
	0084c8b8	10	
	0084c8d0	8	
	0084c8d8	10	
	0084c8f0	8	
	0084c8f8	10	
	0084c910	8	
	0084c918	10	
	0084c930	8	
	0084c938	10	
	0084c950	8	
	0084c958	10	
	0084c970	8	
	0084c978	10	
	0084c990	8	
	0084c998	10	
	0084c9b0	8	
	0084c9b8	11	
	0084c9c3	10	
	0084c9d0	8	
	0084c9d8	10	
	0084c9f0	8	
	0084c9f8	10	
	0084ca10	8	
	0084ca18	10	
	0084ca30	11	
	0084ca3b	10	
	0084ca50	8	
	0084ca58	10	
	0084ca70	8	
	0084ca78	10	
	0084ca90	8	
	0084ca98	10	
	0084cab0	8	
	0084cab8	10	
	0084cad0	8	
	0084cad8	10	
	0084caf0	8	
	0084caf8	10	
	0084cb10	8	
	0084cb18	10	
	0084cb30	8	
	0084cb38	11	
	0084cb43	10	
	0084cb50	8	
	0084cb58	10	
	0084cb70	11	
	0084cb7b	11	
	0084cb86	8	
	0084cb8e	11	
	0084cb99	10	
	0084cbb0	11	
	0084cbbb	11	
	0084cbc6	10	
	0084cbd0	8	
	0084cbd8	8	
	0084cbe0	8	
	0084cbe8	8	
	0084cbf0	11	
	0084cbfb	8	
	0084cc03	8	
	0084cc0b	10	
	0084cc20	8	
	0084cc28	8	
	0084cc30	8	
	0084cc38	8	
	0084cc40	8	
	0084cc48	8	
	0084cc50	8	
	0084cc58	8	
	0084cc60	8	
	0084cc68	8	
	0084cc70	10	
	0084cc80	11	
	0084cc8b	11	
	0084cc96	11	
	0084cca1	11	
	0084ccac	11	
	0084ccb7	29	
	0084ccd4	11	
	0084ccdf	11	
	0084ccea	11	
	0084ccf5	14	
	0084cd03	11	
	0084cd0e	11	
	0084cd19	29	
	0084cd36	11	
	0084cd41	11	
	0084cd4c	11	
	0084cd57	14	
	0084cd65	10	
	0084cd70	11	
	0084cd7b	10	
	0084cd90	8	
	0084cd98	10	
	0084cdb0	8	
	0084cdb8	10	
	0084cdd0	8	
	0084cdd8	10	
	0084cdf0	8	
	0084cdf8	11	
	0084ce03	11	
	0084ce0e	10	
	0084ce20	11	
	0084ce2b	10	
	0084ce40	11	
	0084ce4b	10	
	0084ce60	11	
	0084ce6b	10	
	0084ce80	11	
	0084ce8b	10	
	0084cea0	8	
	0084cea8	10	
	0084cec0	8	
	0084cec8	41	
	0084cef1	10	
	0084cf00	11	
	0084cf0b	11	
	0084cf16	11	
	0084cf21	10	
	0084cf30	11	
	0084cf3b	11	
	0084cf46	11	
	0084cf51	10	
	0084cf60	11	
	0084cf6b	11	
	0084cf76	11	
	0084cf81	10	
	0084cf90	8	
	0084cf98	8	
	0084cfa0	8	
	0084cfa8	10	
	0084cfc0	14	
	0084cfce	14	
	0084cfdc	14	
	0084cfea	14	
	0084cff8	11	
	0084d003	10	
	0084d010	14	
	0084d01e	14	
	0084d02c	14	
	0084d03a	14	
	0084d048	10	
	0084d060	11	
	0084d06b	10	
	0084d080	11	
	0084d08b	11	
	0084d096	10	
	0084d0a0	8	
	0084d0a8	10	
	0084d0c0	8	
	0084d0c8	10	
	0084d0e0	11	
	0084d0eb	11	
	0084d0f6	10	
	0084d100	11	
	0084d10b	11	
	0084d116	11	
	0084d121	11	
	0084d12c	11	
	0084d137	11	
	0084d142	8	
	0084d14a	11	
	0084d155	14	
	0084d163	11	
	0084d16e	10	
	0084d180	11	
	0084d18b	11	
	0084d196	11	
	0084d1a1	11	
	0084d1ac	11	
	0084d1b7	14	
	0084d1c5	10	
	0084d1d0	29	
	0084d1ed	11	
	0084d1f8	11	
	0084d203	11	
	0084d20e	11	
	0084d219	11	
	0084d224	14	
	0084d232	14	
	0084d240	14	
	0084d24e	10	
	0084d260	29	
	0084d27d	11	
	0084d288	11	
	0084d293	11	
	0084d29e	8	
	0084d2a6	14	
	0084d2b4	14	
	0084d2c2	8	
	0084d2ca	11	
	0084d2d5	10	
	0084d2e0	11	
	0084d2eb	11	
	0084d2f6	11	
	0084d301	10	
	0084d310	11	
	0084d31b	10	
	0084d330	8	
	0084d338	8	
	0084d340	8	
	0084d348	10	
	0084d360	8	
	0084d368	8	
	0084d370	11	
	0084d37b	10	
	0084d390	8	
	0084d398	10	
	0084d3b0	8	
	0084d3b8	11	
	0084d3c3	8	
	0084d3cb	8	
	0084d3d3	8	
	0084d3db	8	
	0084d3e3	8	
	0084d3eb	8	
	0084d3f3	8	
	0084d3fb	8	
	0084d403	10	
	0084d410	8	
	0084d418	8	
	0084d420	8	
	0084d428	8	
	0084d430	8	
	0084d438	8	
	0084d440	8	
	0084d448	8	
	0084d450	8	
	0084d458	8	
	0084d460	10	
	0084d470	8	
	0084d478	10	
	0084d490	8	
	0084d498	8	
	0084d4a0	8	
	0084d4a8	11	
	0084d4b3	10	
	0084d4c0	8	
	0084d4c8	8	
	0084d4d0	8	
	0084d4d8	8	
	0084d4e0	8	
	0084d4e8	8	
	0084d4f0	8	
	0084d4f8	10	
	0084d510	11	
	0084d51b	11	
	0084d526	11	
	0084d531	14	
	0084d53f	11	
	0084d54a	11	
	0084d555	10	
	0084d560	8	
	0084d568	10	
	0084d580	8	
	0084d588	11	
	0084d593	10	
	0084d5a0	8	
	0084d5a8	8	
	0084d5b0	8	
	0084d5b8	10	
	0084d5d0	8	
	0084d5d8	11	
	0084d5e3	11	
	0084d5ee	11	
	0084d5f9	10	
	0084d610	8	
	0084d618	11	
	0084d623	11	
	0084d62e	11	
	0084d639	10	
	0084d650	11	
	0084d65b	11	
	0084d666	11	
	0084d671	11	
	0084d67c	11	
	0084d687	11	
	0084d692	26	
	0084d6ac	11	
	0084d6b7	11	
	0084d6c2	11	
	0084d6cd	14	
	0084d6db	10	
	0084d6f0	8	
	0084d6f8	11	
	0084d703	10	
	0084d710	8	
	0084d718	10	
	0084d730	8	
	0084d738	10	
	0084d750	8	
	0084d758	10	
	0084d770	8	
	0084d778	8	
	0084d780	8	
	0084d788	8	
	0084d790	11	
	0084d79b	8	
	0084d7a3	10	
	0084d7b0	29	
	0084d7cd	11	
	0084d7d8	11	
	0084d7e3	11	
	0084d7ee	11	
	0084d7f9	11	
	0084d804	11	
	0084d80f	11	
	0084d81a	11	
	0084d825	11	
	0084d830	11	
	0084d83b	11	
	0084d846	11	
	0084d851	14	
	0084d85f	10	
	0084d870	11	
	0084d87b	8	
	0084d883	11	
	0084d88e	8	
	0084d896	11	
	0084d8a1	11	
	0084d8ac	11	
	0084d8b7	11	
	0084d8c2	11	
	0084d8cd	11	
	0084d8d8	11	
	0084d8e3	11	
	0084d8ee	11	
	0084d8f9	11	
	0084d904	11	
	0084d90f	11	
	0084d91a	10	
	0084d930	11	
	0084d93b	10	
	0084d950	11	
	0084d95b	10	
	0084d970	8	
	0084d978	8	
	0084d980	8	
	0084d988	10	
	0084d9a0	8	
	0084d9a8	10	
	0084d9b2	10	
	0084d9bc	11	
	0084d9c7	11	
	0084d9d2	10	
	0084d9e0	11	
	0084d9eb	11	
	0084d9f6	10	
	0084da00	11	
	0084da0b	11	
	0084da16	11	
	0084da21	10	
	0084da30	11	
	0084da3b	10	
	0084da50	8	
	0084da58	10	
	0084da62	10	
	0084da6c	11	
	0084da77	11	
	0084da82	10	
	0084da90	11	
	0084da9b	11	
	0084daa6	10	
	0084dab0	11	
	0084dabb	11	
	0084dac6	11	
	0084dad1	10	
	0084dae0	11	
	0084daeb	10	
	0084db00	11	
	0084db0b	10	
	0084db20	8	
	0084db28	10	
	0084db40	8	
	0084db48	10	
	0084db60	11	
	0084db6b	11	
	0084db76	11	
	0084db81	11	
	0084db8c	10	
	0084dba0	8	
	0084dba8	10	
	0084dbc0	8	
	0084dbc8	11	
	0084dbd3	10	
	0084dbe0	11	
	0084dbeb	8	
	0084dbf3	10	
	0084dc00	11	
	0084dc0b	8	
	0084dc13	10	
	0084dc20	8	
	0084dc28	10	
	0084dc40	8	
	0084dc48	10	
	0084dc60	11	
	0084dc6b	10	
	0084dc80	11	
	0084dc8b	10	
	0084dca0	11	
	0084dcab	10	
	0084dcc0	11	
	0084dccb	10	
	0084dce0	11	
	0084dceb	10	
	0084dd00	11	
	0084dd0b	10	
	0084dd20	11	
	0084dd2b	10	
	0084dd40	11	
	0084dd4b	10	
	0084dd60	11	
	0084dd6b	10	
	0084dd80	11	
	0084dd8b	10	
	0084dda0	11	
	0084ddab	10	
	0084ddc0	8	
	0084ddc8	11	
	0084ddd3	10	
	0084dde0	8	
	0084dde8	10	
	0084de00	8	
	0084de08	8	
	0084de10	8	
	0084de18	10	
	0084de30	11	
	0084de3b	8	
	0084de43	8	
	0084de4b	10	
	0084de60	19	
	0084de73	10	
	0084de80	11	
	0084de8b	8	
	0084de93	10	
	0084dea0	11	
	0084deab	8	
	0084deb3	10	
	0084dec0	11	
	0084decb	11	
	0084ded6	10	
	0084dee0	11	
	0084deeb	11	
	0084def6	10	
	0084df00	8	
	0084df08	11	
	0084df13	10	
	0084df20	8	
	0084df28	10	
	0084df40	11	
	0084df4b	10	
	0084df60	8	
	0084df68	8	
	0084df70	11	
	0084df7b	11	
	0084df86	11	
	0084df91	11	
	0084df9c	11	
	0084dfa7	11	
	0084dfb2	10	
	0084dfc0	8	
	0084dfc8	11	
	0084dfd3	11	
	0084dfde	11	
	0084dfe9	11	
	0084dff4	11	
	0084dfff	11	
	0084e00a	8	
	0084e012	10	
	0084e020	8	
	0084e028	8	
	0084e030	10	
	0084e040	8	
	0084e048	8	
	0084e050	8	
	0084e058	10	
	0084e070	8	
	0084e078	10	
	0084e090	8	
	0084e098	10	
	0084e0b0	8	
	0084e0b8	8	
	0084e0c0	8	
	0084e0c8	8	
	0084e0d0	8	
	0084e0d8	8	
	0084e0e0	8	
	0084e0e8	8	
	0084e0f0	8	
	0084e0f8	8	
	0084e100	8	
	0084e108	8	
	0084e110	8	
	0084e118	8	
	0084e120	8	
	0084e128	8	
	0084e130	8	
	0084e138	8	
	0084e140	8	
	0084e148	8	
	0084e150	8	
	0084e158	8	
	0084e160	8	
	0084e168	8	
	0084e170	8	
	0084e178	8	
	0084e180	8	
	0084e188	8	
	0084e190	8	
	0084e198	8	
	0084e1a0	8	
	0084e1a8	8	
	0084e1b0	8	
	0084e1b8	8	
	0084e1c0	8	
	0084e1c8	8	
	0084e1d0	8	
	0084e1d8	8	
	0084e1e0	8	
	0084e1e8	8	
	0084e1f0	8	
	0084e1f8	8	
	0084e200	8	
	0084e208	8	
	0084e210	8	
	0084e218	8	
	0084e220	8	
	0084e228	8	
	0084e230	8	
	0084e238	8	
	0084e240	8	
	0084e248	8	
	0084e250	8	
	0084e258	8	
	0084e260	8	
	0084e268	8	
	0084e270	8	
	0084e278	8	
	0084e280	8	
	0084e288	8	
	0084e290	8	
	0084e298	8	
	0084e2a0	8	
	0084e2a8	8	
	0084e2b0	8	
	0084e2b8	8	
	0084e2c0	8	
	0084e2c8	8	
	0084e2d0	8	
	0084e2d8	8	
	0084e2e0	8	
	0084e2e8	8	
	0084e2f0	8	
	0084e2f8	8	
	0084e300	8	
	0084e308	8	
	0084e310	8	
	0084e318	8	
	0084e320	8	
	0084e328	8	
	0084e330	8	
	0084e338	8	
	0084e340	8	
	0084e348	8	
	0084e350	8	
	0084e358	8	
	0084e360	8	
	0084e368	8	
	0084e370	8	
	0084e378	8	
	0084e380	8	
	0084e388	8	
	0084e390	8	
	0084e398	8	
	0084e3a0	8	
	0084e3a8	8	
	0084e3b0	8	
	0084e3b8	8	
	0084e3c0	8	
	0084e3c8	8	
	0084e3d0	8	
	0084e3d8	8	
	0084e3e0	8	
	0084e3e8	8	
	0084e3f0	8	
	0084e3f8	8	
	0084e400	8	
	0084e408	8	
	0084e410	8	
	0084e418	8	
	0084e420	8	
	0084e428	8	
	0084e430	8	
	0084e438	8	
	0084e440	8	
	0084e448	8	
	0084e450	8	
	0084e458	8	
	0084e460	8	
	0084e468	8	
	0084e470	8	
	0084e478	8	
	0084e480	8	
	0084e488	8	
	0084e490	8	
	0084e498	8	
	0084e4a0	8	
	0084e4a8	8	
	0084e4b0	8	
	0084e4b8	8	
	0084e4c0	8	
	0084e4c8	8	
	0084e4d0	8	
	0084e4d8	8	
	0084e4e0	8	
	0084e4e8	8	
	0084e4f0	8	
	0084e4f8	8	
	0084e500	8	
	0084e508	8	
	0084e510	8	
	0084e518	8	
	0084e520	8	
	0084e528	8	
	0084e530	8	
	0084e538	8	
	0084e540	8	
	0084e548	8	
	0084e550	8	
	0084e558	8	
	0084e560	8	
	0084e568	8	
	0084e570	8	
	0084e578	8	
	0084e580	8	
	0084e588	8	
	0084e590	8	
	0084e598	8	
	0084e5a0	8	
	0084e5a8	8	
	0084e5b0	8	
	0084e5b8	8	
	0084e5c0	8	
	0084e5c8	8	
	0084e5d0	8	
	0084e5d8	8	
	0084e5e0	8	
	0084e5e8	8	
	0084e5f0	8	
	0084e5f8	8	
	0084e600	8	
	0084e608	8	
	0084e610	8	
	0084e618	8	
	0084e620	8	
	0084e628	8	
	0084e630	8	
	0084e638	8	
	0084e640	8	
	0084e648	8	
	0084e650	8	
	0084e658	8	
	0084e660	8	
	0084e668	8	
	0084e670	8	
	0084e678	8	
	0084e680	8	
	0084e688	8	
	0084e690	8	
	0084e698	8	
	0084e6a0	8	
	0084e6a8	8	
	0084e6b0	8	
	0084e6b8	8	
	0084e6c0	8	
	0084e6c8	8	
	0084e6d0	8	
	0084e6d8	8	
	0084e6e0	8	
	0084e6e8	8	
	0084e6f0	8	
	0084e6f8	8	
	0084e700	8	
	0084e708	8	
	0084e710	8	
	0084e718	8	
	0084e720	8	
	0084e728	8	
	0084e730	8	
	0084e738	8	
	0084e740	8	
	0084e748	8	
	0084e750	8	
	0084e758	8	
	0084e760	8	
	0084e768	8	
	0084e770	8	
	0084e778	8	
	0084e780	8	
	0084e788	8	
	0084e790	8	
	0084e798	8	
	0084e7a0	8	
	0084e7a8	8	
	0084e7b0	8	
	0084e7b8	8	
	0084e7c0	8	
	0084e7c8	8	
	0084e7d0	8	
	0084e7d8	8	
	0084e7e0	8	
	0084e7e8	8	
	0084e7f0	8	
	0084e7f8	8	
	0084e800	8	
	0084e808	8	
	0084e810	8	
	0084e818	8	
	0084e820	8	
	0084e828	8	
	0084e830	8	
	0084e838	8	
	0084e840	8	
	0084e848	8	
	0084e850	8	
	0084e858	8	
	0084e860	8	
	0084e868	8	
	0084e870	8	
	0084e878	8	
	0084e880	8	
	0084e888	8	
	0084e890	8	
	0084e898	8	
	0084e8a0	8	
	0084e8a8	8	
	0084e8b0	8	
	0084e8b8	8	
	0084e8c0	8	
	0084e8c8	8	
	0084e8d0	8	
	0084e8d8	8	
	0084e8e0	8	
	0084e8e8	8	
	0084e8f0	8	
	0084e8f8	8	
	0084e900	8	
	0084e908	8	
	0084e910	8	
	0084e918	8	
	0084e920	8	
	0084e928	8	
	0084e930	8	
	0084e938	8	
	0084e940	8	
	0084e948	8	
	0084e950	8	
	0084e958	8	
	0084e960	8	
	0084e968	8	
	0084e970	8	
	0084e978	8	
	0084e980	8	
	0084e988	8	
	0084e990	8	
	0084e998	8	
	0084e9a0	8	
	0084e9a8	8	
	0084e9b0	8	
	0084e9b8	8	
	0084e9c0	8	
	0084e9c8	8	
	0084e9d0	8	
	0084e9d8	8	
	0084e9e0	8	
	0084e9e8	8	
	0084e9f0	8	
	0084e9f8	8	
	0084ea00	8	
	0084ea08	8	
	0084ea10	8	
	0084ea18	8	
	0084ea20	8	
	0084ea28	8	
	0084ea30	8	
	0084ea38	8	
	0084ea40	8	
	0084ea48	8	
	0084ea50	8	
	0084ea58	8	
	0084ea60	8	
	0084ea68	8	
	0084ea70	8	
	0084ea78	8	
	0084ea80	8	
	0084ea88	8	
	0084ea90	8	
	0084ea98	8	
	0084eaa0	8	
	0084eaa8	8	
	0084eab0	8	
	0084eab8	8	
	0084eac0	8	
	0084eac8	8	
	0084ead0	8	
	0084ead8	8	
	0084eae0	8	
	0084eae8	8	
	0084eaf0	8	
	0084eaf8	8	
	0084eb00	8	
	0084eb08	8	
	0084eb10	8	
	0084eb18	8	
	0084eb20	8	
	0084eb28	8	
	0084eb30	8	
	0084eb38	8	
	0084eb40	8	
	0084eb48	8	
	0084eb50	8	
	0084eb58	8	
	0084eb60	8	
	0084eb68	8	
	0084eb70	8	
	0084eb78	8	
	0084eb80	8	
	0084eb88	8	
	0084eb90	8	
	0084eb98	8	
	0084eba0	8	
	0084eba8	8	
	0084ebb0	8	
	0084ebb8	8	
	0084ebc0	8	
	0084ebc8	8	
	0084ebd0	8	
	0084ebd8	8	
	0084ebe0	8	
	0084ebe8	8	
	0084ebf0	8	
	0084ebf8	8	
	0084ec00	8	
	0084ec08	8	
	0084ec10	8	
	0084ec18	8	
	0084ec20	8	
	0084ec28	8	
	0084ec30	8	
	0084ec38	8	
	0084ec40	8	
	0084ec48	8	
	0084ec50	8	
	0084ec58	8	
	0084ec60	8	
	0084ec68	8	
	0084ec70	8	
	0084ec78	8	
	0084ec80	10	
	0084ec90	8	
	0084ec98	11	
	0084eca3	10	
	0084ecb0	8	
	0084ecb8	23	
	0084eccf	10	
	0084ece0	8	
	0084ece8	10	
	0084ed00	8	
	0084ed08	10	
	0084ed20	11	
	0084ed2b	11	
	0084ed36	10	
	0084ed40	8	
	0084ed48	8	
	0084ed50	11	
	0084ed5b	10	
	0084ed70	8	
	0084ed78	10	
	0084ed90	8	
	0084ed98	8	
	0084eda0	10	
	0084edb0	8	
	0084edb8	8	
	0084edc0	8	
	0084edc8	8	
	0084edd0	8	
	0084edd8	8	
	0084ede0	8	
	0084ede8	10	
	0084ee00	8	
	0084ee08	10	
	0084ee20	8	
	0084ee28	8	
	0084ee30	11	
	0084ee3b	8	
	0084ee43	10	
	0084ee50	11	
	0084ee5b	10	
	0084ee70	8	
	0084ee78	8	
	0084ee80	11	
	0084ee8b	8	
	0084ee93	8	
	0084ee9b	11	
	0084eea6	8	
	0084eeae	8	
	0084eeb6	11	
	0084eec1	10	
	0084eed0	8	
	0084eed8	11	
	0084eee3	8	
	0084eeeb	10	
	0084ef00	8	
	0084ef08	8	
	0084ef10	8	
	0084ef18	10	
	0084ef30	8	
	0084ef38	10	
	0084ef50	8	
	0084ef58	8	
	0084ef60	8	
	0084ef68	8	
	0084ef70	8	
	0084ef78	10	
	0084ef90	8	
	0084ef98	8	
	0084efa0	8	
	0084efa8	8	
	0084efb0	8	
	0084efb8	10	
	0084efd0	8	
	0084efd8	8	
	0084efe0	11	
	0084efeb	11	
	0084eff6	10	
	0084f000	8	
	0084f008	11	
	0084f013	8	
	0084f01b	10	
	0084f030	8	
	0084f038	8	
	0084f040	10	
	0084f050	8	
	0084f058	10	
	0084f070	8	
	0084f078	10	
	0084f090	8	
	0084f098	11	
	0084f0a3	8	
	0084f0ab	10	
	0084f0c0	8	
	0084f0c8	8	
	0084f0d0	11	
	0084f0db	11	
	0084f0e6	10	
	0084f0f0	8	
	0084f0f8	11	
	0084f103	8	
	0084f10b	10	
	0084f120	8	
	0084f128	8	
	0084f130	10	
	0084f140	8	
	0084f148	10	
	0084f160	8	
	0084f168	10	
	0084f180	8	
	0084f188	11	
	0084f193	10	
	0084f1a0	8	
	0084f1a8	8	
	0084f1b0	11	
	0084f1bb	11	
	0084f1c6	11	
	0084f1d1	11	
	0084f1dc	11	
	0084f1e7	10	
	0084f200	8	
	0084f208	11	
	0084f213	11	
	0084f21e	11	
	0084f229	11	
	0084f234	11	
	0084f23f	8	
	0084f247	10	
	0084f260	8	
	0084f268	8	
	0084f270	8	
	0084f278	8	
	0084f280	8	
	0084f288	10	
	0084f2a0	8	
	0084f2a8	11	
	0084f2b3	8	
	0084f2bb	8	
	0084f2c3	8	
	0084f2cb	8	
	0084f2d3	8	
	0084f2db	8	
	0084f2e3	11	
	0084f2ee	8	
	0084f2f6	10	
	0084f300	8	
	0084f308	10	
	0084f320	8	
	0084f328	8	
	0084f330	11	
	0084f33b	11	
	0084f346	11	
	0084f351	11	
	0084f35c	14	
	0084f36a	11	
	0084f375	14	
	0084f383	14	
	0084f391	14	
	0084f39f	14	
	0084f3ad	14	
	0084f3bb	14	
	0084f3c9	14	
	0084f3d7	14	
	0084f3e5	14	
	0084f3f3	11	
	0084f3fe	11	
	0084f409	10	
	0084f420	8	
	0084f428	11	
	0084f433	11	
	0084f43e	11	
	0084f449	11	
	0084f454	14	
	0084f462	14	
	0084f470	14	
	0084f47e	14	
	0084f48c	14	
	0084f49a	14	
	0084f4a8	14	
	0084f4b6	14	
	0084f4c4	14	
	0084f4d2	14	
	0084f4e0	8	
	0084f4e8	11	
	0084f4f3	11	
	0084f4fe	11	
	0084f509	11	
	0084f514	11	
	0084f51f	11	
	0084f52a	14	
	0084f538	14	
	0084f546	14	
	0084f554	14	
	0084f562	8	
	0084f56a	10	
	0084f580	8	
	0084f588	8	
	0084f590	8	
	0084f598	8	
	0084f5a0	8	
	0084f5a8	10	
	0084f5c0	8	
	0084f5c8	10	
	0084f5e0	8	
	0084f5e8	10	
	0084f600	8	
	0084f608	10	
	0084f620	8	
	0084f628	10	
	0084f640	8	
	0084f648	8	
	0084f650	11	
	0084f65b	10	
	0084f670	8	
	0084f678	8	
	0084f680	8	
	0084f688	10	
	0084f6a0	11	
	0084f6ab	10	
	0084f6c0	11	
	0084f6cb	10	
	0084f6e0	11	
	0084f6eb	10	
	0084f700	11	
	0084f70b	10	
	0084f720	11	
	0084f72b	10	
	0084f740	8	
	0084f748	10	
	0084f760	11	
	0084f76b	8	
	0084f773	10	
	0084f780	11	
	0084f78b	10	
	0084f7a0	8	
	0084f7a8	10	
	0084f7c0	11	
	0084f7cb	8	
	0084f7d3	10	
	0084f7e0	11	
	0084f7eb	10	
	0084f800	8	
	0084f808	10	
	0084f820	11	
	0084f82b	8	
	0084f833	10	
	0084f840	11	
	0084f84b	8	
	0084f853	8	
	0084f85b	10	
	0084f870	8	
	0084f878	10	
	0084f890	11	
	0084f89b	10	
	0084f8b0	11	
	0084f8bb	10	
	0084f8d0	11	
	0084f8db	10	
	0084f8f0	11	
	0084f8fb	8	
	0084f903	10	
	0084f910	8	
	0084f918	11	
	0084f923	11	
	0084f92e	10	
	0084f940	11	
	0084f94b	8	
	0084f953	11	
	0084f95e	8	
	0084f966	10	
	0084f970	11	
	0084f97b	10	
	0084f990	11	
	0084f99b	10	
	0084f9b0	11	
	0084f9bb	10	
	0084f9d0	11	
	0084f9db	10	
	0084f9f0	8	
	0084f9f8	10	
	0084fa10	11	
	0084fa1b	8	
	0084fa23	10	
	0084fa30	11	
	0084fa3b	8	
	0084fa43	10	
	0084fa50	8	
	0084fa58	11	
	0084fa63	10	
	0084fa70	11	
	0084fa7b	8	
	0084fa83	11	
	0084fa8e	8	
	0084fa96	10	
	0084faa0	11	
	0084faab	10	
	0084fac0	11	
	0084facb	10	
	0084fae0	8	
	0084fae8	10	
	0084fb00	8	
	0084fb08	8	
	0084fb10	11	
	0084fb1b	10	
	0084fb30	8	
	0084fb38	8	
	0084fb40	10	
	0084fb50	8	
	0084fb58	10	
	0084fb70	8	
	0084fb78	8	
	0084fb80	10	
	0084fb90	8	
	0084fb98	10	
	0084fbb0	8	
	0084fbb8	10	
	0084fbd0	8	
	0084fbd8	10	
	0084fbf0	8	
	0084fbf8	8	
	0084fc00	10	
	0084fc10	8	
	0084fc18	10	
	0084fc30	11	
	0084fc3b	10	
	0084fc50	11	
	0084fc5b	10	
	0084fc70	8	
	0084fc78	10	
	0084fc90	8	
	0084fc98	10	
	0084fcb0	8	
	0084fcb8	10	
	0084fcd0	8	
	0084fcd8	8	
	0084fce0	11	
	0084fceb	11	
	0084fcf6	11	
	0084fd01	11	
	0084fd0c	11	
	0084fd17	11	
	0084fd22	11	
	0084fd2d	11	
	0084fd38	14	
	0084fd46	14	
	0084fd54	14	
	0084fd62	14	
	0084fd70	11	
	0084fd7b	14	
	0084fd89	11	
	0084fd94	14	
	0084fda2	11	
	0084fdad	14	
	0084fdbb	14	
	0084fdc9	14	
	0084fdd7	14	
	0084fde5	14	
	0084fdf3	14	
	0084fe01	14	
	0084fe0f	14	
	0084fe1d	14	
	0084fe2b	14	
	0084fe39	14	
	0084fe47	14	
	0084fe55	14	
	0084fe63	14	
	0084fe71	14	
	0084fe7f	14	
	0084fe8d	14	
	0084fe9b	14	
	0084fea9	10	
	0084fec0	8	
	0084fec8	11	
	0084fed3	11	
	0084fede	11	
	0084fee9	11	
	0084fef4	11	
	0084feff	11	
	0084ff0a	11	
	0084ff15	11	
	0084ff20	14	
	0084ff2e	14	
	0084ff3c	14	
	0084ff4a	14	
	0084ff58	14	
	0084ff66	14	
	0084ff74	14	
	0084ff82	14	
	0084ff90	14	
	0084ff9e	14	
	0084ffac	14	
	0084ffba	14	
	0084ffc8	14	
	0084ffd6	14	
	0084ffe4	14	
	0084fff2	14	
	00850000	14	
	0085000e	14	
	0085001c	14	
	0085002a	14	
	00850038	14	
	00850046	14	
	00850054	14	
	00850062	14	
	00850070	8	
	00850078	10	
	00850090	8	
	00850098	8	
	008500a0	10	
	008500b0	8	
	008500b8	8	
	008500c0	11	
	008500cb	11	
	008500d6	11	
	008500e1	11	
	008500ec	11	
	008500f7	11	
	00850102	11	
	0085010d	11	
	00850118	11	
	00850123	11	
	0085012e	10	
	00850140	8	
	00850148	10	
	00850160	11	
	0085016b	10	
	00850180	8	
	00850188	8	
	00850190	11	
	0085019b	11	
	008501a6	11	
	008501b1	10	
	008501c0	8	
	008501c8	11	
	008501d3	11	
	008501de	8	
	008501e6	11	
	008501f1	11	
	008501fc	11	
	00850207	11	
	00850212	11	
	0085021d	11	
	00850228	14	
	00850236	14	
	00850244	14	
	00850252	14	
	00850260	8	
	00850268	10	
	00850280	11	
	0085028b	10	
	008502a0	8	
	008502a8	10	
	008502c0	8	
	008502c8	10	
	008502e0	8	
	008502e8	8	
	008502f0	11	
	008502fb	11	
	00850306	10	
	00850310	8	
	00850318	11	
	00850323	8	
	0085032b	10	
	00850340	8	
	00850348	8	
	00850350	11	
	0085035b	8	
	00850363	8	
	0085036b	10	
	00850380	8	
	00850388	10	
	008503a0	11	
	008503ab	10	
	008503c0	11	
	008503cb	10	
	008503e0	8	
	008503e8	8	
	008503f0	11	
	008503fb	11	
	00850406	10	
	00850410	8	
	00850418	11	
	00850423	8	
	0085042b	10	
	00850440	8	
	00850448	10	
	00850460	8	
	00850468	8	
	00850470	8	
	00850478	10	
	00850490	8	
	00850498	10	
	008504b0	11	
	008504bb	10	
	008504d0	8	
	008504d8	8	
	008504e0	11	
	008504eb	11	
	008504f6	11	
	00850501	10	
	00850510	8	
	00850518	11	
	00850523	11	
	0085052e	8	
	00850536	10	
	00850540	8	
	00850548	8	
	00850550	10	
	00850560	8	
	00850568	8	
	00850570	8	
	00850578	8	
	00850580	10	
	00850590	8	
	00850598	10	
	008505b0	11	
	008505bb	10	
	008505d0	8	
	008505d8	8	
	008505e0	11	
	008505eb	11	
	008505f6	11	
	00850601	11	
	0085060c	11	
	00850617	14	
	00850625	10	
	00850630	8	
	00850638	11	
	00850643	11	
	0085064e	11	
	00850659	11	
	00850664	14	
	00850672	8	
	0085067a	10	
	00850690	8	
	00850698	8	
	008506a0	8	
	008506a8	10	
	008506c0	8	
	008506c8	8	
	008506d0	8	
	008506d8	8	
	008506e0	8	
	008506e8	10	
	00850700	8	
	00850708	10	
	00850720	8	
	00850728	8	
	00850730	8	
	00850738	8	
	00850740	8	
	00850748	8	
	00850750	8	
	00850758	8	
	00850760	10	
	00850770	8	
	00850778	10	
	00850790	11	
	0085079b	10	
	008507b0	11	
	008507bb	10	
	008507d0	8	
	008507d8	8	
	008507e0	11	
	008507eb	11	
	008507f6	10	
	00850800	8	
	00850808	11	
	00850813	10	
	00850820	8	
	00850828	10	
	00850840	8	
	00850848	11	
	00850853	11	
	0085085e	8	
	00850866	10	
	00850870	8	
	00850878	8	
	00850880	8	
	00850888	8	
	00850890	8	
	00850898	8	
	008508a0	8	
	008508a8	10	
	008508c0	8	
	008508c8	8	
	008508d0	8	
	008508d8	11	
	008508e3	11	
	008508ee	10	
	00850900	8	
	00850908	10	
	00850920	11	
	0085092b	11	
	00850936	11	
	00850941	11	
	0085094c	10	
	00850960	11	
	0085096b	10	
	00850980	8	
	00850988	8	
	00850990	11	
	0085099b	11	
	008509a6	10	
	008509b0	8	
	008509b8	8	
	008509c0	8	
	008509c8	8	
	008509d0	10	
	008509e0	8	
	008509e8	11	
	008509f3	10	
	00850a00	8	
	00850a08	23	
	00850a1f	10	
	00850a30	8	
	00850a38	10	
	00850a50	8	
	00850a58	10	
	00850a70	11	
	00850a7b	11	
	00850a86	11	
	00850a91	11	
	00850a9c	11	
	00850aa7	11	
	00850ab2	11	
	00850abd	11	
	00850ac8	11	
	00850ad3	11	
	00850ade	11	
	00850ae9	11	
	00850af4	14	
	00850b02	14	
	00850b10	14	
	00850b1e	14	
	00850b2c	14	
	00850b3a	14	
	00850b48	14	
	00850b56	10	
	00850b60	11	
	00850b6b	11	
	00850b76	11	
	00850b81	11	
	00850b8c	11	
	00850b97	11	
	00850ba2	14	
	00850bb0	14	
	00850bbe	14	
	00850bcc	14	
	00850bda	14	
	00850be8	14	
	00850bf6	14	
	00850c04	10	
	00850c10	11	
	00850c1b	11	
	00850c26	10	
	00850c30	11	
	00850c3b	11	
	00850c46	11	
	00850c51	10	
	00850c60	8	
	00850c68	8	
	00850c70	8	
	00850c78	10	
	00850c90	11	
	00850c9b	11	
	00850ca6	11	
	00850cb1	10	
	00850cc0	8	
	00850cc8	8	
	00850cd0	11	
	00850cdb	11	
	00850ce6	8	
	00850cee	11	
	00850cf9	11	
	00850d04	10	
	00850d10	8	
	00850d18	8	
	00850d20	10	
	00850d30	11	
	00850d3b	11	
	00850d46	11	
	00850d51	8	
	00850d59	8	
	00850d61	11	
	00850d6c	11	
	00850d77	11	
	00850d82	10	
	00850d90	8	
	00850d98	8	
	00850da0	8	
	00850da8	8	
	00850db0	8	
	00850db8	10	
	00850dd0	8	
	00850dd8	8	
	00850de0	10	
	00850df0	14	
	00850dfe	11	
	00850e09	11	
	00850e14	14	
	00850e22	11	
	00850e2d	14	
	00850e3b	11	
	00850e46	14	
	00850e54	11	
	00850e5f	14	
	00850e6d	11	
	00850e78	14	
	00850e86	14	
	00850e94	11	
	00850e9f	11	
	00850eaa	10	
	00850ec0	11	
	00850ecb	8	
	00850ed3	10	
	00850ee0	11	
	00850eeb	8	
	00850ef3	10	
	00850f00	11	
	00850f0b	8	
	00850f13	10	
	00850f20	11	
	00850f2b	8	
	00850f33	10	
	00850f40	11	
	00850f4b	8	
	00850f53	8	
	00850f5b	10	
	00850f70	11	
	00850f7b	8	
	00850f83	10	
	00850f90	8	
	00850f98	10	
	00850fb0	8	
	00850fb8	10	
	00850fd0	8	
	00850fd8	10	
	00850ff0	8	
	00850ff8	10	
	00851010	8	
	00851018	10	
	00851030	11	
	0085103b	11	
	00851046	11	
	00851051	14	
	0085105f	11	
	0085106a	11	
	00851075	10	
	00851080	11	
	0085108b	11	
	00851096	8	
	0085109e	11	
	008510a9	8	
	008510b1	14	
	008510bf	11	
	008510ca	11	
	008510d5	10	
	008510e0	8	
	008510e8	11	
	008510f3	10	
	00851100	8	
	00851108	8	
	00851110	8	
	00851118	11	
	00851123	8	
	0085112b	10	
	00851140	8	
	00851148	8	
	00851150	11	
	0085115b	8	
	00851163	10	
	00851170	8	
	00851178	11	
	00851183	10	
	00851190	8	
	00851198	8	
	008511a0	11	
	008511ab	8	
	008511b3	10	
	008511c0	11	
	008511cb	11	
	008511d6	11	
	008511e1	11	
	008511ec	11	
	008511f7	11	
	00851202	11	
	0085120d	11	
	00851218	11	
	00851223	11	
	0085122e	11	
	00851239	11	
	00851244	11	
	0085124f	14	
	0085125d	10	
	00851270	8	
	00851278	10	
	00851290	11	
	0085129b	10	
	008512b0	11	
	008512bb	10	
	008512d0	11	
	008512db	10	
	008512f0	11	
	008512fb	10	
	00851310	11	
	0085131b	10	
	00851330	11	
	0085133b	10	
	00851350	11	
	0085135b	10	
	00851370	11	
	0085137b	10	
	00851390	8	
	00851398	10	
	008513b0	8	
	008513b8	10	
	008513d0	8	
	008513d8	10	
	008513f0	11	
	008513fb	8	
	00851403	8	
	0085140b	10	
	00851420	11	
	0085142b	10	
	00851440	11	
	0085144b	8	
	00851453	10	
	00851460	11	
	0085146b	8	
	00851473	10	
	00851480	8	
	00851488	8	
	00851490	11	
	0085149b	22	
	008514b1	11	
	008514bc	11	
	008514c7	11	
	008514d2	14	
	008514e0	14	
	008514ee	10	
	00851500	8	
	00851508	11	
	00851513	11	
	0085151e	14	
	0085152c	22	
	00851542	8	
	0085154a	10	
	00851560	8	
	00851568	10	
	00851580	8	
	00851588	8	
	00851590	8	
	00851598	10	
	008515b0	8	
	008515b8	10	
	008515d0	8	
	008515d8	10	
	008515f0	8	
	008515f8	8	
	00851600	11	
	0085160b	10	
	00851620	8	
	00851628	8	
	00851630	8	
	00851638	8	
	00851640	10	
	00851650	8	
	00851658	8	
	00851660	10	
	00851670	8	
	00851678	11	
	00851683	10	
	00851690	8	
	00851698	10	
	008516b0	11	
	008516bb	11	
	008516c6	10	
	008516d0	8	
	008516d8	8	
	008516e0	8	
	008516e8	8	
	008516f0	11	
	008516fb	10	
	00851710	8	
	00851718	10	
	00851730	11	
	0085173b	8	
	00851743	11	
	0085174e	11	
	00851759	11	
	00851764	11	
	0085176f	11	
	0085177a	11	
	00851785	11	
	00851790	11	
	0085179b	11	
	008517a6	11	
	008517b1	11	
	008517bc	14	
	008517ca	14	
	008517d8	14	
	008517e6	14	
	008517f4	10	
	00851800	8	
	00851808	10	
	00851820	8	
	00851828	8	
	00851830	8	
	00851838	8	
	00851840	10	
	00851850	8	
	00851858	8	
	00851860	11	
	0085186b	8	
	00851873	10	
	00851880	8	
	00851888	8	
	00851890	11	
	0085189b	8	
	008518a3	10	
	008518b0	11	
	008518bb	10	
	008518d0	11	
	008518db	10	
	008518f0	11	
	008518fb	10	
	00851910	8	
	00851918	8	
	00851920	10	
	00851930	8	
	00851938	10	
	00851950	8	
	00851958	10	
	00851970	8	
	00851978	10	
	00851990	8	
	00851998	8	
	008519a0	8	
	008519a8	10	
	008519c0	8	
	008519c8	8	
	008519d0	10	
	008519e0	8	
	008519e8	10	
	00851a00	8	
	00851a08	8	
	00851a10	10	
	00851a20	8	
	00851a28	10	
	00851a40	11	
	00851a4b	11	
	00851a56	10	
	00851a60	11	
	00851a6b	11	
	00851a76	10	
	00851a80	11	
	00851a8b	10	
	00851aa0	11	
	00851aab	10	
	00851ac0	11	
	00851acb	10	
	00851ae0	11	
	00851aeb	10	
	00851b00	11	
	00851b0b	10	
	00851b20	11	
	00851b2b	10	
	00851b40	8	
	00851b48	10	
	00851b60	8	
	00851b68	8	
	00851b70	11	
	00851b7b	11	
	00851b86	11	
	00851b91	10	
	00851ba0	8	
	00851ba8	8	
	00851bb0	10	
	00851bc0	8	
	00851bc8	10	
	00851be0	8	
	00851be8	14	
	00851bf6	14	
	00851c04	11	
	00851c0f	14	
	00851c1d	14	
	00851c2b	10	
	00851c40	8	
	00851c48	14	
	00851c56	14	
	00851c64	14	
	00851c72	14	
	00851c80	14	
	00851c8e	10	
	00851ca0	11	
	00851cab	10	
	00851cc0	11	
	00851ccb	10	
	00851ce0	11	
	00851ceb	11	
	00851cf6	10	
	00851d00	8	
	00851d08	23	
	00851d1f	10	
	00851d30	11	
	00851d3b	10	
	00851d50	11	
	00851d5b	10	
	00851d70	8	
	00851d78	10	
	00851d90	11	
	00851d9b	11	
	00851da6	10	
	00851db0	11	
	00851dbb	10	
	00851dd0	11	
	00851ddb	10	
	00851df0	11	
	00851dfb	10	
	00851e10	11	
	00851e1b	10	
	00851e30	11	
	00851e3b	8	
	00851e43	8	
	00851e4b	8	
	00851e53	8	
	00851e5b	11	
	00851e66	8	
	00851e6e	8	
	00851e76	8	
	00851e7e	8	
	00851e86	10	
	00851e90	11	
	00851e9b	10	
	00851eb0	8	
	00851eb8	10	
	00851ed0	11	
	00851edb	10	
	00851ef0	8	
	00851ef8	14	
	00851f06	10	
	00851f10	11	
	00851f1b	11	
	00851f26	10	
	00851f30	14	
	00851f3e	14	
	00851f4c	14	
	00851f5a	10	
	00851f70	11	
	00851f7b	11	
	00851f86	10	
	00851f90	8	
	00851f98	10	
	00851fb0	11	
	00851fbb	10	
	00851fd0	11	
	00851fdb	10	
	00851ff0	8	
	00851ff8	23	
	0085200f	10	
	00852020	11	
	0085202b	10	
	00852040	8	
	00852048	10	
	00852060	8	
	00852068	10	
	00852080	11	
	0085208b	10	
	008520a0	8	
	008520a8	14	
	008520b6	10	
	008520c0	11	
	008520cb	11	
	008520d6	10	
	008520e0	11	
	008520eb	10	
	00852100	8	
	00852108	10	
	00852120	8	
	00852128	10	
	00852140	8	
	00852148	14	
	00852156	10	
	00852160	8	
	00852168	11	
	00852173	11	
	0085217e	11	
	00852189	11	
	00852194	11	
	0085219f	10	
	008521b0	8	
	008521b8	11	
	008521c3	11	
	008521ce	11	
	008521d9	11	
	008521e4	10	
	008521f0	11	
	008521fb	10	
	00852210	11	
	0085221b	10	
	00852230	11	
	0085223b	10	
	00852250	8	
	00852258	10	
	00852270	8	
	00852278	14	
	00852286	10	
	00852290	11	
	0085229b	11	
	008522a6	10	
	008522b0	11	
	008522bb	10	
	008522d0	8	
	008522d8	23	
	008522ef	10	
	00852300	11	
	0085230b	11	
	00852316	10	
	00852320	8	
	00852328	10	
	00852340	8	
	00852348	14	
	00852356	14	
	00852364	14	
	00852372	14	
	00852380	14	
	0085238e	14	
	0085239c	10	
	008523b0	8	
	008523b8	41	
	008523e1	14	
	008523ef	14	
	008523fd	14	
	0085240b	14	
	00852419	14	
	00852427	14	
	00852435	8	
	0085243d	10	
	00852450	11	
	0085245b	11	
	00852466	11	
	00852471	8	
	00852479	11	
	00852484	11	
	0085248f	11	
	0085249a	11	
	008524a5	11	
	008524b0	11	
	008524bb	11	
	008524c6	11	
	008524d1	10	
	008524e0	14	
	008524ee	10	
	00852500	11	
	0085250b	8	
	00852513	8	
	0085251b	10	
	00852530	11	
	0085253b	8	
	00852543	10	
	00852550	11	
	0085255b	10	
	00852570	11	
	0085257b	10	
	00852590	11	
	0085259b	8	
	008525a3	8	
	008525ab	10	
	008525c0	8	
	008525c8	8	
	008525d0	8	
	008525d8	8	
	008525e0	23	
	008525f7	10	
	00852610	8	
	00852618	10	
	00852630	8	
	00852638	10	
	00852650	11	
	0085265b	11	
	00852666	11	
	00852671	11	
	0085267c	11	
	00852687	11	
	00852692	11	
	0085269d	11	
	008526a8	11	
	008526b3	11	
	008526be	11	
	008526c9	11	
	008526d4	10	
	008526e0	8	
	008526e8	10	
	00852700	11	
	0085270b	11	
	00852716	14	
	00852724	14	
	00852732	11	
	0085273d	11	
	00852748	8	
	00852750	11	
	0085275b	14	
	00852769	14	
	00852777	14	
	00852785	11	
	00852790	14	
	0085279e	14	
	008527ac	14	
	008527ba	14	
	008527c8	14	
	008527d6	14	
	008527e4	14	
	008527f2	14	
	00852800	10	
	00852810	11	
	0085281b	10	
	00852830	11	
	0085283b	10	
	00852850	11	
	0085285b	10	
	00852870	8	
	00852878	14	
	00852886	14	
	00852894	11	
	0085289f	14	
	008528ad	11	
	008528b8	10	
	008528d0	8	
	008528d8	41	
	00852901	14	
	0085290f	14	
	0085291d	14	
	0085292b	10	
	00852940	11	
	0085294b	11	
	00852956	11	
	00852961	10	
	00852970	11	
	0085297b	11	
	00852986	11	
	00852991	10	
	008529a0	11	
	008529ab	10	
	008529c0	8	
	008529c8	10	
	008529e0	8	
	008529e8	11	
	008529f3	11	
	008529fe	11	
	00852a09	10	
	00852a20	8	
	00852a28	10	
	00852a40	11	
	00852a4b	10	
	00852a60	11	
	00852a6b	10	
	00852a80	8	
	00852a88	11	
	00852a93	11	
	00852a9e	10	
	00852ab0	8	
	00852ab8	11	
	00852ac3	11	
	00852ace	10	
	00852ae0	8	
	00852ae8	10	
	00852b00	8	
	00852b08	10	
	00852b20	8	
	00852b28	10	
	00852b40	8	
	00852b48	10	
	00852b60	8	
	00852b68	11	
	00852b73	10	
	00852b80	8	
	00852b88	10	
	00852ba0	11	
	00852bab	11	
	00852bb6	10	
	00852bc0	11	
	00852bcb	10	
	00852be0	11	
	00852beb	11	
	00852bf6	10	
	00852c00	11	
	00852c0b	10	
	00852c20	11	
	00852c2b	11	
	00852c36	10	
	00852c40	11	
	00852c4b	10	
	00852c60	11	
	00852c6b	11	
	00852c76	10	
	00852c80	11	
	00852c8b	11	
	00852c96	11	
	00852ca1	10	
	00852cb0	11	
	00852cbb	10	
	00852cd0	11	
	00852cdb	10	
	00852cf0	11	
	00852cfb	10	
	00852d10	11	
	00852d1b	10	
	00852d30	8	
	00852d38	11	
	00852d43	10	
	00852d50	8	
	00852d58	39	
	00852d7f	10	
	00852d90	8	
	00852d98	10	
	00852db0	8	
	00852db8	14	
	00852dc6	10	
	00852dd0	11	
	00852ddb	11	
	00852de6	10	
	00852df0	11	
	00852dfb	10	
	00852e10	11	
	00852e1b	10	
