function	start	bytes	lengths
	00401000	107	
	00401070	49	
	004010b0	32	
	004010d0	27	
	004010f0	523	
	00401300	232	
	004013f0	24	
004013f0	00401410	145	
	004014b0	477	
004014b0	00401690	458	
	00401860	221	
	00401940	152	
	004019e0	612	
	00401c50	973	
00401c50	00402020	3040	
	00402c00	139	
	00402c90	19	
	00402cb0	3786	
00402cb0	00403b80	1161	
00402cb0	00404010	613	
00402cb0	00404280	948	
	00404640	85	
	004046a0	349	
004046a0	00404800	1114	
	00404c60	126	
	00404ce0	853	
00404ce0	00405040	280	
00404ce0	00405160	328	
00404ce0	004052b0	1638	
	00405920	192	
	004059e0	426	
004059e0	00405b90	1207	
	00406050	1165	
00406050	004064e0	1799	
	00406bf0	27	
	00406c10	104	
00406c10	00406c80	122	
	00406d00	1685	
	004073a0	981	
	00407780	86	
	004077e0	8	
004077e0	004077f0	82	
	00407850	23	
	00407870	34	
	004078a0	42	
004078a0	004078d0	767	
	00407bd0	253	
00407bd0	00407cd0	1441	
	00408280	255	
	00408380	858	
00408380	004086e0	269	
00408380	004087f0	1909	
	00408f70	908	
	00409300	207	
	004093d0	838	
	00409720	78	
	00409770	184	
	00409830	286	
	00409950	939	
	00409d00	342	
	00409e60	27	
	00409e80	706	
	0040a150	10	
	0040a160	648	
0040a160	0040a3f0	410	
	0040a590	250	
0040a590	0040a690	169	
0040a590	0040a740	460	
	0040a910	93	
0040a910	0040a970	74	
	0040a9c0	277	
	0040aae0	100	
	0040ab50	205	
0040ab50	0040ac20	131	
	0040acb0	152	
0040acb0	0040ad50	41	
0040acb0	0040ad80	293	
	0040aeb0	79	
	0040af00	148	
	0040afa0	112	
	0040b010	79	
	0040b060	78	
	0040b0b0	543	
	0040b2d0	759	
	0040b5d0	199	
	0040b6a0	61	
0040b6a0	0040b6e0	56	
	0040b720	63	
	0040b760	108	
	0040b7d0	85	
	0040b830	230	
	0040b920	439	
0040b920	0040bae0	3688	
	0040c950	18	
	0040c970	11	
	0040c980	5	
	0040c990	7	
	0040c9a0	177	
	0040ca60	1	
	0040ca70	14	
	0040ca80	14	
	0040ca90	14	
	0040caa0	14	
	0040cab0	14	
	0040cac0	58	
	0040cb00	15	
	0040cb10	36	
	0040cb40	7	
	0040cb50	16	
	0040cb60	16	
	0040cb70	36	
	0040cba0	31	
	0040cbc0	5	
	0040cbd0	5	
	0040cbe0	3	
	0040cbf0	5	
	0040cc00	6	
	0040cc10	3	
	0040cc20	3	
	0040cc30	3	
	0040cc40	32	
	0040cc60	26	
	0040cc80	42	
	0040ccb0	14	
	0040ccc0	6	
	0040ccd0	32	
	0040ccf0	23	
	0040cd10	88	
	0040cd70	229	
	0040ce60	85	
	0040cec0	19	
	0040cee0	19	
	0040cf00	530	
	0040d120	68	
	0040d170	56	
	0040d1b0	56	
	0040d1f0	26	
	0040d210	26	
	0040d230	60	
	0040d270	91	
	0040d2d0	128	
	0040d350	16	
	0040d360	22	
	0040d380	315	
	0040d4c0	115	
	0040d540	1506	
	0040db30	29	
0040db30	0040db50	69	
	0040dba0	66	
	0040dbf0	65	
	0040dc40	993	
	0040e030	78	
	0040e080	84	
0040e080	0040e0e0	629	
	0040e360	235	
	0040e450	131	
	0040e4e0	921	
	0040e880	329	
	0040e9d0	463	
	0040eba0	620	
	0040ee10	248	
	0040ef10	1979	
	0040f6d0	394	
0040f6d0	0040f860	494	
	0040fa50	76	
	0040faa0	200	
	0040fb70	37	
	0040fba0	64	
	0040fbe0	218	
	0040fcc0	545	
	0040fef0	740	
	004101e0	889	
004101e0	00410560	1197	
004101e0	00410a10	4756	
	00411cb0	34	
	00411ce0	100	
	00411d50	58	
	00411d90	1	
	00411da0	45	
00411da0	00411dd0	63	
	00411e10	52	
	00411e50	45	
00411e50	00411e80	85	
	00411ee0	452	
	004120b0	1120	
	00412510	72	
	00412560	144	
	004125f0	89	
	00412650	167	
00412650	00412700	369	
	00412880	96	
	004128e0	120	
	00412960	52	
	004129a0	48	
	004129d0	181	
	00412a90	22	
	00412ab0	56	
	00412af0	118	
	00412b70	37	
	00412ba0	34	
	00412bd0	56	
	00412c10	140	
	00412ca0	195	
	00412d70	564	
	00412fb0	561	
	004131f0	49	
	00413230	39	
	00413260	22	
	00413280	293	
	004133b0	132	
	00413440	139	
	004134d0	128	
	00413550	34	
	00413580	152	
	00413620	56	
	00413660	117	
	004136e0	111	
	00413750	258	
	00413860	72	
	004138b0	64	
	004138f0	71	
	00413940	95	
	004139a0	95	
	00413a00	146	
	00413aa0	146	
	00413b40	124	
	00413bc0	437	
	00413d80	70	
	00413dd0	25	
	00413df0	29	
00413df0	00413e10	151	
	00413eb0	121	
	00413f30	29	
	00413f50	47	
	00413f80	684	
	00414230	26	
	00414250	22	
	00414270	66	
	004142c0	15	
	004142d0	15	
	004142e0	104	
	00414350	26	
00414350	00414370	13	
00414350	00414380	87	
	004143e0	44	
	00414410	55	
	00414450	26	
	00414470	12	
	00414480	6	
	00414490	967	
00414490	00414860	42	
00414490	00414890	10	
00414490	004148a0	10	
00414490	004148b0	767	
	00414bd0	118	
	00414c50	25	
00414c50	00414c70	8	
00414c50	00414c80	68	
	00414cd0	42	
00414cd0	00414d00	264	
	00414e10	200	
	00414ee0	180	
	00414fa0	118	
	00415020	262	
00415020	00415130	415	
	004152d0	103	
	00415340	42	
	00415370	113	
	004153f0	378	
	00415570	264	
00415570	00415680	47	
	004156b0	361	
	00415820	218	
	00415900	215	
	004159e0	1112	
004159e0	00415e40	212	
	00415f20	406	
	004160c0	168	
	00416170	347	
	004162d0	141	
004162d0	00416360	551	
	00416590	138	
	00416620	461	
00416620	004167f0	59	
	00416830	172	
	004168e0	107	
	00416950	279	
	00416a70	623	
	00416ce0	308	
	00416e20	159	
	00416ec0	218	
00416ec0	00416fa0	730	
00416ec0	00417280	909	
	00417610	177	
	004176d0	184	
	00417790	163	
	00417840	208	
	00417910	343	
	00417a70	197	
	00417b40	989	
	00417f20	287	
	00418040	360	
00418040	004181b0	106	
00418040	00418220	690	
	004184e0	187	
	004185a0	102	
	00418610	685	
00418610	004188c0	410	
	00418a60	374	
	00418be0	348	
	00418d40	541	
	00418f60	427	
	00419110	236	
	00419200	41	
	00419230	851	
	00419590	227	
	00419680	50	
	004196c0	280	
	004197e0	1080	
004197e0	00419c20	3367	
	0041a950	55	
	0041a990	184	
	0041aa50	130	
	0041aae0	18	
	0041ab00	11	
	0041ab10	23	
	0041ab30	20	
	0041ab50	6	
	0041ab60	6	
	0041ab70	5	
	0041ab80	35	
	0041abb0	79	
	0041ac00	3	
	0041ac10	3	
	0041ac20	3	
	0041ac30	6	
	0041ac40	6	
	0041ac50	6	
	0041ac60	195	
	0041ad30	86	
	0041ad90	27	
	0041adb0	19	
	0041add0	197	
	0041aea0	284	
	0041afc0	191	
	0041b080	2148	
	0041b8f0	27	
	0041b910	25	
	0041b930	33	
	0041b960	24	
	0041b980	88	
	0041b9e0	352	
	0041bb40	923	
	0041bee0	176	
	0041bf90	116	
	0041c010	65	
	0041c060	366	
	0041c1d0	1009	
	0041c5d0	25	
	0041c5f0	177	
	0041c6b0	70	
	0041c700	137	
	0041c790	296	
	0041c8c0	211	
	0041c9a0	543	
	0041cbc0	336	
	0041cd10	72	
	0041cd60	274	
	0041ce80	1126	
	0041d2f0	39	
	0041d320	22	
	0041d340	120	
	0041d3c0	34	
	0041d3f0	199	
	0041d4c0	61	
0041d4c0	0041d500	56	
	0041d540	7	
	0041d550	579	
	0041d7a0	22	
	0041d7c0	1002	
0041d7c0	0041dbb0	513	
	0041ddc0	61	
0041ddc0	0041de00	88	
	0041de60	427	
	0041e010	234	
	0041e100	105	
	0041e170	49	
	0041e1b0	23	
	0041e1d0	23	
	0041e1f0	47	
	0041e220	52	
	0041e260	77	
	0041e2b0	590	
	0041e500	38	
0041e500	0041e530	273	
	0041e650	58	
0041e650	0041e690	78	
	0041e6e0	483	
	0041e8d0	11	
	0041e8e0	66	
	0041e930	50	
	0041e970	122	
	0041e9f0	89	
	0041ea50	110	
	0041eac0	794	
	0041ede0	121	
0041ede0	0041ee60	141	
0041ede0	0041eef0	1085	
0041ede0	0041f330	424	
	0041f4e0	77	
	0041f530	89	
	0041f590	18	
	0041f5b0	11	
	0041f5c0	136	
	0041f650	33	
	0041f680	25	
	0041f6a0	11	
	0041f6b0	40	
	0041f6e0	12	
	0041f6f0	5	
	0041f700	3	
	0041f710	6	
	0041f720	136	
	0041f7b0	43	
	0041f7e0	35	
	0041f810	51	
	0041f850	128	
	0041f8d0	55	
	0041f910	46	
	0041f940	106	
	0041f9b0	128	
	0041fa30	29	
0041fa30	0041fa50	101	
	0041fac0	61	
	0041fb00	470	
0041fb00	0041fce0	10	
0041fb00	0041fcf0	635	
	0041fff0	62	
	00420030	429	
00420030	004201e0	148	
	00420280	206	
	00420350	191	
	00420410	167	
	004204c0	157	
	00420560	236	
	00420650	31	
	00420670	56	
	004206b0	274	
	004207d0	1116	
	00420c30	270	
	00420d40	178	
	00420e00	200	
	00420ed0	803	
	00421200	493	
00421200	004213f0	54	
	00421430	49	
	00421470	22	
	00421490	120	
	00421510	199	
	004215e0	61	
004215e0	00421620	56	
	00421660	146	
	00421700	34	
	00421730	72	
00421730	00421780	439	
00421730	00421940	543	
	00421b60	180	
	00421c20	189	
	00421ce0	56	
	00421d20	260	
	00421e30	77	
00421e30	00421e80	195	
	00421f50	187	
	00422010	156	
	004220b0	75	
	00422100	544	
	00422320	1319	
	00422850	91	
	004228b0	70	
	00422900	349	
	00422a70	358	
	00422be0	221	
00422be0	00422cc0	531	
	00422ee0	137	
00422ee0	00422f70	1391	
	004234e0	213	
	004235c0	248	
004235c0	004236c0	365	
004235c0	00423830	1269	
	00423d30	51	
	00423d70	200	
	00423e40	110	
	00423eb0	7	
	00423ec0	36	
	00423ef0	188	
	00423fb0	10	
	00423fc0	1	
	00423fd0	7	
	00423fe0	7	
	00423ff0	12	
	00424000	5	
	00424010	31	
	00424030	24	
	00424050	67	
	004240a0	28	
	004240c0	46	
	004240f0	7	
	00424100	57	
	00424140	57	
	00424180	62	
	004241c0	18	
	004241e0	23	
	00424200	37	
	00424230	105	
	004242a0	77	
004242a0	004242f0	120	
004242a0	00424370	188	
	00424430	77	
00424430	00424480	120	
00424430	00424500	127	
	00424580	82	
	004245e0	201	
	004246b0	73	
004246b0	00424700	452	
	004248d0	138	
004248d0	00424960	1639	
	00424fd0	838	
	00425320	1371	
	00425880	64	
	004258c0	396	
	00425a50	58	
	00425a90	248	
	00425b90	38	
	00425bc0	57	
00425bc0	00425c00	249	
00425bc0	00425d00	125	
00425bc0	00425d80	973	
	00426150	84	
	004261b0	29	
004261b0	004261d0	42	
	00426200	29	
00426200	00426220	56	
	00426260	125	
00426260	004262e0	479	
	004264c0	90	
	00426520	104	
	00426590	137	
	00426620	147	
	004266c0	119	
	00426740	163	
	004267f0	152	
	00426890	26	
00426890	004268b0	36	
	004268e0	201	
	004269b0	90	
	00426a10	143	
	00426aa0	102	
	00426b10	205	
	00426be0	56	
	00426c20	307	
	00426d60	394	
	00426ef0	43	
	00426f20	819	
	00427260	286	
	00427380	51	
	004273c0	134	
	00427450	226	
	00427540	78	
	00427590	47	
	004275c0	258	
	004276d0	1210	
004276d0	00427b90	211	
	00427c70	424	
	00427e20	1528	
	00428420	253	
00428420	00428520	61	
00428420	00428560	237	
00428420	00428650	696	
00428420	00428910	251	
	00428a10	25	
	00428a30	155	
	00428ad0	2308	
00428ad0	004293e0	1085	
00428ad0	00429820	225	
	00429910	63	
	00429950	42	
	00429980	11	
	00429990	86	
	004299f0	93	
	00429a50	62	
	00429a90	94	
	00429af0	145	
	00429b90	61	
00429b90	00429bd0	56	
	00429c10	88	
	00429c70	906	
	0042a040	55	
	0042a080	95	
	0042a0e0	77	
	0042a130	273	
	0042a250	139	
	0042a2e0	645	
	0042a5d0	131	
	0042a660	84	
	0042a6c0	84	
	0042a720	84	
	0042a780	56	
	0042a7c0	68	
	0042a810	59	
	0042a850	13	
0042a850	0042a860	127	
	0042a8e0	13	
0042a8e0	0042a8f0	127	
	0042a970	190	
	0042aa30	409	
	0042abd0	275	
	0042acf0	303	
	0042ae20	34	
	0042ae50	457	
0042ae50	0042b020	45	
	0042b050	227	
	0042b140	78	
	0042b190	147	
	0042b230	160	
	0042b2d0	52	
	0042b310	61	
	0042b350	36	
	0042b380	48	
	0042b3b0	228	
	0042b4a0	1533	
0042b4a0	0042baa0	267	
	0042bbb0	53	
	0042bbf0	126	
	0042bc70	56	
0042bc70	0042bcb0	368	
	0042be20	256	
	0042bf20	83	
	0042bf80	256	
	0042c080	133	
	0042c110	29	
0042c110	0042c130	127	
	0042c1b0	886	
	0042c530	76	
	0042c580	109	
0042c580	0042c5f0	155	
	0042c690	61	
0042c690	0042c6d0	77	
0042c690	0042c720	168	
	0042c7d0	67	
	0042c820	25	
0042c820	0042c840	64	
	0042c880	75	
	0042c8d0	25	
	0042c8f0	29	
0042c8f0	0042c910	80	
	0042c960	53	
	0042c9a0	67	
	0042c9f0	181	
	0042cab0	120	
	0042cb30	125	
	0042cbb0	148	
	0042cc50	57	
0042cc50	0042cc90	339	
	0042cdf0	16	
	0042ce00	213	
0042ce00	0042cee0	1682	
	0042d580	30	
	0042d5a0	157	
0042d5a0	0042d640	36	
	0042d670	29	
	0042d690	47	
	0042d6c0	13	
0042d6c0	0042d6d0	43	
	0042d700	59	
	0042d740	89	
	0042d820	122	
0042d820	0042d8a0	301	
0042d820	0042d9d0	77	
0042d820	0042da20	106	
	0042da90	129	
	0042db20	1040	
	0042df30	63	
	0042df70	63	
	0042dfb0	62	
	0042dff0	82	
	0042e050	29	
0042e050	0042e070	574	
	0042e2b0	65	
	0042e300	27	
	0042e320	39	
	0042e350	29	
	0042e370	29	
	0042e390	39	
	0042e3c0	39	
	0042e3f0	29	
	0042e410	29	
	0042e430	36	
	0042e460	42	
	0042e490	54	
	0042e4d0	27	
	0042e4f0	39	
	0042e520	27	
	0042e540	39	
	0042e570	16	
	0042e580	5078	
	0042fc90	941	
	00430040	546	
	00430270	739	
	00430560	169	
00430560	00430610	1306	
	00430b50	537	
	00430d70	477	
00430d70	00430f50	458	
	00431120	45	
00431120	00431150	1098	
	004315c0	16	
	004315d0	446	
	004317c0	276	
004317c0	004318e0	555	
	00431b20	1425	
	00432130	549	
	004323a0	1693	
004323a0	00432a40	882	
	00432de0	49	
	00432e20	55	
	00432e60	32	
	00432e80	22	
	00432ea0	106	
	00432f10	34	
	00432f40	274	
	00433060	141	
00433060	004330f0	56	
	00433130	93	
00433130	00433190	75	
	004331e0	65	
	00433230	34	
	00433260	394	
	004333f0	676	
	004336a0	35	
	004336d0	95	
	00433730	1	
	00433740	65	
	00433790	10	
	004337a0	4	
	004337b0	4	
	004337c0	130	
	00433850	29	
00433850	00433870	78	
	004338c0	12	
	004338d0	48	
	00433900	163	
	004339b0	144	
	00433a40	82	
	00433aa0	96	
	00433b00	123	
	00433b80	70	
	00433bd0	13	
00433bd0	00433be0	77	
00433bd0	00433c30	358	
	00433da0	227	
	00433e90	1	
	00433ea0	13	
00433ea0	00433eb0	111	
	00433f20	218	
	00434000	67	
	00434050	14	
	00434060	26	
	00434080	80	
	004340d0	19	
	004340f0	29	
	00434110	25	
	00434130	196	
	00434200	256	
	00434300	881	
	00434680	464	
	00434850	22	
	00434870	23	
	00434890	35	
	004348c0	23	
	004348e0	178	
	004349a0	76	
	004349f0	164	
	00434aa0	661	
	00434d40	100	
	00434db0	97	
	00434e20	128	
	00434ea0	45	
00434ea0	00434ed0	78	
	00434f20	266	
	00435030	45	
00435030	00435060	78	
	004350b0	266	
	004351c0	666	
	00435460	28	
	00435480	24	
	004354a0	355	
	00435610	21	
	00435630	394	
00435630	004357c0	260	
	004358d0	489	
	00435ac0	138	
	00435b50	1252	
	00436040	3	
	00436050	3	
	00436060	3	
	00436070	96	
	004360d0	156	
	00436170	81	
	004361d0	122	
004361d0	00436250	248	
	00436350	555	
	00436590	374	
	00436710	166	
	004367c0	94	
	00436820	584	
	00436a70	128	
	00436af0	384	
	00436c70	145	
	00436d10	1292	
	00437220	1303	
	00437740	85	
	004377a0	344	
004377a0	00437900	342	
	00437a60	44	
	00437a90	129	
	00437b20	222	
	00437c00	239	
	00437d20	78	
	00437d70	737	
	00438080	1096	
	004384d0	572	
	00438710	300	
	00438840	76	
	00438890	233	
00438890	00438980	250	
00438890	00438a80	1687	
	00439140	701	
00439140	00439400	1049	
	00439820	604	
	00439a80	5	
	00439a90	33	
	00439ac0	96	
	00439b20	66	
	00439b70	37	
	00439ba0	12	
	00439bb0	19	
	00439bd0	4	
	00439be0	324	
	00439d30	24	
	00439d50	240	
	00439e40	558	
	0043a070	35	
	0043a0a0	78	
	0043a0f0	131	
	0043a180	16	
	0043a190	11	
	0043a1a0	61	
	0043a1e0	896	
	0043a560	58	
	0043a5a0	421	
	0043a750	494	
	0043a940	750	
	0043ac30	238	
	0043ad20	48	
	0043ad50	407	
	0043aef0	106	
	0043af60	205	
	0043b030	162	
	0043b0e0	477	
	0043b2c0	136	
	0043b350	1481	
	0043b920	736	
	0043bc00	469	
	0043bde0	328	
0043bde0	0043bf30	1702	
	0043c5e0	48	
	0043c610	340	
	0043c770	153	
	0043c810	68	
	0043c860	282	
	0043c980	21	
	0043c9a0	122	
	0043ca20	223	
	0043cb00	298	
	0043cc30	440	
	0043cdf0	133	
	0043ce80	55	
	0043cec0	394	
	0043d050	111	
	0043d0c0	106	
	0043d130	294	
	0043d260	59	
	0043d2a0	3	
	0043d2b0	3	
	0043d2c0	3	
	0043d2d0	3	
	0043d2e0	3	
	0043d2f0	3	
	0043d300	3	
	0043d310	3	
	0043d320	348	
	0043d480	697	
	0043d740	945	
	0043db00	1970	
	0043e2c0	842	
	0043e610	544	
	0043e830	522	
	0043ea40	245	
0043ea40	0043eb40	1286	
	0043f050	1134	
	0043f4c0	41	
	0043f4f0	278	
	0043f610	14	
	0043f620	22	
	0043f640	1338	
0043f640	0043fb80	84	
0043f640	0043fbe0	2359	
	00440530	46	
	00440560	22	
	00440580	22	
	004405a0	46	
	004405d0	129	
	00440660	46	
	00440690	46	
	004406c0	54	
	00440700	22	
	00440720	22	
	00440740	22	
	00440760	22	
	00440780	22	
	004407a0	22	
	004407c0	22	
	004407e0	22	
	00440800	22	
	00440820	22	
	00440840	22	
	00440860	22	
	00440880	35	
	004408b0	24	
	004408d0	24	
	004408f0	208	
	004409c0	311	
	00440b00	12	
	00440b10	12	
	00440b20	12	
	00440b30	12	
	00440b40	12	
	00440b50	12	
	00440b60	12	
	00440b70	12	
	00440b80	12	
	00440b90	9	
	00440ba0	12	
	00440bb0	12	
	00440bc0	12	
	00440bd0	12	
	00440be0	12	
	00440bf0	12	
	00440c00	12	
	00440c10	12	
	00440c20	12	
	00440c30	9	
	00440c40	55	
	00440c80	182	
	00440d40	182	
	00440e00	274	
	00440f20	274	
	00441040	131	
	004410d0	138	
	00441160	50	
	004411a0	52	
	004411e0	31	
	00441200	50	
	00441240	21	
	00441260	49	
	004412a0	49	
	004412e0	85	
	00441340	18	
	00441360	71	
	004413b0	47	
	004413e0	32	
	00441400	87	
	00441460	33	
	00441490	62	
	004414d0	33	
	00441500	396	
	00441690	247	
	00441790	115	
	00441810	95	
	00441870	34	
	004418a0	95	
	00441900	53	
	00441940	52	
	00441980	52	
	004419c0	52	
	00441a00	52	
	00441a40	50	
	00441a80	50	
	00441ac0	39	
	00441af0	39	
	00441b20	39	
	00441b50	343	
	00441cb0	112	
	00441d20	112	
	00441d90	135	
	00441e20	155	
	00441ec0	165	
	00441f70	108	
00441f70	00441fe0	272	
	004420f0	92	
004420f0	00442150	136	
004420f0	004421e0	238	
	004422d0	89	
	00442330	107	
	004423a0	36	
	004423d0	36	
	00442400	464	
	004425d0	74	
004425d0	00442620	60	
	00442660	209	
	00442740	124	
	004427c0	318	
	00442900	307	
	00442a40	345	
	00442ba0	143	
	00442c30	1373	
00442c30	00443190	2225	
	00443a50	4981	
	00444dd0	3301	
	00445ac0	790	
	00445de0	1115	
	00446240	1501	
00446240	00446820	857	
00446240	00446b80	138	
00446240	00446c10	295	
	00446d40	1943	
00446d40	004474e0	330	
00446d40	00447630	3113	
	00448260	362	
	004483d0	159	
	00448470	457	
00448470	00448640	247	
	00448740	816	
	00448a70	44	
	00448aa0	30	
	00448ac0	37	
	00448af0	209	
	00448bd0	38	
	00448c00	30	
	00448c20	135	
	00448cb0	135	
	00448d40	78	
	00448d90	46	
	00448dc0	46	
	00448df0	35	
	00448e20	50	
	00448e60	33	
	00448e90	33	
	00448ec0	29	
	00448ee0	29	
	00448f00	40	
	00448f30	42	
	00448f60	116	
	00448fe0	110	
	00449050	68	
	004490a0	74	
	004490f0	18	
	00449110	239	
	00449200	108	
	00449270	582	
	004494c0	60	
	00449500	22	
	00449520	639	
	004497a0	473	
	00449980	62	
	004499c0	230	
	00449ab0	283	
	00449bd0	210	
	00449cb0	314	
	00449df0	148	
	00449e90	140	
	00449f20	29	
00449f20	00449f40	61	
	00449f80	104	
00449f80	00449ff0	50	
	0044a030	42	
0044a030	0044a060	23	
0044a030	0044a080	89	
	0044a0e0	574	
	0044a320	573	
	0044a560	565	
	0044a7a0	86	
	0044a800	39	
	0044a830	253	
	0044a930	98	
	0044a9a0	650	
0044a9a0	0044ac30	303	
	0044ad60	51	
	0044ada0	61	
	0044ade0	83	
	0044ae40	136	
0044ae40	0044aed0	201	
	0044afa0	200	
0044afa0	0044b070	234	
	0044b160	2138	
0044b160	0044b9c0	840	
	0044bd10	154	
	0044bdb0	23	
0044bdb0	0044bdd0	77	
	0044be20	988	
	0044c200	202	
0044c200	0044c2d0	377	
	0044c450	82	
	0044c4b0	29	
0044c4b0	0044c4d0	156	
	0044c570	254	
	0044c670	2025	
	0044ce60	259	
	0044cf70	58	
	0044cfb0	760	
0044cfb0	0044d2b0	349	
	0044d410	200	
	0044d4e0	135	
0044d4e0	0044d570	366	
	0044d6e0	413	
	0044d880	231	
0044d880	0044d970	255	
	0044da70	135	
0044da70	0044db00	405	
	0044dca0	71	
	0044dcf0	316	
	0044de30	222	
	0044df10	198	
	0044dfe0	652	
	0044e270	109	
	0044e2e0	529	
	0044e500	141	
0044e500	0044e590	561	
	0044e7d0	319	
	0044e910	44	
	0044e940	585	
0044e940	0044eb90	890	
0044e940	0044ef10	23	
0044e940	0044ef30	2040	
0044e940	0044f730	13	
0044e940	0044f740	241	
	0044f840	679	
	0044faf0	125	
	0044fb70	122	
0044fb70	0044fbf0	793	
	0044ff10	82	
	0044ff70	84	
	0044ffd0	82	
	00450030	278	
	00450150	8	
	00450160	807	
	00450490	142	
	00450520	3817	
00450520	00451410	252	
	004515c0	840	
004515c0	00451910	2022	
	00452100	2939	
	00452ca0	140	
	00452d30	68	
	00452d80	36	
	00452db0	91	
	00452e10	26	
00452e10	00452e30	106	
	00452ea0	118	
	00452f20	51	
	00452f60	53	
	00452fa0	958	
	00453370	405	
	00453510	624	
	00453780	38	
	004537b0	42	
	004537e0	31	
	00453800	57	
	00453840	70	
	00453890	40	
	004538c0	241	
	004539c0	38	
	004539f0	295	
004539f0	00453b20	808	
004539f0	00453e50	438	
	00454010	328	
00454010	00454160	440	
	00454320	784	
	00454d70	399	
	00454f00	62	
00454f40	00454630	425	
00454f40	004547e0	136	
00454f40	00454870	53	
00454f40	004548b0	1201	
	00454f40	365	
00454f40	004550b0	301	
00454f40	004551e0	173	
	00455290	3	
	004552a0	1	
	004552b0	85	
	00455310	9	
	00455320	42	
	00455350	22	
	00455370	87	
	004553d0	108	
	00455440	68	
	00455490	68	
	004554e0	198	
	004555b0	84	
	00455610	56	
	00455650	11	
	00455660	133	
	004556f0	41	
	00455720	5	
	00455730	31	
	00455750	57	
	00455790	31	
	004557b0	64	
	004557f0	14	
	00455800	13	
	00455810	13	
	00455820	25	
	00455840	25	
	00455860	5	
	00455870	181	
	00455930	151	
	004559d0	104	
	00455a40	5	
	00455a50	30	
	00455a70	137	
	00455b00	1	
	00455b10	1	
	00455b20	72	
	00455b70	281	
00455b70	00455c90	139	
	00455d20	185	
	00455de0	376	
	00455f60	86	
	00455fc0	252	
	004560c0	53	
	00456100	111	
	00456170	11	
	00456180	29	
	004561a0	105	
	00456210	752	
	00456500	175	
	004565b0	118	
	00456630	65	
	00456680	23	
	004566a0	72	
	004566f0	23	
	00456710	108	
	00456780	154	
	00456820	117	
	004568a0	82	
	00456900	18	
	00456920	45	
00456920	00456950	589	
00456920	00456ba0	2607	
	004575d0	762	
	004578e0	1141	
	00457d60	57	
	00457da0	106	
	00457e10	152	
	00457eb0	140	
	00457f40	111	
	00457fb0	217	
	00458090	173	
	00458140	132	
	004581d0	93	
	00458230	98	
	004582a0	108	
	00458310	463	
	004584e0	50	
	00458520	953	
	004588e0	4818	
	00459bc0	98	
	00459c30	114	
	00459cb0	80	
	00459d00	271	
	00459e10	25	
00459e10	00459e30	463	
	0045a000	207	
	0045a0d0	427	
	0045a280	88	
	0045a2e0	157	
	0045a380	74	
0045a380	0045a3d0	30	
	0045a3f0	11	
	0045a400	282	
	0045a520	202	
	0045a5f0	108	
	0045a660	71	
	0045a6b0	67	
	0045a700	232	
	0045a7f0	72	
0045a7f0	0045a840	376	
	0045a9c0	88	
0045a9c0	0045aa20	375	
0045a9c0	0045aba0	565	
	0045ade0	158	
	0045ae80	206	
	0045af50	232	
	0045b040	11	
	0045b050	89	
	0045b0b0	55	
	0045b0f0	25	
	0045b110	5	
	0045b120	56	
	0045b160	171	
	0045b210	347	
	0045b370	133	
	0045b400	41	
	0045b430	36	
	0045b460	40	
	0045b490	84	
	0045b4f0	72	
	0045b540	32	
	0045b560	143	
	0045b5f0	123	
	0045b670	3	
	0045b680	98	
	0045b6f0	697	
	0045b9b0	306	
	0045baf0	851	
	0045be50	58	
0045be50	0045be90	699	
	0045c150	435	
	0045c310	171	
	0045c3c0	156	
	0045c460	11	
	0045c470	14	
	0045c480	80	
	0045c4d0	41	
	0045c500	467	
	0045c6e0	14	
	0045c6f0	321	
	0045c840	26	
0045c840	0045c860	40	
	0045c890	57	
	0045c8d0	178	
	0045c990	38	
0045c990	0045c9c0	23	
0045c990	0045c9e0	93	
0045c990	0045ca40	589	
	0045cc90	653	
0045cc90	0045cf20	23	
	0045cf40	228	
	0045d030	251	
	0045d130	176	
	0045d1e0	120	
	0045d260	122	
	0045d2e0	453	
	0045d4b0	845	
0045d4b0	0045d800	1597	
0045d4b0	0045de40	1347	
	0045e390	411	
	0045e530	438	
0045e530	0045e6f0	365	
0045e530	0045e860	85	
	0045e8c0	126	
	0045e940	219	
	0045ea20	64	
	0045ea60	48	
	0045ea90	285	
0045ea90	0045ebb0	79	
	0045ec00	108	
	0045ec70	88	
	0045ecd0	155	
	0045ed70	26	
	0045ed90	13	
0045ed90	0045eda0	53	
	0045ede0	88	
	0045ee40	192	
	0045ef00	423	
0045ef00	0045f0b0	138	
	0045f140	77	
0045f140	0045f190	155	
	0045f250	88	
0045f250	0045f2b0	182	
	0045f370	95	
	0045f3d0	33	
	0045f400	18	
	0045f420	296	
	0045f550	374	
	0045f6d0	450	
	0045f8a0	315	
	0045f9e0	5769	
	00461070	171	
	00461120	189	
	004611e0	35	
	00461210	11	
	00461220	5	
	00461230	224	
	00461310	5	
	00461320	5	
	00461330	73	
	00461380	59	
	004613c0	1	
	004613d0	247	
	004614d0	40	
	00461500	39	
	00461530	39	
	00461560	22	
	00461580	199	
	00461650	61	
00461650	00461690	56	
	004616d0	112	
	00461740	34	
	00461770	180	
	00461830	378	
	004619b0	11	
	004619c0	132	
	00461a50	429	
	00461c00	128	
	00461c80	30	
	00461ca0	36	
	00461cd0	298	
	00461e00	264	
	00461f10	1085	
00461f10	00462350	457	
	00462520	49	
	00462560	16	
	00462570	62	
	004625b0	2358	
004625b0	00462ef0	4651	
	00464130	62	
	00464170	91	
	004641d0	133	
	00464260	173	
	00464310	245	
	00464410	12679	
	004675a0	183	
004675a0	00467660	51	
	004676a0	871	
	00467a10	530	
	00467c30	141	
00467c30	00467cc0	301	
	00467df0	142	
00467df0	00467e80	39	
	00467eb0	106	
	00467f20	45	
	00467f50	346	
	004680b0	90	
	00468110	39	
	00468140	22	
	00468160	81	
	004681c0	34	
	004681f0	102	
	00468260	86	
	004682c0	58	
	00468300	77	
00468300	00468350	8	
00468300	00468360	139	
	004683f0	34	
	00468420	101	
	00468490	231	
	00468580	212	
00468580	00468660	107	
	004686d0	21	
	004686f0	71	
	00468740	17	
	00468760	144	
	004687f0	356	
	00468960	15	
	00468970	41	
	004689a0	108	
	00468a10	162	
	00468ac0	27	
	00468ae0	19	
	00468b00	10	
	00468b10	58	
	00468b50	10	
	00468b60	13	
	00468b70	152	
	00468c10	63	
	00468c50	76	
	00468ca0	11	
	00468cb0	39	
	00468ce0	29	
	00468d00	222	
	00469060	3	
	00469070	89	
	004690d0	17	
	004690f0	109	
	00469160	24	
	00469180	3	
	004691d0	39	
	004693b0	83	
	00469450	97	
	004694c0	57	
	00469500	27	
	00469520	94	
	00469580	65	
	004695d0	66	
	00469620	52	
	00469660	27	
	00469680	14	
	00469690	54	
	004696d0	44	
	00469700	29	
	00469720	221	
	00469800	130	
	00469890	158	
	00469930	175	
	004699e0	38	
	00469a10	62	
	00469a50	162	
	00469b00	141	
	00469b90	77	
	00469be0	186	
	00469ca0	140	
	00469d30	758	
	0046a030	220	
	0046a110	133	
	0046a1a0	85	
	0046a200	61	
0046a200	0046a240	201	
	0046a310	123	
	0046a390	51	
	0046a3d0	105	
	0046a440	98	
	0046a4b0	55	
0046a4b0	0046a4f0	146	
	0046a590	93	
	0046a5f0	99	
	0046a660	93	
	0046a6c0	310	
	0046a900	301	
0046a900	0046aa30	218	
	0046ab10	37	
	0046ab40	187	
	0046ac00	377	
	0046ad80	77	
0046ad80	0046add0	221	
	0046aeb0	180	
	0046af70	336	
	0046b0c0	659	
	0046b360	473	
0046b360	0046b540	388	
	0046b6d0	165	
	0046b780	398	
	0046b910	221	
	0046b9f0	589	
	0046bc40	563	
	0046be80	940	
	0046c230	80	
	0046c280	63	
	0046c2c0	36	
	0046c2f0	55	
	0046c330	36	
	0046c360	33	
	0046c390	42	
	0046c3c0	81	
	0046c420	817	
	0046c760	6	
	0046c770	70	
	0046c7c0	70	
	0046c810	42	
	0046c840	48	
	0046c870	70	
	0046c8c0	203	
	0046c990	59	
	0046c9d0	16	
	0046c9e0	6	
	0046c9f0	21	
	0046ca10	21	
	0046ca30	21	
	0046ca50	21	
	0046ca70	21	
	0046ca90	21	
	0046cab0	21	
	0046cad0	21	
	0046caf0	21	
	0046cb10	21	
	0046cb30	21	
	0046cb50	21	
	0046cb70	21	
	0046cb90	21	
	0046cbb0	21	
	0046cbd0	21	
	0046cbf0	103	
	0046cc60	105	
	0046ccd0	6	
	0046cce0	48	
	0046cd10	27	
	0046cd30	214	
	0046ce10	128	
	0046ce90	122	
	0046cf10	48	
	0046cf40	44	
	0046cf70	48	
	0046cfa0	6	
	0046cfb0	48	
	0046cfe0	167	
	0046d090	310	
	0046d1d0	89	
	0046d230	11	
	0046d240	29	
	0046d260	74	
	0046d2b0	72	
	0046d300	55	
0046d300	0046d340	491	
	0046d530	117	
	0046d5b0	18	
	0046d5d0	18	
	0046d5f0	18	
	0046d610	40	
	0046d640	317	
	0046d780	111	
	0046d7f0	74	
0046d7f0	0046d840	308	
	0046d980	89	
	0046d9e0	137	
	0046da70	71	
	0046dac0	77	
	0046db10	58	
	0046db50	60	
	0046db90	61	
	0046dbd0	320	
	0046dd10	294	
	0046de40	52	
	0046de80	425	
	0046e030	538	
	0046e250	875	
	0046e5c0	458	
0046e5c0	0046e790	1340	
	0046ecd0	88	
	0046ed30	114	
	0046edb0	260	
	0046eec0	125	
	0046ef40	345	
	0046f0a0	880	
	0046f410	134	
	0046f4a0	932	
	0046f870	125	
	0046f8f0	99	
	0046f960	2209	
	00470210	119	
	00470290	346	
	004703f0	219	
	004704d0	96	
	00470530	96	
	00470590	94	
	004705f0	58	
	00470630	126	
	004706b0	517	
	004708c0	137	
	00470950	450	
	00470b20	137	
	00470bb0	428	
	00470d60	56	
	00470da0	140	
	00470e30	156	
	00470ed0	194	
	00470fa0	194	
	00471070	91	
	004710d0	91	
	00471130	91	
	00471190	91	
	004711f0	91	
	00471250	91	
	004712b0	91	
	00471310	91	
	00471370	91	
	004713d0	91	
	00471430	91	
	00471490	91	
	004714f0	91	
	00471550	91	
	004715b0	91	
	00471610	110	
	00471680	63	
	004716c0	110	
	00471730	65	
	00471780	110	
	004717f0	63	
	00471830	110	
	004718a0	163	
	00471950	110	
	004719c0	105	
	00471a30	347	
	00471b90	242	
	00471c90	182	
	00471d50	105	
	00471dc0	268	
	00471ed0	242	
	00471fd0	167	
	00472080	47	
	004720b0	32	
	004720d0	198	
	004721a0	23	
	004721c0	58	
	00472200	48	
	00472230	87	
	00472290	197	
	00472360	91	
	004723c0	138	
	00472450	140	
	004724e0	252	
	004725e0	91	
	00472640	189	
	00472700	42	
00472700	00472730	168	
	004727e0	144	
	00472870	198	
	00472940	176	
	004729f0	89	
	00472a50	75	
	00472aa0	89	
	00472b00	675	
	00472db0	14	
	00472dc0	14	
	00472dd0	205	
	00472ea0	102	
	00472f10	89	
	00472f70	60	
	00472fb0	89	
	00473010	175	
	004730c0	89	
	00473120	90	
	00473180	89	
	004731e0	52	
	00473220	89	
	00473280	2002	
	00473a60	219	
	00473b40	165	
	00473bf0	194	
	00473cc0	3	
	00473cd0	1	
	00473ce0	136	
	00473d70	42	
	00473da0	22	
	00473dc0	87	
	00473e20	73	
	00473e70	108	
	00473ee0	68	
	00473f30	68	
	00473f80	29	
00473f80	00473fa0	130	
	00474030	169	
	00474110	32	
	00474130	197	
	00474200	94	
	00474260	111	
	004742d0	5	
	004742e0	29	
	00474300	1	
	00474310	186	
	004743d0	42	
	00474400	36	
	00474430	29	
	00474450	39	
	00474480	22	
	004744a0	104	
	00474510	34	
	00474540	199	
	00474610	61	
00474610	00474650	56	
	00474690	107	
	00474700	143	
	00474790	134	
	00474820	58	
	00474860	257	
	00474970	39	
	004749a0	33	
	004749d0	655	
	00474c60	115	
	00474ce0	197	
	00474db0	111	
	00474e20	336	
	00474f70	97	
	00474fe0	38	
	00475010	25	
	00475030	101	
	004750a0	62	
	004750e0	29	
	00475100	308	
	00475240	110	
	004752b0	31	
	004752d0	322	
	00475420	302	
	00475550	246	
	00475650	341	
	004757b0	341	
	00475910	218	
	004759f0	156	
	00475a90	152	
	00475b30	156	
	00475bd0	482	
	00475dc0	106	
	00475e30	152	
	00475ed0	316	
	00476050	33	
	00476080	1	
	00476090	1	
	004760a0	67	
	004760f0	77	
	00476140	474	
	00476320	133	
	004763b0	168	
	00476460	245	
	00476560	539	
	00476780	23	
	004767a0	98	
	00476810	170	
	004768c0	55	
	00476900	65	
	00476950	258	
	00476a60	80	
	00476ab0	122	
	00476b30	122	
	00476bb0	112	
	00476c20	23	
	00476c40	208	
	00476d10	305	
	00476e50	407	
	00476ff0	286	
	00477110	205	
	004771e0	826	
004771e0	00477520	540	
	00477740	42	
	00477770	11	
	00477780	84	
	004777e0	62	
	00477820	59	
	00477860	92	
	004778c0	86	
	00477920	93	
	00477980	59	
	004779c0	70	
	00477a10	86	
	00477a70	94	
	00477ad0	17	
	00477af0	273	
	00477c10	356	
	00477d80	1150	
	00478200	291	
	00478330	410	
00478330	004784d0	2016	
	00478cb0	257	
	00478dc0	237	
00478dc0	00478eb0	1622	
	00479510	1600	
	00479b50	478	
	00479d30	1004	
	0047a120	360	
0047a120	0047a290	1933	
0047a120	0047aa20	317	
0047a120	0047ab60	1295	
	0047b070	83	
	0047b0d0	49	
	0047b110	87	
	0047b170	593	
	0047b3d0	123	
	0047b450	30	
	0047b470	363	
	0047b5e0	305	
	0047b720	613	
	0047ba60	17	
	0047ba80	270	
	0047bb90	60	
	0047bbd0	3	
	0047bbe0	1	
	0047bbf0	95	
	0047bc50	37	
	0047bc80	301	
0047bc80	0047bdb0	154	
	0047be50	72	
	0047bea0	460	
	0047c070	273	
	0047c190	139	
	0047c220	314	
	0047c360	52	
	0047c3a0	486	
	0047c590	2798	
	0047d080	669	
	0047d320	278	
	0047d440	683	
	0047d6f0	12	
	0047d700	179	
	0047d7c0	14	
	0047d7d0	14	
	0047d7e0	14	
	0047d7f0	14	
	0047d800	14	
	0047d810	181	
	0047d8d0	1	
	0047d8e0	348	
	0047da40	56	
0047da40	0047da80	176	
	0047db30	167	
0047db30	0047dbe0	106	
	0047dc50	50	
	0047dc90	14	
	0047dca0	7	
	0047dcb0	22	
	0047dcd0	64	
	0047dd10	132	
	0047dda0	85	
	0047de00	23	
	0047de20	35	
	0047de50	57	
	0047de90	57	
	0047ded0	35	
	0047df00	35	
	0047df30	22	
	0047df50	22	
	0047df70	720	
	0047e240	240	
	0047e330	26	
0047e330	0047e350	53	
	0047e390	143	
	0047e41f	350	
0047e41f	0047e580	158	
	0047e620	112	
	0047e690	202	
0047e690	0047e760	170	
0047e690	0047e810	400	
	0047e9a0	488	
	0047eb90	1050	
	0047efb0	35	
	0047efe0	35	
	0047f010	24	
0047f010	0047f030	165	
	0047f0e0	131	
	0047f170	119	
	0047f1f0	95	
	0047f250	62	
	0047f290	62	
	0047f2d0	49	
	0047f310	16	
	0047f320	1513	
	0047f910	1077	
	0047fd50	61	
	0047fdb0	320	
	0047fef0	109	
0047fef0	0047ff60	185	
0047fef0	00480020	316	
	00480160	60	
	004801a0	107	
	00480210	230	
00480210	00480300	652	
	00480590	371	
	00480710	1172	
	00480bb0	1537	
	004811c0	42	
	004811f0	22	
	00481210	247	
	00481310	61	
00481310	00481350	56	
	00481390	57	
	004813d0	93	
	00481430	72	
	00481480	64	
	004814c0	64	
	00481500	194	
	004815d0	723	
	004818b0	90	
	00481910	153	
	004819b0	57	
	004819f0	772	
	00481d00	604	
	00481fb0	6	
	00481fc0	16	
	00481fd0	348	
	00482130	16	
	00482140	16	
	00482150	11	
	00482160	101	
	004821d0	1019	
	004825d0	186	
	00482690	421	
	00482840	12	
	00482850	48	
	00482880	48	
	004828b0	105	
	00482920	233	
	00482a10	13	
	00482a20	11	
	00482a30	176	
	00482ae0	13	
	00482af0	11	
	00482b00	17	
	00482b20	139	
	00482bb0	121	
	00482c30	21	
	00482c50	21	
	00482c70	21	
	00482c90	123	
	00482d10	110	
	00482d80	117	
	00482e00	74	
	00482e50	98	
	00482ec0	1359	
	00483450	78	
	004834a0	59	
	004834e0	403	
	00483680	253	
	00483780	517	
	00483990	13	
	004839a0	11	
	004839b0	37	
	004839e0	37	
	00483a10	299	
	00483c30	389	
	00483dc0	13	
	00483dd0	208	
	00483ea0	124	
	00483f20	78	
	00483f70	352	
	004840d0	11	
	004840e0	863	
	00484440	323	
	00484590	887	
	00484910	105	
	00484980	212	
	00484a60	61	
00484a60	00484aa0	61	
	00484ae0	14	
	00484af0	14	
	00484b00	613	
	00484d70	702	
	00485060	45	
00485060	00485090	587	
	004852e0	210	
	004853c0	740	
	004856b0	160	
	00485750	14	
	00485760	2746	
	00486220	3	
	00486230	3	
	00486240	701	
00486240	00486500	3916	
	00487450	153	
	004874f0	70	
	00487540	221	
	00487620	12	
	00487630	1	
	00487640	1	
	00487650	18	
	00487670	5	
	00487680	3	
	00487690	87	
00487690	004876f0	49	
	00487730	67	
	00487780	153	
	00487820	82	
	00487880	88	
	004878e0	54	
	00487920	54	
	00487960	135	
	004879f0	102	
	00487a60	353	
	00487bd0	39	
	00487c00	22	
	00487c20	145	
	00487cc0	61	
00487cc0	00487d00	56	
	00487d40	103	
	00487db0	34	
	00487de0	157	
00487de0	00487e80	585	
	004880d0	62	
	00488110	148	
	004881b0	57	
004881b0	004881f0	227	
	004882e0	200	
	004883b0	60	
	004883f0	325	
	00488540	378	
	004886c0	20	
	004886e0	813	
004886e0	00488a10	765	
004886e0	00488d10	61	
004886e0	00488d50	653	
004886e0	00488fe0	157	
004886e0	00489080	141	
004886e0	00489110	231	
004886e0	00489200	948	
	004895c0	563	
	00489830	496	
	00489a20	233	
00489a20	00489b10	845	
	00489e60	25	
	00489e80	11	
	00489e90	163	
	00489f40	52	
	00489f80	13	
	00489f90	137	
	0048a020	60	
	0048a060	5	
	0048a070	26	
	0048a090	67	
	0048a0e0	67	
	0048a130	51	
	0048a170	39	
	0048a1a0	23	
	0048a1c0	23	
	0048a1e0	338	
	0048a340	59	
	0048a380	54	
	0048a3c0	54	
	0048a400	31	
	0048a420	26	
	0048a440	274	
	0048a560	5	
	0048a570	5	
	0048a580	12	
	0048a590	42	
	0048a5c0	88	
	0048a620	63	
	0048a660	35	
	0048a690	35	
	0048a6c0	189	
	0048a780	1	
	0048a790	94	
	0048a7f0	135	
	0048a880	349	
	0048a9e0	79	
	0048aa30	60	
	0048aa70	60	
	0048aab0	29	
	0048aad0	227	
	0048abc0	13	
	0048abd0	1	
	0048abe0	15	
	0048abf0	1254	
	0048b100	15	
	0048b110	15	
	0048b120	910	
	0048b4b0	377	
	0048b630	47	
	0048b660	450	
	0048b830	64	
	0048b870	83	
	0048b8d0	40	
	0048b900	80	
	0048b950	80	
	0048b9a0	153	
	0048ba40	249	
	0048bb40	266	
	0048bc50	279	
	0048bd70	50	
	0048bdb0	1615	
	0048c400	1734	
	0048cad0	330	
	0048cc20	2332	
	0048d540	1895	
	0048dcb0	55	
	0048dcf0	90	
0048dcf0	0048dd50	362	
	0048dec0	281	
	0048dfe0	106	
	0048e050	226	
	0048e140	27	
	0048e160	27	
	0048e180	27	
	0048e1a0	122	
	0048e220	151	
	0048e2c0	71	
	0048e310	47	
	0048e340	124	
	0048e3c0	48	
	0048e3f0	321	
	0048e540	187	
	0048e600	407	
	0048e7a0	122	
	0048e820	24	
0048e820	0048e840	827	
	0048eb80	229	
	0048ec70	186	
	0048ed30	184	
	0048edf0	1179	
	0048f290	32	
	0048f2b0	521	
	0048f4c0	638	
	0048f740	163	
	0048f7f0	228	
	0048f8e0	2329	
	00490200	1612	
	00490850	263	
	00490960	93	
	004909bd	252	
	00490ac0	296	
	00490bf0	904	
	00490f80	434	
	00491140	36	
	00491170	337	
	004912d0	769	
	004915e0	663	
	00491880	19	
	004918a0	19	
	004918c0	19	
	004918e0	516	
	00491af0	297	
	00491c20	56	
	00491c60	136	
	00491cf0	82	
	00491d50	104	
	00491dc0	110	
	00491e30	48	
	00491e60	361	
	00491fd0	179	
	00492090	156	
	00492130	104	
	004921a0	444	
	00492360	313	
	004924a0	362	
	00492610	557	
	00492840	1322	
00492840	00492d70	331	
	00492ec0	249	
	00492fc0	56	
	00493000	114	
	00493080	195	
	00493150	56	
	00493190	67	
	004931e0	187	
	004932a0	94	
	00493300	94	
	00493360	94	
	004933c0	217	
	004934a0	60	
	004934e0	60	
	00493520	60	
	00493560	60	
	004935a0	86	
	00493600	82	
	00493660	259	
	00493770	64	
	004937b0	49	
	004937f0	364	
	00493960	571	
	00493ba0	50	
	00493be0	268	
	00493cf0	459	
	00493ec0	736	
	004941a0	134	
	00494230	15	
	00494240	198	
	00494310	424	
00494310	004944c0	104	
00494310	00494530	269	
00494310	00494640	120	
00494310	004946c0	9	
00494310	004946d0	810	
00494310	00494a00	673	
	00494cb0	356	
	00494e20	26	
	00494e40	61	
	00494e80	1	
	00494e90	17	
	00494eb0	17	
	00494ed0	27	
	00494ef0	3	
	00494f00	176	
	00494fb0	97	
	00495020	190	
	004950e0	1	
	004950f0	128	
	00495170	35	
	004951a0	69	
	004951f0	241	
	004952f0	205	
	004953c0	95	
	00495420	95	
	00495480	180	
	00495540	57	
	00495580	40	
	004955b0	45	
	004955e0	51	
	00495620	51	
	00495660	184	
	00495720	1116	
	00495b80	1249	
	00496070	7623	
00496070	00497e40	96	
	00497ea0	134	
	00497f30	76	
	00497f80	314	
	004980c0	596	
	00498320	5021	
00498320	004996c0	32	
	004996e0	4470	
004996e0	0049a860	1140	
	0049ace0	167	
	0049ad90	104	
	0049ae00	326	
	0049af50	133	
	0049afe0	143	
	0049b070	259	
	0049b180	1885	
0049b180	0049b8e0	705	
	0049bbb0	396	
	0049bd40	937	
0049bd40	0049c0f0	2062	
	0049c900	828	
	0049cc40	1708	
0049cc40	0049d2f0	43	
	0049d320	93	
	0049d380	4425	
0049d380	0049e4d0	7123	
	004a00b0	225	
	004a01a0	791	
	004a04c0	2143	
	004a0d20	1765	
	004a1410	34	
	004a1440	268	
	004a1550	706	
	004a1820	929	
	004a1bd0	544	
	004a1df0	2114	
	004a2640	1117	
	004a2aa0	449	
	004a2c70	2052	
	004a34e0	772	
	004a3810	1168	
	004a3ca0	35	
	004a3cd0	27	
	004a3cf0	14	
	004a3d00	101	
	004a3d70	58	
	004a3db0	270	
	004a3ec0	644	
	004a4150	74	
	004a41a0	11	
	004a41b0	129	
	004a4240	104	
	004a42b0	79	
	004a4300	56	
	004a4340	55	
	004a4380	230	
004a4380	004a4470	371	
	004a45f0	781	
004a45f0	004a4900	766	
	004a4c00	210	
	004a4ce0	781	
	004a4ff0	153	
004a4ff0	004a5090	269	
	004a51a0	215	
	004a5280	1165	
004a5280	004a5710	496	
	004a5900	1718	
	004a5fc0	764	
	004a62c0	81	
	004a6320	64	
	004a6360	591	
	004a65b0	121	
	004a6630	1995	
	004a6e00	73	
	004a6e50	1	
	004a6e60	8	
	004a6e70	172	
	004a6f20	161	
	004a6fd0	53	
	004a7010	15	
	004a7020	11	
	004a7030	59	
	004a7070	247	
	004a7170	47	
	004a71a0	33	
	004a71d0	40	
	004a7200	25	
	004a7220	30	
	004a7240	14	
	004a7250	14	
	004a7260	14	
	004a7270	58	
	004a72b0	111	
	004a7320	1	
	004a7330	25	
	004a7350	1	
	004a7360	37	
	004a7390	70	
	004a73e0	18	
	004a7400	12	
	004a7410	645	
	004a76a0	93	
	004a7700	29	
004a7700	004a7720	58	
	004a7760	77	
	004a77b0	24	
	004a77d0	50	
	004a7810	183	
	004a78d0	147	
	004a7970	179	
	004a7a30	74	
004a7a30	004a7a80	309	
	004a7bc0	78	
	004a7c10	403	
	004a7db0	83	
	004a7e10	114	
	004a7e90	516	
	004a80a0	96	
	004a8100	167	
	004a81b0	109	
	004a8220	228	
	004a8310	83	
	004a8370	35	
	004a83a0	204	
	004a8470	61	
	004a84b0	135	
	004a8540	326	
	004a8690	129	
	004a8720	288	
	004a8840	53	
	004a8880	41	
	004a88b0	34	
	004a88e0	182	
	004a89a0	345	
004a89a0	004a8b00	198	
	004a8bd0	16	
	004a8be0	724	
	004a8ec0	140	
	004a8f50	197	
	004a9020	61	
	004a9060	104	
	004a90d0	224	
	004a91b0	229	
	004a92a0	66	
	004a92f0	66	
	004a9340	27	
	004a9360	203	
	004a9430	48	
	004a9460	65	
	004a94b0	381	
	004a9630	522	
	004a9840	114	
	004a98c0	381	
004a98c0	004a9a40	293	
	004a9b70	647	
	004a9e00	314	
	004a9f40	1615	
	004aa590	1019	
	004aa990	318	
	004aaad0	290	
	004aac00	275	
	004aad20	175	
	004aadd0	106	
	004aae40	67	
	004aae90	68	
	004aaee0	232	
004aaee0	004aafd0	768	
	004ab2d0	1109	
	004ab730	45	
004ab730	004ab760	202	
	004ab830	329	
	004ab980	573	
004ab980	004abbc0	184	
	004abca0	200	
	004abd70	388	
	004abf00	833	
	004ac250	413	
	004ac3f0	99	
	004ac460	622	
	004ac6d0	297	
004ac6d0	004ac800	742	
	004acaf0	158	
	004acb90	515	
	004acda0	394	
	004acf30	85	
	004acf90	130	
	004ad020	322	
	004ad170	231	
	004ad260	1330	
	004ad7a0	598	
	004ada00	545	
004adde0	004adc30	418	
	004adde0	331	
	004adf30	799	
	004ae250	1853	
004ae250	004ae990	320	
	004aead0	656	
	004aed60	580	
	004aefb0	1618	
	004af610	333	
	004af760	312	
	004af8a0	354	
	004afa10	1174	
	004afeb0	655	
	004b0140	450	
	004b0310	2666	
004b0310	004b0d80	833	
	004b10d0	829	
004b10d0	004b1410	1965	
004b10d0	004b1bc0	1317	
	004b2140	500	
	004b2340	42	
	004b2370	55	
	004b23b0	22	
	004b23d0	85	
	004b2430	97	
	004b24a0	212	
	004b2580	372	
	004b2700	145	
	004b27a0	61	
004b27a0	004b27e0	56	
	004b2820	64	
	004b2860	64	
	004b28a0	56	
	004b28e0	243	
	004b29e0	110	
	004b2a50	62	
	004b2a90	72	
	004b2ae0	77	
	004b2b30	38	
	004b2b60	14	
	004b2b70	3	
	004b2b80	29	
	004b2ba0	40	
	004b2bd0	18	
	004b2bf0	24	
	004b2c10	651	
	004b2ea0	96	
	004b2f00	252	
	004b3000	343	
	004b3160	510	
	004b3360	376	
	004b34e0	51	
	004b3520	126	
	004b35a0	3	
	004b35b0	18	
	004b35d0	18	
	004b35f0	18	
	004b3610	18	
	004b3630	18	
	004b3650	32	
	004b3670	423	
	004b3820	1101	
	004b3ca0	660	
	004b3f80	85	
	004b3fe0	8358	
	004b6090	138	
004b6090	004b6120	1831	
	004b6870	1411	
	004b6e50	358	
	004b6fc0	10	
	004b6fd0	8	
	004b6fe0	456	
	004b71b0	812	
	004b74e0	3248	
	004b81d0	322	
	004b8320	84	
	004b8380	84	
	004b83e0	84	
	004b8440	46	
	004b8470	53	
	004b84b0	56	
	004b84f0	560	
	004b8720	125	
	004b87a0	110	
	004b8810	62	
	004b8850	62	
	004b8890	300	
	004b89c0	125	
004b89c0	004b8a40	877	
	004b8dc0	153	
	004b8e60	509	
004b8e60	004b9060	99	
	004b90d0	2156	
	004b99c0	88	
	004b9a20	833	
	004b9d70	14	
	004b9d80	11	
	004b9d90	29	
004b9d90	004b9db0	92	
	004b9e10	166	
	004b9ec0	263	
	004b9fd0	662	
	004ba270	312	
	004ba3d0	2380	
	004bad20	13	
004bad20	004bad30	440	
	004baef0	2793	
	004bb9e0	1671	
	004bc0a0	71	
	004bc0f0	221	
	004bc1d0	56	
	004bc210	67	
	004bc260	43	
	004bc290	183	
	004bc350	1813	
	004bcb50	156	
	004bcbf0	35	
	004bcc20	53	
	004bcc60	82	
	004bccd0	9	
004bccd0	004bcce0	125	
004bccd0	004bcd60	106	
	004bcdd0	343	
	004bcf30	941	
	004bd360	252	
	004bd460	52	
	004bd4a0	1533	
004bd4a0	004bdaa0	74	
004bd4a0	004bdaf0	3017	
	004be6f0	242	
	004be7f0	220	
	004be8d0	1485	
	004beea0	317	
004beea0	004befe0	593	
	004bf270	165	
	004bf320	1678	
	004bf9d0	68	
	004bfa20	267	
	004bfb30	1168	
	004bffc0	408	
	004c0160	413	
004c0160	004c0300	2637	
004c0160	004c0d50	713	
004c0160	004c1020	1112	
004c0160	004c1480	296	
	004c15b0	93	
	004c1610	51	
	004c1650	93	
	004c16b0	38	
	004c16e0	12	
	004c16f0	62	
	004c1730	461	
004c1730	004c1900	29	
004c1730	004c1920	384	
	004c1ab0	163	
	004c1b60	463	
	004c1d30	50	
	004c1d70	326	
	004c1ec0	589	
	004c2110	450	
	004c22e0	59	
	004c2320	118	
	004c23a0	896	
	004c2720	1403	
	004c2ca0	93	
004c2ca0	004c2d00	1875	
	004c3470	203	
	004c3540	10	
	004c3550	8	
	004c3560	814	
	004c3890	694	
	004c3b50	979	
	004c3f30	969	
	004c4300	970	
	004c46d0	1426	
	004c4c70	443	
	004c4e30	774	
	004c5140	540	
	004c5360	472	
	004c5540	347	
	004c56a0	3940	
	004c66f0	98	
	004c6760	109	
	004c67d0	101	
	004c6840	95	
	004c68a0	105	
	004c6910	127	
	004c6990	99	
	004c6a00	210	
	004c6ae0	82	
	004c6b40	108	
	004c6bb0	123	
	004c6c30	766	
	004c6f30	706	
	004c7200	235	
	004c72f0	198	
	004c73c0	338	
	004c7520	190	
	004c75e0	154	
004c75e0	004c7680	317	
	004c78a0	547	
	004c7ad0	202	
	004c7ba0	24	
	004c7bc0	185	
	004c7c80	775	
	004c7f90	34	
	004c7fc0	718	
	004c8290	515	
	004c84b0	439	
	004c8670	11	
	004c8680	14	
	004c8690	6	
	004c86a0	30	
	004c86c0	217	
004c86c0	004c87a0	1002	
004c86c0	004c8b90	3290	
	004c98a0	876	
	004c9c10	162	
	004c9cc0	106	
004c9cc0	004c9d30	45	
	004c9d60	25	
	004c9d80	25	
	004c9da0	285	
004c9da0	004c9ec0	216	
	004c9fa0	100	
	004ca010	426	
	004ca1c0	611	
	004ca430	25	
	004ca450	240	
	004ca540	295	
	004ca670	280	
	004ca790	383	
	004ca910	71	
	004ca960	25	
	004ca980	313	
	004caaf0	759	
	004cadf0	938	
	004cb1a0	25	
	004cb1c0	239	
	004cb2b0	488	
	004cb4a0	470	
	004cb6b0	55	
	004cb6f0	488	
	004cb8e0	270	
	004cb9f0	155	
	004cbac0	415	
	004cbc60	362	
	004cbdd0	90	
	004cbe30	104	
	004cbea0	641	
	004cc130	256	
	004cc230	22	
	004cc250	116	
	004cc2d0	99	
	004cc340	813	
004cc340	004cc670	692	
	004cc930	80	
	004cc980	813	
004cc980	004cccb0	653	
004cc980	004ccf40	298	
	004cd070	1276	
	004cd570	260	
	004cd680	957	
004cd680	004cda40	398	
	004cdbd0	170	
004cdbd0	004cdc80	1008	
	004ce070	694	
	004ce380	583	
004ce380	004ce5d0	549	
	004ce820	471	
004ce820	004cea00	346	
	004ceb90	41	
004ceb90	004cebc0	245	
	004cecc0	980	
	004cf0d0	851	
	004cf430	244	
	004cf530	26	
	004cf550	425	
	004cf700	222	
	004cf830	200	
	004cf900	1	
	004cf910	1832	
	004d0040	756	
	004d03d0	80	
	004d0420	1599	
	004d0a90	426	
004d0a90	004d0c40	3898	
	004d1b80	467	
	004d1d60	90	
004d1d60	004d1dc0	1596	
	004d2430	198	
004d2430	004d2500	269	
004d2430	004d2610	1101	
	004d2a60	461	
004d2a60	004d2c30	884	
	004d2fe0	22	
	004d3000	22	
	004d3020	55	
	004d3060	32	
	004d3080	32	
	004d30a0	32	
	004d30c0	218	
004d30c0	004d31a0	1073	
	004d3600	537	
004d3600	004d3820	152	
	004d38c0	793	
004d38c0	004d3be0	383	
	004d3d90	893	
	004d4110	22	
	004d4130	22	
	004d4150	14	
	004d4160	329	
	004d42b0	457	
	004d44a0	67	
	004d44f0	16	
	004d4500	88	
	004d4560	677	
	004d4840	11	
	004d4850	1211	
	004d4d10	1959	
	004d54d0	663	
	004d5790	25	
	004d57b0	9	
	004d57c0	542	
	004d59e0	168	
	004d5b90	11	
	004d5ba0	351	
	004d5d00	587	
	004d5f50	305	
	004d6090	1883	
	004d67f0	1213	
004d67f0	004d6cb0	118	
	004d6d30	47	
	004d6d60	766	
	004d7060	174	
	004d71b0	1037	
004d71b0	004d75c0	212	
	004d76a0	266	
	004d77b0	251	
	004d78b0	23	
	004d78d0	116	
	004d7950	12	
	004d7960	12	
	004d7970	12	
	004d7980	1342	
	004d7ef0	240	
	004d7fe0	313	
	004d8120	669	
004d8120	004d83c0	1069	
004d8120	004d87f0	61	
004d8120	004d8830	45	
004d8120	004d8860	105	
	004d88f0	1084	
	004d8d50	287	
	004d8ea0	1175	
	004d9360	36	
	004d9390	1504	
	004d9970	925	
	004d9d10	174	
	004d9dc0	125	
	004d9e40	120	
	004d9ec0	5	
	004d9ed0	116	
	004d9f50	415	
	004da0f0	1358	
	004da640	185	
	004da700	182	
	004da7c0	155	
	004da860	179	
	004da920	127	
	004da9a0	402	
	004dab60	990	
	004daf40	468	
	004db120	73	
004db120	004db170	861	
	004db520	183	
	004db5e0	190	
	004db6a0	69	
	004db6f0	443	
	004db8b0	471	
	004dba90	233	
	004dbb80	1150	
	004dc0d0	164	
	004dc180	853	
	004dc4e0	83	
	004dc540	290	
	004dc670	343	
	004dc7d0	14	
	004dc7e0	11	
	004dc7f0	960	
	004dcbd0	355	
	004dcd40	14	
	004dcd50	190	
	004dce10	129	
	004dcea0	271	
	004dcfb0	88	
	004dd010	669	
004dd010	004dd2b0	218	
	004dd390	123	
	004dd410	543	
	004dd630	154	
	004dd710	395	
	004dd8a0	41	
	004dd8d0	52	
	004dd910	56	
	004dd950	521	
	004ddbd0	1096	
	004de0c0	91	
	004de140	5293	
004de140	004df5f0	462	
	004df9e0	355	
	004dfb50	139	
	004dfbe0	393	
	004dfd70	39	
	004dfda0	35	
	004dfdf0	84	
	004dfe50	892	
	004e0210	1125	
	004e06d0	67	
	004e0720	16	
	004e0730	65	
	004e0780	469	
	004e0960	265	
	004e0a70	176	
	004e0b20	118	
	004e0ba0	353	
	004e0df0	77	
	004e0e40	75	
	004e0e90	1568	
	004e14e0	353	
	004e1650	491	
	004e1840	345	
	004e19a0	197	
	004e1a70	115	
	004e1af0	473	
	004e1cd0	34	
	004e1d00	34	
	004e1d30	34	
	004e1d60	481	
	004e1f50	14	
	004e1f60	11	
	004e1f70	39	
	004e1fa0	888	
	004e2320	135	
004e2320	004e23b0	45	
004e2320	004e23e0	893	
004e2320	004e2760	599	
004e2320	004e29c0	232	
	004e2ab0	122	
004e2ab0	004e2b30	219	
	004e2c10	3524	
	004e39e0	20	
	004e3a00	114	
	004e3a80	240	
	004e3b70	2658	
	004e45d2	755	
	004e4b10	265	
004e4b10	004e4c20	74	
004e4b10	004e4c70	624	
	004e4ee0	406	
	004e5080	70	
	004e50d0	87	
	004e5130	181	
	004e51f0	238	
	004e52e0	30	
	004e5300	1899	
	004e5a70	2205	
004e5a70	004e6310	1454	
	004e68e0	77	
004e68e0	004e6930	541	
004e68e0	004e6b50	42	
004e68e0	004e6b80	849	
	004e6ef0	394	
004e6ef0	004e7080	42	
004e6ef0	004e70b0	1431	
	004e7670	698	
004e7670	004e7930	2329	
	004e8270	637	
004e8270	004e84f0	1696	
	004e8bb0	2198	
	004e9460	458	
004e9460	004e9630	1230	
	004e9b20	1330	
	004ea060	1403	
	004ea620	86	
004ea620	004ea680	123	
	004ea700	8	
	004ea710	10	
	004ea720	14	
	004ea730	65	
	004ea780	320	
	004ea8c0	116	
	004ea940	1901	
	004eb0b0	101	
	004eb120	255	
	004eb220	14	
	004eb230	21	
	004eb250	47	
004eb340	004eb280	189	
	004eb340	7	
	004eb350	200	
	004eb420	1129	
	004eb890	269	
004eb890	004eb9a0	880	
	004ebd10	1202	
	004ec1d0	1127	
	004ec640	1244	
	004ecb20	101	
	004ecb90	191	
	004ecc50	54	
	004ecc90	52	
	004eccd0	29	
004eccd0	004eccf0	224	
	004ecdd0	632	
	004ed050	166	
	004ed100	952	
	004ed4c0	162	
	004ed570	26	
	004ed590	224	
	004ed670	91	
	004ed6d0	87	
	004ed730	93	
	004ed790	8	
004ed790	004ed7a0	52	
	004ed7e0	30	
	004ed800	110	
	004ed870	30	
	004ed890	164	
	004ed940	235	
	004eda30	157	
004eda30	004edad0	222	
	004edbb0	129	
	004edc40	145	
	004edce0	19	
	004edd00	384	
	004ede80	578	
	004ee0e0	225	
	004ee1d0	456	
	004ee3a0	136	
	004ee430	141	
	004ee4c0	49	
	004ee500	50	
	004ee540	352	
	004ee6a0	359	
	004ee810	308	
	004ee950	982	
	004eed30	200	
	004eee00	649	
	004ef090	365	
	004ef200	1786	
	004ef960	1005	
004ef960	004efd50	45	
004ef960	004efd80	204	
	004efe80	1388	
	004f03f0	3565	
004f03f0	004f11e0	44	
	004f13e0	167	
	004f1490	63	
	004f14d0	2743	
	004f1f90	2593	
	004f29c0	265	
	004f2ad0	329	
	004f2c20	341	
	004f2d80	246	
	004f2e80	14	
	004f2e90	11	
	004f2ea0	2214	
	004f3750	303	
	004f3880	23	
	004f38a0	67	
	004f38f0	287	
	004f3a10	274	
	004f3b30	88	
	004f3b90	196	
	004f3c60	33	
	004f3c90	196	
	004f3d60	33	
	004f3d90	3027	
	004f4970	332	
	004f4ac0	1152	
	004f5020	85	
	004f5080	67	
	004f50d0	55	
	004f5110	150	
004f5110	004f51b0	266	
	004f52c0	519	
	004f54d0	213	
	004f55b0	67	
	004f5600	102	
	004f5670	214	
	004f5750	65	
	004f57a0	439	
	004f5960	138	
	004f59f0	138	
	004f5a80	237	
004f5a80	004f5b70	183	
	004f5c30	188	
	004f5cf0	213	
	004f5dd0	25	
	004f5df0	163	
	004f5ea0	27	
	004f5ec0	27	
	004f5ee0	391	
	004f6070	327	
	004f61c0	144	
	004f6250	309	
	004f6390	394	
004f6390	004f6520	778	
004f6390	004f6830	250	
	004f6930	161	
	004f69e0	116	
	004f6a60	182	
	004f6b50	1016	
	004f6f50	3086	
	004f7ce0	1276	
	004f81e0	394	
	004f8370	1023	
	004f8770	200	
004f8770	004f8840	365	
	004f89b0	249	
004f89b0	004f8ab0	245	
	004f8bb0	2394	
004f8bb0	004f9510	1197	
004f8bb0	004f99c0	3418	
004f8bb0	004fa720	553	
004f8bb0	004fa950	1496	
004f8bb0	004faf30	1684	
	004fb5e0	477	
004fb5e0	004fb7c0	807	
004fb5e0	004fbaf0	1926	
	004fc280	590	
	004fc4d0	345	
	004fc630	154	
004fc630	004fc6d0	1055	
	004fcaf0	67	
	004fcb40	55	
	004fcb80	150	
004fcb80	004fcc20	235	
	004fcd10	533	
	004fcf30	213	
	004fd010	226	
	004fd100	40	
	004fd130	39	
	004fd160	39	
	004fd190	52	
	004fd1d0	44	
	004fd200	44	
	004fd230	37	
	004fd260	85	
	004fd2c0	264	
	004fd3d0	85	
	004fd430	39	
	004fd460	50	
	004fd4a0	66	
	004fd4f0	39	
	004fd520	39	
	004fd550	250	
	004fd650	211	
	004fd730	29	
004fd730	004fd750	383	
	004fd8d0	29	
004fd8d0	004fd8f0	72	
	004fd940	223	
	004fda20	29	
004fda20	004fda40	333	
	004fdb90	476	
	004fdd70	205	
004fdd70	004fde40	224	
	004fdf20	164	
	004fdfd0	29	
004fdfd0	004fdff0	299	
	004fe120	14	
	004fe130	11	
	004fe140	32	
	004fe160	77	
	004fe1b0	179	
	004fe270	85	
	004fe2d0	221	
	004fe3b0	76	
	004fe400	76	
	004fe450	98	
	004fe4c0	559	
	004fe6f0	53	
	004fe730	53	
	004fe770	397	
004fe770	004fe900	91	
	004fe960	446	
	004feb20	161	
	004febd0	129	
	004fec60	383	
	004fede0	1692	
	004ff510	3366	
	00500410	464	
	00500620	32	
	00500640	6149	
	00501e50	205	
	00501f20	270	
	00502030	301	
	00502160	85	
	005021c0	85	
	00502220	813	
	00502550	459	
	00502720	132	
	005027b0	352	
	00502910	522	
00502910	00502b20	216	
	00502c00	1722	
	00503310	36	
	00503334	170	
00503334	005033f4	50	
	005033de	22	
	00503426	274	
	00503538	1708	
	00504010	686	
	005042c0	170	
	00504370	24	
	00504390	96	
	005043f0	179	
	005044b0	222	
	00504590	119	
00504590	00504610	342	
	00504770	788	
	00504a90	71	
	00504ae0	179	
	00504ba0	15	
	00504baf	784	
	00504ec0	644	
	00505150	312	
00505150	00505290	476	
	00505470	738	
	00505760	1161	
	00505bf0	192	
	00505cb0	382	
	00505e30	10	
	00505e40	8	
	00505e50	1939	
	00506610	682	
	005068c0	443	
	00506a80	62	
	00506ac0	61	
00506ac0	00506b00	587	
	00506d50	252	
	00506e50	223	
	00506f30	677	
	005071e0	493	
	005074c0	235	
	005075b0	1	
	005075c0	86	
	00507620	659	
	005078c0	186	
	00507980	59	
	005079c0	138	
	00507a50	5	
	00507a60	38	
	00507a90	187	
	00507b50	49	
	00507b90	346	
	00507cf0	137	
	00507d80	252	
	00507e80	446	
	00508040	313	
00508040	00508180	799	
	005084a0	176	
	00508550	363	
	005086c0	58	
	00508700	34	
	00508730	292	
	00508860	22	
	00508880	727	
	00508b60	80	
	00508bb0	1481	
	005091b0	2685	
	00509d80	858	
00509d80	0050a0e0	1071	
	0050a530	63	
	0050a570	107	
	0050a5e0	29	
	0050a600	93	
	0050a660	12	
	0050a670	33	
	0050a6a0	33	
	0050a6d0	88	
	0050a730	237	
0050a730	0050a820	1559	
	0050ae50	2714	
	0050b910	225	
	0050ba00	184	
	0050bac0	141	
0050bac0	0050bb50	133	
	0050bbe0	1360	
	0050c130	21	
	0050c150	155	
	0050c1f0	155	
	0050c290	584	
	0050c4e0	19	
	0050c500	237	
0050c500	0050c5f0	45	
0050c500	0050c620	788	
	0050c940	888	
	0050ccc0	709	
	0050cf90	260	
	0050d0a0	11	
	0050d0b0	297	
	0050d1e0	229	
	0050d2d0	1136	
	0050d740	623	
	0050d9b0	31	
	0050d9d0	212	
	0050dab0	85	
	0050db10	236	
	0050dc00	113	
	0050dc80	87	
	0050dce0	897	
	0050e070	358	
	0050e1e0	535	
	0050e400	440	
	0050e5c0	3860	
	0050f5f0	6	
	0050f600	6	
	0050f610	34	
	0050f640	5	
	0050f650	14	
	0050f660	33	
	0050f690	26	
	0050f6b0	25	
	0050f6d0	83	
	0050f730	12	
	0050f740	6	
	0050f750	11	
	0050f760	45	
	0050f790	242	
	0050f890	368	
	0050fa00	498	
	0050fc00	1003	
	0050fff0	2916	
	00510b60	342	
	00510cc0	351	
	00510e20	5	
	00510e30	529	
	00511050	282	
	00511170	490	
	00511360	237	
00511360	00511450	58	
	00511490	96	
	005114f0	11	
	00511500	1530	
00511500	00511b00	45	
00511500	00511b30	1359	
	00512080	212	
	00512160	2769	
	00512c50	617	
	00512ec0	70	
	00512f10	97	
	00512f80	195	
	00513050	91	
	005130b0	18	
	005130d0	18	
	005130f0	62	
	00513130	51	
	00513170	44	
	005131a0	126	
	00513220	229	
	00513310	151	
	005133b0	176	
	00513460	60	
	005134a0	113	
	00513520	503	
	00513720	168	
	005137d0	429	
005137d0	00513980	433	
	00513b50	1472	
	00514110	69	
	00514160	678	
	00514410	16	
	00514420	512	
	00514620	110	
	00514690	488	
	00514880	10	
	00514890	8	
	005148a0	3293	
005148a0	00515580	362	
	00515780	51	
	005157c0	21	
	005157e0	6	
	005157f0	44	
	00515820	136	
	005158b0	56	
	005158f0	865	
	00515c60	748	
	00515f50	181	
	00516010	870	
	00516380	47	
	005163b0	10	
005163b0	005163c0	45	
	005163f0	211	
	005164d0	25	
	005164f0	67	
	00516540	75	
	00516590	67	
	005165e0	38	
	00516610	38	
	00516640	35	
	00516670	110	
	005166e0	298	
005166e0	00516810	503	
005166e0	00516a10	230	
	00516b00	62	
	00516b40	85	
	00516ba0	60	
	00516be0	285	
	00516d00	143	
	00516d90	1317	
	005172c0	352	
	00517420	55	
	00517460	113	
	005174e0	136	
	00517570	105	
	005175e0	121	
	00517660	237	
00517660	00517750	250	
	00517850	559	
	00517a80	329	
00517a80	00517bd0	269	
	00517ce0	9	
	00517cf0	4	
	00517d00	50	
	00517d40	68	
	00517d90	508	
	00517f90	421	
	00518140	89	
	005181a0	67	
	005181f0	112	
	00518260	275	
	00518380	364	
	005184f0	117	
	00518570	140	
	00518600	116	
	00518680	625	
	00518900	289	
	00518a30	117	
	00518ab0	106	
	00518b20	99	
	00518b90	57	
	00518bd0	11	
	00518be0	113	
	00518c60	6	
	00518c70	7	
	00518c80	26	
	00518ca0	29	
	00518cc0	135	
	00518d50	21	
	00518d70	105	
	00518de0	353	
	00518f60	61	
	00518fa0	1021	
	005193d0	26	
	005193f0	4968	
	0051b600	36	
	0051b630	41	
	0051b660	130	
	0051b6f0	11	
	0051b700	557	
0051b700	0051b930	1357	
0051b700	0051be80	268	
	0051bfe0	29	
	0051c000	29	
	0051c020	125	
0051c020	0051c0a0	90	
0051c020	0051c100	2040	
	0051c900	26	
	0051c920	55	
0051c920	0051c960	157	
	0051ca00	1345	
	0051cf80	920	
	0051d390	39	
	0051d3c0	44	
	0051d3f0	103	
	0051d460	227	
	0051d550	73	
	0051d5a0	71	
	0051d5f0	111	
	0051d660	20	
	0051d680	370	
	0051d800	26	
	0051d820	77	
	0051d870	21	
	0051d890	13	
	0051d8a0	28	
	0051d8c0	51	
	0051d900	155	
	0051d9a0	42	
	0051d9d0	360	
	0051db40	51	
	0051db80	35	
	0051dbb0	33	
	0051dbe0	27	
	0051dc00	96	
	0051dc60	242	
	0051dd60	114	
	0051dde0	46	
	0051de10	305	
	0051df50	55	
	0051df90	39	
	0051dfc0	525	
	0051e1d0	594	
	0051e430	79	
	0051e480	95	
	0051e4e0	113	
	0051e560	98	
	0051e5d0	265	
	0051e6e0	62	
	0051e720	29	
	0051e740	203	
	0051e810	365	
	0051e980	246	
	0051ea80	305	
	0051ebc0	731	
	0051eea0	128	
	0051ef20	194	
	0051eff0	10	
	0051f000	101	
	0051f070	4	
	0051f080	10	
	0051f090	4	
	0051f0a0	10	
	0051f0b0	4	
	0051f0c0	8	
	0051f0d0	8	
	0051f0e0	8	
	0051f0f0	3	
	0051f100	145	
	0051f1a0	8	
	0051f1b0	7	
	0051f1c0	13	
	0051f1d0	90	
	0051f230	128	
	0051f2b0	104	
	0051f320	72	
	0051f370	229	
	0051f460	173	
	0051f510	48	
	0051f540	701	
	0051f820	4	
	0051f830	50	
	0051f870	191	
	0051f930	5	
	0051f940	12	
	0051f950	1	
	0051f960	34	
	0051f990	24	
	0051f9b0	13	
	0051f9c0	28	
	0051f9e0	28	
	0051fa00	56	
	0051fa40	25	
	0051fa60	63	
	0051faa0	65	
	0051faf0	289	
	0051fc20	218	
	0051fd00	64	
	0051fd40	29	
	0051fd60	7	
	0051fd70	517	
	0051ff80	7	
	0051ff90	24	
	0051ffb0	143	
	00520040	402	
	005201e0	100	
	00520250	112	
	005202c0	317	
	00520400	170	
	005204b0	67	
005204b0	00520500	48	
	00520530	231	
	00520620	141	
	005206b0	216	
	00520790	10	
	005207a0	138	
	00520830	1334	
	00520d70	597	
	00520fd0	89	
	00521030	47	
	00521060	805	
	00521390	486	
	00521580	15	
	00521590	37	
	005215c0	92	
	00521620	65	
	00521670	6	
	00521680	23	
	005216a0	25	
	005216c0	6	
	005216d0	20	
	005216f0	92	
	00521750	53	
	00521790	8	
	005217a0	13	
	005217b0	1	
	005217c0	23	
	005217e0	25	
	00521800	270	
	00521910	12	
	00521920	103	
	00521990	192	
	00521aa0	44	
	00521ad0	30	
	00521af0	13	
00521af0	00521b00	14	
	00521b10	37	
	00521b40	13	
00521b40	00521b50	14	
	00521b60	143	
	00521bf0	133	
	00521c80	133	
	00521d10	38	
	00521d40	21	
	00521d60	45	
00521d60	00521d90	40	
	00521dc0	453	
	00521f90	181	
	00522050	119	
	005220d0	197	
	005221a0	158	
	00522240	251	
	00522340	137	
	005223d0	84	
	00522430	216	
	00522510	100	
	00522580	113	
	00522600	108	
	00522670	796	
	00522990	173	
	00522a40	99	
	00522ab0	624	
	00522d20	265	
	00522e30	315	
	00522f70	147	
	00523010	485	
	00523200	93	
00523200	00523260	283	
	00523380	738	
	005236a0	564	
	005238e0	524	
	00523af0	498	
	00523cf0	64	
	00523d30	43	
	00523d60	34	
	00523d90	65	
	00523de0	13	
	00523df0	23	
	00523e10	7	
	00523e20	19	
	00523e40	28	
	00523e60	520	
	00524070	241	
	00524170	101	
	005241e0	248	
	005242e0	588	
	00524530	232	
00524530	00524620	38	
	00524650	91	
	005246b0	145	
	00524750	39	
	00524780	121	
00524780	00524800	1124	
	00524c70	482	
	00524e60	3198	
	00525ae0	341	
00525ae0	00525c40	2372	
	00526590	133	
	00526620	48	
	00526650	23	
	00526670	1275	
	00526b70	1374	
	005270d0	8	
	005270e0	187	
	005271a0	8	
	005271b0	665	
	00527450	140	
	005274e0	48	
	00527510	48	
	00527540	18	
	00527560	8	
	00527570	23	
	00527590	23	
	005275b0	46	
	005275e0	105	
	00527650	1261	
00527650	00527b40	215	
	00527c20	66	
	00527c70	79	
	00527cc0	25	
	00527ce0	245	
	00527de0	48	
	00527e10	868	
	00528180	10	
	00528190	459	
	00528360	815	
	00528690	455	
	00528860	1316	
	00528d90	1811	
	005294b0	634	
005294b0	00529730	262	
	00529840	775	
	00529b50	1149	
	00529fd0	795	
	0052a2f0	736	
	0052a5d0	477	
0052a5d0	0052a7b0	253	
0052a5d0	0052a8b0	570	
0052a5d0	0052aaf0	472	
	0052acd0	1128	
0052acd0	0052b140	57	
0052acd0	0052b180	790	
	0052b4a0	1264	
	0052b990	4993	
	0052cd20	24	
	0052cd40	24	
	0052cd60	30	
	0052cd80	30	
	0052cda0	30	
	0052cdc0	24	
	0052cde0	50	
	0052ce20	56	
	0052ce60	5	
	0052ce70	43	
	0052cea0	21	
	0052cec0	49	
	0052cf00	438	
	0052d0c0	34	
	0052d0f0	69	
	0052d140	31	
	0052d160	28	
	0052d180	91	
	0052d1e0	69	
	0052d230	118	
	0052d2b0	181	
	0052d370	4	
	0052d380	1	
	0052d390	21	
	0052d3b0	40	
	0052d3e0	22	
	0052d400	70	
	0052d450	118	
	0052d4d0	145	
	0052d570	28	
	0052d590	1	
	0052d5a0	145	
	0052d640	132	
	0052d6d0	18	
	0052d6f0	93	
	0052d750	262	
	0052d860	52	
	0052d8a0	172	
	0052d950	73	
	0052d9a0	81	
	0052da00	102	
	0052da70	33	
	0052daa0	69	
	0052daf0	1	
	0052db00	3	
	0052db10	226	
	0052dc00	242	
	0052dd00	864	
	0052e060	522	
0052e060	0052e270	267	
	0052e380	250	
	0052e480	158	
	0052e520	321	
	0052e670	3	
	0052e680	133	
	0052e710	4	
	0052e720	39	
	0052e750	39	
	0052e780	39	
	0052e7b0	145	
	0052e850	41	
	0052e880	42	
	0052e8b0	34	
	0052e8e0	143	
	0052e970	31	
	0052e990	81	
	0052e9f0	147	
	0052ea90	28	
	0052eab0	110	
	0052eb20	53	
	0052eb60	6	
	0052eb70	6	
	0052eb80	7	
	0052eb90	29	
0052eb90	0052ebb0	21	
	0052ebd0	124	
	0052ec50	70	
	0052eca0	46	
	0052ecd0	273	
	0052edf0	180	
	0052eeb0	93	
	0052ef10	93	
	0052ef70	424	
	0052f120	192	
	0052f1e0	393	
	0052f370	387	
	0052f500	1136	
	0052f970	511	
	0052fb70	269	
0052fb70	0052fc80	210	
	0052fd60	42	
0052fd60	0052fd90	45	
	0052fdc0	495	
	0052ffb0	117	
	00530030	591	
	00530280	821	
	005305c0	41	
	005305f0	73	
	00530640	37	
	00530670	14	
	00530680	11	
	00530690	135	
	00530720	244	
	00530820	427	
	005309d0	36	
	00530a00	364	
	00530b70	20	
	00530b90	11	
	00530ba0	98	
	00530c10	11	
	00530c20	39	
	00530c50	41	
	00530c80	931	
	00531030	93	
00531030	00531090	179	
	00531150	487	
	00531340	20	
	00531360	32	
	00531380	143	
	00531410	128	
	00531490	27	
	005314b0	79	
	00531500	25	
	00531520	61	
	00531560	81	
	005315c0	93	
	00531620	32	
	00531640	129	
	005316d0	50	
	00531710	29	
	00531730	29	
	00531750	29	
	00531770	32	
	00531790	29	
	005317b0	65	
	00531800	52	
	00531840	52	
	00531880	46	
	005318b0	10	
	005318c0	35	
	005318f0	280	
	00531a10	105	
00531a10	00531a80	383	
	00531c00	290	
	00531d30	140	
	00531dc0	70	
	00531e10	51	
	00531e50	64	
	00531e90	58	
	00531ed0	27	
	00531ef0	75	
	00531f40	77	
	00531f90	58	
	00531fd0	369	
	00532150	164	
	00532200	48	
	00532230	41	
	00532260	163	
	00532310	80	
	00532360	8	
	00532370	7	
	00532380	87	
	005323e0	3	
	005323f0	98	
	00532460	34	
	00532490	80	
	005324e0	18	
	00532500	8	
	00532510	13	
	00532520	43	
	00532550	51	
	00532590	455	
	00532760	55	
	005327a0	190	
	00532860	13	
00532860	00532870	227	
	00532960	117	
	005329e0	65	
	00532a30	7	
	00532a40	71	
	00532a90	7	
	00532aa0	45	
	00532ad0	81	
	00532b30	332	
	00532c80	270	
	00532d90	463	
	00532f60	90	
00532f60	00532fc0	314	
	00533100	18	
	00533120	14	
	00533130	13	
	00533140	7	
	00533150	13	
	00533160	7	
	00533170	13	
	00533180	7	
	00533190	13	
	005331a0	7	
	005331b0	13	
	005331c0	7	
	005331d0	7	
	005331e0	185	
005331e0	005332a0	387	
	00533430	359	
	005335a0	314	
	005336e0	265	
	005337f0	29	
005337f0	00533810	45	
005337f0	00533840	71	
	00533890	90	
00533890	005338f0	120	
	00533970	7	
	00533980	7	
	00533990	13	
	005339a0	141	
	00533a30	167	
	00533ae0	7	
	00533af0	7	
	00533b00	7	
	00533b10	7	
	00533b20	7	
	00533b30	7	
	00533b40	15	
	00533b50	7	
	00533b60	7	
	00533b70	7	
	00533b80	15	
	00533b90	7	
	00533ba0	32	
	00533bc0	11	
	00533bd0	11	
	00533be0	7	
	00533bf0	40	
	00533c20	40	
	00533c50	32	
	00533c70	40	
	00533ca0	40	
	00533cd0	32	
	00533cf0	180	
	00533db0	32	
	00533dd0	40	
	00533e00	40	
	00533e30	32	
	00533e50	32	
	00533e70	106	
00533e70	00533ee0	58	
	00533f20	92	
	00533f80	95	
	00533fe0	95	
	00534040	91	
	005340a0	95	
	00534100	92	
	00534160	197	
00534160	00534230	53	
	00534270	125	
00534270	005342f0	139	
	00534380	100	
	005343f0	51	
	00534430	81	
	00534490	295	
	005345c0	354	
	00534730	474	
	00534910	8	
	00534920	7	
	00534930	443	
	00534af0	352	
	00534c50	33	
	00534c80	205	
00534c80	00534d50	173	
	00534e00	3	
	00534e10	61	
	00534e50	52	
	00534e90	39	
	00534ec0	56	
	00534f00	52	
	00534f40	29	
	00534f60	28	
	00534f80	50	
	00534fc0	167	
	00535070	138	
	00535100	804	
	00535430	687	
	005356e0	428	
	00535890	177	
	00535950	111	
	005359c0	69	
	00535a10	74	
00535a10	00535a60	212	
	00535b40	74	
00535b40	00535b90	212	
	00535c70	41	
00535c70	00535ca0	144	
	00535d30	41	
00535d30	00535d60	144	
	00535df0	74	
00535df0	00535e40	212	
	00535f20	70	
00535f20	00535f70	189	
	00536030	405	
	005361d0	81	
	00536230	189	
00536230	005362f0	266	
	00536400	19	
	00536420	743	
	00536710	477	
00536710	005368f0	922	
00536710	00536c90	442	
00536710	00536e50	52	
	00536ea0	355	
	00537010	344	
	00537170	126	
	005371f0	307	
	00537330	123	
	005373b0	112	
	00537420	73	
00537420	00537470	90	
	005374d0	157	
005374d0	00537570	78	
	005375c0	296	
005375c0	005376f0	826	
005375c0	00537a30	633	
005375c0	00537cb0	371	
	00537e30	44	
	00537e60	503	
	00538060	378	
00538060	005381e0	214	
00538060	005382c0	38	
00538060	005382f0	502	
00538060	005384f0	335	
	00538640	151	
	005386e0	180	
	005387a0	97	
	00538810	42	
	00538840	51	
	00538880	15	
	00538890	49	
	005388d0	180	
	00538990	40	
	005389c0	70	
	00538a10	7	
	00538a20	13	
	00538a30	7	
	00538a40	19	
	00538a60	14	
	00538a70	240	
	00538b60	271	
	00538c70	394	
	00538e00	78	
	00538e50	102	
	00538ec0	73	
	00538f10	657	
	005391b0	121	
	00539230	336	
	00539380	297	
	005394b0	113	
	00539530	66	
	00539580	77	
	005395d0	104	
	00539640	2383	
	00539f90	31	
	00539fb0	924	
	0053a350	80	
	0053a3a0	81	
	0053a400	53	
	0053a440	14	
	0053a450	183	
	0053a510	6	
	0053a520	63	
	0053a560	32	
	0053a580	3	
	0053a590	14	
	0053a5a0	3	
	0053a5b0	21	
	0053a5d0	249	
	0053a6d0	101	
	0053a740	324	
	0053a890	139	
	0053a920	53	
	0053a960	723	
	0053ac40	93	
	0053aca0	58	
0053aca0	0053ace0	293	
	0053ae10	87	
	0053ae70	45	
0053ae70	0053aea0	292	
	0053afd0	26	
	0053aff0	26	
	0053b010	11	
	0053b020	70	
	0053b070	5	
	0053b080	5	
	0053b090	292	
0053b090	0053b1c0	202	
0053b090	0053b290	248	
	0053b390	106	
0053b390	0053b400	391	
	0053b590	35	
	0053b5c0	100	
	0053b630	96	
	0053b690	82	
	0053b6f0	199	
	0053b7c0	106	
	0053b830	17	
	0053b850	125	
	0053b8d0	66	
	0053b920	66	
	0053b970	99	
	0053b9e0	849	
	0053bd40	200	
	0053be10	325	
	0053bf60	127	
	0053c000	98	
	0053c070	333	
	0053c1c0	1315	
	0053c6f0	20	
	0053c710	125	
0053c710	0053c790	45	
0053c710	0053c7c0	85	
	0053c820	217	
	0053c900	35	
	0053c930	143	
	0053c9c0	93	
	0053ca20	100	
	0053ca90	127	
	0053cb10	75	
	0053cb60	397	
0053cb60	0053ccf0	1009	
	0053d0f0	27	
	0053d110	27	
	0053d130	146	
	0053d1d0	105	
	0053d240	145	
	0053d2e0	19	
	0053d300	24	
	0053d320	109	
	0053d390	176	
	0053d440	38	
	0053d470	76	
	0053d4c0	120	
	0053d540	136	
	0053d5d0	81	
	0053d630	181	
	0053d6f0	76	
	0053d740	180	
	0053d800	5	
	0053d810	58	
0053d810	0053d850	29	
	0053d870	46	
	0053d8a0	186	
	0053d960	126	
	0053d9e0	187	
	0053daa0	58	
	0053dae0	56	
	0053db20	179	
	0053dbe0	5	
	0053dbf0	187	
	0053dcb0	55	
	0053dcf0	233	
	0053dde0	10	
	0053ddf0	10	
	0053de00	85	
	0053de60	474	
0053de60	0053e040	609	
	0053e2b0	37	
	0053e2e0	141	
	0053e370	2744	
	0053ee60	5	
	0053ee70	19	
	0053ee90	104	
	0053ef00	20	
	0053ef20	62	
	0053ef60	4	
	0053ef70	23	
	0053ef90	100	
	0053f000	240	
	0053f0f0	115	
	0053f170	159	
	0053f210	166	
	0053f2c0	33	
	0053f2f0	32	
	0053f310	28	
	0053f330	146	
	0053f3d0	39	
	0053f400	80	
	0053f450	134	
	0053f4e0	739	
	0053f7d0	7	
	0053f7e0	9	
	0053f7f0	61	
	0053f830	13	
0053f830	0053f840	23	
	0053f860	104	
	0053f8d0	204	
	0053f9a0	8	
	0053f9b0	8	
	0053f9c0	134	
	0053fa50	815	
	0053fda0	96	
	0053fe00	97	
	0053fe70	26	
	0053fe90	555	
	005400c0	15	
	005400d0	70	
	00540120	78	
	00540170	133	
	00540200	149	
	005402a0	316	
	005403e0	67	
	00540430	140	
	005404c0	5	
	005404d0	118	
	00540550	826	
	00540890	128	
	00540910	1052	
	00540de0	67	
	00540e30	285	
	00540f50	3	
	00540f60	81	
	00540fc0	297	
	005410f0	111	
	00541160	89	
	005411c0	79	
	00541210	711	
	005414e0	665	
	00541780	96	
	005417e0	264	
	005418f0	64	
	00541930	49	
	00541970	292	
	00541aa0	37	
	00541ad0	37	
	00541b00	14	
	00541b10	132	
	00541ba0	68	
	00541bf0	31	
	00541c10	24	
	00541c30	1017	
	00542030	923	
	005423d0	382	
	00542550	90	
00542550	005425b0	189	
00542550	00542670	77	
00542550	005426c0	418	
	00542870	70	
	005428c0	609	
	00542b30	210	
	00542c10	127	
	00542c90	177	
	00542d50	506	
	00542f50	86	
	00542fb0	53	
	00542ff0	144	
	00543080	403	
	00543220	701	
00543220	005434e0	225	
	005435d0	763	
	005438d0	175	
	00543980	133	
	00543a10	193	
	00543ae0	61	
	00543b20	121	
	00543ba0	97	
	00543c10	63	
	00543c50	426	
	00543e00	24	
	00543e20	24	
	00543e40	24	
	00543e60	27	
	00543e80	31	
	00543ea0	97	
	00543f10	853	
	00544270	23	
	00544290	195	
	00544360	70	
	005443b0	55	
	005443f0	90	
	00544450	24	
	00544470	143	
	00544500	153	
	005445a0	130	
	00544630	33	
	00544660	67	
	005446b0	149	
	00544750	266	
	00544860	201	
	00544930	334	
	00544a80	245	
	00544b80	249	
	00544c80	47	
	00544cb0	54	
	00544cf0	47	
	00544d20	89	
	00544d80	25	
	00544da0	45	
	00544dd0	30	
	00544df0	308	
	00544f30	138	
00544f30	00544fc0	51	
	00545000	23	
	00545020	32	
	00545040	64	
	00545080	20	
	005450a0	20	
	005450c0	27	
	005450e0	72	
	00545130	65	
	00545180	628	
	00545400	21	
	00545420	29	
	00545440	43	
	00545470	44	
	005454a0	23	
	005454c0	82	
	00545520	181	
	005455e0	234	
	005456d0	237	
	005457c0	214	
	005458a0	44	
	005458d0	19	
	005458f0	169	
	005459a0	69	
	005459f0	36	
	00545a20	19	
	00545a40	42	
	00545a70	47	
	00545aa0	19	
	00545ac0	47	
	00545af0	19	
	00545b10	57	
	00545b50	59	
	00545b90	19	
	00545bb0	47	
	00545be0	19	
	00545c00	70	
	00545c50	67	
	00545ca0	176	
	00545d50	7	
	00545d60	70	
	00545db0	50	
	00545df0	3	
	00545e00	43	
	00545e30	461	
00545e30	00546000	253	
00545e30	00546100	653	
	00546390	65	
	005463e0	226	
	005464d0	102	
	00546540	20	
	00546560	20	
	00546580	23	
	005465a0	23	
	005465c0	401	
	00546760	25	
	00546780	26	
	005467a0	50	
	005467e0	37	
	00546810	53	
	00546850	53	
	00546890	41	
	005468c0	315	
	00546a00	43	
	00546a30	333	
	00546b80	440	
	00546d40	1193	
	005471f0	171	
	005472a0	20	
	005472c0	33	
	005472f0	8	
	00547300	32	
	00547320	82	
	00547380	58	
	005473c0	215	
	005474a0	368	
	00547610	48	
	00547640	8	
	00547650	579	
	005478a0	906	
	00547c30	211	
	00547d10	280	
	00547e30	240	
	00547f20	177	
	00547fe0	80	
	00548030	43	
	00548060	43	
	00548090	13	
	005480a0	123	
	00548120	92	
	00548180	350	
	005482e0	111	
	00548350	1222	
	00548820	116	
	005488a0	159	
	00548940	169	
	005489f0	45	
005489f0	00548a20	191	
	00548ae0	364	
	00548c50	45	
00548c50	00548c80	283	
	00548da0	381	
00548da0	00548f20	933	
	005492d0	3747	
	0054a190	228	
	0054a280	626	
	0054a500	1289	
0054a500	0054aa10	272	
	0054ab20	314	
0054ab20	0054ac60	942	
	0054b030	234	
0054b030	0054b120	926	
	0054b4e0	1467	
	0054bab0	90	
	0054bb10	90	
	0054bb70	90	
	0054bbd0	22	
	0054bbf0	22	
	0054bc10	592	
	0054be60	52	
	0054bea0	1399	
	0054c420	377	
0054c420	0054c5a0	26	
0054c420	0054c5c0	697	
	0054c880	99	
	0054c8f0	4	
	0054c900	3845	
	0054d810	167	
0054d810	0054d8c0	569	
0054d810	0054db00	2201	
	0054e3a0	529	
	0054e5d0	45	
0054e5d0	0054e600	40	
	0054e630	38	
	0054e660	100	
	0054e6d0	42	
	0054e700	11	
	0054e710	110	
	0054e780	1	
	0054e790	53	
	0054e7d0	11	
	0054e7e0	7	
	0054e7f0	19	
	0054e810	23	
	0054e830	68	
	0054e880	308	
	0054e9c0	81	
	0054ea20	231	
	0054eb10	123	
	0054eb90	659	
	0054ee50	1032	
	0054f290	480	
	0054f4d0	109	
	0054f540	111	
	0054f5b0	142	
	0054f640	83	
	0054f6a0	11	
	0054f6b0	11	
	0054f6c0	11	
	0054f6d0	11	
	0054f6e0	21	
	0054f700	12	
	0054f710	729	
	0054f9f0	281	
	0054fb10	72	
0054fb10	0054fb60	619	
	0054fdd0	256	
	0054fed0	440	
	00550090	24	
	005500b0	21	
	005500d0	121	
	00550150	66	
	005501a0	509	
005501a0	005503a0	124	
	00550420	75	
	00550470	263	
	00550580	237	
00550580	00550670	74	
00550580	005506c0	1168	
	00550b50	113	
	00550bd0	429	
00550bd0	00550d80	75	
	00550dd0	1231	
	005512a0	75	
	005512f0	55	
005512f0	00551330	436	
	005514f0	1141	
	00551970	121	
	005519f0	902	
	00551d80	199	
	00551e50	78	
	00551ea0	511	
	005520a0	140	
	00552130	1	
	00552140	18	
	00552160	56	
	005521a0	56	
	005521e0	894	
	00552560	916	
	00552900	1304	
	00552e20	270	
	00552f30	109	
	00552fa0	65	
	00552ff0	1	
	00553000	279	
	00553120	275	
	00553240	1305	
	00553760	487	
00553760	00553950	171	
	00553a00	23	
	00553a20	11	
	00553a30	5	
	00553a40	64	
	00553a80	6	
	00553a90	6	
	00553aa0	32	
	00553ac0	214	
	00553ba0	1203	
	00554060	59	
	005540a0	10	
	005540b0	142	
	00554140	88	
	005541a0	112	
	00554210	25	
	00554230	51	
	00554270	12	
	00554280	64	
	005542c0	125	
	00554340	96	
	005543a0	69	
	005543f0	96	
	00554450	86	
	005544b0	276	
	005545d0	608	
	00554830	142	
	005548c0	3	
	005548d0	13	
	005548e0	61	
	00554920	67	
	00554970	13	
	00554980	19	
	005549a0	6	
	005549b0	32	
	005549d0	81	
	00554a30	42	
00554a30	00554a60	248	
	00554b60	383	
	00554ce0	112	
	00554d50	21	
	00554d70	41	
00554d70	00554da0	200	
	00554e70	680	
	00555120	966	
	005554f0	583	
	00555740	49	
	00555780	1739	
	00555e50	1037	
00555e50	00556260	259	
	00556370	59	
	005563b0	162	
	00556460	154	
	00556500	222	
	005565e0	53	
	00556620	305	
	00556760	5	
	00556770	420	
	00556920	814	
	00556c50	143	
	00556ce0	160	
	00556d80	45	
	00556db0	22	
	00556dd0	52	
	00556e10	54	
	00556e50	44	
	00556e80	100	
	00556ef0	6	
	00556f00	19	
	00556f20	106	
	00556f90	13	
	00556fa0	13	
	00556fb0	94	
	00557010	159	
	005570b0	26	
005570b0	005570d0	48	
	00557100	69	
	00557150	114	
	005571d0	89	
	00557230	30	
	00557250	44	
	00557280	81	
	005572e0	63	
	00557320	13	
	00557330	85	
	00557390	125	
00557390	00557410	118	
	00557490	26	
	005574b0	133	
	00557540	5	
	00557550	216	
	00557630	744	
	00557920	7	
	00557930	62	
	00557970	63	
	005579b0	32	
	005579d0	87	
	00557a30	192	
	00557af0	58	
	00557b30	58	
	00557b70	70	
	00557bc0	166	
	00557c70	29	
	00557c90	27	
	00557cb0	27	
	00557cd0	110	
	00557d40	77	
	00557d90	187	
	00557e50	250	
	00557f50	33	
	00557f80	118	
	00558000	121	
	00558080	175	
	00558130	72	
	00558180	88	
	005581e0	260	
	005582f0	268	
	00558400	3	
	00558410	1	
	00558420	1	
	00558430	1	
	00558440	3	
	00558450	3	
	00558460	3	
	00558470	35	
	005584a0	35	
	005584d0	90	
	00558530	78	
	00558580	226	
	00558670	66	
	005586c0	68	
	00558710	24	
	00558730	24	
	00558750	1	
	00558760	215	
	00558840	106	
	005588b0	116	
	00558930	76	
	00558980	140	
	00558a10	1982	
	00559340	150	
	005593e0	223	
	005594c0	85	
	00559520	166	
	005595d0	1633	
	00559c40	556	
	00559f50	54	
	00559f90	171	
	0055a040	60	
	0055a080	5	
	0055a090	76	
	0055a0e0	133	
	0055a170	1005	
	0055a560	213	
	0055a640	21	
	0055a660	189	
	0055a720	613	
	0055a990	405	
	0055ab30	30	
	0055ab50	58	
	0055ab90	5	
	0055aba0	1123	
	0055b010	455	
	0055b2d0	94	
	0055b330	792	
	0055b650	92	
	0055b6b0	157	
	0055b750	397	
	0055b8e0	22	
	0055b900	281	
	0055ba20	67	
	0055ba70	108	
	0055bae0	323	
	0055bc30	324	
	0055bd80	181	
	0055be40	275	
	0055bf60	110	
	0055bfd0	893	
0055bfd0	0055c350	535	
0055bfd0	0055c570	734	
	0055c8b0	86	
	0055c910	107	
	0055c980	157	
0055c980	0055ca20	456	
	0055ccc0	78	
	0055cd40	203	
	0055ce60	1027	
	0055d2f0	160	
	0055d390	3	
	0055d3a0	1	
	0055d3b0	6	
	0055d3c0	6	
	0055d3d0	6	
	0055d3e0	9	
	0055d3f0	11	
	0055d400	12	
	0055d410	12	
	0055d430	6	
	0055d440	17	
	0055d460	81	
	0055d4c0	829	
0055d4c0	0055d800	200	
	0055d8d0	106	
0055d8d0	0055d940	26	
	0055d960	5	
	0055d970	5	
	0055d980	14	
	0055d990	43	
	0055d9c0	116	
	0055da40	424	
	0055dbf0	388	
	0055dd80	50	
	0055ddc0	667	
	0055e060	589	
0055e2b0	0055d420	1	
	0055e2b0	178	
	0055e370	1657	
	0055e9f0	97	
	0055ea60	216	
0055ea60	0055eb40	38	
0055ea60	0055eb70	142	
	0055ec00	176	
	0055ecb0	136	
	0055ed40	76	
	0055ed90	10	
	0055ed9a	191	
	0055ee60	23	
	0055ee80	550	
	0055f0b0	830	
	0055f3f0	170	
	0055f4e0	1223	
	0055f9b0	51	
	0055f9f0	251	
	0055faf0	139	
	0055fb80	20	
	0055fba0	20	
	0055fbc0	25	
0055fbc0	0055fbe0	36	
	0055fc10	53	
	0055fc50	75	
	0055fca0	19	
	0055fcc0	674	
	0055ff70	58	
	0055ffb0	65	
	00560000	700	
	005602c0	59	
	00560300	74	
	00560350	137	
	005603e0	420	
005603e0	00560590	24	
005603e0	005605b0	1588	
	00560bf0	603	
	00560e50	281	
00560e50	00560f70	209	
	00561050	244	
	00561150	70	
	005611a0	1080	
	005615e0	5	
	005615f0	332	
	00561740	241	
	00561840	163	
	005618f0	417	
	00561aa0	395	
	00561c30	30	
	00561c50	487	
	00561e40	231	
	00561f30	401	
	00562100	1085	
	00562540	269	
	00562650	72	
	005626a0	810	
005626a0	005629d0	553	
	00562d30	99	
	00562da0	158	
	00562e40	108	
	00562eb0	19	
	00562ed0	431	
	00563120	186	
	005631e0	36	
	00563210	58	
	00563250	11	
	00563260	42	
	00563290	523	
	005634a0	64	
	005634e0	100	
	00563550	273	
	00563670	730	
	00563950	510	
	00563c00	281	
	00563d20	67	
	00563d70	82	
	00563dd0	12	
	00563de0	3	
	00563df0	50	
	00563e30	84	
	00563e90	51	
	00563ed0	60	
	00563f10	11	
	00563f20	549	
	00564150	18	
	00564170	1	
	00564180	12	
	00564190	12	
	005641a0	11	
	005641b0	29	
	005641d0	31	
	005641f0	137	
	00564280	143	
	00564310	115	
	00564390	454	
	00564560	5	
	00564570	239	
	00564660	595	
	005648c0	845	
	00564c10	82	
	00564c70	585	
	00564ee0	528	
	00565110	600	
	00565370	195	
	00565440	42	
	00565470	114	
	005654f0	7	
	00565500	7	
	00565510	184	
00565510	005655d0	1050	
00565510	005659f0	536	
	00565c10	1	
	00565c20	23	
	00565c40	27	
	00565c60	35	
	00565c90	208	
	00565d60	63	
	00565da0	32	
	00565dc0	88	
	00565e20	1	
	00565e30	78	
	00565e80	183	
	00565f40	624	
	005661b0	239	
	005662a0	964	
	00566670	773	
	00566980	79	
	005669d0	165	
	00566a80	201	
00566a80	00566b50	44	
	00566b80	215	
00566b80	00566c60	1262	
	00567150	60	
	00567190	330	
	005672e0	277	
	00567400	178	
	005674c0	55	
	00567500	19	
	00567520	5	
	00567530	130	
	005675c0	355	
	00567730	138	
00567730	005677c0	137	
00567730	00567850	344	
	005679b0	571	
	00567bf0	120	
	00567c70	103	
	00567ce0	108	
	00567d50	72	
	00567da0	505	
00567da0	00567fa0	2023	
00567da0	00568790	2890	
	005692e0	158	
	00569380	123	
	00569400	237	
	005694f0	76	
	00569540	133	
	005695d0	6	
	005695e0	117	
	00569660	69	
	005696b0	105	
	00569720	7	
	00569730	29	
	00569750	113	
	005697d0	96	
	00569830	92	
	005698a0	240	
	00569990	225	
	00569a80	93	
	00569ae0	132	
	00569b70	102	
	00569be0	83	
	00569c40	87	
	00569ca0	72	
	00569cf0	43	
	00569d20	102	
	00569d90	271	
	00569ea0	143	
	00569f30	978	
	0056a330	482	
	0056a520	434	
	0056a6e0	88	
	0056a740	36	
	0056a770	73	
	0056a7c0	178	
	0056a880	96	
	0056a8e0	132	
	0056a970	581	
	0056abe0	102	
	0056ac50	122	
	0056acd0	68	
	0056ad20	257	
	0056ae30	65	
	0056ae80	43	
	0056aeb0	39	
	0056aee0	52	
	0056af20	65	
	0056af70	79	
	0056afc0	13	
0056afc0	0056afd0	33	
	0056b000	104	
	0056b070	102	
	0056b0e0	151	
	0056b180	100	
	0056b1f0	107	
	0056b260	94	
	0056b2c0	450	
	0056b490	118	
	0056b510	98	
	0056b580	371	
	0056b700	107	
	0056b770	26	
0056b770	0056b790	337	
	0056b8f0	75	
	0056b940	67	
	0056b990	379	
	0056bb10	159	
	0056bbb0	71	
	0056bc00	153	
	0056bca0	357	
	0056be10	312	
0056be10	0056bf50	130	
	0056bfe0	317	
0056bfe0	0056c120	500	
	0056c320	67	
	0056c370	112	
	0056c3e0	577	
	0056c630	297	
0056c630	0056c760	198	
	0056c830	6	
	0056c840	16	
	0056c850	6	
	0056c856	45	
	0056c883	13	
	0056c890	42	
	0056c8ba	142	
	0056c948	42	
	0056c972	175	
	0056ca21	47	
	0056ca50	67	
	0056ca93	13	
	0056caa0	13	
	0056caad	13	
	0056caba	13	
	0056cac7	6	
	0056cacd	42	
	0056caf7	174	
	0056cba5	42	
	0056cbcf	209	
	0056cca0	47	
	0056cccf	93	
	0056cd2c	3	
	0056cd2f	13	
	0056cd3c	6	
	0056cd42	139	
	0056cdcd	13	
	0056cdda	6	
	0056cde0	13	
	0056cded	102	
	0056ce53	17	
	0056ce64	17	
	0056ce75	13	
	0056ce82	240	
	0056cf72	13	
	0056cf7f	42	
	0056cfa9	209	
	0056d07a	42	
	0056d0a4	243	
	0056d197	47	
	0056d1c6	119	
	0056d23d	13	
	0056d24a	159	
	0056d2e9	13	
	0056d2f6	202	
	0056d3c0	13	
	0056d3cd	6	
	0056d3d3	566	
	0056d609	13	
	0056d616	6	
	0056d61c	109	
	0056d689	13	
	0056d696	566	
	0056d8cc	13	
	0056d8d9	6	
	0056d8df	909	
	0056dc6c	46	
	0056dc9a	6	
	0056dca0	92	
	0056dcfc	46	
	0056dd2a	6	
	0056dd30	92	
	0056dd8c	28	
	0056dda8	6	
	0056ddae	122	
	0056de28	28	
	0056de44	6	
	0056de4a	123	
	0056dec5	28	
	0056dee1	124	
	0056df5d	32	
	0056df7d	6	
	0056df83	258	
	0056e085	13	
	0056e092	6	
	0056e098	226	
	0056e17a	46	
	0056e1a8	6	
	0056e1ae	17	
	0056e1bf	6	
	0056e1c5	39	
	0056e1ec	230	
	0056e2d2	328	
	0056e41a	161	
	0056e4bb	116	
	0056e52f	13	
	0056e53c	13	
	0056e549	13	
	0056e556	6	
	0056e55c	157	
	0056e5f9	13	
	0056e606	308	
	0056e73a	32	
	0056e75a	92	
	0056e7b6	46	
	0056e7e4	6	
	0056e7ea	217	
	0056e8c3	13	
	0056e8d0	6	
	0056e8d6	150	
	0056e96c	13	
	0056e979	6	
	0056e97f	185	
	0056ea38	13	
	0056ea45	6	
	0056ea4b	180	
	0056eaff	6	
	0056eb05	126	
	0056eb83	6	
	0056eb89	155	
	0056ec24	36	
	0056ec48	6	
	0056ec4e	227	
	0056ed31	42	
	0056ed5b	87	
	0056edb2	17	
	0056edc3	47	
	0056edf2	139	
	0056ee7d	13	
	0056ee8a	6	
	0056ee90	164	
	0056ef34	13	
	0056ef41	162	
	0056efe3	13	
	0056eff0	56	
	0056f028	13	
	0056f035	162	
	0056f0d7	13	
	0056f0e4	159	
	0056f183	141	
	0056f210	107	
	0056f27b	128	
	0056f2fb	60	
	0056f337	160	
	0056f3d7	191	
	0056f496	365	
	0056f623	390	
	0056f7c9	185	
	0056f882	57	
	0056f8bb	692	
	0056fb6f	218	
	0056fc49	191	
	0056fd08	986	
	005700e2	36	
	00570106	117	
	0057017b	226	
	0057025d	223	
	0057033c	3	
	0057033f	810	
	00570669	40	
	00570691	102	
	005706f7	400	
	00570887	2	
	00570889	2	
	0057088b	18	
	0057089d	13	
	005708aa	20	
	005708be	16	
	005708ce	36	
	005708f2	22	
	00570908	21	
	0057091d	110	
	0057098b	79	
	005709da	28	
	005709f6	165	
	00570a9b	17	
	00570aac	97	
	00570b0d	31	
	00570b2c	74	
	00570b76	74	
	00570bc0	111	
	00570c2f	111	
	00570c9e	124	
	00570d1a	124	
	00570d96	124	
	00570e12	124	
	00570e8e	124	
	00570f0a	124	
	00570f86	27	
	00570fa1	22	
	00570fb7	6	
	00570fbd	89	
	00571016	28	
	00571032	28	
	0057104e	140	
	005710da	111	
	00571149	108	
	005711b5	51	
	005711e8	92	
	00571244	37	
	00571269	153	
	00571302	56	
	0057133a	58	
0057133a	00571380	95	
	00571374	12	
	005713df	180	
	00571493	221	
	00571570	144	
	00571600	10	
	0057160a	30	
	00571628	13	
	00571635	9	
	0057163e	701	
	005718fb	76	
	00571947	1140	
	00571dbb	398	
	00571f49	294	
	0057206f	49	
	005720a0	232	
	00572188	278	
	0057229e	56	
	005722d6	47	
	00572305	49	
	00572336	336	
	00572486	292	
	005725aa	335	
	005726f9	339	
	0057284c	319	
	0057298b	155	
	00572a26	332	
	00572b72	289	
	00572c93	332	
	00572ddf	319	
	00572f1e	312	
	00573056	241	
	00573147	514	
	00573349	516	
	0057354d	1027	
	00573970	1170	
	00573e02	256	
	00573f02	998	
	005742e8	1841	
	00574a19	930	
	00574dbb	282	
	00574ed5	16	
	00574ee5	105	
	00574f4e	5	
	00574f53	1043	
	00575366	19	
	00575379	3	
	0057537c	3	
	0057537f	759	
	00575676	1	
	00575677	160	
	00575717	1018	
	00575b11	35	
	00575b34	588	
	00575d80	28	
	00575d9c	123	
	00575e17	204	
	00575ee3	112	
	00575f53	236	
	0057603f	291	
	00576162	257	
	00576263	257	
	00576364	257	
	00576465	285	
	00576582	291	
	005766a5	254	
	005767a3	169	
	0057684c	291	
	0057696f	257	
	00576a70	291	
	00576b93	208	
	00576c63	280	
	00576d7b	197	
	00576e40	197	
	00576f05	246	
	00576ffb	235	
	005770e6	213	
	005771bb	261	
	005772c0	267	
	005773cb	314	
	00577505	214	
	005775db	266	
	005776e5	310	
	0057781b	199	
	005778e2	199	
	005779a9	238	
	00577a97	239	
	00577b86	348	
	00577ce2	140	
	00577d6e	166	
	00577e14	156	
	00577eb0	165	
	00577f55	162	
	00577ff7	176	
	005780a7	175	
	00578156	214	
	0057822c	146	
	005782be	162	
	00578360	114	
	005783d2	178	
	00578484	159	
	00578523	135	
	005785aa	100	
	0057860e	110	
	0057867c	137	
	00578705	137	
	0057878e	130	
	00578810	177	
	005788c1	145	
	00578952	151	
	005789e9	131	
	00578a6c	186	
	00578b26	211	
	00578bf9	112	
	00578c69	112	
	00578cd9	142	
	00578d67	140	
	00578df3	224	
	00578ed3	28	
	00578eef	248	
	00578fe7	28	
	00579003	5	
	00579008	28	
	00579024	28	
	00579040	5	
	00579045	28	
	00579061	28	
	0057907d	5	
	00579082	28	
	0057909e	492	
	0057928a	28	
	005792a6	5	
	005792ab	28	
	005792c7	28	
	005792e3	5	
	005792e8	28	
	00579304	28	
	00579320	5	
	00579325	721	
	005795f6	28	
	00579612	28	
	0057962e	5	
	00579633	28	
	0057964f	28	
	0057966b	5	
	00579670	28	
	0057968c	28	
	005796a8	5	
	005796ad	28	
	005796c9	28	
	005796e5	5	
	005796ea	28	
	00579706	28	
	00579722	5	
	00579727	141	
	005797b4	28	
	005797d0	28	
	005797ec	5	
	005797f1	111	
	00579860	28	
	0057987c	28	
	00579898	5	
	0057989d	498	
	00579a8f	28	
	00579aab	28	
	00579ac7	5	
	00579acc	28	
	00579ae8	28	
	00579b04	5	
	00579b09	28	
	00579b25	28	
	00579b41	5	
	00579b46	28	
	00579b62	28	
	00579b7e	28	
	00579b9a	5	
	00579b9f	28	
	00579bbb	28	
	00579bd7	5	
	00579bdc	257	
	00579cdd	28	
	00579cf9	28	
	00579d15	5	
	00579d1a	28	
	00579d36	28	
	00579d52	5	
	00579d57	28	
	00579d73	28	
	00579d8f	5	
	00579d94	28	
	00579db0	28	
	00579dcc	5	
	00579dd1	28	
	00579ded	28	
	00579e09	5	
	00579e0e	28	
	00579e2a	28	
	00579e46	5	
	00579e4b	28	
	00579e67	28	
	00579e83	5	
	00579e88	28	
	00579ea4	28	
	00579ec0	5	
	00579ec5	28	
	00579ee1	28	
	00579efd	5	
	00579f02	681	
	0057a1ab	28	
	0057a1c7	28	
	0057a1e3	5	
	0057a1e8	28	
	0057a204	28	
	0057a220	5	
	0057a225	28	
	0057a241	28	
	0057a25d	5	
	0057a262	24	
	0057a27a	28	
	0057a296	5	
	0057a29b	24	
	0057a2b3	28	
	0057a2cf	5	
	0057a2d4	24	
	0057a2ec	28	
	0057a308	5	
	0057a30d	24	
	0057a325	28	
	0057a341	5	
	0057a346	24	
	0057a35e	28	
	0057a37a	5	
	0057a37f	73	
	0057a3c8	24	
	0057a3e0	24	
	0057a3f8	1824	
	0057ab54	28	
	0057ab70	28	
	0057ab8c	5	
	0057ab91	28	
	0057abad	5	
	0057abb2	18	
	0057abc4	272	
	0057acd4	65	
	0057ad15	11	
	0057ad20	58	
	0057ad5a	13	
	0057ad67	94	
	0057adc5	38	
	0057adeb	36	
	0057ae0f	15	
	0057ae1e	15	
	0057ae2d	38	
	0057ae53	38	
	0057ae79	15	
	0057ae88	15	
	0057ae97	68	
	0057aedb	24	
	0057aef3	27	
	0057af0e	64	
	0057af4e	13	
	0057af5b	117	
	0057afd0	38	
	0057aff6	43	
	0057b021	63	
	0057b060	5	
	0057b065	68	
	0057b0a9	24	
	0057b0c1	1084	
	0057b4fd	215	
	0057b5d4	979	
	0057b9a7	30	
	0057b9c5	169	
	0057ba6e	143	
	0057bafd	310	
	0057bc33	1815	
	0057c34a	169	
	0057c3f3	161	
	0057c494	929	
	0057c835	169	
	0057c8de	214	
	0057c9b4	375	
	0057cb2b	1304	
	0057d043	2188	
	0057d97a	1013	
	0057de33	1219	
	0057e300	262	
	0057e410	266	
	0057e520	213	
	0057e5f5	550	
	0057e81b	105	
	0057e884	53	
	0057e8b9	139	
	0057e944	95	
	0057e9a3	153	
	0057ea3c	202	
	0057eb06	227	
	0057ebe9	142	
	0057ec77	60	
	0057ecb3	76	
	0057ecff	126	
	0057ed7d	48	
	0057edad	35	
	0057edd0	250	
	0057eeca	773	
	0057f1cf	1387	
	0057f73a	2052	
	0057ff3e	318	
	0058007c	131	
	005800ff	316	
	0058023b	24	
	00580253	276	
	00580367	1106	
	005807b9	35	
	005807dc	35	
	005807ff	52	
	00580833	52	
	00580867	75	
	005808b2	249	
	005809ab	28	
	005809c7	141	
	00580a54	48	
	00580a84	123	
	00580aff	186	
	00580bb9	35	
	00580bdc	12	
	00580be8	321	
	00580d29	1299	
	0058123c	117	
	005812b1	16	
	005812c1	14	
	005812cf	110	
	0058133d	52	
	00581371	8	
	00581379	19	
	0058138c	49	
	005813bd	179	
	00581470	52	
	005814a4	8	
	005814ac	232	
	00581594	21	
	005815a9	38	
	005815cf	13	
	005815dc	32	
	005815fc	10	
	00581606	10	
	00581610	28	
	0058162c	71	
	00581673	24	
	00581690	64	
	005816d0	89	
	00581730	57	
	00581770	14	
00581770	00581781	161	
	00581830	14	
00581830	00581841	160	
	005818f0	14	
005818f0	00581901	226	
	005819f0	14	
005819f0	00581a01	170	
	00581ab0	14	
00581ab0	00581ac1	309	
	00581c00	14	
00581c00	00581c11	181	
	00581cd0	14	
00581cd0	00581ce1	199	
	00581db0	14	
00581db0	00581dc1	680	
	00582070	14	
00582070	00582081	327	
	005821d0	14	
005821d0	005821e1	149	
	00582280	156	
	00582320	180	
	005823e0	135	
	00582470	167	
	00582520	181	
	005825e0	156	
	00582680	136	
	00582710	92	
	00582770	72	
	005827c0	81	
	00582820	190	
	005828e0	14	
005828e0	005828f1	186	
	005829b0	14	
005829b0	005829c1	211	
	00582aa0	14	
00582aa0	00582ab1	377	
	00582c30	14	
00582c30	00582c41	195	
	00582d10	130	
	00582da0	156	
	00582e40	14	
00582e40	00582e51	94	
	00582eb0	276	
	00582fd0	14	
00582fd0	00582fe1	176	
	005830a0	14	
005830a0	005830b1	161	
	00583160	14	
00583160	00583171	160	
	00583220	14	
00583220	00583231	226	
	00583320	14	
00583320	00583331	170	
	005833e0	14	
005833e0	005833f1	309	
	00583530	14	
00583530	00583541	181	
	00583600	14	
00583600	00583611	199	
	005836e0	14	
005836e0	005836f1	680	
	005839a0	14	
005839a0	005839b1	327	
	00583b00	14	
00583b00	00583b11	149	
	00583bb0	14	
	00583bc1	106	
	00583c30	14	
00583c30	00583c41	113	
	00583cc0	14	
00583cc0	00583cd1	186	
	00583d90	14	
00583d90	00583da1	211	
	00583e80	14	
00583e80	00583e91	377	
	00584010	14	
00584010	00584021	195	
	005840f0	276	
	00584210	14	
00584210	00584221	176	
	005842e0	153	
	00584379	93	
	005843d6	179	
	00584489	540	
	005846a5	533	
	005848ba	197	
	0058497f	108	
	005849eb	311	
	00584b22	141	
	00584baf	146	
	00584c41	100	
	00584ca5	167	
	00584d4c	165	
	00584df1	2649	
	0058584a	562	
	00585a7c	207	
	00585b4b	80	
	00585b9b	235	
	00585c86	220	
	00585d62	99	
	00585dc5	94	
	00585e23	89	
	00585e7c	71	
	00585ec3	111	
	00585f32	57	
	00585f6b	210	
	0058603d	181	
	005860f2	4504	
	0058728a	421	
	0058742f	1332	
	00587963	281	
	00587a7c	4436	
	00588bd0	738	
	00588eb2	1016	
	005892aa	820	
	005895de	28	
	005895fa	113	
	0058966b	103	
	005896d2	95	
	00589731	113	
	005897a2	212	
	00589876	234	
	00589960	139	
	005899eb	455	
	00589bb2	5	
	00589bb7	360	
	00589d3f	518	
	00589f65	307	
	0058a0b8	85	
	0058a10d	57	
	0058a146	100	
	0058a1aa	152	
	0058a242	73	
	0058a28b	67	
	0058a2ce	171	
	0058a379	130	
	0058a3fb	95	
	0058a45a	306	
	0058a58c	113	
	0058a5fd	200	
	0058a6c5	222	
	0058a7a3	67	
	0058a7e6	228	
	0058a8ca	190	
	0058a988	100	
	0058a9ec	126	
	0058aa70	492	
	0058ac60	232	
	0058ad50	329	
	0058af80	245	
	0058b080	247	
	0058b660	58	
0058b660	0058b6a0	217	
	0058b780	58	
0058b780	0058b7c0	219	
	0058bc30	6	
	0058bc36	6	
	0058bc3c	6	
	0058bc42	6	
	0058bc48	6	
	0058bc4e	6	
	0058bc54	6	
	0058bc5a	6	
	0058bc60	6	
	0058bc66	6	
	0058bc6c	6	
	0058bc72	6	
	0058bc78	6	
	0058bc7e	6	
	0058bc84	6	
	0058bc8a	6	
	0058bc90	23	
	0058bcb0	36	
	0058bce0	101	
	0058bd50	49	
	0058bd90	115	
	0058be10	11	
	0058be20	40	
	0058be50	144	
	0058bee0	45	
0058bee0	0058bf10	93	
0058bee0	0058bf70	152	
	0058c010	18	
	0058c030	29	
0058c030	0058c050	106	
	0058c0c0	186	
0058c0c0	0058c180	371	
	0058c300	56	
	0058c340	147	
	0058c3e0	467	
	0058c5c0	60	
	0058c600	144	
	0058c690	58	
	0058c6d0	457	
0058c6d0	0058c8a0	141	
	0058c950	84	
	0058c9b0	404	
	0058cb50	225	
	0058cc40	136	
	0058ccd0	107	
	0058cd40	41	
	0058cd70	367	
	0058cee0	165	
	0058cf90	55	
	0058cfd0	107	
	0058d040	37	
	0058d070	25	
	0058d090	7	
	0058d0a0	41	
	0058d0d0	26	
	0058d0f0	51	
	0058d130	54	
	0058d170	42	
	0058d1a0	28	
	0058d1c0	9	
	0058d1d0	9	
	0058d1e0	9	
	0058d1f0	3	
	0058d200	13	
	0058d210	5	
	0058d220	9	
	0058d230	9	
	0058d240	4	
	0058d250	13	
	0058d260	4	
	0058d270	4	
	0058d280	120	
	0058d300	29	
0058d300	0058d320	43	
	0058d350	80	
	0058d3a0	368	
	0058d510	60	
	0058d550	23	
	0058d570	9	
	0058d580	25	
	0058d5a0	4	
	0058d5b0	115	
	0058d630	4	
	0058d640	15	
	0058d650	4	
	0058d660	4	
	0058d670	4	
	0058d680	14	
	0058d690	9	
	0058d6a0	47	
	0058d6d0	66	
	0058d720	35	
	0058d750	72	
	0058d7a0	55	
	0058d7e0	41	
	0058d810	30	
	0058d830	40	
	0058d860	59	
	0058d8a0	33	
	0058d8d0	143	
	0058d960	7	
	0058d970	89	
	0058d9d0	13	
	0058d9e0	55	
	0058da20	50	
	0058da60	75	
	0058dab0	38	
	0058dae0	31	
	0058db00	23	
	0058db20	53	
	0058db60	5	
	0058db70	187	
	0058dc30	22	
	0058dc50	142	
	0058dce0	360	
	0058de50	49	
	0058de90	91	
	0058def0	40	
	0058df20	131	
	0058dfb0	157	
0058dfb0	0058e050	170	
	0058e100	230	
	0058e1f0	11	
	0058e200	211	
	0058e2e0	38	
	0058e310	84	
	0058e370	33	
	0058e3a0	73	
	0058e3f0	137	
	0058e480	105	
	0058e4f0	12	
	0058e500	14	
	0058e510	279	
	0058e630	17	
	0058e650	80	
	0058e6b0	98	
	0058e720	123	
	0058e7a0	57	
	0058e7e0	210	
	0058e8c0	40	
	0058e8f0	56	
	0058e930	53	
	0058e970	36	
	0058e9a0	179	
	0058ea60	174	
	0058eb10	19	
	0058eb30	57	
	0058eb70	212	
	0058ec50	140	
	0058ece0	197	
	0058edb0	367	
	0058ef20	199	
	0058eff0	78	
	0058f040	90	
	0058f0a0	99	
	0058f110	465	
	0058f2f0	62	
	0058f330	77	
	0058f380	64	
	0058f3c0	43	
	0058f3f0	94	
	0058f450	6	
	0058f460	8	
	0058f470	28	
	0058f490	5	
	0058f4a0	61	
	0058f4e0	85	
	0058f540	64	
	0058f580	74	
	0058f5d0	67	
	0058f620	16	
	0058f630	26	
	0058f650	19	
	0058f670	152	
	0058f710	296	
	0058f840	42	
0058f840	0058f870	59	
	0058f8b0	50	
	0058f8f0	42	
	0058f920	72	
	0058f970	69	
	0058f9c0	63	
	0058fa00	49	
	0058fa40	49	
	0058fa80	55	
	0058fac0	37	
	0058faf0	25	
	0058fb10	24	
	0058fb30	60	
	0058fb70	255	
	0058fc70	59	
	0058fcb0	9	
	0058fcc0	19	
	0058fce0	39	
	0058fd10	142	
	0058fda0	122	
	0058fe20	46	
	0058fe50	56	
	0058fe90	137	
	0058ff20	54	
	0058ff60	470	
	00590140	78	
	00590190	138	
	00590220	131	
	005902b0	88	
	00590310	79	
	00590370	45	
	005903a0	29	
005903a0	005903c0	67	
	00590410	24	
	00590430	57	
	00590470	8	
	00590480	11	
	00590490	55	
	005904d0	63	
	00590510	35	
	00590540	95	
	005905a0	58	
	005905e0	196	
	005906b0	53	
	005906f0	68	
	00590740	84	
	005907a0	43	
	005907d0	225	
	005908c0	381	
005908c0	00590a40	423	
	00590c00	194	
	00590cd0	42	
	00590d00	186	
	00590dc0	223	
	00590ea0	34	
	00590ed0	531	
	005910f0	222	
	005911e0	162	
	00591290	43	
	005912c0	108	
	00591330	98	
	005917c0	20	
	00591890	28	
	005919c0	19	
	00591a90	27	
	00591c50	20	
	00591cf0	20	
	00591dc0	20	
	00591e80	35	
	00591f90	19	
	00592020	19	
	005920f0	28	
	005921c0	28	
	00592380	72	
	00592590	73	
	00592710	31	
	00592730	26	
	00592750	67	
	005927a0	16	
	005927b0	79	
	00592800	147	
	005928a0	189	
	00592960	15	
	00592970	41	
	005929a0	25	
005929a0	005929c0	37	
	005929f0	25	
005929f0	00592a10	46	
	00592a40	40	
	00592a70	108	
	00592ae0	102	
	00592b50	226	
	00592c80	80	
	00592cd0	88	
	00592d30	50	
	00592d70	75	
	00592dc0	72	
	00592e10	80	
	00592e60	64	
	00592ea0	64	
	00592ee0	64	
	00592f20	72	
	00592f70	72	
	00592fc0	50	
	00593000	72	
	00593050	80	
	005930a0	50	
	005930e0	64	
	00593120	72	
	00593170	62	
	005931b0	72	
	00593200	80	
	00593250	80	
	005932a0	65	
	005932f0	56	
	00593330	57	
	00593370	16	
	00593380	30	
	005933a0	83	
	00593400	41	
00593400	00593430	42	
	00593460	87	
	005934c0	30	
	005934e0	130	
	00593570	159	
	00593630	25	
	00593650	229	
	00593740	45	
	005938f0	143	
	00593980	382	
	00593b00	163	
	00593bb0	132	
	00593c40	177	
	00593d00	87	
	00593d60	66	
	00593db0	143	
	00593e40	41	
00593e40	00593e70	116	
	00593ef0	1	
	00593f00	171	
	00593fb0	36	
	00593fe0	149	
	00594080	71	
	005940d0	62	
	00594110	50	
	00594150	65	
	005941a0	376	
	00594320	127	
	005943a0	233	
	00594490	83	
	005944f0	69	
	00594540	214	
	00594620	106	
	00594690	76	
005946f0	005946e0	11	
	005946f0	147	
	00594790	224	
	00594870	114	
	005948f0	91	
	00594950	47	
	00594980	5	
	00594990	1	
	005949a0	78	
	005949f0	56	
	00594a30	11	
	00594a40	73	
	00594a90	33	
	00594ac0	85	
	00594b20	23	
	00594b40	28	
	00594b60	106	
	00594bd0	97	
	00594c40	103	
	00594cb0	65	
	00594d00	72	
	00594d50	28	
	00594d70	21	
	00594d90	33	
	00594dc0	50	
	00594e00	42	
	00594e30	54	
	00594e70	174	
	00594f20	142	
	00594fb0	93	
	00595010	102	
	00595080	26	
	005950a0	36	
	005950d0	101	
	00595140	89	
	005951a0	67	
	005951f0	579	
	00595440	100	
	005954b0	238	
	005955a0	125	
	00595620	35	
	00595650	426	
	00595820	58	
	00595860	127	
	005958e0	156	
	00595980	85	
	005959e0	81	
	00595a40	248	
	00595b60	28	
	00595b80	50	
	00595bc0	274	
	00595ce0	22	
	00595d00	83	
	00595d60	88	
	00595dc0	80	
	00595e10	324	
	00595f70	239	
	00596060	48	
	00596090	273	
	005961b0	92	
	00596210	71	
	00596260	16	
	00596270	70	
	005962c0	32	
	005962e0	247	
005962e0	005963e0	327	
	00596530	101	
	005965a0	44	
	005965d0	62	
	00596610	47	
	00596640	25	
	00596660	7	
	00596670	48	
	005966a0	47	
	005966d0	27	
	005966f0	102	
005966f0	00596760	136	
	005967f0	76	
	00596840	105	
	005968b0	79	
	00596900	101	
	00596970	407	
	00596b10	120	
	00596b90	74	
	00596be0	44	
	00596c10	109	
	00596c80	15	
	00596c90	69	
	00596ce0	178	
	00596da0	497	
	00596fa0	19	
	00596fc0	14	
	00596fd0	219	
	005970e0	156	
	00597180	40	
	005971b0	186	
	00597270	73	
	005972c0	97	
	00597330	28	
	00597350	30	
	00597370	16	
	00597380	35	
	005973b0	30	
	005973d0	170	
	00597480	262	
	00597590	160	
	00597630	134	
	005976c0	77	
	00597710	16	
	00597720	96	
	00597780	40	
	005977b0	129	
	00597840	30	
	00597860	26	
	00597880	159	
	00597920	13	
00597920	00597930	40	
	00597960	31	
	00597980	75	
	005979d0	361	
005979d0	00597b40	796	
	00597e60	454	
	00598030	47	
	00598060	34	
	00598090	37	
	005980c0	35	
	005980f0	189	
	005981b0	124	
	00598230	67	
	00598280	34	
	005982b0	186	
005982b0	00598370	49	
	005983b0	270	
	005984c0	269	
	005985d0	84	
	00598630	361	
	00598860	120	
	00598900	361	
	00598a70	190	
	00598b30	194	
	00598c00	190	
	00598cc0	22	
	00598ce0	162	
	00598d90	431	
	00598f40	255	
	00599040	309	
	00599180	163	
	00599230	26	
	00599250	163	
	00599300	26	
	00599320	94	
	00599380	254	
	00599480	17	
	005994a0	73	
	005994f0	452	
	005996c0	295	
	005997f0	178	
	005998b0	172	
	00599960	130	
	005999f0	413	
	00599b90	171	
	00599c40	95	
	00599ca0	306	
	00599de0	117	
	00599e60	754	
	0059a160	124	
	0059a1e0	1010	
	0059a5e0	108	
	0059a650	52	
	0059a690	444	
	0059a850	98	
	0059a8c0	260	
	0059a9d0	312	
	0059ab10	253	
	0059ac10	136	
	0059aca0	161	
	0059ad50	111	
	0059adc0	95	
	0059ae20	61	
0059ae20	0059ae60	104	
	0059aed0	106	
	0059af40	187	
	0059b000	103	
	0059b070	103	
	0059b0e0	103	
	0059b150	103	
	0059b1c0	103	
	0059b230	103	
	0059b2a0	1	
	0059b2b0	18	
	0059b2d0	8	
	0059b2e0	842	
0059b2e0	0059b630	81	
	0059b710	40	
	0059b740	74	
	0059b790	826	
0059b790	0059bad0	841	
0059b790	0059be20	714	
0059b790	0059c0f0	172	
	0059c220	459	
	0059c470	38	
0059c470	0059c4a0	155	
	0059c540	72	
	0059c590	21	
	0059c5b0	40	
	0059c5e0	7	
	0059c5f0	65	
	0059c640	35	
	0059c670	76	
	0059c6c0	196	
	0059c790	198	
	0059c860	303	
	0059c990	113	
	0059ca10	40	
0059ca10	0059ca40	142	
	0059cad0	25	
	0059caf0	216	
	0059cbd0	86	
	0059cc30	77	
0059cc30	0059cc80	269	
	0059cd90	93	
	0059cdf0	193	
	0059cec0	846	
	0059d210	45	
0059d210	0059d240	441	
	0059d400	41	
	0059d430	50	
	0059d470	57	
	0059d4b0	9	
	0059d4c0	5	
	0059d4d0	31	
	0059d4f0	9	
	0059d500	5	
	0059d510	1	
	0059d520	91	
	0059d580	35	
	0059d5b0	70	
	0059d600	5	
	0059d610	29	
0059d610	0059d630	49	
	0059d670	239	
	0059d760	103	
	0059d7d0	19	
	0059d7f0	86	
	0059d850	114	
	0059d8d0	15	
	0059d8e0	56	
	0059d920	46	
	0059d950	101	
	0059d9c0	23	
	0059d9e0	20	
	0059da00	51	
	0059da40	200	
	0059db10	68	
	0059db60	40	
	0059db90	91	
	0059dbf0	186	
	0059dcb0	46	
	0059dce0	243	
	0059dde0	24	
	0059de00	60	
	0059de40	89	
	0059dea0	87	
	0059df00	86	
	0059df60	131	
	0059dff0	18	
	0059e010	88	
	0059e070	18	
	0059e090	31	
	0059e0b0	90	
	0059e110	3	
	0059e120	10	
	0059e130	58	
	0059e170	21	
	0059e190	49	
	0059e1d0	42	
	0059e200	64	
	0059e240	66	
	0059e290	96	
	0059e2f0	19	
	0059e310	31	
	0059e330	49	
	0059e370	89	
	0059e3d0	22	
	0059e3f0	35	
	0059e420	137	
	0059e4b0	31	
	0059e4d0	13	
	0059e4e0	129	
	0059e570	61	
	0059e5b0	166	
	0059e660	237	
	0059e750	43	
	0059e780	36	
	0059e7b0	49	
	0059e7f0	57	
	0059e830	23	
	0059e850	39	
	0059e880	48	
	0059e8b0	2246	
	0059f180	158	
	0059f220	115	
	0059f2a0	60	
	0059f2e0	64	
	0059f320	147	
	0059f3c0	503	
	0059f5c0	22	
	0059f5e0	111	
	0059f650	196	
	0059f720	289	
	0059f850	89	
	0059f8b0	263	
	0059f9c0	239	
	0059fab0	60	
	0059faf0	100	
	0059fb60	106	
	0059fbd0	71	
	0059fc20	46	
	0059fc50	41	
	0059fc80	90	
	0059fce0	29	
	0059fd00	128	
	0059fd80	52	
	0059fdc0	112	
	0059fe30	190	
	0059fef0	116	
	0059ff70	22	
0059ff70	0059ff90	103	
	005a0000	274	
	005a0120	82	
	005a0180	19	
	005a01a0	66	
	005a01f0	3	
	005a0200	228	
	005a02f0	214	
	005a03d0	98	
	005a0440	70	
	005a0490	25	
005a0490	005a04b0	154	
	005a0550	116	
	005a05d0	34	
	005a0600	250	
	005a0700	31	
	005a0720	21	
	005a0740	22	
	005a0760	13	
005a0760	005a0770	54	
	005a07b0	11	
	005a07c0	302	
	005a08f0	77	
	005a0940	4	
	005a0950	18	
	005a0970	36	
	005a09a0	84	
	005a0a00	197	
	005a0ad0	107	
	005a0b40	189	
	005a0c00	74	
	005a0c50	13	
005a0c50	005a0c60	31	
	005a0c80	63	
	005a0cc0	16	
	005a0cd0	35	
	005a0d00	61	
005a0d00	005a0d40	546	
	005a0f70	211	
	005a1050	48	
	005a1081	56	
	005a10b9	23	
	005a10d0	117	
	005a1145	83	
005a1145	005a11a1	21	
	005a1198	9	
	005a11b6	111	
	005a1228	9	
	005a1231	44	
	005a125d	18	
	005a1270	63	
005a1270	005a12ff	103	
005a1270	005a136b	31	
	005a1390	10	
	005a139a	10	
	005a13a4	30	
	005a13d0	20	
	005a13e4	9	
	005a13ed	145	
	005a1480	20	
	005a1494	9	
	005a149d	145	
	005a152e	177	
	005a15e0	61	
	005a1620	20	
	005a1634	9	
	005a163d	157	
	005a16da	26	
	005a16f4	76	
	005a1740	70	
	005a1789	8	
	005a1791	69	
	005a17d9	8	
	005a17e1	64	
	005a1821	10	
	005a182b	82	
	005a187d	10	
	005a1887	19	
	005a18a0	292	
	005a19c4	88	
	005a1a1c	233	
	005a1b05	66	
	005a1b47	10	
	005a1b60	63	
005a1b60	005a1bf4	9	
	005a1ba0	84	
	005a1bfd	453	
005a1bfd	005a7739	163	
	005a1dc2	40	
	005a1df0	45	
	005a1e1d	136	
	005a1ea5	5	
	005a1eb0	309	
	005a1ff0	134	
005a1ff0	005a29f0	5	
	005a2076	56	
	005a20b0	91	
005a20b0	005a210c	7	
005a20b0	005a2120	41	
005a20b0	005a214c	35	
005a20b0	005a2170	29	
005a20b0	005a21b0	74	
005a20b0	005a220c	7	
005a20b0	005a2214	11	
005a20b0	005a2220	17	
005a20b0	005a2234	23	
005a20b0	005a224c	38	
005a20b0	005a2274	9	
005a20b0	005a2280	31	
005a20b0	005a22ac	33	
005a20b0	005a22d0	39	
005a20b0	005a22f8	49	
005a20b0	005a234c	74	
005a20b0	005a23a8	7	
005a20b0	005a23b0	13	
005a20b0	005a23c0	19	
005a20b0	005a23d4	25	
	005a23ed	354	
	005a254f	55	
	005a2586	10	
	005a2590	143	
	005a261f	63	
	005a265e	10	
	005a2668	263	
	005a276f	66	
	005a27b1	10	
	005a27bb	42	
	005a27e5	93	
	005a2842	46	
	005a2870	155	
005a2870	005a2921	27	
	005a2910	17	
	005a293c	9	
	005a2945	70	
	005a298b	10	
	005a2995	9	
	005a299e	13	
	005a29ab	34	
	005a29d0	10	
	005a2a00	190	
	005a2abe	158	
005a2abe	005a2b73	95	
	005a2bd2	84	
	005a2c26	10	
	005a2c30	128	
	005a2cb0	40	
	005a2cd8	50	
	005a2d0a	6	
	005a2d10	18	
	005a2d22	47	
	005a2d52	9	
	005a2d5b	9	
	005a2d64	101	
	005a2dc9	211	
	005a2e9c	17	
	005a2ead	17	
	005a2ebe	15	
	005a2ee0	59	
005a2ee0	005a2f57	10	
	005a2f70	20	
	005a2f84	9	
	005a2f8d	174	
	005a3040	20	
	005a3054	9	
	005a305d	149	
	005a30f2	34	
	005a3117	33	
	005a313b	408	
005a313b	005a32fe	15	
	005a330d	21	
	005a3322	202	
	005a33ec	194	
	005a34b1	36	
	005a34d5	210	
	005a35a7	78	
	005a35f5	50	
	005a3627	9	
	005a3630	191	
	005a36ef	300	
	005a381b	542	
	005a3a39	479	
	005a3c18	329	
005a3c18	005a3d6a	8	
	005a3d61	9	
	005a3d80	57	
	005a3db9	187	
	005a3e74	22	
	005a3e90	20	
	005a3ead	174	
	005a3f5b	9	
	005a3f64	9	
	005a3f6d	115	
	005a3fe0	123	
	005a405e	8	
	005a4066	9	
	005a4070	32	
	005a4090	34	
	005a40b2	104	
	005a411a	35	
	005a413d	9	
	005a4146	24	
	005a4168	189	
	005a4225	27	
	005a4240	170	
	005a42ea	33	
005a42ea	005a4312	13	
	005a431f	87	
	005a4376	20	
	005a438a	131	
	005a440d	116	
005a440d	005a448c	28	
	005a4484	8	
	005a44a8	421	
	005a464d	132	
005a464d	005a46dc	28	
	005a46d4	8	
	005a46f8	461	
	005a48c5	132	
005a48c5	005a4954	28	
	005a494c	8	
	005a4970	743	
	005a4c57	69	
	005a4c9c	16	
	005a4cac	69	
	005a4cf1	16	
	005a4d01	21	
	005a4d16	154	
	005a4db0	43	
	005a4de0	7	
	005a4de7	7	
	005a4dee	7	
	005a4df5	82	
	005a4e47	54	
	005a4e7d	36	
	005a4ea1	107	
005a4ea1	005a4f0f	3	
	005a4f12	122	
	005a4f8c	40	
	005a4fb4	33	
	005a4fd5	76	
	005a5021	81	
	005a5072	175	
	005a5124	31	
	005a5143	47	
	005a51a1	72	
	005a51e9	24	
	005a5201	74	
	005a524b	24	
	005a5263	87	
	005a53b3	63	
	005a53f2	58	
	005a542c	63	
	005a546b	58	
	005a54a5	63	
	005a54e4	39	
	005a5510	289	
005a5510	005aff62	209	
	005a5640	31	
	005a565f	86	
	005a56b5	52	
	005a56e9	43	
	005a5714	167	
005a5714	005a57c7	8	
	005a57be	9	
	005a57cf	105	
	005a5838	200	
	005a5900	34	
	005a5922	352	
005a5922	005a5a93	60	
	005a5a8a	9	
	005a5acf	67	
	005a5b12	55	
	005a5b49	57	
	005a5b82	87	
	005a5be0	29	
005a5be0	005a5c00	77	
	005a5c50	643	
	005a5ee0	70	
	005a5f26	127	
	005a5fa5	60	
	005a5fe1	75	
	005a602c	26	
	005a6046	62	
	005a6084	29	
	005a60a1	174	
	005a614f	116	
	005a61c3	156	
	005a625f	104	
	005a62c7	160	
	005a6367	81	
	005a63b8	18	
	005a63ca	64	
	005a640a	41	
	005a6433	26	
	005a644d	81	
	005a649e	73	
	005a64e7	85	
	005a653c	21	
	005a6551	127	
	005a65d0	49	
	005a6601	72	
	005a6649	43	
	005a6674	792	
	005a698c	183	
	005a6a43	262	
	005a6b49	735	
	005a6e28	764	
	005a7124	59	
	005a715f	17	
	005a7170	27	
	005a7190	24	
	005a71a8	6	
	005a71ae	717	
	005a7480	103	
	005a74e7	140	
	005a7584	7	
	005a758b	7	
	005a7592	43	
	005a75bd	42	
	005a75e7	63	
	005a7626	19	
	005a7639	10	
	005a7643	7	
	005a7650	21	
	005a7665	23	
	005a767c	25	
	005a7695	67	
	005a76d8	22	
	005a76ee	13	
	005a76fb	42	
	005a77e0	23	
	005a77f7	60	
	005a7840	62	
	005a787e	61	
	005a78bb	72	
	005a7903	7	
	005a790a	327	
	005a7a51	51	
	005a7a84	60	
	005a7ac0	279	
	005a82b1	21	
	005a82c6	518	
	005a84cc	178	
	005a884b	677	
	005a8af0	546	
	005a8d12	40	
	005a8d3a	45	
	005a8d67	158	
	005a8e05	83	
	005a8e58	190	
	005a8f16	42	
	005a8f40	91	
	005a8f9b	186	
	005a9055	13	
	005a9062	14	
	005a9070	36	
	005a9094	89	
	005a90ed	43	
	005a9118	169	
	005a91c1	20	
	005a91d5	47	
	005a9204	35	
	005a9227	47	
	005a9256	35	
	005a9279	225	
	005a935a	22	
	005a9370	1237	
005a9370	005a987d	1435	
	005a9e18	360	
	005a9f80	278	
	005aa099	9	
	005aa0a2	281	
	005aa1bb	51	
	005aa1ee	36	
	005aa212	55	
	005aa249	1909	
	005aa9e0	91	
005aa9e0	005aaa3c	7	
005aa9e0	005aaa50	41	
005aa9e0	005aaa7c	35	
005aa9e0	005aaaa0	29	
005aa9e0	005aaae0	74	
005aa9e0	005aab3c	7	
005aa9e0	005aab44	11	
005aa9e0	005aab50	17	
005aa9e0	005aab64	23	
005aa9e0	005aab7c	38	
005aa9e0	005aaba4	9	
005aa9e0	005aabb0	31	
005aa9e0	005aabdc	33	
005aa9e0	005aac00	39	
005aa9e0	005aac28	49	
005aa9e0	005aac7c	74	
005aa9e0	005aacd8	7	
005aa9e0	005aace0	13	
005aa9e0	005aacf0	19	
005aa9e0	005aad04	25	
	005aad20	25	
	005aad39	2861	
005ab881	005a7578	5	
	005ab881	69	
005ab9c1	005ab974	5	
	005ab9c1	13	
005ab9ce	005ab980	47	
	005ab9ce	67	
	005aba77	106	
	005abae1	354	
	005abc43	119	
	005abcba	30	
	005abcd8	113	
	005abd49	111	
	005abdc0	52	
	005abdf4	155	
	005abe90	139	
	005abf1b	510	
	005ac119	116	
	005ac18d	132	
005ac18d	005ac21c	28	
	005ac214	8	
	005ac238	157	
005ac238	005ac2e0	20	
	005ac2d8	8	
	005ac31c	32	
	005ac36c	9	
	005ac375	28	
	005ac398	16	
	005ac3b0	7	
	005ac3c0	232	
	005ac4a8	209	
	005ac579	246	
005ac579	005ac68a	179	
005ac579	005ac758	282	
005ac579	005ac882	179	
	005ac935	136	
	005ac9bd	42	
	005ac9e7	106	
	005aca54	9	
	005aca5d	45	
005aca5d	005aca91	16	
	005acaa1	45	
005acaa1	005acad5	16	
	005acaf0	24	
	005acb08	6	
	005acb0e	410	
005acb0e	005accc8	229	
	005acdb0	375	
	005acf27	57	
	005acf60	356	
	005ad0c4	105	
	005ad12d	199	
	005ad1f4	364	
	005ad360	162	
	005ad402	290	
	005ad524	871	
	005ad88b	400	
	005ada7a	95	
	005adad9	461	
	005adca6	217	
	005add7f	575	
	005adfbe	451	
	005ae190	96	
	005ae1f0	67	
005ae1f0	005ae234	68	
	005ae278	96	
	005ae2d8	26	
	005ae2f2	124	
	005ae36e	30	
	005ae38c	227	
	005ae46f	53	
	005ae4a4	29	
	005ae4c1	154	
	005ae55b	119	
	005ae5d2	544	
	005ae7f2	209	
	005ae8c3	55	
	005ae8fa	134	
	005ae980	85	
	005ae9d5	437	
	005aeb8a	29	
005aeb8a	005aebae	12	
	005aebbb	14	
	005aebd0	184	
	005aec88	217	
005aec88	005aed76	204	
	005aee50	64	
	005aee90	124	
	005aef0c	127	
	005aef8b	65	
	005aefcc	115	
	005af03f	34	
	005af061	333	
	005af1ae	131	
	005af231	315	
	005af36c	79	
	005af3d9	115	
005af3d9	005af465	33	
	005af48c	27	
	005af4a7	52	
	005af4ec	29	
	005af509	133	
005af509	005af631	18	
	005af64c	100	
	005af6b0	368	
	005af82c	103	
	005af893	192	
	005af953	482	
	005afb35	162	
	005afbd7	37	
005afbd7	005afc03	9	
	005afc0c	27	
005afc0c	005afc34	5	
	005afc40	76	
	005afcce	660	
	005b0040	78	
	005b0090	104	
	005b0100	97	
	005b0161	50	
	005b0193	77	
	005b01e0	114	
	005b0252	27	
	005b026d	25	
	005b0286	123	
	005b0301	344	
	005b0459	22	
	005b046f	22	
	005b0485	67	
	005b04c8	67	
	005b050b	119	
	005b0582	186	
	005b063c	114	
	005b06ae	9	
	005b06b7	146	
	005b0749	142	
	005b07d7	50	
	005b0809	22	
	005b081f	16	
	005b082f	93	
005b082f	005b08b0	10	
	005b08ba	254	
	005b09b8	3	
	005b09bb	146	
	005b0a4d	9	
	005b0a56	68	
	005b0a9a	108	
	005b0b06	192	
	005b0bc6	43	
	005b0bf1	42	
	005b0c1b	96	
	005b0c7b	39	
	005b0cb0	149	
	005b0d45	19	
	005b0d58	47	
	005b0d87	41	
	005b0db0	402	
	005b0f42	99	
	005b0fa8	9	
	005b0fb1	406	
	005b1147	327	
	005b128e	9	
	005b1297	30	
	005b12b5	1034	
	005b16ef	73	
	005b1738	213	
005b1738	005b1824	227	
	005b1907	249	
	005b1a00	49	
	005b1a31	17	
	005b1a42	305	
	005b1b73	62	
	005b1bb1	42	
	005b1bdb	86	
	005b1c31	59	
005b1c31	005b1c75	261	
	005b1d7b	98	
	005b1ddd	70	
	005b1e23	19	
	005b1e36	13	
	005b1e43	28	
	005b1e5f	28	
	005b1e7b	24	
	005b1e93	23	
	005b1eab	129	
	005b1f2c	54	
	005b1f62	9	
	005b1f6b	33	
	005b1f8c	94	
	005b1fea	46	
	005b2018	45	
	005b2045	228	
	005b2129	660	
	005b23bd	46	
	005b23eb	307	
005b23eb	005b2533	49	
	005b2526	13	
	005b2564	568	
	005b279c	140	
	005b2828	184	
005b2828	005b28f7	97	
	005b2958	175	
005b2958	005b2a1e	122	
	005b2a98	78	
	005b2ae6	107	
	005b2b51	28	
	005b2b6d	427	
005b2b6d	005b2d34	126	
005b2b6d	005b2dca	301	
	005b2ef7	77	
	005b2f44	97	
	005b2fa5	437	
	005b315a	123	
	005b31e0	6	
	005b31e6	6	
	005b31ec	6	
	005b31f2	6	
	005b31f8	6	
	005b31fe	6	
	005b3204	6	
	005b320a	6	
	005b3210	6	
	005b3216	6	
	005b321c	6	
	005b3222	6	
	005b3228	6	
	005b3230	208	
	005b3300	5	
	005b3310	389	
	005b34a0	141	
	005b3550	179	
	005b3610	103	
	005b3680	192	
	005b3740	149	
	005b37e0	193	
	005b38b0	8	
	005b38c0	110	
	005b3930	52	
	005b3970	1	
	005b3980	103	
	005b39f0	74	
	005b3a40	38	
	005b3a70	161	
	005b3b20	13	
	005b3b30	74	
	005b3b80	191	
	005b3c40	5	
	005b3c50	97	
	005b3cc0	240	
	005b3db0	112	
	005b3e20	188	
	005b3ee0	105	
005b3ee0	005b3f50	690	
	005b4210	50	
	005b4250	52	
	005b4290	28	
	005b42b0	189	
	005b4370	79	
005b46a0	005b43c0	711	
	005b46a0	75	
	005b4710	231	
	005b4800	33	
	005b4830	69	
	005b4880	101	
	005b48f0	55	
	005b4930	269	
005b4930	005b4a40	188	
	005b4b00	329	
005b4b00	005b4c50	74	
	005b4ca0	168	
	005b4d50	56	
	005b4d90	164	
	005b4e40	54	
	005b4e80	13	
	005b4e90	59	
	005b4ed0	163	
	005b4f80	747	
	005b5270	269	
005b5270	005b5380	472	
	005b5560	777	
	005b5870	585	
	005b5ac0	218	
	005b5ba0	585	
	005b5df0	175	
	005b5ea0	306	
	005b5fe0	150	
	005b6080	255	
	005b6180	151	
	005b6220	537	
	005b6580	129	
	005b6610	45	
005b6610	005b6640	202	
	005b6710	39	
	005b6740	102	
	005b67b0	25	
	005b67d0	106	
005b67d0	005b6840	185	
	005b6900	151	
	005b69a0	177	
	005b6a60	188	
	005b6b20	99	
	005b6b90	99	
	005b6c00	402	
	005b6da0	130	
	005b6e30	133	
	005b6ec0	283	
	005b6fe0	297	
	005b7110	254	
	005b7210	56	
	005b7250	300	
	005b7380	53	
	005b73c0	25	
	005b73e0	20	
	005b7400	20	
	005b7420	125	
	005b74a0	526	
	005b76d0	120	
	005b7750	418	
	005b7900	319	
	005b7a40	28	
	005b7a60	45	
	005b7a90	52	
	005b7ad0	27	
	005b7af0	30	
	005b7b10	277	
	005b7c30	93	
005b7c30	005b7c90	104	
005b7c30	005b7d00	30	
	005b7d20	37	
	005b7d50	163	
	005b7ed0	143	
	005b7f60	130	
	005b7ff0	56	
	005b8030	11	
	005b8040	67	
	005b8090	93	
005b8090	005b80f0	118	
005b8170	005b7e00	201	
	005b8170	178	
	005b8230	13	
	005b8240	121	
	005b82c0	78	
	005b8310	166	
	005b83c0	12	
	005b83d0	18	
	005b83f0	70	
	005b8440	32	
	005b8460	21	
	005b8480	10	
	005b8490	10	
	005b84a0	10	
	005b84b0	10	
	005b84c0	7	
	005b84d0	16	
	005b84e0	3	
	005b84f0	1	
	005b8500	169	
	005b85b0	334	
	005b8700	212	
	005b87e0	45	
005b87e0	005b8810	114	
	005b8890	106	
	005b8900	299	
	005b8a30	31	
	005b8a50	104	
	005b8ac0	219	
	005b8ba0	74	
	005b8bf0	12	
	005b8c00	266	
005b8c00	005b8d10	294	
	005b8e40	3	
	005b8e50	476	
	005b9030	106	
005b9030	005b90a0	264	
	005b91b0	109	
005b91b0	005b9220	214	
	005b9300	56	
005b9300	005b9340	554	
005b9300	005b9570	932	
	005b9920	67	
	005b9970	323	
	005b9ac0	376	
005b9ac0	005b9c40	136	
005b9ac0	005b9cd0	160	
	005b9d70	287	
	005b9e90	207	
	005b9f60	74	
005b9f60	005b9fb0	47	
	005b9fe0	173	
005b9fe0	005ba090	285	
005b9fe0	005ba1b0	572	
	005ba3f0	333	
	005ba540	60	
	005ba580	74	
005ba580	005ba5d0	54	
	005ba610	153	
005ba610	005ba6b0	369	
	005ba830	558	
	005baa60	228	
	005bab50	205	
005bab50	005bac20	344	
005bab50	005bad80	117	
005bab50	005bae00	322	
	005baf50	596	
	005bb1b0	111	
	005bb220	908	
	005bb5d0	58	
005bb5d0	005bb610	65	
	005bb660	118	
	005bb6e0	159	
	005bb780	148	
	005bb820	222	
	005bb900	135	
	005bb990	22	
	005bb9b0	227	
	005bbaa0	13	
	005bbab0	13	
	005bbac0	253	
	005bbbc0	90	
	005bbc20	115	
	005bbca0	185	
	005bbd60	298	
	005bbe90	137	
005bbe90	005bbf20	333	
	005bc070	201	
	005bc140	292	
	005bc270	124	
	005bc2f0	32	
	005bc310	97	
	005bc380	330	
	005bc4d0	1	
	005bc4e0	384	
	005bc680	201	
	005bc750	17	
	005bc770	192	
	005bc830	43	
	005bc860	328	
	005bc9b0	556	
	005bcbe0	123	
	005bcc60	120	
	005bcce0	44	
	005bcd10	36	
	005bcd40	234	
005bcd40	005bce30	767	
	005bd130	310	
	005bd270	381	
	005bd3f0	132	
	005bd480	454	
	005bd650	356	
	005bd7c0	275	
	005bd8e0	198	
	005bd9b0	121	
005bd9b0	005bda30	584	
	005bdc80	154	
	005bdd20	32	
	005bdd40	1	
	005bdd50	234	
005bdd50	005bde40	31	
	005bde60	11	
	005bde70	291	
	005bdfa0	45	
005bdfa0	005bdfd0	93	
005bdfa0	005be030	92	
	005be090	23	
	005be0b0	21	
	005be0d0	359	
	005be240	323	
	005be390	52	
005be390	005be3d0	50	
	005be410	81	
	005be470	155	
	005be510	164	
	005be5c0	122	
005be5c0	005be640	168	
	005be6f0	283	
	005be810	73	
005be810	005be860	151	
005be810	005be900	195	
	005be9d0	63	
	005bea10	219	
	005beaf0	1	
	005beb00	13	
	005beb10	138	
	005beba0	154	
	005bec40	61	
	005bec80	128	
	005bed00	74	
	005bed50	569	
	005bef90	439	
	005bf150	266	
005bf150	005bf260	88	
005bf150	005bf2c0	162	
	005bf370	157	
	005bf410	251	
	005bf510	297	
005bf510	005bf640	197	
	005bf710	30	
	005bf730	192	
	005bf7f0	30	
	005bf810	383	
	005bf990	106	
005bf990	005bfa00	31	
	005bfa20	290	
	005bfb50	119	
	005bfbd0	73	
005bfbd0	005bfc20	141	
	005bfcb0	204	
	005bfd80	280	
005bfd80	005bfea0	109	
005bfd80	005bff10	191	
	005bffd0	226	
	005c00c0	371	
	005c0240	56	
	005c0280	46	
	005c02b0	203	
	005c0380	23	
	005c03a0	43	
	005c03d0	40	
	005c0400	112	
	005c0470	149	
	005c0510	105	
005c0510	005c0580	215	
	005c0660	461	
	005c0830	182	
	005c08f0	526	
	005c0b00	59	
	005c0b40	223	
	005c0c20	376	
	005c0da0	53	
	005c0de0	845	
005c0de0	005c1130	56	
	005c1170	157	
005c1170	005c1210	570	
005c1170	005c1450	489	
	005c1640	135	
005c1640	005c16d0	1897	
	005c1e40	115	
005c1e40	005c1ec0	20	
	005c1ee0	61	
	005c1f20	13	
005c1f20	005c1f30	28	
	005c1f50	408	
	005c20f0	475	
	005c22d0	315	
	005c2410	106	
005c2410	005c2480	67	
	005c24d0	1	
	005c24e0	90	
	005c2540	133	
	005c25d0	286	
	005c26f0	66	
	005c2740	93	
005c2740	005c27a0	76	
	005c27f0	197	
	005c28c0	646	
	005c2b50	109	
005c2b50	005c2bc0	270	
	005c2cd0	377	
	005c2e50	200	
	005c2f20	284	
	005c3040	161	
	005c30f0	351	
	005c3250	92	
	005c32b0	143	
	005c3340	1	
	005c3350	481	
	005c3560	429	
	005c3710	949	
	005c3ad0	233	
	005c3bc0	330	
005c3bc0	005c3d10	111	
	005c3d80	387	
	005c3f10	34	
	005c3f40	106	
	005c3fb0	178	
	005c4070	685	
005c4070	005c4320	2582	
	005c4d40	2442	
	005c56d0	4366	
	005c67e0	58	
005c67e0	005c6820	1634	
	005c6e90	439	
	005c7050	55	
	005c7090	26	
005c7090	005c70b0	390	
005c7090	005c7240	398	
	005c73d0	26	
005c73d0	005c73f0	484	
	005c75e0	13	
005c75e0	005c75f0	532	
	005c7810	6	
	005c7820	17	
	005c7831	173	
005c7831	005c78e9	28	
	005c78e1	8	
	005c7905	283	
	005c7a23	8	
	005c7a2b	10	
	005c7a35	10	
	005c7a3f	10	
	005c7a49	10	
	005c7a53	10	
	005c7a5d	10	
	005c7a67	10	
	005c7a71	10	
	005c7a7b	10	
	005c7a85	10	
	005c7a8f	10	
	005c7a99	10	
	005c7aa3	10	
	005c7aad	10	
	005c7ab7	10	
	005c7ac1	10	
	005c7acb	10	
	005c7ad5	10	
	005c7adf	10	
	005c7ae9	10	
	005c7af3	10	
	005c7afd	10	
	005c7b07	10	
	005c7b11	10	
	005c7b1b	10	
	005c7b25	10	
	005c7b2f	10	
	005c7b39	10	
	005c7b43	10	
	005c7b4d	10	
	005c7b57	10	
	005c7b61	10	
	005c7b6b	10	
	005c7b75	10	
	005c7b7f	10	
	005c7b89	8	
	005c7b91	10	
	005c7b9b	10	
	005c7ba5	10	
	005c7baf	10	
	005c7bb9	10	
	005c7bc3	8	
	005c7bcb	10	
	005c7bd5	10	
	005c7bdf	10	
	005c7be9	10	
	005c7bf3	8	
	005c7bfb	10	
	005c7c05	10	
	005c7c0f	10	
	005c7c19	10	
	005c7c23	10	
	005c7c2d	10	
	005c7c37	10	
	005c7c41	10	
	005c7c4b	10	
	005c7c55	10	
	005c7c5f	10	
	005c7c69	10	
	005c7c73	10	
	005c7c7d	10	
	005c7c87	10	
	005c7c91	10	
	005c7c9b	10	
	005c7ca5	10	
	005c7caf	10	
	005c7cb9	10	
	005c7cc3	10	
	005c7ccd	10	
	005c7cd7	10	
	005c7ce1	10	
	005c7ceb	10	
	005c7cf5	10	
	005c7cff	10	
	005c7d09	10	
	005c7d13	10	
	005c7d1d	10	
	005c7d27	10	
	005c7d31	10	
	005c7d3b	10	
	005c7d45	10	
	005c7d4f	10	
	005c7d59	10	
	005c7d63	10	
	005c7d6d	10	
	005c7d77	10	
	005c7d81	8	
	005c7d89	11	
	005c7d94	11	
	005c7d9f	11	
	005c7daa	11	
	005c7db5	11	
	005c7dc0	11	
	005c7dcb	11	
	005c7dd6	10	
	005c7de0	8	
	005c7de8	11	
	005c7df3	11	
	005c7dfe	11	
	005c7e09	11	
	005c7e14	11	
	005c7e1f	11	
	005c7e2a	11	
	005c7e35	10	
	005c7e3f	10	
	005c7e49	10	
	005c7e53	10	
	005c7e5d	10	
	005c7e67	10	
	005c7e80	42	
	005c7eb0	12	
	005c7ec0	10	
	005c7ed0	1	
	005c7ee0	1	
