function	start	bytes	lengths
	00401000	49	
	00401040	5	
	00401050	19	
	00401070	5	
	00401080	19	
	004010a0	118	
	00401120	5	
	00401130	11	
	00401140	42	
	00401170	10	
	00401180	39	
	004011b0	3	
	004011c0	12	
	004011d0	8	
	004011e0	5	
	004011f0	1	
	00401200	1	
	00401210	32	
	00401230	3	
	00401240	7	
	00401250	7	
	00401260	7	
	00401270	18	
	00401290	5	
	004012a0	4	
	004012a4	12	
	004012b0	4	
	004012b4	12	
	004012c0	4	
	004012d0	12	
	004012e0	51	
	00401320	35	
	00401350	163	
	00401400	5	
	00401410	8	
	00401420	8	
	00401430	16	
	00401440	5	
	00401450	6	
	00401460	8	
	00401470	4	
	00401480	11	
	00401490	3	
	004014a0	3	
	004014b0	3	
	004014c0	5	
	004014d0	30	
	004014f0	4	
	00401500	8	
	00401510	5	
	00401520	3	
	00401530	6	
	00401540	3	
	00401550	3	
	00401560	30	
	00401580	5	
	00401590	27	
	004015b0	1	
	004015c0	1	
	004015d0	5	
	004015e0	18	
	00401600	16	
	00401610	6	
	00401620	4	
	00401630	4	
	00401640	3	
	00401650	12	
	00401660	23	
	00401680	1	
	00401690	13	
	004016a0	30	
	004016c0	39	
	004016f0	3	
	00401700	7	
	00401710	6	
	00401720	6	
	00401730	7	
	00401740	6	
	00401750	6	
	00401760	6	
	00401770	20	
	00401790	6	
	004017a0	6	
	004017b0	6	
	004017c0	35	
	004017f0	9	
	004017f9	7	
	00401800	1	
	00401808	8	
	00401810	11	
	00401820	3	
	00401830	5	
	00401840	5	
	00401850	7	
	00401860	3	
	00401870	9	
	00401879	7	
	00401880	5	
	00401890	5	
	004018a0	3	
	004018b0	3	
	004018c0	5	
	004018d0	3	
	004018e0	3	
	004018f0	3	
	00401900	3	
	00401910	3	
	00401920	6	
	00401930	5	
	00401940	26	
	00401960	30	
	00401980	10	
	00401990	6	
	004019a0	3	
	004019b0	3	
	004019c0	3	
	004019d0	7	
	004019e0	3	
	004019f0	30	
	00401a10	13	
	00401a20	3	
	00401a30	14	
	00401a40	9	
	00401a50	5	
	00401a60	5	
	00401a70	5	
	00401a80	5	
	00401a90	5	
	00401aa0	6	
	00401ab0	3	
	00401ac0	6	
	00401ad0	3	
	00401ae0	3	
	00401af0	3	
	00401b00	3	
	00401b10	3	
	00401b20	3	
	00401b30	3	
	00401b40	3	
	00401b50	3	
	00401b60	3	
	00401b70	3	
	00401b80	3	
	00401b90	3	
	00401ba0	3	
	00401bb0	30	
	00401bd0	5	
	00401be0	5	
	00401bf0	5	
	00401c00	5	
	00401c10	53	
	00401c50	5	
	00401c60	5	
	00401c70	5	
	00401c80	21	
	00401ca0	5	
	00401cb0	5	
	00401cc0	5	
	00401cd0	5	
	00401ce0	5	
	00401cf0	5	
	00401d00	5	
	00401d10	5	
	00401d20	5	
	00401d30	5	
	00401d40	5	
	00401d50	5	
	00401d60	5	
	00401d70	5	
	00401d80	5	
	00401d90	5	
	00401da0	5	
	00401db0	5	
	00401dc0	5	
	00401dd0	5	
	00401de0	5	
	00401df0	5	
	00401e00	3	
	00401e10	3	
	00401e20	5	
	00401e30	5	
	00401e40	5	
	00401e50	5	
	00401e60	5	
	00401e70	5	
	00401e80	5	
	00401e90	5	
	00401ea0	5	
	00401eb0	5	
	00401ec0	5	
	00401ed0	5	
	00401ee0	5	
	00401ef0	5	
	00401f00	5	
	00401f10	64	
	00401f50	11	
	00401f60	49	
	00401fa0	5	
	00401fb0	5	
	00401fc0	5	
	00401fd0	5	
	00401fe0	5	
	00401ff0	5	
	00402000	5	
	00402010	5	
	00402020	5	
	00402030	5	
	00402040	5	
	00402050	5	
	00402060	5	
	00402070	5	
	00402080	5	
	00402090	5	
	004020a0	5	
	004020b0	5	
	004020c0	5	
	004020d0	5	
	004020e0	5	
	004020f0	5	
	00402100	11	
	00402110	3	
	00402120	3	
	00402130	5	
	00402140	5	
	00402150	5	
	00402160	3	
	00402170	3	
	00402180	3	
	00402190	3	
	004021a0	3	
	004021b0	3	
	004021c0	3	
	004021d0	3	
	004021e0	3	
	004021f0	3	
	00402200	7	
	00402210	7	
	00402220	7	
	00402230	3	
	00402240	33	
	00402270	3	
	00402280	13	
	00402290	3	
	004022a0	3	
	004022b0	3	
	004022c0	3	
	004022d0	3	
	004022e0	3	
	004022f0	3	
	00402300	3	
	00402310	3	
	00402320	3	
	00402330	3	
	00402340	3	
	00402350	3	
	00402360	3	
	00402370	3	
	00402380	3	
	00402390	3	
	004023a0	3	
	004023b0	3	
	004023c0	3	
	004023d0	3	
	004023e0	3	
	004023f0	3	
	00402400	3	
	00402410	3	
	00402420	3	
	00402430	3	
	00402440	3	
	00402450	3	
	00402460	3	
	00402470	3	
	00402480	3	
	00402490	3	
	004024a0	3	
	004024b0	7	
	004024c0	3	
	004024d0	7	
	004024e0	1	
	004024f0	7	
	00402500	4	
	00402510	7	
	00402520	4	
	00402530	10	
	00402540	1	
	00402550	6	
	00402560	5	
	00402570	3	
	00402580	4	
	00402590	7	
	004025a0	7	
	004025b0	6	
	004025c0	3	
	004025d0	3	
	004025e0	3	
	004025f0	3	
	00402600	4	
	00402610	46	
	00402640	3	
	00402650	8	
	00402660	11	
	00402670	3	
	00402680	3	
	00402690	3	
	004026a0	3	
	004026b0	18	
	004026d0	37	
	00402700	8	
	00402710	25	
	00402730	3	
	00402740	3	
	00402750	4	
	00402760	3	
	00402770	3	
	00402780	3	
	00402790	3	
	004027a0	13	
	004027b0	1	
	004027c0	13	
	004027d0	6	
	004027e0	6	
	004027f0	8	
	00402800	6	
	00402810	6	
	00402820	6	
	00402830	8	
	00402840	6	
	00402850	6	
	00402860	3	
	00402870	5	
	00402880	5	
	00402890	8	
	004028a0	6	
	004028b0	5	
	004028c0	5	
	004028d0	5	
	004028e0	5	
	004028f0	5	
	00402900	8	
	00402910	3	
	00402920	3	
	00402930	3	
	00402940	5	
	00402950	8	
	00402960	5	
	00402970	8	
	00402980	5	
	00402990	5	
	004029a0	8	
	004029b0	8	
	004029c0	5	
	004029d0	8	
	004029e0	8	
	004029f0	6	
	00402a00	3	
	00402a10	3	
	00402a20	10	
	00402a30	8	
	00402a40	32	
	00402a60	12	
	00402a70	5	
	00402a80	8	
	00402a90	8	
	00402aa0	8	
	00402ab0	3	
	00402ac0	3	
	00402ad0	3	
	00402ae0	3	
	00402af0	3	
	00402b00	7	
	00402b10	26	
	00402b30	3	
	00402b40	7	
	00402b50	4	
	00402b60	81	
	00402bc0	72	
	00402c10	69	
	00402c60	80	
	00402cb0	31	
	00402cd0	18	
	00402cf0	200	
	00402dc0	3	
	00402dd0	65	
	00402e20	631	
	00403130	81	
	00403190	98	
	00403200	761	
	00403500	43	
	00403530	60	
	00403570	27	
	00403590	416	
	00403730	15	
	00403740	35	
	00403770	99	
	004037e0	255	
	004038e0	328	
	00403a30	341	
	00403b90	18	
	00403bb0	39	
	00403be0	105	
	00403c50	206	
	00403d20	210	
	00403e00	223	
	00403ee0	5	
	00403ef0	15	
	00403f00	5	
	00403f10	5	
	00403f20	21	
	00403f40	58	
	00403f80	213	
	0040405a	6	
	00404060	445	
	00404220	273	
	00404340	244	
	00404440	220	
	00404520	63	
	00404560	30	
	00404580	67	
	004045d0	36	
	00404600	36	
	00404630	44	
	00404660	20	
	00404680	20	
	004046a0	3	
	004046b0	10	
	004046c0	89	
	00404720	134	
	004047b0	36	
	004047e0	379	
	00404960	309	
	00404aa0	8	
	00404ab0	96	
	00404b10	39	
	00404b40	371	
	00404cc0	100	
	00404d30	14	
	00404d40	18	
	00404d60	35	
	00404d90	94	
	00404df0	273	
	00404f10	80	
	00404f60	182	
	00405020	20	
	00405040	14	
	00405050	33	
	00405080	49	
	004050c0	4	
	004050d0	10	
	004050e0	4	
	004050f0	6	
	00405100	6	
	00405110	32	
	00405130	7	
	00405140	7	
	00405150	7	
	00405160	3	
	00405170	3	
	00405180	5	
	00405190	5	
	004051a0	5	
	004051b0	5	
	004051c0	5	
	004051d0	5	
	004051e0	3	
	004051f0	3	
	00405200	5	
	00405210	7	
	00405220	3	
	00405230	3	
	00405240	5	
	00405250	1	
	00405260	30	
	00405280	6	
	00405290	3	
	004052a0	7	
	004052b0	3	
	004052c0	9	
	004052d0	3	
	004052e0	3	
	004052f0	3	
	00405300	9	
	00405310	3	
	00405320	3	
	00405330	3	
	00405340	5	
	00405350	5	
	00405360	5	
	00405370	5	
	00405380	5	
	00405390	5	
	004053a0	5	
	004053b0	5	
	004053c0	5	
	004053d0	5	
	004053e0	5	
	004053f0	5	
	00405400	5	
	00405410	5	
	00405420	5	
	00405430	5	
	00405440	5	
	00405450	5	
	00405460	5	
	00405470	5	
	00405480	5	
	00405490	5	
	004054a0	5	
	004054b0	5	
	004054c0	5	
	004054d0	5	
	004054e0	6	
	004054f0	7	
	00405500	7	
	00405510	33	
	00405540	3	
	00405550	3	
	00405560	3	
	00405570	3	
	00405580	32	
	004055a0	22	
	004055c0	60	
	00405600	88	
	00405660	77	
	004056b0	32	
	004056d0	4	
	004056e0	10	
	004056f0	24	
	00405710	83	
	00405770	121	
	004057f0	64	
	00405830	46	
	00405860	46	
	00405890	97	
	00405900	6	
	00405910	6	
	00405920	35	
	00405950	48	
	00405980	67	
	004059d0	26	
	004059f0	104	
	00405a60	7	
	00405a70	182	
	00405b30	60	
	00405b70	57	
	00405bb0	453	
	00405d80	6	
	00405d90	320	
	00405ed0	108	
	00405f40	13	
	00405f50	32	
	00405f70	37	
	00405fa0	7	
	00405fb0	7	
	00405fc0	48	
	00405ff0	83	
	004060c0	85	
	004061a0	25	
	004061c0	23	
	004061e0	12	
	004061f0	10	
	00406200	38	
	00406230	3	
	00406240	991	
	00406620	24	
	00406640	441	
	00406800	3	
	00406810	6	
	00406820	8	
	00406830	313	
	00406970	76	
	004069c0	66	
	00406a10	769	
	00406d20	767	
	00407020	46	
	00407050	60	
	00407090	61	
	004070d0	19	
	004070f0	118	
	00407170	137	
	00407200	37	
	00407230	71	
	00407280	8	
	00407290	10	
	004072a0	53	
	004072e0	218	
	004073c0	47	
	004073f0	41	
	00407420	116	
	004074a0	160	
	00407540	112	
	004075b0	99	
	00407620	150	
	004076c0	55	
	00407700	68	
	00407750	68	
	004077a0	68	
	004077f0	76	
	00407840	25	
	00407860	12	
	00407870	1	
	00407880	5	
	00407890	23	
	004078b0	5	
	004078c0	11	
	004078d0	5	
	004078e0	11	
	004078f0	5	
	00407900	11	
	00407910	5	
	00407920	11	
	00407930	5	
	00407940	11	
	00407950	5	
	00407960	11	
	00407970	5	
	00407980	23	
	004079a0	5	
	004079b0	1	
	004079c0	49	
	00407a00	15	
	00407a10	15	
	00407a20	6	
	00407a30	816	
	00407d60	367	
	00407ed0	6	
	00407ee0	6	
	00407ef0	111	
	00407f60	410	
	00408100	95	
	00408160	53	
	004081a0	152	
	00408240	175	
	004082f0	74	
	00408340	3126	
	00408f80	233	
	00409070	196	
	00409140	47	
	00409170	3	
	00409180	131	
	00409210	56	
	00409250	157	
	004092f0	13	
	00409300	13	
	00409310	41	
	00409340	3	
	00409350	3	
	00409360	3	
	00409370	3	
	00409380	3	
	00409390	3	
	004093a0	30	
	004093c0	109	
	00409430	852	
	004097a0	263	
	004098b0	72	
	00409900	13	
	00409910	13	
	00409920	27	
	00409940	30	
	00409960	186	
	00409a40	426	
	00409bf0	83	
	00409c50	30	
	00409c70	227	
	00409d60	43	
	00409d90	52	
	00409dd0	213	
	00409eb0	572	
	0040a110	500	
	0040a310	76	
	0040a360	3	
	0040a370	123	
	0040a3f0	93	
	0040a450	206	
	0040a520	22	
	0040a540	113	
	0040a5c0	1320	
	0040aaf0	616	
	0040ad60	270	
	0040ae70	354	
	0040afe0	32	
	0040b000	80	
	0040b050	968	
	0040b420	125	
	0040b4a0	30	
	0040b4c0	111	
	0040b530	33	
	0040b560	135	
	0040b5f0	1269	
	0040baf0	1203	
	0040c090	185	
	0040c150	29	
	0040c170	43	
	0040c1a0	127	
	0040c220	736	
	0040c500	93	
	0040c560	30	
	0040c580	2065	
	0040cda0	261	
	0040ceb0	930	
	0040d260	140	
	0040d2f0	27	
	0040d310	75	
	0040d360	30	
	0040d380	11	
	0040d38b	16	
	0040d39b	16	
	0040d3ab	16	
	0040d3c0	1491	
	0040d9a0	133	
	0040da30	113	
	0040dab0	2646	
	0040e510	109	
	0040e580	27	
	0040e5a0	28	
	0040e5c0	30	
	0040e5e0	112	
	0040e650	209	
	0040e730	191	
	0040e7f0	83	
	0040e850	83	
	0040e8b0	1605	
	0040ef00	102	
	0040ef70	27	
	0040ef90	30	
	0040efb0	499	
	0040f1b0	207	
	0040f280	127	
	0040f300	77	
	0040f350	77	
	0040f3a0	562	
	0040f5e0	132	
	0040f670	27	
	0040f690	30	
	0040f6b0	393	
	0040f840	449	
	0040fa10	3	
	0040fa20	2982	
	004105d0	286	
	004106f0	27	
	00410710	3	
	00410720	30	
	00410740	171	
	004107f0	13	
	00410800	13	
	00410810	101	
	00410880	569	
	00410ac0	104	
	00410b30	27	
	00410b50	3	
	00410b60	30	
	00410b80	911	
	00410f10	121	
	00410f90	132	
	00411020	45	
	00411050	27	
	00411070	30	
	00411090	100	
	00411100	71	
	00411150	54	
	00411190	1220	
	00411670	30	
	00411690	133	
	00411720	46	
	00411750	606	
	004119b0	399	
	00411b40	228	
	00411c30	252	
	00411d30	145	
	00411dd0	160	
	00411e70	152	
	00411f10	167	
	00411fc0	111	
	00412030	102	
	004120a0	74	
	004120f0	88	
	00412150	1039	
	004125a0	928	
	00412940	54	
	00412980	1313	
	00412eb0	1036	
	004132c0	149	
	00413360	1534	
	00413960	689	
	00413c20	963	
	00413ff0	25	
	00414010	12	
	00414020	5	
	00414030	19	
	00414050	5	
	00414060	11	
	00414070	10	
	00414080	37	
	004140b0	3	
	004140c0	18	
	004140e0	12	
	004140f0	48	
	00414120	32	
	00414140	90	
	004141a0	76	
	004141f0	36	
	00414220	244	
	00414320	51	
	00414360	67	
	004143b0	90	
	00414410	271	
	00414520	117	
	004145a0	92	
	00414600	90	
	00414660	80	
	004146b0	58	
	004146f0	61	
	00414730	56	
	00414770	10	
	00414780	10	
	00414790	12	
	004147a0	31	
	004147c0	82	
	00414820	25	
	00414840	833	
	00414b90	26	
	00414bb0	4	
	00414bc0	4	
	00414bd0	6	
	00414be0	7	
	00414bf0	6	
	00414c00	3	
	00414c10	4	
	00414c20	4	
	00414c30	4	
	00414c40	4	
	00414c50	4	
	00414c60	210	
	00414d40	195	
	00414e10	203	
	00414ee0	190	
	00414fa0	190	
	00415060	167	
	00415110	162	
	004151c0	157	
	00415260	162	
	00415310	162	
	004153c0	187	
	00415480	119	
	00415500	72	
	00415550	88	
	004155b0	75	
	00415600	66	
	00415650	76	
	004156a0	66	
	004156f0	66	
	00415740	66	
	00415790	88	
	004157f0	65	
	00415840	97	
	004158b0	1922	
	00416060	87	
	004160c0	846	
	00416410	740	
	00416700	9	
	00416710	50	
	00416750	646	
	004169e0	134	
	00416a70	131	
	00416b00	122	
	00416b80	59	
	00416bc0	84	
	00416c20	43	
	00416c50	25	
	00416c70	12	
	00416c80	5	
	00416c90	19	
	00416cb0	5	
	00416cc0	11	
	00416cd0	10	
	00416ce0	53	
	00416d20	7	
	00416d30	18	
	00416d50	12	
	00416d60	51	
	00416da0	35	
	00416dd0	10	
	00416de0	39	
	00416e10	18	
	00416e30	12	
	00416e40	51	
	00416e80	35	
	00416eb0	145	
	00416f50	8	
	00416f60	6	
	00416f66	10	
	00416f70	7	
	00416f80	6	
	00416f90	13	
	00416fa0	38	
	00416fd0	3	
	00416fe0	3	
	00416ff0	15	
	00417000	39	
	00417030	6	
	00417040	27	
	00417060	8	
	00417070	15	
	00417080	5	
	00417090	5	
	004170a0	3	
	004170b0	3	
	004170c0	3	
	004170d0	3	
	004170e0	3	
	004170f0	3	
	00417100	3	
	00417110	3	
	00417120	3	
	00417130	3	
	00417140	3	
	00417150	3	
	00417160	3	
	00417170	3	
	00417180	3	
	00417190	3	
	004171a0	3	
	004171b0	3	
	004171c0	3	
	004171d0	3	
	004171e0	5	
	004171f0	5	
	00417200	5	
	00417210	5	
	00417220	5	
	00417230	5	
	00417240	5	
	00417250	5	
	00417260	8	
	00417270	43	
	004172a0	16	
	004172b0	6	
	004172c0	14	
	004172d0	47	
	00417300	1	
	00417310	7	
	00417320	3	
	00417330	6	
	00417340	5	
	00417350	49	
	00417390	43	
	004173c0	6	
	004173d0	5	
	004173e0	46	
	00417410	5	
	00417420	16	
	00417430	16	
	00417440	16	
	00417450	8	
	00417460	6	
	00417470	3	
	00417480	13	
	00417490	7	
	004174a0	5	
	004174b0	5	
	004174c0	3	
	004174d0	3	
	004174e0	3	
	004174f0	3	
	00417500	3	
	00417510	3	
	00417520	3	
	00417530	3	
	00417540	10	
	00417550	17	
	00417570	22	
	00417590	22	
	004175b0	3	
	004175c0	5	
	004175d0	5	
	004175e0	5	
	004175f0	5	
	00417600	5	
	00417610	5	
	00417620	5	
	00417630	5	
	00417640	5	
	00417650	5	
	00417660	5	
	00417670	5	
	00417680	5	
	00417690	5	
	004176a0	5	
	004176b0	5	
	004176c0	5	
	004176d0	5	
	004176e0	5	
	004176f0	5	
	00417700	11	
	00417710	4	
	00417720	4	
	00417730	4	
	00417740	4	
	00417750	4	
	00417760	4	
	00417770	4	
	00417780	4	
	00417790	4	
	004177a0	4	
	004177b0	4	
	004177c0	4	
	004177d0	4	
	004177e0	4	
	004177f0	4	
	00417800	4	
	00417810	8	
	00417820	6	
	00417830	6	
	00417840	6	
	00417850	8	
	00417860	6	
	0041786f	1	
	00417870	8	
	00417880	6	
	00417890	9	
	004178a0	35	
	004178d0	3	
	004178e0	3	
	004178f0	6	
	00417900	182	
	004179c0	35	
	004179f0	73	
	00417a40	224	
	00417b20	53	
	00417b60	24	
	00417b80	23	
	00417ba0	128	
	00417c20	39	
	00417c50	64	
	00417c90	163	
	00417d40	6	
	00417d50	39	
	00417d80	51	
	00417dc0	204	
	00417e90	71	
	00417ee0	184	
	00417fa0	55	
	00417fe0	36	
	00418010	136	
	004180a0	43	
	004180d0	208	
	004181a0	16	
	004181b0	95	
	00418210	16	
	00418220	8	
	00418230	69	
	00418280	68	
	004182d0	67	
	00418320	15	
	00418330	49	
	00418370	72	
	004183c0	132	
	00418450	122	
	004184d0	129	
	00418560	1254	
	00418a50	80	
	00418aa0	484	
	00418c90	48	
	00418cc0	10	
	00418cd0	77	
	00418d20	117	
	00418da0	14	
	00418db0	525	
	00418fc0	6	
	00418fd0	59	
	00419010	268	
	00419120	408	
	004192c0	3	
	004192d0	5	
	004192e0	3	
	004192f0	3	
	00419300	1	
	00419310	6	
	00419320	7	
	00419330	5	
	00419340	139	
	004193d0	8	
	004193e0	172	
	00419490	228	
	00419580	289	
	004196b0	5	
	004196c0	8	
	004196d0	447	
	00419890	3	
	004198a0	3	
	004198b0	154	
	00419950	3	
	00419960	3	
	00419970	3	
	00419980	207	
	00419a50	3	
	00419a60	193	
	00419b30	3	
	00419b40	21	
	00419b60	89	
	00419bc0	94	
	00419c20	228	
	00419d10	226	
	00419e00	463	
	0041a040	87	
	0041a0a0	130	
	0041a130	257	
	0041a240	50	
	0041a280	37	
	0041a2b0	1	
	0041a2c0	71	
	0041a310	93	
	0041a370	112	
	0041a3e0	8	
	0041a3f0	403	
	0041a590	20	
	0041a5b0	171	
	0041a660	42	
	0041a690	252	
	0041a790	288	
	0041a8b0	205	
	0041a980	107	
	0041a9f0	8	
	0041aa00	196	
	0041aad0	215	
	0041abb0	264	
	0041acc0	63	
	0041ad00	3	
	0041ad10	3	
	0041ad20	3	
	0041ad30	3	
	0041ad50	5	
	0041ad60	5	
	0041ad70	891	
	0041b0f0	4	
	0041b100	103	
	0041b170	56	
	0041b1b0	16	
	0041b1c0	11	
	0041b1d0	7	
	0041b1e0	9	
	0041b1f0	1	
	0041b200	6	
	0041b210	257	
	0041b320	63	
	0041b360	191	
	0041b420	16	
	0041b430	27	
	0041b450	6	
	0041b460	674	
	0041b710	650	
	0041b9a0	5	
	0041b9b0	105	
	0041ba20	105	
	0041ba90	15	
	0041baa0	15	
	0041bab0	8	
	0041bac0	8	
	0041bad0	8	
	0041bae0	8	
	0041baf0	11	
	0041bb00	24	
	0041bb20	93	
	0041bb80	3	
	0041bb90	3	
	0041bba0	6	
	0041bbb0	6	
	0041bbc0	5	
	0041bbd0	35	
	0041bc00	6	
	0041bc10	111	
	0041bc80	15	
	0041bc90	77	
	0041bce0	9	
	0041bcf0	25	
	0041bd10	12	
	0041bd20	8	
	0041bd30	27	
	0041bd50	6	
	0041bd60	6	
	0041bd70	6	
	0041bd80	6	
	0041bd90	6	
	0041bda0	6	
	0041bdb0	6	
	0041bdc0	6	
	0041bdd0	6	
	0041bde0	6	
	0041bdf0	6	
	0041be00	6	
	0041be10	6	
	0041be20	6	
	0041be30	6	
	0041be40	6	
	0041be50	6	
	0041be60	6	
	0041be70	6	
	0041be80	6	
	0041be90	6	
	0041bea0	6	
	0041beb0	6	
	0041bec0	27	
	0041bee0	6	
	0041bef0	6	
	0041bf00	6	
	0041bf10	6	
	0041bf20	6	
	0041bf30	27	
	0041bf50	6	
	0041bf60	6	
	0041bf70	6	
	0041bf80	6	
	0041bf90	6	
	0041bfa0	28	
	0041bfc0	6	
	0041bfd0	6	
	0041bfe0	6	
	0041bff0	6	
	0041c000	6	
	0041c010	42	
	0041c040	6	
	0041c050	6	
	0041c060	6	
	0041c070	6	
	0041c080	6	
	0041c090	4	
	0041c0a0	4	
	0041c0b0	4	
	0041c0c0	4	
	0041c0d0	4	
	0041c0e0	46	
	0041c110	6	
	0041c120	6	
	0041c130	6	
	0041c140	6	
	0041c150	6	
	0041c160	6	
	0041c170	6	
	0041c180	6	
	0041c190	6	
	0041c1a0	6	
	0041c200	6	
	0041c210	6	
	0041c220	46	
	0041c250	6	
	0041c260	6	
	0041c270	6	
	0041c280	6	
	0041c290	6	
	0041c2a0	6	
	0041c2b0	6	
	0041c2c0	6	
	0041c2d0	6	
	0041c2e0	6	
	0041c340	6	
	0041c350	6	
	0041c360	49	
	0041c3a0	6	
	0041c3b0	6	
	0041c3c0	6	
	0041c3d0	6	
	0041c3e0	6	
	0041c3f0	6	
	0041c400	6	
	0041c410	6	
	0041c420	6	
	0041c430	6	
	0041c490	6	
	0041c4a0	6	
	0041c4b0	49	
	0041c4f0	6	
	0041c500	6	
	0041c510	6	
	0041c520	6	
	0041c530	6	
	0041c540	6	
	0041c550	6	
	0041c560	6	
	0041c570	6	
	0041c580	6	
	0041c5e0	6	
	0041c5f0	6	
	0041c600	6	
	0041c610	6	
	0041c620	6	
	0041c630	6	
	0041c640	6	
	0041c650	6	
	0041c660	6	
	0041c670	6	
	0041c680	6	
	0041c690	6	
	0041c6a0	6	
	0041c700	6	
	0041c710	6	
	0041c720	29	
	0041c740	28	
	0041c760	36	
	0041c790	18	
	0041c7b0	6	
	0041c7c0	6	
	0041c7d0	6	
	0041c7e0	6	
	0041c7f0	6	
	0041c800	6	
	0041c810	6	
	0041c820	32	
	0041c840	30	
	0041c860	38	
	0041c890	20	
	0041c8b0	6	
	0041c8c0	6	
	0041c8d0	6	
	0041c8e0	6	
	0041c8f0	6	
	0041c950	6	
	0041c960	6	
	0041c970	4	
	0041c980	4	
	0041c990	4	
	0041c9a0	4	
	0041c9b0	4	
	0041c9c0	4	
	0041c9d0	4	
	0041c9e0	4	
	0041c9f0	4	
	0041ca50	4	
	0041ca60	4	
	0041ca70	43	
	0041caa0	28	
	0041cac0	36	
	0041caf0	18	
	0041cb10	6	
	0041cb20	6	
	0041cb30	6	
	0041cb40	6	
	0041cb50	6	
	0041cbb0	6	
	0041cbc0	6	
	0041cbd0	4	
	0041cbe0	4	
	0041cbf0	4	
	0041cc00	4	
	0041cc10	4	
	0041cc20	4	
	0041cc30	4	
	0041cc40	4	
	0041cc50	4	
	0041ccb0	4	
	0041ccc0	4	
	0041ccd0	29	
	0041ccf0	28	
	0041cd10	36	
	0041cd40	18	
	0041cd60	6	
	0041cd70	6	
	0041cd80	6	
	0041cd90	6	
	0041cda0	6	
	0041ce00	6	
	0041ce10	6	
	0041ce20	6	
	0041ce30	6	
	0041ce40	6	
	0041ce50	6	
	0041ce60	6	
	0041ce70	6	
	0041ce80	6	
	0041ce90	6	
	0041cea0	6	
	0041cf00	6	
	0041cf10	6	
	0041cf20	21	
	0041cf40	6	
	0041cf50	6	
	0041cf60	6	
	0041cf70	6	
	0041cf80	6	
	0041cf90	6	
	0041cfa0	6	
	0041cfb0	6	
	0041cfc0	6	
	0041cfd0	6	
	0041d030	6	
	0041d040	6	
	0041d050	25	
	0041d070	12	
	0041d080	5	
	0041d090	19	
	0041d0b0	37	
	0041d0e0	6	
	0041d0f0	6	
	0041d100	6	
	0041d110	8	
	0041d120	35	
	0041d150	94	
	0041d1b0	193	
	0041d280	136	
	0041d310	291	
	0041d440	95	
	0041d4a0	42	
	0041d4d0	93	
	0041d530	6	
	0041d540	6	
	0041d550	35	
	0041d580	93	
	0041d5e0	6	
	0041d5f0	3	
	0041d600	3	
	0041d610	6	
	0041d620	6	
	0041d630	35	
	0041d660	93	
	0041d6c0	6	
	0041d6d0	6	
	0041d6e0	35	
	0041d710	93	
	0041d770	6	
	0041d780	6	
	0041d790	35	
	0041d7c0	93	
	0041d820	6	
	0041d830	3	
	0041d840	3	
	0041d850	6	
	0041d860	6	
	0041d870	35	
	0041d8a0	93	
	0041d900	6	
	0041d910	6	
	0041d920	35	
	0041d950	93	
	0041d9b0	6	
	0041d9c0	6	
	0041d9d0	35	
	0041da00	93	
	0041da60	3	
	0041da70	6	
	0041da80	3	
	0041da90	6	
	0041daa0	6	
	0041dab0	35	
	0041dae0	93	
	0041db40	6	
	0041db50	6	
	0041db60	35	
	0041db90	93	
	0041dbf0	6	
	0041dc00	3	
	0041dc10	3	
	0041dc20	6	
	0041dc30	6	
	0041dc40	35	
	0041dc70	25	
	0041dc90	12	
	0041dca0	5	
	0041dcb0	19	
	0041dcd0	5	
	0041dce0	11	
	0041dcf0	75	
	0041dd40	3	
	0041dd50	1	
	0041dd60	6	
	0041dd70	5	
	0041dd80	6	
	0041dd90	6	
	0041dda0	41	
	0041ddd0	97	
	0041de40	223	
	0041df20	34	
	0041df50	338	
	0041e0b0	127	
	0041e130	44	
	0041e160	171	
	0041e20b	65	
	0041e250	632	
	0041e4d0	289	
	0041e600	167	
	0041e6b0	6	
	0041e6c0	95	
	0041e720	103	
	0041e790	78	
	0041e7e0	10	
	0041e7f0	150	
	0041e890	421	
	0041ea40	81	
	0041eaa0	6	
	0041eab0	3	
	0041eac0	109	
	0041eb30	3	
	0041eb40	6	
	0041eb50	6	
	0041eb60	41	
	0041eb90	100	
	0041ec00	6	
	0041ec10	6	
	0041ec20	41	
	0041ec50	100	
	0041ecc0	6	
	0041ecd0	6	
	0041ece0	41	
	0041ed10	100	
	0041ed80	6	
	0041ed90	6	
	0041eda0	41	
	0041edd0	100	
	0041ee40	6	
	0041ee50	6	
	0041ee60	41	
	0041ee90	100	
	0041ef00	6	
	0041ef10	6	
	0041ef20	8	
	0041ef30	41	
	0041ef60	122	
	0041efe0	6	
	0041eff0	6	
	0041f000	8	
	0041f010	41	
	0041f08e	18	
	0041f0b0	6	
	0041f0c0	6	
	0041f0d0	8	
	0041f0e0	41	
	0041f110	19	
	0041f130	19	
	0041f150	52	
	0041f190	29	
	0041f1b0	134	
	0041f240	31	
	0041f260	7	
	0041f270	9	
	0041f280	80	
	0041f2d0	7	
	0041f2e0	9	
	0041f2f0	461	
	0041f4c0	255	
	0041f5c0	92	
	0041f620	6	
	0041f630	80	
	0041f680	445	
	0041f840	652	
	0041fad0	98	
	0041fb40	98	
	0041fbb0	25	
	0041fbd0	12	
	0041fbe0	5	
	0041fbf0	19	
	0041fc10	90	
	0041fc70	8	
	0041fc80	6	
	0041fc90	6	
	0041fca0	35	
	0041fcd0	25	
	0041fcf0	12	
	0041fd00	5	
	0041fd10	19	
	0041fd30	58	
	0041fd70	6	
	0041fd80	6	
	0041fd90	35	
	0041fdc0	27	
	0041fde0	91	
	0041fe40	44	
	0041fe70	195	
	0041ff40	199	
	00420010	36	
	0042003c	4	
	00420040	93	
	004200a0	3	
	004200b0	3	
	004200c0	6	
	004200d0	6	
	004200e0	5	
	004200f0	35	
	00420120	6	
	00420130	25	
	00420150	12	
	00420160	5	
	00420170	19	
	00420190	25	
	004201b0	12	
	004201c0	5	
	004201d0	19	
	004201f0	421	
	004203a0	8	
	004203b0	8	
	004203c0	77	
	00420410	34	
	00420440	21	
	00420460	21	
	00420480	21	
	004204a0	166	
	00420550	570	
	00420790	25	
	004207b0	12	
	004207c0	5	
	004207d0	19	
	004207f0	174	
	004208a0	7	
	004208b0	13	
	004208c0	6	
	004208d0	6	
	004208e0	35	
	00420910	31	
	00420930	110	
	004209a0	13	
	004209b0	3	
	004209c0	64	
	00420a00	11	
	00420a10	11	
	00420a20	461	
	00420bf0	255	
	00420cf0	92	
	00420d50	6	
	00420d60	175	
	00420e10	220	
	00420ef0	7	
	00420f00	46	
	00420f30	28	
	00420f50	321	
	004210a0	6	
	004210b0	288	
	004211d0	296	
	00421300	85	
	00421360	25	
	00421380	12	
	00421390	5	
	004213a0	19	
	004213c0	90	
	00421420	6	
	00421430	6	
	00421440	35	
	00421470	303	
	004215a0	25	
	004215c0	12	
	004215d0	5	
	004215e0	19	
	00421600	90	
	00421660	6	
	00421670	6	
	00421680	35	
	004216b0	115	
	00421730	516	
	00421950	125	
	004219e0	617	
	00421c50	5	
	00421c80	93	
	00421ce0	5	
	00421cf0	93	
	00421d50	3	
	00421d60	3	
	00421d70	6	
	00421d80	6	
	00421d90	5	
	00421da0	35	
	00421dd0	6	
	00421de0	25	
	00421e00	12	
	00421e10	5	
	00421e20	19	
	00421e40	10	
	00421e50	39	
	00421e80	6	
	00421e90	4	
	00421ea0	7	
	00421eb0	18	
	00421ed0	12	
	00421ee0	51	
	00421f20	35	
	00421f50	138	
	00421fe0	20	
	00422000	7	
	00422010	7	
	00422020	3	
	00422030	7	
	00422040	3	
	00422050	3	
	00422060	6	
	00422070	5	
	00422080	5	
	00422090	3	
	004220a0	3	
	004220b0	3	
	004220c0	3	
	004220d0	8	
	004220e0	6	
	004220f0	30	
	00422110	39	
	00422140	6	
	00422150	43	
	00422180	6	
	00422190	6	
	004221a0	35	
	004221d0	3	
	004221e0	44	
	00422210	61	
	00422250	133	
	00422300	640	
	00422580	31	
	004225a0	87	
	00422600	65	
	00422650	247	
	00422750	18	
	00422770	782	
	00422aa0	278	
	00422bc0	254	
	00422cc0	10	
	00422cd0	115	
	00422d50	145	
	00422df0	53	
	00422e30	62	
	00422e70	6	
	00422e80	6	
	00422e90	38	
	00422ec0	8	
	00422ed0	499	
	004230d0	53	
	00423110	25	
	00423130	12	
	00423140	584	
	00423390	18	
	004233b0	5	
	004233c0	19	
	004233e0	5	
	004233f0	11	
	00423400	296	
	00423540	481	
	00423730	57	
	00423770	46	
	004237a0	46	
	004237d0	25	
	004237f0	54	
	00423830	21	
	00423850	429	
	00423a80	20	
	00423aa0	27	
	00423ac0	6	
	00423ad0	92	
	00423b30	70	
	00423b80	70	
	00423bd0	114	
	00423c50	6	
	00423c60	6	
	00423c70	6	
	00423c80	153	
	00423d20	114	
	00423da0	114	
	00423e20	130	
	00423eb0	166	
	00423f60	49	
	00423fa0	38	
	00423fd0	106	
	0042403a	12	
	00424050	34	
	00424080	52	
	004240c0	49	
	00424100	125	
	004241b0	68	
	00424210	105	
	00424290	19	
	004242b0	80	
	00424300	19	
	00424320	34	
	00424350	19	
	00424370	34	
	004243a0	53	
	004243e0	98	
	00424442	14	
	00424450	25	
	00424470	12	
	00424480	5	
	00424490	19	
	004244b0	5	
	004244c0	11	
	004244d0	89	
	00424530	17	
	00424550	241	
	00424650	136	
	004246e0	10	
	004246f0	142	
	00424780	4	
	00424790	6	
	004247a0	6	
	004247b0	6	
	004247c0	32	
	004247e0	7	
	004247f0	3	
	00424800	32	
	00424820	67	
	00424870	86	
	004248d0	139	
	00424960	126	
	004249e0	164	
	00424ab0	163	
	00424b60	19	
	00424b80	53	
	00424bc0	211	
	00424ca0	53	
	00424ce0	48	
	00424d10	32	
	00424d30	81	
	00424d90	110	
	00424e00	106	
	00424e70	320	
	00424fb0	136	
	00425040	27	
	00425060	35	
	00425090	5	
	004250a0	34	
	004250d0	249	
	004251d0	243	
	004252d0	32	
	004252f0	8	
	00425300	8	
	00425310	5	
	00425320	6	
	00425330	6	
	00425340	3	
	00425345	11	
	00425350	32	
	00425370	156	
	00425410	11	
	00425420	245	
	00425520	18	
	00425540	183	
	00425600	72	
	00425650	11	
	00425660	81	
	004256c0	1	
	004256d0	5	
	004256e0	236	
	004257d0	232	
	004258c0	25	
	004258e0	12	
	004258f0	10	
	00425900	23	
	00425920	7	
	00425930	18	
	00425950	12	
	00425960	31	
	00425980	35	
	004259b0	328	
	00425b00	8	
	00425b10	4	
	00425b20	4	
	00425b30	16	
	00425b40	8	
	00425b50	3	
	00425b60	6	
	00425b70	22	
	00425b90	8	
	00425ba0	8	
	00425bb0	8	
	00425bc0	6	
	00425bd0	6	
	00425be0	6	
	00425bf0	8	
	00425c00	32	
	00425c20	25	
	00425c40	12	
	00425c50	3	
	00425c60	5	
	00425c70	5	
	00425c80	19	
	00425ca0	5	
	00425cb0	31	
	00425cd0	5	
	00425ce0	19	
	00425d00	51	
	00425d40	4	
	00425d50	10	
	00425d60	4	
	00425d70	6	
	00425d80	32	
	00425da0	6	
	00425db0	51	
	00425df0	119	
	00425e70	134	
	00425f00	21	
	00425f20	132	
	00425fb0	207	
	00426080	119	
	00426100	37	
	00426130	248	
	00426230	159	
	004262d0	254	
	004263d0	145	
	00426470	303	
	004265a0	276	
	004266c0	276	
	004267e0	5	
	004267f0	25	
	00426810	11	
	00426820	54	
	00426860	30	
	00426880	36	
	004268b0	36	
	004268e0	212	
	004269c0	189	
	00426a80	55	
	00426ac0	25	
	00426ae0	12	
	00426af0	5	
	00426b00	19	
	00426b20	5	
	00426b30	11	
	00426b40	53	
	00426b80	22	
	00426ba0	99	
	00426c40	40	
	00426c80	27	
	00426ca0	144	
	00426d30	9	
	00426d40	567	
	00426f80	6	
	00426f90	6	
	00426fa0	49	
	00426fe0	150	
	00427080	79	
	004270d0	298	
	00427200	526	
	00427410	31	
	00427430	35	
	00427460	290	
	00427590	205	
	00427660	304	
	00427790	528	
	004279a0	21	
	004279c0	404	
	00427b60	304	
	00427c90	6	
	00427ca0	332	
	00427df0	204	
	00427ec0	713	
	00428190	46	
	004281c0	101	
	00428230	24	
	00428250	91	
	004282b0	63	
	004282f0	21	
	00428310	367	
	00428480	384	
	00428600	17	
	00428620	22	
	00428640	17	
	00428660	17	
	00428680	9	
	00428690	9	
	004286a0	17	
	004286c0	17	
	004286e3	6	
	004286f0	17	
	00428713	6	
	00428720	17	
	00428740	32	
	00428760	47	
	00428790	37	
	004287c0	9	
	004287d0	9	
	004287e0	18	
	00428800	18	
	00428820	25	
	00428840	12	
	00428850	551	
	00428a80	98	
	00428af0	362	
	00428c60	225	
	00428d50	402	
	00428ef0	50	
	00428f30	86	
	00428f90	71	
	00428fe0	278	
	00429100	74	
	00429150	25	
	00429170	12	
	00429180	33	
	004291b0	124	
	00429230	197	
	00429300	6	
	00429310	6	
	00429320	32	
	00429340	108	
	004293b0	42	
	004293e0	50	
	00429420	213	
	00429500	370	
	00429680	58	
	004296c0	63	
	00429700	133	
	00429790	228	
	00429880	24	
	004298a0	32	
	004298c0	47	
	004298f0	28	
	00429910	61	
	00429950	393	
	00429ae0	381	
	00429c60	25	
	00429c80	12	
	00429c90	5	
	00429ca0	11	
	00429cb0	37	
	00429ce0	49	
	00429d20	57	
	00429d60	50	
	00429da0	141	
	00429e30	449	
	0042a000	55	
	0042a040	183	
	0042a100	206	
	0042a1d0	27	
	0042a1eb	35	
	0042a210	34	
	0042a240	23	
	0042a260	17	
	0042a280	34	
	0042a2b0	29	
	0042a2d0	27	
	0042a2eb	35	
	0042a310	27	
	0042a330	30	
	0042a350	23	
	0042a370	23	
	0042a390	54	
	0042a3d0	56	
	0042a410	25	
	0042a430	35	
	0042a460	44	
	0042a490	30	
	0042a4b0	314	
	0042a5f0	42	
	0042a620	25	
	0042a640	12	
	0042a650	114	
	0042a6d0	1329	
	0042acc0	377	
	0042ae70	1094	
	0042b2c0	25	
	0042b2e0	12	
	0042b2f0	5	
	0042b300	19	
	0042b320	5	
	0042b330	11	
	0042b340	10	
	0042b350	23	
	0042b370	3	
	0042b380	18	
	0042b3a0	12	
	0042b3b0	31	
	0042b3d0	35	
	0042b400	96	
	0042b460	8459	
	0042d570	100	
	0042d5e0	134	
	0042d670	62	
	0042d6b0	74	
	0042d700	18	
	0042d720	95	
	0042d780	128	
	0042d800	95	
	0042d860	128	
	0042d8e0	5	
	0042d8f0	153	
	0042d990	203	
	0042da60	141	
	0042daf0	191	
	0042dbb0	99	
	0042dc20	131	
	0042dcb0	95	
	0042dd10	128	
	0042dd90	105	
	0042de00	128	
	0042de80	93	
	0042dee0	123	
	0042df60	62	
	0042dfa0	77	
	0042dff0	62	
	0042e030	77	
	0042e080	62	
	0042e0c0	77	
	0042e110	72	
	0042e160	33	
	0042e190	159	
	0042e230	105	
	0042e2a0	215	
	0042e380	125	
	0042e400	62	
	0042e440	74	
	0042e490	141	
	0042e520	190	
	0042e5e0	17	
	0042e600	32	
	0042e620	159	
	0042e6c0	218	
	0042e7a0	62	
	0042e7e0	77	
	0042e830	143	
	0042e8c0	190	
	0042e980	67	
	0042e9d0	143	
	0042ea60	73	
	0042eab0	184	
	0042eb70	159	
	0042ec10	215	
	0042ecf0	86	
	0042ed50	123	
	0042edd0	145	
	0042ee70	200	
	0042ef40	161	
	0042eff0	209	
	0042f0d0	145	
	0042f170	200	
	0042f240	105	
	0042f2b0	137	
	0042f340	111	
	0042f3b0	143	
	0042f440	146	
	0042f4e0	193	
	0042f5b0	109	
	0042f620	136	
	0042f6b0	67	
	0042f700	79	
	0042f750	74	
	0042f7a0	73	
	0042f7f0	85	
	0042f850	151	
	0042f8f0	191	
	0042f9b0	62	
	0042f9f0	74	
	0042fa40	142	
	0042fad0	177	
	0042fb90	27	
	0042fbb0	136	
	0042fc40	42	
	0042fc70	80	
	0042fcc0	118	
	0042fd40	30	
	0042fd60	423	
	0042ff10	291	
	00430040	414	
	004301e0	372	
	00430360	104	
	004303d0	130	
	00430460	397	
	004305f0	425	
	004307a0	474	
	00430980	444	
	00430b40	450	
	00430d10	375	
	00430e90	432	
	00431040	441	
	00431200	316	
	00431340	372	
	004314c0	436	
	00431680	141	
	00431710	179	
	004317d0	450	
	004319a0	291	
	00431ad0	291	
	00431c00	424	
	00431db0	424	
	00431f60	432	
	00432110	291	
	00432240	291	
	00432370	294	
	004324a0	316	
	004325e0	291	
	00432710	291	
	00432840	316	
	00432980	301	
	00432ab0	319	
	00432bf0	316	
	00432d30	316	
	00432e70	291	
	00432fa0	261	
	004330b0	291	
	004331e0	291	
	00433310	416	
	004334b0	316	
	004335f0	291	
	00433720	261	
	00433830	245	
	00433930	434	
	00433af0	414	
	00433c90	291	
	00433dc0	316	
	00433f00	316	
	00434040	316	
	00434180	414	
	00434320	432	
	004344d0	431	
	00434680	291	
	004347b0	316	
	004348f0	291	
	00434a20	291	
	00434b50	459	
	00434d20	450	
	00434ef0	431	
	004350a0	291	
	004351d0	299	
	00435300	264	
	00435410	261	
	00435520	17	
	00435540	17	
	00435560	17	
	00435580	17	
	004355a0	17	
	004355c0	17	
	004355e0	17	
	00435600	17	
	00435620	17	
	00435640	17	
	00435660	17	
	00435680	32	
	004356a0	32	
	004356c0	32	
	004356e0	32	
	00435700	32	
	00435720	17	
	00435740	32	
	00435760	17	
	00435780	32	
	004357a0	32	
	004357c0	32	
	004357e0	32	
	00435800	35	
	00435830	32	
	00435850	32	
	00435870	25	
	00435890	12	
	004358a0	25	
	004358c0	12	
	004358d0	5	
	004358e0	19	
	00435900	10	
	00435910	23	
	00435930	18	
	00435950	12	
	00435960	31	
	00435980	35	
	004359b0	255	
	00435ab0	8	
	00435ac0	6	
	00435ad0	6	
	00435ae0	35	
	00435b10	115	
	00435b90	98	
	00435c00	39	
	00435c30	6	
	00435c40	421	
	00435df0	306	
	00435f30	35	
	00435f60	46	
	00435f90	13	
	00435fb0	13	
	00435fd0	23	
	00436000	65	
	00436050	41	
	00436090	13	
	004360d3	12	
	004360e0	14	
	004360f0	6	
	00436100	6	
	00436110	324	
	00436260	325	
	004363b0	8	
	004363c0	8	
	004363d0	25	
	004363f0	12	
	00436400	5	
	00436410	11	
	00436420	5	
	00436430	19	
	00436450	10	
	00436460	297	
	00436590	12	
	004365a0	325	
	004366f0	105	
	00436760	105	
	004367d0	75	
	0043681b	80	
	00436870	109	
	004368e0	115	
	00436960	14	
	00436970	81	
	004369d0	95	
	00436a30	17	
	00436a50	17	
	00436a70	13	
	00436a80	13	
	00436a90	17	
	00436ab0	29	
	00436ad0	22	
	00436af0	34	
	00436b20	45	
	00436b50	34	
	00436b80	28	
	00436ba0	12	
	00436bb0	30	
	00436bd0	37	
	00436c00	42	
	00436c30	34	
	00436c60	20	
	00436c80	14	
	00436c90	1017	
	00437090	59	
	004370d0	67	
	00437120	25	
	00437140	12	
	00437150	5	
	00437160	19	
	00437180	5	
	00437190	11	
	004371a0	404	
	00437340	26	
	00437360	121	
	004373e0	21	
	00437400	40	
	00437430	1209	
	004378f0	137	
	00437980	36	
	004379b0	138	
	00437a40	439	
	00437c00	89	
	00437c60	25	
	00437c80	12	
	00437c90	5	
	00437ca0	11	
	00437cb0	5	
	00437cc0	19	
	00437ce0	5	
	00437cf0	19	
	00437d10	5	
	00437d20	11	
	00437d30	10	
	00437d40	23	
	00437d60	18	
	00437d80	12	
	00437d90	31	
	00437db0	32	
	00437dd0	126	
	00437e50	31	
	00437e70	11	
	00437e7b	19	
	00437e90	20	
	00437eb0	133	
	00437f40	132	
	00437fd0	130	
	00438060	14	
	00438070	53	
	004380b0	537	
	004382d0	19	
	004382f0	79	
	00438340	141	
	004383d0	924	
	00438770	28	
	00438790	57	
	004387d0	41	
	00438800	263	
	00438910	148	
	004389b0	72	
	00438a00	24	
	00438a20	20	
	00438a40	214	
	00438b20	142	
	00438bb0	25	
	00438bd0	12	
	00438be0	5	
	00438bf0	19	
	00438c10	10	
	00438c20	39	
	00438c50	7	
	00438c60	12	
	00438c70	51	
	00438cb0	35	
	00438ce0	143	
	00438d70	6	
	00438d80	6	
	00438d90	3	
	00438da0	6	
	00438db0	8	
	00438dc0	3	
	00438dd0	5	
	00438de0	10	
	00438df0	8	
	00438e00	6	
	00438e10	6	
	00438e20	35	
	00438e50	11	
	00438e60	91	
	00438ec0	132	
	00438f50	8	
	00438f60	5	
	00438f70	216	
	00439050	79	
	004390a0	3	
	004390b0	19	
	004390d0	327	
	00439220	307	
	00439360	94	
	004393c0	110	
	00439430	49	
	00439470	112	
	004394e0	112	
	00439550	38	
	00439580	5	
	00439590	25	
	004395b0	12	
	004395c0	74	
	00439610	7	
	00439620	7	
	00439630	8	
	00439640	8	
	00439650	8	
	00439660	3	
	00439670	16	
	00439680	8	
	00439690	3	
	004396a0	5	
	004396b0	6	
	004396c0	8	
	004396d0	21	
	004396f0	6	
	00439700	6	
	00439710	5	
	00439720	13	
	00439730	6	
	00439740	6	
	00439750	6	
	00439760	8	
	00439770	6	
	00439780	5	
	00439790	5	
	004397a0	3	
	004397b0	3	
	004397c0	10	
	004397d0	5	
	004397e0	6	
	004397f0	6	
	00439800	35	
	00439830	1	
	00439840	13	
	00439850	80	
	004398a0	232	
	00439990	98	
	00439a00	98	
	00439a70	5	
	00439a80	3	
	00439a90	5	
	00439aa0	25	
	00439ac0	12	
	00439ad0	5	
	00439ae0	19	
	00439b00	5	
	00439b10	11	
	00439b20	10	
	00439b30	28	
	00439b50	12	
	00439b60	48	
	00439b90	276	
	00439cb0	14	
	00439cc0	48	
	00439cf0	18	
	00439d10	22	
	00439d30	16	
	00439d40	19	
	00439d60	26	
	00439d80	24	
	00439da0	45	
	00439dd0	123	
	00439e50	276	
	00439f70	249	
	0043a070	588	
	0043a2c0	84	
	0043a320	85	
	0043a380	9	
	0043a390	84	
	0043a3f0	232	
	0043a4e0	250	
	0043a5e0	232	
	0043a6d0	248	
	0043a7d0	113	
	0043a850	8	
	0043a860	25	
	0043a880	79	
	0043a8d0	267	
	0043a9e0	124	
	0043aa60	555	
	0043ac8b	157	
	0043ad30	19	
	0043ad60	25	
	0043ad80	12	
	0043ad90	5	
	0043ada0	11	
	0043adb0	5	
	0043adc0	19	
	0043ade0	5	
	0043adf0	19	
	0043ae10	1749	
	0043b4f0	173	
	0043b5a0	141	
	0043b630	205	
	0043b700	125	
	0043b780	1	
	0043b790	3	
	0043b7a0	3	
	0043b7b0	35	
	0043b7e0	231	
	0043b8d0	115	
	0043b950	1	
	0043b960	582	
	0043bbb0	15	
	0043bbc0	15	
	0043bbd0	34	
	0043bc00	93	
	0043bc60	15	
	0043bc70	36	
	0043bca0	4	
	0043bcb0	71	
	0043bd00	100	
	0043bd70	99	
	0043bde0	19	
	0043be00	51	
	0043be40	80	
	0043be90	95	
	0043bef0	48	
	0043bf20	71	
	0043bf80	40	
	0043bfb0	83	
	0043c010	93	
	0043c070	32	
	0043c090	12	
	0043c0a0	14	
	0043c0b0	15	
	0043c0c0	90	
	0043c120	249	
	0043c220	610	
	0043c490	145	
	0043c530	128	
	0043c5b0	41	
	0043c5e0	11	
	0043c5f0	142	
	0043c680	420	
	0043c830	661	
	0043cad0	730	
	0043cdb0	48	
	0043cde0	96	
	0043ce40	256	
	0043cf40	272	
	0043d050	36	
	0043d080	23	
	0043d0a0	5	
	0043d0b0	68	
	0043d100	32	
	0043d120	86	
	0043d180	3	
	0043d190	6	
	0043d1a0	6	
	0043d1b0	41	
	0043d1e0	32	
	0043d200	32	
	0043d220	120	
	0043d2a0	125	
	0043d320	57	
	0043d360	130	
	0043d3f0	110	
	0043d460	1	
	0043d470	139	
	0043d500	120	
	0043d580	38	
	0043d5b0	34	
	0043d5e0	51	
	0043d620	49	
	0043d660	44	
	0043d690	77	
	0043d6e0	9	
	0043d6f0	13	
	0043d700	6	
	0043d710	6	
	0043d720	35	
	0043d750	11	
	0043d760	154	
	0043d800	35	
	0043d830	20	
	0043d850	49	
	0043d890	49	
	0043d8d0	35	
	0043d900	71	
	0043d950	6	
	0043d960	6	
	0043d970	35	
	0043d9a0	11	
	0043d9b0	45	
	0043d9e0	3	
	0043d9f0	125	
	0043da70	3	
	0043da80	148	
	0043db20	50	
	0043db60	43	
	0043db90	3	
	0043dba0	1	
	0043dbb0	77	
	0043dc00	68	
	0043dc50	90	
	0043dcb0	90	
	0043dd10	25	
	0043dd30	12	
	0043dd40	5	
	0043dd50	11	
	0043dd60	5	
	0043dd70	19	
	0043dd90	5	
	0043dda0	11	
	0043ddb0	5	
	0043ddc0	10	
	0043ddd0	100	
	0043de40	12	
	0043de50	33	
	0043de80	228	
	0043df70	126	
	0043dff0	55	
	0043e030	37	
	0043e060	9	
	0043e070	40	
	0043e0a0	1	
	0043e0b0	1	
	0043e0c0	1	
	0043e0d0	103	
	0043e140	51	
	0043e180	1	
	0043e190	1	
	0043e1a0	225	
	0043e290	646	
	0043e520	848	
	0043e870	1	
	0043e880	1	
	0043e890	134	
	0043e920	57	
	0043e960	86	
	0043e9c0	131	
	0043ea50	283	
	0043eb70	66	
	0043ebc0	132	
	0043ec50	241	
	0043ed50	1	
	0043ed60	71	
	0043edb0	177	
	0043ee70	1	
	0043ee80	1	
	0043ee90	154	
	0043ef30	148	
	0043efd0	185	
	0043f090	409	
	0043f230	190	
	0043f2f0	101	
	0043f360	213	
	0043f440	32	
	0043f460	183	
	0043f520	183	
	0043f5e0	903	
	0043f980	139	
	0043fa10	269	
	0043fb20	253	
	0043fc20	1	
	0043fc30	425	
	0043fde0	77	
	0043fe30	191	
	0043fef0	1	
	0043ff00	1	
	0043ff10	310	
	00440046	28	
00440046	0044011d	28	
	00440140	138	
	004401d0	24	
	004401f0	418	
	004403a0	47	
	004403d0	240	
	004404c0	32	
	004404e0	186	
	004405a0	224	
	00440680	128	
	00440700	124	
	00440780	25	
	004407a0	12	
	004407b0	5	
	004407c0	11	
	004407d0	5	
	004407e0	19	
	00440800	5	
	00440810	11	
	00440820	6	
	00440830	5	
	00440840	148	
	004408e0	74	
	00440930	189	
	004409f0	5	
	00440a00	179	
	00440ac0	351	
	00440c20	1879	
	00441380	3	
	00441390	18	
	004413b0	3	
	004413c0	3	
	004413d0	217	
	004414b0	79	
	00441500	175	
	004415b0	1	
	004415c0	3	
	004415d0	3	
	004415e0	18	
	00441600	25	
	00441620	12	
	00441630	5	
	00441640	11	
	00441650	161	
	00441700	310	
	00441840	44	
	00441870	580	
	00441ac0	46	
	00441af0	6	
	00441b00	4	
	00441b10	4	
	00441b20	6	
	00441b30	35	
	00441b60	13	
	00441b70	26	
	00441b8a	126	
	00441c10	62	
	00441c50	114	
	00441cd0	107	
	00441d40	178	
	00441e00	81	
	00441e60	82	
	00441ec0	26	
	00441ee0	58	
	00441f20	19	
	00441f40	10	
	00441f50	37	
	00441f80	1912	
	00442700	25	
	00442720	138	
	004427b0	63	
	004427f0	1	
	00442800	1	
	00442810	75	
	00442860	110	
	004428d0	175	
	00442980	145	
	00442a20	134	
	00442ab0	74	
	00442b00	277	
	00442c20	192	
	00442ce0	33	
	00442d10	55	
	00442d50	86	
	00442db0	54	
	00442df0	18	
	00442e10	49	
	00442e50	83	
	00442eb0	64	
	00442ef0	232	
	00442fe0	110	
	00443050	26	
	00443070	106	
	004430e0	693	
	004433a0	709	
	00443670	7	
	00443680	445	
	00443840	116	
	004438c0	629	
	00443b40	25	
	00443b60	12	
	00443b70	5	
	00443b80	11	
	00443b90	5	
	00443ba0	19	
	00443bc0	17	
	00443be0	1474	
	004441b0	952	
	00444570	1960	
	00444d80	48	
	00444db0	428	
	00444f60	161	
	00445010	55	
	00445050	310	
	00445190	922	
	00445530	185	
	004455f0	103	
	00445660	584	
	004458b0	118	
	00445930	125	
	004459b0	20	
	004459d0	20	
	004459f0	48	
	00445a20	544	
	00445c40	41	
	00445c70	47	
	00445ca0	15	
	00445cb0	347	
	00445e10	54	
	00445e50	137	
	00445ee0	439	
	004460a0	454	
	00446270	65	
	004462c0	139	
	00446350	252	
	00446450	398	
	004465e0	276	
	00446700	262	
	00446810	104	
	00446880	147	
	00446920	412	
	00446ac0	100	
	00446b30	720	
	00446e00	465	
	00446fe0	115	
	00447060	386	
	004471f0	147	
	00447290	79	
	004472e0	25	
	00447300	12	
	00447310	5	
	00447320	11	
	00447330	5	
	00447340	19	
	00447360	5	
	00447370	31	
	00447390	5	
	004473a0	31	
	004473c0	5	
	004473d0	31	
	004473f0	53	
	00447430	24	
	00447450	965	
	00447850	186	
	00447910	121	
	00447990	528	
	00447ba0	753	
	00447ea0	2860	
	004489d0	233	
	00448ac0	288	
	00448be0	20	
	00448c00	59	
	00448c40	669	
	00448ee0	1	
	00448ef0	1	
	00448f00	1	
	00448f10	6	
	00448f20	17	
	00448f40	66	
	00448f90	33	
	00448fc0	119	
	00449040	50	
	00449080	26	
	004490a0	153	
	00449140	158	
	004491e0	81	
	00449240	168	
	004492f0	863	
	00449650	89	
	004496b0	1782	
	00449de0	47	
	00449e10	92	
	00449e70	1	
	00449e80	1	
	00449e90	1	
	00449ea0	1	
	00449eb0	649	
	0044a140	25	
	0044a160	12	
	0044a170	5	
	0044a180	19	
	0044a1a0	235	
	0044a290	3	
	0044a2a0	1	
	0044a2b0	1	
	0044a2c0	6	
	0044a2d0	1	
	0044a2e0	6	
	0044a2f0	3	
	0044a300	3	
	0044a310	1	
	0044a320	1	
	0044a330	3	
	0044a340	3	
	0044a350	3	
	0044a360	6	
	0044a370	31	
	0044a390	1	
	0044a3a0	3	
	0044a3b0	6	
	0044a3c0	31	
	0044a3e0	736	
	0044a6c0	258	
	0044a7d0	25	
	0044a7f0	12	
	0044a800	5	
	0044a810	19	
	0044a830	5	
	0044a840	11	
	0044a850	194	
	0044a920	3	
	0044a930	6	
	0044a940	31	
	0044a960	459	
	0044ab30	25	
	0044ab50	12	
	0044ab60	56	
	0044aba0	42	
	0044abd0	6	
	0044abe0	6	
	0044abf0	8	
	0044ac00	6	
	0044ac10	30	
	0044ac30	7	
	0044ac40	75	
	0044ac90	58	
	0044acd0	34	
	0044ad00	25	
	0044ad20	12	
	0044ad30	5	
	0044ad40	19	
	0044ad60	341	
	0044aec0	4	
	0044aed0	6	
	0044aee0	31	
	0044af00	205	
	0044afd0	745	
	0044b2c0	549	
	0044b4f0	551	
	0044b720	25	
	0044b740	12	
	0044b750	5	
	0044b760	19	
	0044b780	5	
	0044b790	11	
	0044b79b	95	
	0044b800	343	
	0044b960	25	
	0044b980	4	
	0044b990	6	
	0044b9a0	6	
	0044b9b0	6	
	0044b9c0	4	
	0044b9d0	4	
	0044b9e0	31	
	0044ba00	139	
	0044ba90	120	
	0044bb10	24	
	0044bb30	1572	
	0044c160	3622	
	0044cf90	35	
	0044cfc0	25	
	0044cfe0	1012	
	0044d3e0	523	
	0044d5f0	541	
	0044d810	25	
	0044d830	12	
	0044d840	91	
	0044d8a0	63	
	0044d8e0	25	
	0044d900	6	
	0044d910	6	
	0044d920	31	
	0044d940	1046	
	0044dd60	247	
	0044de60	255	
	0044df60	25	
	0044df80	12	
	0044df90	72	
	0044dfe0	6	
	0044dff0	6	
	0044e000	6	
	0044e010	31	
	0044e030	1	
	0044e040	1666	
	0044e6d0	136	
	0044e760	654	
	0044e9f0	35	
	0044ea20	31	
	0044ea40	31	
	0044ea60	207	
	0044eb30	244	
	0044ec30	236	
	0044ed20	25	
	0044ed40	12	
	0044ed50	215	
	0044ee30	88	
	0044ee90	192	
	0044ef50	3	
	0044ef60	463	
	0044f130	31	
	0044f150	500	
	0044f350	311	
	0044f490	23	
	0044f4b0	51	
	0044f4f0	59	
	0044f530	37	
	0044f560	174	
	0044f610	504	
	0044f810	4371	
	004509f0	11	
	00450a00	54	
	00450a40	224	
	00450b20	350	
	00450c80	26	
	00450ca0	6	
	00450cb0	4	
	00450cc0	6	
	00450cd0	31	
	00450cf0	6	
	00450d00	4	
	00450d10	6	
	00450d20	45	
	00450d50	421	
	00450f00	385	
	00451090	412	
	00451230	327	
	00451380	39	
	004513b0	118	
	00451430	1505	
	00451a20	139	
	00451aab	350	
	00451c10	3	
	00451c20	25	
	00451c40	12	
	00451c50	30	
	00451c70	108	
	00451ce0	112	
	00451d50	138	
	00451de0	317	
	00451f20	458	
	004520f0	135	
	00452180	209	
	00452260	301	
	00452390	1	
	004523a0	536	
	004525c0	11	
	004525d0	633	
	00452850	5884	
	00453f50	21	
	00453f70	65	
	00453fc0	117	
	00454040	273	
	00454160	90	
	004541c0	6	
	004541d0	4	
	004541e0	6	
	004541f0	45	
	00454249	217	
	00454341	241	
	00454440	406	
	004545e0	404	
	00454780	3	
	00454790	3	
	004547a0	3	
	004547b0	111	
	00454820	25	
	00454840	12	
	00454850	5	
	00454860	19	
	00454880	5	
	00454890	11	
	004548a0	5	
	004548b0	1	
	004548c0	5	
	004548d0	11	
	004548e0	5	
	004548f0	1	
	00454900	33	
	00454930	33	
	00454960	82	
	004549c0	54	
	00454a00	49	
	00454a40	40	
	00454a70	36	
	00454aa0	154	
	00454b3a	16	
	00454b4e	37	
	00454b80	78	
	00454bd0	10	
	00454be0	42	
	00454c41	6	
	00454c49	37	
00455247	0045512f	482	
	00455320	66	
	00455370	431	
	00455547	277	
	00455660	939	
	00455a10	817	
	00455d50	204	
	00455e20	1081	
	00456260	16	
	00456270	112	
	004562e0	845	
	00456630	7	
	00456640	684	
	004568f0	1275	
	00456df0	1	
	00456e00	1236	
	004572e0	75	
	00457330	47	
	00457360	6	
	00457370	6	
	00457380	30	
	004573a0	790	
	004576c0	862	
	00457a20	312	
	00457b60	946	
	00457f20	3	
	00457f30	73	
	00457f80	658	
	00458220	1443	
	004587d0	32	
	004587f0	441	
	004589b0	1015	
	00458db0	155	
	00458e50	239	
	00458f40	711	
	00459210	18	
	00459230	984	
	00459610	1483	
	00459be0	78	
	00459c30	233	
	00459d20	486	
	00459f10	325	
	0045a060	28	
	0045a080	779	
	0045a390	315	
	0045a4d0	753	
	0045a7d0	25	
	0045a7f0	6	
	0045a800	48	
	0045a830	37	
	0045a860	23	
	0045a880	61	
	0045a8c0	147	
	0045a960	23664	
	004605d0	23	
	004605f0	35	
	00460620	31	
	00460640	54	
	00460680	3	
	00460690	45	
	004606c0	33	
	004606f0	31	
	00460710	150	
	004607b0	18	
	004607d0	86	
	00460830	1	
	00460840	1	
	00460850	1	
	00460860	1	
	00460870	1	
	00460880	1	
	00460890	169	
	00460940	169	
	004609f0	169	
	00460aa0	55	
	00460ae0	61	
	00460b20	247	
	00460c20	160	
	00460cc0	166	
	00460d70	66	
	00460dc0	25	
	00460de0	12	
	00460df0	25	
	00460e10	12	
	00460e20	5	
	00460e30	19	
	00460e50	122	
	00460ed0	4	
	00460ee0	6	
	00460ef0	31	
	00460f10	59	
	00460f50	5	
	00460f60	83	
	00460fc0	31	
	00460fe0	268	
	004610f0	25	
	00461110	12	
	00461120	5	
	00461130	11	
	00461140	51	
	00461180	71	
	004611d0	4	
	004611e0	8	
	004611f0	11	
	00461200	4	
	00461210	4	
	00461220	3	
	00461230	6	
	00461240	42	
	00461270	31	
	00461290	24	
	004612b0	178	
	00461370	178	
	00461430	698	
	004616f0	698	
	004619b0	55	
	004619f0	28	
	00461a10	28	
	00461a30	33	
	00461a60	24	
	00461a80	35	
	00461ab0	135	
	00461b40	39	
	00461b70	11	
	00461b80	25	
	00461ba0	12	
	00461bb0	156	
	00461c50	8	
	00461c60	6	
	00461c70	31	
	00461c90	24	
	00461cb0	212	
	00461d90	67	
	00461de0	1351	
	00462330	449	
	00462500	25	
	00462520	12	
	00462530	921	
	004628d0	36	
	00462900	20	
	00462920	5	
	00462930	19	
	00462950	10	
	00462960	23	
	00462980	18	
	004629a0	12	
	004629b0	31	
	004629d0	32	
	004629f0	86	
	00462a50	4	
	00462a60	6	
	00462a70	3	
	00462a80	6	
	00462a90	6	
	00462aa0	6	
	00462ab0	6	
	00462ac0	6	
	00462ad0	6	
	00462ae0	35	
	00462b10	123	
	00462b90	291	
	00462cc0	85	
	00462d30	3	
	00462d40	42	
	00462d70	867	
	004630e0	4	
	004630f0	59	
	00463130	86	
	00463190	39	
	004631d0	65	
	00463220	31	
	00463240	232	
	00463330	20	
	00463350	32	
	00463370	118	
	004633f0	180	
	004634b0	92	
	00463510	39	
	00463540	200	
	00463610	84	
	00463670	253	
	00463770	73	
	004637c0	23	
	004637e0	99	
	00463850	207	
	00463920	87	
	00463980	30	
	004639a0	117	
	00463a20	10	
	00463a30	20	
	00463a50	66	
	00463aa0	44	
	00463ad0	45	
	00463b00	701	
	00463dc0	715	
	00464090	15	
	004640a0	68	
	004640f0	76	
	00464140	22	
	0046415a	6	
	00464160	76	
	004641b0	22	
	004641d0	61	
	00464210	76	
	00464260	25	
	00464280	12	
	00464290	5	
	004642a0	11	
	004642b0	5	
	004642c0	19	
	004642e0	5	
	004642f0	19	
	00464310	5	
	00464320	23	
	00464340	10	
	00464350	23	
	00464370	7	
	00464380	6	
	00464390	18	
	004643b0	12	
	004643c0	31	
	004643e0	35	
	00464410	5	
	00464420	18	
	00464440	7	
	00464450	54	
	00464490	232	
	00464580	29	
	004645a0	43	
	004645d0	121	
	0046464f	1	
	00464650	481	
	00464840	5	
	00464850	3	
	00464860	6	
	00464870	8	
	00464880	8	
	00464890	32	
	004648b0	1	
	004648c0	32	
	004648e0	50	
	00464920	42	
	00464950	89	
	004649b0	195	
	00464a80	7	
	00464a90	10	
	00464aa0	6	
	00464ab0	30	
	00464ad0	36	
	00464b00	6	
	00464b10	8	
	00464b20	13	
	00464b30	7	
	00464b40	6	
	00464b50	7	
	00464b60	6	
	00464b70	3	
	00464b80	6	
	00464b90	1	
	00464ba0	6	
	00464bb0	6	
	00464bc0	35	
	00464bf0	81	
	00464c50	333	
	00464da0	124	
	00464e20	154	
	00464eba	136	
	00464f45	11	
	00464f50	162	
	00465000	257	
	00465110	178	
	004651d0	82	
	00465230	56	
	00465270	436	
	00465430	262	
	00465540	5	
	00465550	3	
	00465560	3	
	00465570	6	
	00465580	6	
	00465590	6	
	004655a0	32	
	004655c0	549	
	004657f0	541	
	00465a10	5	
	00465a20	141	
	00465ab0	67	
	00465b10	7	
	00465b20	5	
	00465b30	19	
	00465b50	5	
	00465b60	19	
	00465b80	5	
	00465b90	19	
	00465bb0	5	
	00465bc0	19	
	00465be0	5	
	00465bf0	11	
	00465c00	5	
	00465c10	19	
	00465c30	61	
	00465c70	2156	
	004664e0	3	
	004664f0	6	
	00466500	32	
	00466520	6	
	00466530	6	
	00466540	32	
	00466560	51	
	004665a0	29	
	004665c0	360	
	00466730	1152	
	00466bb0	467	
	00466d90	823	
	004670d0	647	
	00467360	49	
	004673a0	510	
	004675a0	709	
	00467870	24	
	00467890	658	
	00467b30	3	
	00467b40	30	
	00467b60	3	
	00467b70	49	
	00467bb0	342	
	00467d10	167	
	00467dd0	59	
	00467e10	3	
	00467e20	3	
	00467e30	6	
	00467e40	6	
	00467e50	6	
	00467e60	32	
	00467e80	32	
	00467ea0	78	
	00467ef0	202	
	00467fc0	46	
	00467ff0	46	
	00468020	33	
	00468050	89	
	004680b0	6	
	004680c0	14	
	004680d0	930	
	00468480	19	
	004684a0	69	
	004684f0	436	
	004686b0	572	
	004688f0	75	
	00468940	737	
	00468c30	367	
	00468da0	13	
	00468db0	1	
	00468dc0	44	
	00468df0	44	
	00468e20	35	
	00468e50	8	
	00468e60	6	
	00468e70	6	
	00468e80	38	
	00468eb0	49	
	00468ef0	88	
	00468f50	50	
	00468f90	6	
	00468fa0	8	
	00468fb0	963	
	00469380	8	
	00469390	25	
	004693b0	12	
	004693c0	5	
	004693d0	19	
	004693f0	150	
	00469490	6	
	004694a0	3	
	004694b0	6	
	004694c0	5	
	004694d0	6	
	004694e0	6	
	004694f0	6	
	00469500	35	
	00469530	11	
	00469540	122	
	004695c0	5	
	004695d0	5	
	004695e0	34	
	00469610	76	
	00469660	5	
	00469670	32	
	00469690	84	
	004696f0	46	
	00469720	46	
	00469750	10	
	00469760	28	
	00469780	112	
	004697f0	64	
	00469830	125	
	004698b0	125	
	00469930	25	
	00469950	12	
	00469960	39	
	00469990	33	
	004699c0	1053	
	00469de0	26	
	00469e00	112	
	00469e70	418	
	0046a020	288	
	0046a140	199	
	0046a210	47	
	0046a240	1087	
	0046a680	399	
	0046a810	25	
	0046a830	12	
	0046a840	5	
	0046a850	11	
	0046a860	610	
	0046aad0	19	
	0046aaf0	28	
	0046ab10	617	
	0046ad80	199	
	0046ae50	25	
	0046ae70	12	
	0046ae80	5	
	0046ae90	19	
	0046aeb0	5	
	0046aec0	11	
	0046aed0	10	
	0046aee0	21	
	0046af00	12	
	0046af10	10	
	0046af20	304	
	0046b050	81	
	0046b0b0	310	
	0046b1f0	149	
	0046b290	816	
	0046b5c0	1	
	0046b5d0	1	
	0046b5e0	66	
	0046b630	118	
	0046b6b0	100	
	0046b720	36	
	0046b750	10	
	0046b760	25	
	0046b780	12	
	0046b790	5	
	0046b7a0	11	
	0046b7b0	5	
	0046b7c0	19	
	0046b7e0	10	
	0046b7f0	37	
	0046b820	18	
	0046b840	12	
	0046b850	48	
	0046b880	32	
	0046b8a0	93	
	0046b900	32	
	0046b920	57	
	0046b960	57	
	0046b9a0	25	
	0046b9c0	12	
	0046b9d0	5	
	0046b9e0	19	
	0046ba00	5	
	0046ba10	11	
	0046ba20	5	
	0046ba30	1	
	0046ba40	5	
	0046ba50	1	
	0046ba60	5	
	0046ba70	1	
	0046ba80	1009	
	0046be80	3	
	0046be90	58	
	0046bed0	11	
	0046bee0	3	
	0046bef0	46	
	0046bf20	44	
	0046bf50	7	
	0046bf60	26	
	0046bf80	27	
	0046bfa0	1	
	0046bfb0	19	
	0046bfd0	111	
	0046c040	7	
	0046c050	48	
	0046c080	44	
	0046c0b0	21	
	0046c0d0	216	
	0046c1b0	160	
	0046c260	116	
	0046c2e0	99	
	0046c350	46	
	0046c380	278	
	0046c4a0	96	
	0046c500	69	
	0046c550	1550	
	0046cb60	362	
	0046ccd0	5	
	0046cce0	1	
	0046ccf0	5	
	0046cd00	1	
	0046cd10	568	
	0046cf80	244	
	0046d080	103	
	0046d0f0	11	
	0046d100	268	
	0046d210	165	
	0046d2c0	797	
	0046d5e0	6	
	0046d5f0	296	
	0046d720	25	
	0046d740	32	
	0046d760	611	
	0046d9d0	285	
	0046daf0	123	
	0046db70	183	
	0046dc30	406	
	0046ddd0	98	
	0046de40	177	
	0046df00	72	
	0046df60	502	
	0046e160	390	
	0046e2f0	399	
	0046e480	14	
	0046e490	21	
	0046e4b0	41	
	0046e4e0	175	
	0046e590	49	
	0046e5d0	7	
	0046e5e0	1	
	0046e5f0	63	
	0046e630	1	
	0046e640	49	
	0046e680	243	
	0046e780	38	
	0046e7b0	223	
	0046e890	33	
	0046e8c0	100	
	0046e930	467	
	0046eb10	473	
	0046ecf0	191	
	0046edb0	16	
	0046edc0	25	
	0046ede0	12	
	0046edf0	5	
	0046ee00	11	
	0046ee10	5	
	0046ee20	1	
	0046ee30	19	
	0046ee50	1	
	0046ee60	110	
	0046eed0	243	
	0046efd0	10	
	0046efe0	74	
	0046f030	9	
	0046f040	1	
	0046f050	256	
	0046f170	10	
	0046f180	31	
	0046f1a0	64	
	0046f1e0	27	
	0046f200	17	
	0046f220	24	
	0046f240	17	
	0046f260	73	
	0046f2b0	56	
	0046f2f0	58	
	0046f330	40	
	0046f360	91	
	0046f3c0	120	
	0046f440	20	
	0046f460	20	
	0046f480	64	
	0046f4c0	58	
	0046f500	112	
	0046f590	89	
	0046f5f0	98	
	0046f660	86	
	0046f6c0	112	
	0046f730	32	
	0046f750	74	
	0046f7c0	36	
	0046f890	3932	
	004707f0	29	
	00470810	131	
	004708a0	110	
	00470910	162	
	004709c0	52	
	00470a00	81	
	00470a60	69	
	00470ab0	64	
	00470af0	55	
	00470b30	659	
	00470dd0	1	
	00470de0	62	
	00470e20	91	
	00470e80	659	
	00471120	1	
	00471130	62	
	00471170	91	
	004711d0	30	
	004711f0	215	
	004712d0	119	
	00471350	119	
	004713d0	284	
	004714f0	295	
	00471620	285	
	00471760	225	
	00471850	91	
	004718ab	95	
	00471910	42	
	00471940	213	
	00471a20	25	
	00471a40	12	
	00471a50	34	
	00471a80	30	
	00471aa0	59	
	00471ae0	40	
	00471b10	196	
	00471be0	2390	
	00472680	34	
	004726b0	22	
	004726d0	143	
	00472760	573	
	004729a0	112	
	00472a10	5	
	00472a20	19	
	00472a40	5	
	00472a50	11	
	00472a60	5	
	00472a70	19	
	00472a90	5	
	00472aa0	31	
	00472ac0	5	
	00472ad0	25	
	00472af0	5	
	00472b00	15	
	00472b10	5	
	00472b20	25	
	00472b40	5	
	00472b50	25	
	00472b70	5	
	00472b80	15	
	00472b90	5	
	00472ba0	23	
	00472bc0	10	
	00472bd0	53	
	00472c10	18	
	00472c30	12	
	00472c40	51	
	00472c80	35	
	00472cb0	10	
	00472cc0	37	
	00472cf0	18	
	00472d10	12	
	00472d20	48	
	00472d50	32	
	00472d70	10	
	00472d80	13	
	00472d90	12	
	00472da0	21	
	00472dc0	3490	
	00473b70	32	
	00473b90	535	
	00473db0	20	
	00473dd0	32	
	00473df0	65	
	00473e40	13	
	00473e50	1	
	00473e60	5	
	00473e70	5	
	00473e80	5	
	00473e90	5	
	00473ea0	3	
	00473eb0	5	
	00473ec0	5	
	00473ed0	3	
	00473ee0	8	
	00473ef0	4	
	00473f00	6	
	00473f10	6	
	00473f20	7	
	00473f30	11	
	00473f40	5	
	00473f50	3	
	00473f60	5	
	00473f70	6	
	00473f80	6	
	00473f90	3	
	00473fa0	8	
	00473fb0	8	
	00473fc0	8	
	00473fd0	6	
	00473fe0	6	
	00473ff0	5	
	00474000	6	
	00474010	3	
	00474020	8	
	00474030	8	
	00474040	8	
	00474050	5	
	00474060	8	
	00474070	8	
	00474080	6	
	00474090	8	
	004740a0	16	
	004740b0	8	
	004740c0	6	
	004740d0	6	
	004740e0	32	
	00474100	35	
	00474130	537	
	00474350	828	
	00474690	499	
	00474890	66	
	004748e0	38	
	00474910	35	
	00474940	3	
	00474950	3	
	00474960	5	
	00474970	5	
	00474980	5	
	00474990	5	
	004749a0	5	
	004749b0	5	
	004749c0	5	
	004749d0	5	
	004749e0	3	
	004749f0	35	
	00474a20	302	
	00474b50	69	
	00474ba0	173	
	00474c50	677	
	00474f00	621	
	00475170	585	
	004753c0	7	
	004753d0	31	
	004753f0	85	
	00475450	734	
	00475730	248	
	00475830	79	
	00475880	74	
	004758d0	997	
	00475cc0	107	
	00475d30	501	
	00475f60	89	
	00475fc0	166	
	00476070	3204	
	00476d10	172	
	00476dc0	14	
	00476dd0	21	
	00476df0	21	
	00476e10	88	
	00476e70	21	
	00476e90	30	
	00476eb0	14	
	00476ec0	8	
	00476ed0	44	
	00476f00	86	
	00476f60	6	
	00476f70	44	
	00476fa0	192	
	00477060	5	
	00477070	89	
	004770d0	90	
	00477130	220	
	00477210	345	
	00477370	197	
	00477440	131	
	004774d0	18	
	004774f0	42	
	00477520	42	
	00477550	123	
	004775d0	464	
	004777a0	84	
	00477800	72	
	00477850	10	
	00477860	17	
	00477880	369	
	00477a00	143	
	00477a90	35	
	00477ac0	95	
	00477b20	289	
	00477c50	175	
	00477d00	109	
	00477d70	3	
	00477d80	28	
	00477da0	41	
	00477dd0	31	
	00477df0	3	
	00477e00	7	
	00477e10	22	
	00477e30	44	
	00477ec0	28	
	00477ee0	16	
	00477ef0	7	
	00477f00	31	
	00477f20	3	
	00477f30	8	
	00477f40	16	
	00477f50	22	
	00477f70	258	
	00478080	80	
	004780d0	80	
	00478120	491	
	00478310	51	
	00478350	1339	
	00478890	866	
	00478c00	128	
	00478c80	922	
	00479020	28	
	00479040	67	
	00479090	281	
	004791b0	3	
	004791c0	6	
	004791d0	4	
	004791e0	191	
	004792a0	27	
	004792c0	16	
	004792d0	20	
	004792f0	79	
	00479350	137	
	004793e0	94	
	00479440	15	
	00479450	41	
	00479480	18	
	004794a0	38	
	004794d0	48	
	00479500	30	
	00479520	141	
	004795b0	26	
	004795d0	156	
	00479670	46	
	004796a0	530	
	004798c0	43	
	004798f0	38	
	00479920	57	
	00479960	8	
	00479970	27	
	00479990	489	
	00479b80	3	
	00479b90	371	
	00479d10	3	
	00479d20	3	
	00479d30	65	
	00479d80	135	
	00479e10	35	
	00479e40	14	
	00479e50	81	
	00479eb0	191	
	00479f70	573	
	0047a1b0	6	
	0047a1c0	4	
	0047a1d0	331	
	0047a320	8	
	0047a330	121	
	0047a3b0	328	
	0047a500	671	
	0047a7a0	213	
	0047a880	255	
	0047a980	191	
	0047aa40	10	
	0047aa50	292	
	0047ab80	10	
	0047ab90	283	
	0047acab	12	
	0047acc0	7	
	0047acd0	172	
	0047ad80	348	
	0047aee0	203	
	0047afb0	93	
	0047b010	289	
	0047b140	11	
	0047b150	14	
	0047b160	39	
	0047b190	11	
	0047b1a0	10	
	0047b1b0	16	
	0047b1c0	23	
	0047b1e0	5	
	0047b1f0	10	
	0047b200	203	
	0047b2d0	60	
	0047b310	224	
	0047b3f0	36	
	0047b420	30	
	0047b440	1570	
	0047ba70	355	
	0047bbe0	110	
	0047bc50	224	
	0047bd30	95	
	0047bd90	64	
	0047bdd0	90	
	0047be2a	169	
	0047bee0	1800	
	0047c5f0	23	
	0047c610	6	
	0047c620	8	
	0047c630	10	
	0047c640	10	
	0047c650	28	
	0047c670	26	
	0047c690	18	
	0047c6b0	188	
	0047c770	1	
	0047c780	243	
	0047c880	3	
	0047c890	3	
	0047c8a0	4	
	0047c8b0	6	
	0047c8c0	109	
	0047c930	12	
	0047c940	14	
	0047c950	14	
	0047c960	104	
	0047c9d0	501	
	0047cbd0	261	
	0047cce0	53	
	0047cd20	60	
	0047cd60	12	
	0047cd70	33	
	0047cda0	215	
	0047ce80	126	
	0047cf00	163	
	0047cfb0	780	
	0047d2c0	33	
	0047d2f0	18	
	0047d310	12	
	0047d320	22	
	0047d340	27	
	0047d360	27	
	0047d380	97	
	0047d470	51	
	0047d4b0	54	
	0047d500	127	
	0047d580	16	
	0047d590	99	
	0047d600	54	
	0047d640	241	
	0047d740	208	
	0047d810	22	
	0047d830	43	
	0047d860	144	
	0047d8f0	79	
	0047d940	8	
	0047d950	34	
	0047d980	25	
	0047d9a0	251	
	0047daa0	171	
	0047db50	124	
	0047dbd0	124	
	0047dc50	174	
	0047dd00	277	
	0047de20	85	
	0047de80	41	
	0047deb0	143	
	0047df40	6	
	0047df50	175	
	0047e000	93	
	0047e060	336	
	0047e1b0	1424	
	0047e760	1146	
	0047ec10	757	
	0047ef30	16	
	0047ef40	77	
	0047ef90	108	
	0047f000	30	
	0047f020	77	
	0047f070	77	
	0047f0c0	77	
	0047f110	25	
	0047f130	12	
	0047f140	5	
	0047f150	19	
	0047f170	5	
	0047f180	11	
	0047f190	5	
	0047f1a0	19	
	0047f1c0	46	
	0047f1f0	32	
	0047f210	73	
	0047f260	31	
	0047f280	27	
0047f280	0047f2a0	91	
	0047f300	124	
	0047f380	27	
	0047f3a0	175	
	0047f450	5	
	0047f460	1	
	0047f470	5	
	0047f480	1	
	0047f490	569	
	0047f6d0	72	
	0047f720	79	
	0047f770	298	
	0047f8a0	38	
	0047f8d0	322	
	0047fa20	87	
	0047fa80	49	
	0047fac0	297	
	0047fbf0	43	
	0047fc20	1555	
	00480240	306	
	00480380	19	
	004803a0	33	
	004803d0	248	
	00480530	385	
	004806c0	11	
	004806d0	11	
	004806e0	71	
	00480730	30	
	00480750	180	
	00480810	230	
	00480900	270	
	00480a10	71	
	00480a60	49	
	00480aa0	22	
	00480ac0	310	
	00480c00	72	
	00480c50	13	
	00480c60	37	
	00480c90	148	
	00480d30	14	
	00480d40	196	
	00480e10	427	
	00480fc0	111	
	00481030	15	
	00481040	144	
	004810d0	141	
	00481160	48	
	00481190	9	
	004811a0	309	
	004812e0	172	
	00481390	26	
	004813b0	26	
	004813d0	26	
	004813f0	22	
	00481410	796	
	00481760	359	
	004818d0	84	
	00481930	270	
	00481a40	205	
	00481b10	331	
	00481c60	395	
	00481df0	3740	
	00482c90	170	
	00482d40	66	
	00482d90	689	
	00483050	28	
	00483070	231	
	00483160	72	
	004831b0	222	
	00483290	858	
	00483670	166	
	00483750	47	
	00483780	205	
	00483850	19	
	00483870	19	
	00483890	305	
	004839d0	199	
	00483ab0	1044	
	00483ed0	85	
	00483f30	1	
	00483f40	159	
	00483fe0	627	
	00484260	72	
	004842b0	24	
	004842d0	14	
	004842e0	24	
	00484300	15	
	00484310	78	
	00484360	63	
	004843a0	107	
	00484410	302	
	00484540	77	
	00484590	87	
	004845f0	203	
	004846bb	18	
	004846e0	172	
	00484790	140	
	00484830	102	
	004848a0	22	
	004848c0	44	
	004848f0	44	
	00484920	401	
	00484ac0	29	
	00484ae0	20	
	00484b00	117	
	00484b80	73	
	00484bd0	77	
	00484c20	60	
	00484c60	27	
	00484c80	85	
	00484ce0	77	
	00484d30	197	
	00484e00	15	
	00484e10	15	
	00484e20	60	
	00484e60	91	
	00484ec0	584	
	004851a0	172	
004851a0	004852a8	41	
004851a0	004853c9	41	
004851a0	004854cc	748	
004851a0	004857f4	386	
004851a0	004859c0	40	
004851a0	00485a29	183	
004851a0	00485b59	505	
	00485441	32	
	00485461	107	
00485461	00485d52	7	
	00485df0	231	
	00485ee0	90	
	00485f40	537	
	00486160	557	
	00486390	335	
	004864e0	516	
	004866f0	182	
	004867b0	52	
	004867f0	1	
	00486800	508	
	00486a00	2858	
	004875d0	1364	
	00487b30	310	
	00487c70	100	
	00487ce0	702	
	00487fa0	889	
	00488320	383	
	004884a0	757	
	004887a0	2381	
	004890f0	139	
	00489180	882	
	00489540	1001	
	00489930	239	
	00489a20	368	
	00489b90	278	
	00489cb0	45	
	00489ce0	1654	
	0048a380	66	
	0048a3d0	66	
	0048a420	109	
	0048a490	133	
	0048a530	53	
	0048a570	13	
	0048a580	94	
	0048a5e0	3783	
	0048b4b0	403	
	0048b650	130	
	0048b6e0	148	
	0048b780	7	
	0048b790	470	
	0048b970	308	
	0048bab0	514	
	0048bcc0	2171	
	0048c540	374	
	0048c6c0	848	
	0048ca10	414	
	0048cbb0	111	
	0048cc20	95	
	0048cc80	180	
	0048cd40	356	
	0048ceb0	923	
	0048d250	70	
	0048d2a0	597	
	0048d520	26	
	0048d540	518	
	0048d750	57	
	0048d790	17	
	0048d7b0	296	
	0048d8e0	71	
	0048d930	11	
	0048d940	367	
	0048dab0	135	
	0048db40	304	
	0048dc70	252	
	0048dd70	1088	
	0048e1c0	147	
	0048e260	3550	
	0048f060	45	
	0048f090	36	
	0048f0c0	36	
	0048f0f0	133	
	0048f180	118	
	0048f200	118	
	0048f280	712	
	0048f550	84	
	0048f5b0	351	
	0048f710	56	
	0048f750	40	
	0048f7b0	72	
	0048f800	24	
	0048f820	5	
	0048f830	3116	
	00490460	849	
	004907c0	146	
	00490860	70	
	004908b0	38	
	00490910	52	
	00490950	13	
	00490960	2034	
	00491180	1268	
	00491690	25	
	004916b0	12	
	004916c0	5	
	004916d0	19	
	004916f0	5	
	00491700	11	
	00491710	10	
	00491720	39	
	00491750	18	
	00491770	12	
	00491780	51	
	004917c0	35	
	004917f0	10	
	00491800	39	
	00491830	18	
	00491850	12	
	00491860	51	
	004918a0	35	
	004918d0	10	
	004918e0	39	
	00491910	18	
	00491930	12	
	00491940	51	
	00491980	35	
	004919b0	10	
	004919c0	39	
	004919f0	12	
	00491a00	51	
	00491a40	10	
	00491a50	39	
	00491a80	12	
	00491a90	51	
	00491ad0	10	
	00491ae0	37	
	00491b10	18	
	00491b30	12	
	00491b40	48	
	00491b70	32	
	00491b90	5	
	00491ba0	35838	
	0049a7a0	32	
	0049a7c0	16	
	0049a7d0	580	
	0049aa20	398	
	0049abb0	546	
	0049ade0	4	
	0049adf0	542	
	0049b010	5	
	0049b020	408	
	0049b1c0	601	
	0049b420	576	
	0049b660	265	
	0049b770	661	
	0049ba10	90	
	0049ba70	600	
	0049bcd0	2468	
	0049c680	4	
	0049c690	244	
	0049c790	464	
	0049c960	49	
	0049c9a0	1556	
	0049cfc0	6	
	0049cfd0	4	
	0049cfe0	372	
	0049d160	376	
	0049d2e0	619	
	0049d550	138	
	0049d5e0	359	
	0049d750	373	
	0049d8d0	443	
	0049da90	732	
	0049dd70	907	
	0049e100	143	
	0049e190	709	
	0049e460	5	
	0049e470	471	
	0049e650	611	
	0049e8c0	948	
	0049ec80	605	
	0049eee0	765	
	0049f1e0	1508	
	0049f7d0	860	
	0049fb30	655	
	0049fdc0	570	
	004a0000	4	
	004a0010	453	
	004a01e0	145	
	004a0280	123	
	004a0300	564	
	004a0540	3549	
	004a1320	5	
	004a1330	474	
	004a1510	37	
	004a1540	168	
	004a15f0	1452	
	004a1ba0	33	
	004a1bd0	465	
	004a1db0	465	
	004a1f90	257	
	004a20a0	234	
	004a2190	414	
	004a2330	555	
	004a2560	1233	
	004a2a40	369	
	004a2bc0	580	
	004a2e10	718	
	004a30e0	622	
	004a3350	968	
	004a3720	131	
	004a37b0	1505	
	004a3da0	364	
	004a3f10	408	
	004a40b0	131	
	004a4140	131	
	004a41d0	28	
	004a41f0	131	
	004a4280	131	
	004a4310	377	
	004a4490	377	
	004a4610	645	
	004a48a0	221	
	004a4980	292	
	004a4ab0	1050	
	004a4ed0	158	
	004a4f70	932	
	004a5320	28	
	004a5340	1017	
	004a5740	634	
	004a59c0	474	
	004a5ba0	116	
	004a5c20	116	
	004a5ca0	132	
	004a5d30	196	
	004a5e00	172	
	004a5eb0	356	
	004a6020	277	
	004a6140	618	
	004a63b0	662	
	004a6650	692	
	004a6910	719	
	004a6be0	692	
	004a6ea0	175	
	004a6f50	5	
	004a6f60	5	
	004a6f70	1623	
	004a75d0	1868	
	004a7d20	28	
	004a7d40	1741	
	004a8410	1848	
	004a8b50	1473	
	004a9120	438	
	004a92e0	2722	
	004a9d90	3575	
	004aab90	1646	
	004ab200	138	
	004ab290	185	
	004ab350	695	
	004ab610	914	
	004ab9b0	824	
	004abcf0	356	
	004abe60	371	
	004abfe0	965	
	004ac3b0	262	
	004ac4c0	690	
	004ac780	745	
	004aca70	566	
	004accb0	13	
	004accc0	236	
	004acdb0	13	
	004acdc0	13	
	004acdd0	404	
	004acf70	131	
	004ad000	131	
	004ad090	598	
	004ad2f0	413	
	004ad490	912	
	004ad820	1012	
	004adc20	1012	
	004ae020	1066	
	004ae450	612	
	004ae6c0	122	
	004ae740	408	
	004ae8e0	303	
	004aea10	296	
	004aeb40	129	
	004aebd0	618	
	004aee40	2022	
	004af640	28	
	004af660	255	
	004af760	304	
	004af890	304	
	004af9c0	382	
	004afb40	459	
	004afd10	679	
	004affc0	647	
	004b0250	354	
	004b03c0	233	
	004b04b0	13	
	004b04c0	13	
	004b04d0	181	
	004b0590	474	
	004b0770	87	
	004b07d0	269	
	004b08e0	135	
	004b0970	291	
	004b0aa0	683	
	004b0d50	266	
	004b0e60	672	
	004b1100	553	
	004b1330	658	
	004b15d0	312	
	004b1710	459	
	004b18e0	8	
	004b18f0	10	
	004b1900	122	
	004b1980	28	
	004b19a0	1570	
	004b1fd0	1379	
	004b2540	1602	
	004b2b90	1184	
	004b3030	1447	
	004b35e0	1681	
	004b3c80	981	
	004b4060	244	
	004b4160	274	
	004b4280	424	
	004b4430	2023	
	004b4c20	1187	
	004b50d0	1279	
	004b55d0	1497	
	004b5bb0	462	
	004b5d80	598	
	004b5fe0	366	
	004b6150	731	
	004b6430	731	
	004b6710	731	
	004b69f0	645	
	004b6c80	413	
	004b6e20	118	
	004b6ea0	396	
	004b7030	1992	
	004b7800	496	
	004b79f0	696	
	004b7cb0	580	
	004b7f00	577	
	004b8150	955	
	004b8510	751	
	004b8800	13	
	004b8810	591	
	004b8a60	593	
	004b8cc0	399	
	004b8e50	1066	
	004b9280	429	
	004b9430	28	
	004b9450	1652	
	004b9ad0	1652	
	004ba150	860	
	004ba4b0	757	
	004ba7b0	823	
	004baaf0	262	
	004bac00	539	
	004bae20	477	
	004bb000	577	
	004bb250	577	
	004bb4a0	577	
	004bb6f0	1665	
	004bbd80	2872	
	004bc8c0	987	
	004bcca0	3193	
	004bd920	1439	
	004bdec0	1439	
	004be460	120	
	004be4e0	133	
	004be570	328	
	004be6c0	218	
	004be7a0	756	
	004beaa0	1039	
	004beeb0	13	
	004beec0	637	
	004bf140	766	
	004bf440	74	
	004bf490	735	
	004bf770	13	
	004bf780	448	
	004bf940	28	
	004bf960	635	
	004bfbe0	949	
	004bffa0	639	
	004c0220	579	
	004c0470	28	
	004c0490	28	
	004c04b0	28	
	004c04d0	356	
	004c0640	898	
	004c09d0	348	
	004c0b30	756	
	004c0e30	310	
	004c0f70	579	
	004c11c0	843	
	004c1510	843	
	004c1860	422	
	004c1a10	703	
	004c1cd0	504	
	004c1ed0	241	
	004c1fd0	185	
	004c2090	766	
	004c2390	185	
	004c2450	371	
	004c25d0	762	
	004c28d0	700	
	004c2b90	31	
	004c2bb0	552	
	004c2de0	224	
	004c2ec0	795	
	004c31e0	445	
	004c33a0	25	
	004c33c0	12	
	004c33d0	8	
	004c33e0	8	
	004c33f0	8	
	004c3400	8	
	004c3410	8	
	004c3420	8	
	004c3430	8	
	004c3440	8	
	004c3450	8	
	004c3460	8	
	004c3470	8	
	004c3480	8	
	004c3490	8	
	004c34a0	8	
	004c34b0	8	
	004c34c0	8	
	004c34d0	8	
	004c34e0	8	
	004c34f0	8	
	004c3500	8	
	004c3510	8	
	004c3520	8	
	004c3530	8	
	004c3540	8	
	004c3550	8	
	004c3560	8	
	004c3570	8	
	004c3580	8	
	004c3590	8	
	004c35a0	8	
	004c35b0	8	
	004c35c0	8	
	004c35d0	8	
	004c35e0	8	
	004c35f0	8	
	004c3600	8	
	004c3610	8	
	004c3620	8	
	004c3630	8	
	004c3640	8	
	004c3650	8	
	004c3660	8	
	004c3670	8	
	004c3680	8	
	004c3690	8	
	004c36a0	8	
	004c36b0	8	
	004c36c0	8	
	004c36d0	8	
	004c36e0	8	
	004c36f0	8	
	004c3700	8	
	004c3710	8	
	004c3720	8	
	004c3730	8	
	004c3740	8	
	004c3750	8	
	004c3760	5	
	004c3770	8	
	004c3780	8	
	004c3790	8	
	004c37a0	8	
	004c37b0	8	
	004c37c0	8	
	004c37d0	8	
	004c37e0	8	
	004c37f0	8	
	004c3800	8	
	004c3810	8	
	004c3820	8	
	004c3830	8	
	004c3840	8	
	004c3850	8	
	004c3860	8	
	004c3870	8	
	004c3880	8	
	004c3890	8	
	004c38a0	8	
	004c38b0	8	
	004c38c0	8	
	004c38d0	8	
	004c38e0	5	
	004c38f0	19	
	004c3910	5	
	004c3920	11	
	004c3930	35	
	004c3960	43	
	004c3990	84	
	004c39f0	89	
	004c3a50	75	
	004c3ac0	103	
	004c3b30	82	
	004c3ba0	63	
	004c3bf0	122	
	004c3cb3	60	
004c3cb3	004c3cf5	5	
	004c3cfa	131	
	004c3d80	82	
	004c3de0	133	
	004c3e70	18	
	004c3e90	40	
	004c3ec0	107	
	004c3f2b	14	
	004c3f40	17	
	004c3f60	135	
	004c4000	155	
	004c40f7	21	
004c40f7	004c4112	3	
	004c4149	67	
004c4149	004c4192	3	
	004c41a0	117	
	004c4220	117	
	004c42a0	110	
	004c4310	15	
	004c4320	25	
	004c4340	12	
	004c4350	5	
	004c4360	19	
	004c4380	5	
	004c4390	11	
	004c43a0	166	
	004c4450	84	
	004c44b0	195	
	004c4580	59	
	004c45c0	122	
	004c463a	6	
	004c4640	392	
	004c47d0	139	
	004c485b	21	
	004c4870	60	
	004c48b0	60	
	004c48f0	25	
	004c4910	12	
	004c4920	5	
	004c4930	19	
	004c4950	5	
	004c4956	10	
	004c4960	11	
	004c4970	268	
	004c4ab0	293	
	004c4be0	25	
	004c4c00	12	
	004c4c10	5	
	004c4c20	19	
	004c4c40	5	
	004c4c4c	4	
	004c4c50	11	
	004c4c60	22	
	004c4c80	149	
	004c4d20	44	
	004c4d50	445	
	004c4f10	51	
	004c4f43	23	
	004c4f60	74	
	004c4fb0	25	
	004c4fd0	12	
	004c4fe0	5	
	004c4ff0	19	
	004c5010	5	
	004c5020	11	
	004c5030	243	
	004c5130	278	
	004c5246	47	
	004c5280	77	
	004c52d0	188	
	004c5390	357	
	004c5500	25	
	004c5520	12	
	004c5530	5	
	004c5540	19	
	004c5560	5	
	004c5570	11	
	004c5580	5	
	004c5590	819	
	004c58d0	1	
	004c58e0	188	
	004c59a0	26	
	004c59c0	232	
	004c5ab0	64	
	004c5af0	89	
	004c5b50	89	
	004c5bb0	89	
	004c5c10	6	
	004c5c20	74	
	004c5c70	64	
	004c5cb0	64	
	004c5cf0	64	
	004c5d30	64	
	004c5d70	64	
	004c5db0	81	
	004c5e10	64	
	004c5e50	3	
	004c5e60	122	
	004c5eda	112	
	004c5f50	25	
	004c5f70	12	
	004c5f80	8	
	004c5f90	5	
	004c5fa0	19	
	004c5fc0	5	
	004c5fd0	11	
	004c5fe0	13	
	004c5ff0	1129	
	004c6460	108	
	004c64d0	108	
	004c6540	3295	
	004c7220	364	
	004c7390	144	
	004c7420	32	
	004c7440	158	
	004c74e0	167	
	004c7590	70	
	004c75e0	25	
	004c7600	12	
	004c7610	5	
	004c7620	19	
	004c7640	5	
	004c7650	11	
	004c765b	102	
	004c76d0	485	
	004c78c0	92	
	004c7920	184	
	004c79e0	52	
	004c7a20	52	
	004c7a60	52	
	004c7aa0	52	
	004c7ae0	52	
	004c7b20	52	
	004c7b60	52	
	004c7ba0	52	
	004c7be0	52	
	004c7c20	52	
	004c7c60	191	
	004c7d20	83	
	004c7d80	34	
	004c7db0	25	
	004c7dd0	12	
	004c7de0	5	
	004c7df0	19	
	004c7e10	5	
	004c7e20	11	
	004c7e30	20	
	004c7e50	83	
	004c7eb0	17	
	004c7ed0	77	
	004c7f20	53	
	004c7f60	153	
	004c8000	67	
	004c8050	88	
	004c80b0	58	
	004c80f0	58	
	004c8130	97	
	004c81a0	35	
	004c81d0	25	
	004c81f0	53	
	004c8230	475	
	004c8410	25	
	004c8430	12	
	004c8440	5	
	004c8450	19	
	004c8470	5	
	004c8480	11	
	004c8490	23	
	004c84b0	67	
	004c8500	67	
	004c8550	22	
	004c8570	67	
	004c85c0	22	
	004c85e0	22	
	004c8600	22	
	004c8620	64	
	004c8660	100	
	004c86d0	67	
	004c8720	5	
	004c8730	67	
	004c8780	67	
	004c87d0	22	
	004c87f0	22	
	004c8810	22	
	004c8830	22	
	004c8850	22	
	004c8870	48	
	004c88a0	25	
	004c88c0	12	
	004c88d0	5	
	004c88e0	19	
	004c8900	5	
	004c8910	11	
	004c8920	5	
	004c8930	4487	
	004c9ac0	5	
	004c9ad0	345	
	004c9c30	81	
	004c9c90	846	
	004c9fe0	505	
	004ca240	29	
	004ca260	42	
	004ca290	172	
	004ca340	329	
	004ca490	232	
	004ca580	122	
	004ca600	104	
	004ca670	114	
	004ca6f0	66	
	004ca740	76	
	004ca790	76	
	004ca7e0	76	
	004ca830	76	
	004ca880	76	
	004ca8d0	76	
	004ca920	80	
	004ca970	89	
	004ca9d0	80	
	004caa20	89	
	004caa80	179	
	004cab40	76	
	004cab90	76	
	004cabe0	76	
	004cac30	1	
	004cac40	36	
	004cac70	36	
	004caca0	36	
	004cacd0	36	
	004cad00	36	
	004cad30	36	
	004cad60	36	
	004cad90	36	
	004cadc0	36	
	004cadf0	36	
	004cae20	36	
	004cae50	36	
	004cae80	119	
	004caf00	111	
	004caf70	76	
	004cafc0	54	
	004cb000	80	
	004cb050	76	
	004cb0a0	76	
	004cb0f0	76	
	004cb140	76	
	004cb190	76	
	004cb1e0	76	
	004cb230	98	
	004cb2a0	76	
	004cb2f0	76	
	004cb340	25	
	004cb360	12	
	004cb370	5	
	004cb380	19	
	004cb3a0	5	
	004cb3b0	11	
	004cb3c0	51	
004cb3c0	004cb410	718	
	004cb6e0	16	
	004cb6f0	6	
	004cb700	3	
	004cb710	8	
	004cb720	3	
	004cb730	6	
	004cb740	3	
	004cb750	32	
	004cb770	6	
	004cb780	6	
	004cb790	6	
	004cb7a0	15	
	004cb7b0	3	
	004cb7c0	32	
	004cb7e0	3	
	004cb7f0	6	
	004cb800	6	
	004cb810	15	
	004cb820	6	
	004cb830	32	
	004cb850	3	
	004cb860	6	
	004cb870	6	
	004cb880	20	
	004cb8a0	6	
	004cb8b0	32	
	004cb8d0	3	
	004cb8e0	6	
	004cb8f0	6	
	004cb900	6	
	004cb910	32	
	004cb930	6	
	004cb940	6	
	004cb950	6	
	004cb960	15	
	004cb970	6	
	004cb980	32	
	004cb9a0	3	
	004cb9b0	6	
	004cb9c0	6	
	004cb9d0	6	
	004cb9e0	32	
	004cba00	3	
	004cba10	6	
	004cba20	6	
	004cba30	15	
	004cba40	6	
	004cba50	32	
	004cba70	6	
	004cba80	6	
	004cba90	6	
	004cbaa0	15	
	004cbab0	6	
	004cbac0	32	
	004cbae0	3	
	004cbaf0	6	
	004cbb00	6	
	004cbb10	6	
	004cbb20	32	
	004cbb40	6	
	004cbb50	6	
	004cbb60	6	
	004cbb70	6	
	004cbb80	32	
	004cbba0	6	
	004cbbb0	6	
	004cbbc0	6	
	004cbbd0	6	
	004cbbe0	32	
	004cbc00	32	
	004cbc20	3226	
	004cc8c0	25	
	004cc8e0	25	
	004cc900	25	
	004cc920	25	
	004cc940	25	
	004cc960	33	
	004cc990	3252	
	004cd650	3	
	004cd660	6	
	004cd670	6	
	004cd680	15	
	004cd690	6	
	004cd6a0	32	
	004cd6c0	6	
	004cd6d0	6	
	004cd6e0	6	
	004cd6f0	15	
	004cd700	6	
	004cd710	32	
	004cd730	6	
	004cd740	6	
	004cd750	6	
	004cd760	6	
	004cd770	32	
	004cd790	3	
	004cd7a0	6	
	004cd7b0	6	
	004cd7c0	15	
	004cd7d0	6	
	004cd7e0	32	
	004cd800	2442	
	004ce200	90	
	004ce260	18	
	004ce280	18	
	004ce2a0	25	
	004ce2c0	12	
	004ce2d0	5	
	004ce2e0	19	
	004ce300	5	
	004ce310	11	
	004ce320	955	
	004ce6db	117	
	004ce750	386	
	004ce8e0	799	
	004cec00	231	
	004cecf0	372	
	004cee70	13	
	004cee80	304	
	004cefb0	1	
	004cefc0	88	
	004cf020	15	
	004cf030	15	
	004cf040	26	
	004cf060	58	
	004cf0a0	58	
	004cf0da	64	
	004cf120	69	
	004cf170	25	
	004cf190	12	
	004cf1a0	5	
	004cf1b0	19	
	004cf1d0	5	
	004cf1e0	11	
	004cf1f0	43	
	004cf220	68	
	004cf270	1659	
	004cf8f0	4	
	004cf900	216	
	004cf9e0	17	
	004cfa00	156	
	004cfaa0	110	
	004cfb10	54	
	004cfb50	16	
	004cfb60	84	
	004cfbc0	67	
	004cfc10	67	
	004cfc60	10	
	004cfc6a	16	
	004cfc80	473	
	004cfe60	42	
	004cfe90	87	
	004cfef0	144	
	004cff80	162	
	004d0030	161	
	004d00e0	160	
	004d0180	155	
	004d0220	155	
	004d02c0	25	
	004d02e0	12	
	004d02f0	5	
	004d0300	19	
	004d0320	5	
	004d0330	11	
	004d0340	48	
	004d0370	32	
	004d0390	18	
	004d03b0	661	
	004d0650	173	
	004d0700	153	
	004d07a0	390	
	004d0930	214	
	004d0a20	342	
	004d0b80	72	
	004d0bd0	170	
	004d0c80	71	
	004d0cd0	415	
	004d0e70	187	
	004d0f30	354	
	004d10a0	42	
	004d10d0	34	
	004d1100	51	
	004d1140	81	
	004d11a0	117	
	004d1220	34	
	004d1250	34	
	004d1280	208	
	004d1350	199	
	004d1420	51	
	004d1460	166	
	004d1510	279	
	004d1627	19	
	004d1640	130	
	004d16d0	263	
	004d17e0	143	
	004d1870	75	
	004d18c0	192	
	004d1980	165	
	004d1a30	192	
	004d1af0	28	
	004d1b10	7	
	004d1b20	7	
	004d1b30	7	
	004d1b40	7	
	004d1b50	7	
	004d1b60	7	
	004d1b70	7	
	004d1b80	7	
	004d1b90	25	
	004d1bb0	106	
	004d1c20	144	
	004d1cb0	190	
	004d1d70	346	
	004d1ed0	369	
	004d2050	369	
	004d21d0	150	
	004d2270	25	
	004d2290	12	
	004d22a0	5	
	004d22b0	19	
	004d22d0	5	
	004d22e0	11	
	004d22f0	498	
	004d24f0	32	
	004d2510	35	
	004d2540	32	
	004d2560	35	
	004d2590	325	
	004d26e0	38	
	004d2710	41	
	004d2740	61	
	004d2780	117	
	004d2800	87	
	004d2870	77	
	004d28c0	25	
	004d28e0	12	
	004d28f0	5	
	004d2900	19	
	004d2920	5	
	004d2930	11	
	004d2940	218	
	004d2a20	205	
	004d2af0	41	
	004d2b20	95	
	004d2b80	17	
	004d2ba0	21	
	004d2bc0	13	
	004d2bd0	17	
	004d2bf0	15	
	004d2c00	33	
	004d2c30	75	
	004d2c80	34	
	004d2cb0	101	
	004d2d20	53	
	004d2d60	76	
	004d2db0	47	
	004d2de0	46	
	004d2e10	47	
	004d2e40	87	
	004d2ea0	124	
	004d2f20	35	
	004d2f50	151	
	004d2ff0	8	
	004d3000	13	
	004d3010	8	
	004d3020	20	
	004d3040	20	
	004d3060	20	
	004d3080	18	
	004d30a0	13	
	004d30b0	38	
	004d30e0	38	
	004d3110	38	
	004d3140	31	
	004d3160	38	
	004d3190	55	
	004d31d0	38	
	004d3200	45	
	004d3230	45	
	004d3260	45	
	004d3290	45	
	004d32c0	48	
	004d32f0	103	
	004d3360	103	
	004d33d0	51	
	004d3410	26	
	004d3430	25	
	004d3450	12	
	004d3460	5	
	004d3470	19	
	004d3490	5	
	004d34a0	11	
	004d34b0	304	
	004d35e0	32	
	004d3600	148	
	004d36a0	177	
	004d3760	129	
	004d37f0	7	
	004d3800	59	
	004d3840	25	
	004d3860	12	
	004d3870	5	
	004d3880	19	
	004d38a0	5	
	004d38b0	11	
	004d38c0	64	
	004d3900	48	
	004d3930	48	
	004d3960	48	
	004d3990	15	
	004d39a0	103	
	004d3a10	69	
	004d3a60	161	
	004d3b10	71	
	004d3b60	26	
	004d3b80	110	
	004d3bf0	91	
	004d3c50	24	
	004d3c70	148	
	004d3d10	75	
	004d3d60	31	
	004d3d80	91	
	004d3de0	15	
	004d3df0	101	
	004d3e60	95	
	004d3ec0	14	
	004d3ed0	72	
	004d3f20	72	
	004d3f70	72	
	004d3fc0	92	
	004d4020	66	
	004d4070	77	
	004d40c0	31	
	004d40e0	128	
	004d4160	20	
	004d4180	70	
	004d41d0	31	
	004d41f0	25	
	004d4210	12	
	004d4220	5	
	004d4230	19	
	004d4250	5	
	004d4260	11	
	004d4270	67	
	004d42c0	123	
	004d4340	10	
	004d4350	35	
	004d4380	77	
	004d43d0	18	
	004d43f0	71	
	004d4440	71	
	004d4490	110	
	004d4500	32	
	004d4520	36	
	004d454d	3	
	004d4550	301	
	004d4680	320	
	004d47c0	257	
	004d48d0	83	
	004d4930	425	
	004d4ae0	1	
	004d4af0	1	
	004d4b00	122	
	004d4b80	19	
	004d4ba0	35	
	004d4bd0	19	
	004d4bf0	19	
	004d4c10	12	
	004d4c20	102	
	004d4c90	149	
	004d4d30	182	
	004d4df0	130	
	004d4e80	229	
	004d4f70	369	
	004d50f0	89	
	004d5150	297	
	004d5280	43	
	004d52b0	2731	
	004d5d60	6	
	004d5d70	6	
	004d5d80	6	
	004d5d90	6	
	004d5da0	32	
	004d5dc0	6	
	004d5dd0	6	
	004d5de0	6	
	004d5df0	15	
	004d5e00	6	
	004d5e10	32	
	004d5e30	6	
	004d5e40	6	
	004d5e50	6	
	004d5e60	6	
	004d5e70	32	
	004d5e90	6	
	004d5ea0	6	
	004d5eb0	6	
	004d5ec0	6	
	004d5ed0	32	
	004d5ef0	6	
	004d5f00	6	
	004d5f10	6	
	004d5f20	15	
	004d5f30	6	
	004d5f40	32	
	004d5f60	3	
	004d5f70	6	
	004d5f80	6	
	004d5f90	15	
	004d5fa0	6	
	004d5fb0	32	
	004d5fd0	3	
	004d5fe0	6	
	004d5ff0	6	
	004d6000	15	
	004d6010	6	
	004d6020	32	
	004d6040	6	
	004d6050	6	
	004d6060	6	
	004d6070	15	
	004d6080	6	
	004d6090	32	
	004d60b0	45	
	004d60e0	35	
	004d6110	32	
	004d6130	14	
	004d6140	609	
	004d63f0	11	
	004d6400	6	
	004d6410	11	
	004d6420	11	
	004d6430	32	
	004d6450	6	
	004d6460	11	
	004d6470	11	
	004d6480	32	
	004d64a0	6	
	004d64b0	11	
	004d64c0	11	
	004d64d0	32	
	004d64f0	6	
	004d6500	11	
	004d6510	11	
	004d6520	32	
	004d6540	6	
	004d6550	11	
	004d6560	11	
	004d6570	32	
	004d6590	6	
	004d65a0	11	
	004d65b0	11	
	004d65c0	32	
	004d65e0	6	
	004d65f0	11	
	004d6600	11	
	004d6610	32	
	004d6630	6	
	004d6640	11	
	004d6650	11	
	004d6660	32	
	004d6680	3	
	004d6690	5	
	004d66a0	5	
	004d66b0	6	
	004d66c0	32	
	004d66e0	25	
	004d6700	125	
	004d6780	227	
	004d6870	114	
	004d68f0	87	
	004d6950	72	
	004d69a0	13	
	004d69b0	160	
	004d6a50	187	
	004d6b10	447	
	004d6cd0	326	
	004d6e20	26	
	004d6e40	39	
	004d6e70	39	
	004d6ea0	15	
	004d6eb0	256	
	004d6fb0	10	
	004d6fc0	313	
	004d7100	268	
	004d7210	1	
	004d7220	108	
	004d7290	68	
	004d72e0	36	
	004d7310	36	
	004d7340	103	
	004d73b0	114	
	004d7430	112	
	004d74a0	287	
	004d75c0	63	
	004d7640	40	
	004d7670	117	
	004d76f0	46	
	004d7720	77	
	004d7770	18	
	004d7790	25	
	004d77b0	12	
	004d77c0	5	
	004d77d0	19	
	004d77f0	5	
	004d7800	11	
	004d7810	113	
	004d7890	3	
	004d78a0	5	
	004d78b0	5	
	004d78c0	5	
	004d78d0	32	
	004d78f0	26	
	004d7910	32	
	004d7930	26	
	004d7950	257	
	004d7a60	73	
	004d7ab0	49	
	004d7af0	13	
	004d7b00	68	
	004d7b50	33	
	004d7b80	36	
	004d7bb0	28	
	004d7bd0	201	
	004d7ca0	55	
	004d7ce0	123	
	004d7d60	46	
	004d7d90	139	
	004d7e20	88	
	004d7e80	244	
	004d7f80	60	
	004d7fc0	166	
	004d8070	400	
	004d8230	107	
	004d82a0	86	
	004d8300	87	
	004d8360	84	
	004d83c0	1465	
	004d8980	151	
	004d8a20	109	
	004d8a90	20	
	004d8ab0	25	
	004d8ad0	20	
	004d8af0	73	
	004d8b40	3	
	004d8b50	87	
	004d8bb0	510	
	004d8df0	22	
	004d8e10	137	
	004d8ea0	1892	
	004d9610	25	
	004d9630	12	
	004d9640	5	
	004d9650	19	
	004d9670	5	
	004d9680	11	
	004d9690	356	
	004d9800	469	
	004d99e0	5	
	004d99f0	176	
	004d9aa0	5	
	004d9ab0	176	
	004d9b60	55	
	004d9ba0	176	
	004d9c50	55	
	004d9c90	176	
	004d9d40	5	
	004d9d50	1	
	004d9d60	275	
	004d9e80	394	
	004da010	143	
	004da0a0	275	
	004da1c0	403	
	004da360	225	
	004da450	394	
	004da5e0	225	
	004da6d0	6	
	004da6e0	11	
	004da6f0	11	
	004da700	32	
	004da720	394	
	004da8b0	275	
	004da9d0	210	
	004daab0	49	
	004daaf0	49	
	004dab30	49	
	004dab70	49	
	004dabb0	49	
	004dabf0	49	
	004dac30	49	
	004dac70	49	
	004dacb0	49	
	004dacf0	11	
	004dad00	5	
	004dad10	170	
	004dadc0	167	
	004dae70	30	
	004dae90	197	
	004daf60	204	
	004db030	5	
	004db040	5	
	004db050	5	
	004db060	5	
	004db070	97	
	004db0e0	48	
	004db110	97	
	004db180	76	
	004db1d0	48	
	004db200	20	
	004db220	25	
	004db240	12	
	004db250	5	
	004db260	19	
	004db280	5	
	004db290	11	
	004db2a0	10	
	004db2b0	39	
	004db2e0	18	
	004db300	12	
	004db310	51	
	004db350	35	
	004db380	10	
	004db390	37	
	004db3c0	18	
	004db3e0	12	
	004db3f0	48	
	004db420	32	
	004db440	10	
	004db450	39	
	004db480	18	
	004db4a0	12	
	004db4b0	51	
	004db4f0	35	
	004db520	10	
	004db530	37	
	004db560	18	
	004db580	12	
	004db590	48	
	004db5c0	32	
	004db5e0	5	
	004db5f0	2555	
	004dbff0	67	
	004dc040	35	
	004dc070	135	
	004dc100	265	
	004dc210	80	
	004dc260	101	
	004dc2d0	18	
	004dc2f0	18	
	004dc310	85	
	004dc370	91	
	004dc3d0	91	
	004dc430	200	
	004dc500	1	
	004dc510	147	
	004dc5b0	79	
	004dc600	113	
	004dc680	108	
	004dc6f0	100	
	004dc760	76	
	004dc7b0	75	
	004dc800	118	
	004dc880	30	
	004dc8a0	119	
	004dc920	70	
	004dc970	45	
	004dc9a0	65	
	004dc9f0	98	
	004dca60	752	
	004dcd50	72	
	004dcda0	39	
	004dcdd0	15	
	004dcde0	50	
	004dce20	200	
	004dcf20	77	
	004dcf70	50	
	004dcfb0	78	
	004dd000	25	
	004dd020	12	
	004dd030	8	
	004dd040	8	
	004dd050	8	
	004dd060	8	
	004dd070	8	
	004dd080	8	
	004dd090	8	
	004dd0a0	8	
	004dd0b0	8	
	004dd0c0	8	
	004dd0d0	8	
	004dd0e0	8	
	004dd0f0	5	
	004dd100	19	
	004dd120	5	
	004dd130	11	
	004dd140	10	
	004dd150	39	
	004dd180	18	
	004dd1a0	12	
	004dd1b0	51	
	004dd1f0	35	
	004dd220	10	
	004dd230	37	
	004dd260	18	
	004dd280	12	
	004dd290	48	
	004dd2c0	32	
	004dd2e0	10	
	004dd2f0	37	
	004dd320	12	
	004dd330	48	
	004dd360	10	
	004dd370	37	
	004dd3a0	18	
	004dd3c0	12	
	004dd3d0	48	
	004dd400	32	
	004dd420	5	
	004dd430	3351	
	004de150	283	
	004de270	256	
	004de370	47	
	004de3a0	28	
	004de3c0	79	
	004de410	320	
	004de550	122	
	004de5d0	73	
	004de620	151	
	004de6c0	109	
	004de730	66	
	004de780	59	
	004de7c0	64	
	004de800	84	
	004de860	25	
	004de880	12	
	004de890	5	
	004de8a0	19	
	004de8c0	5	
	004de8d0	11	
	004de8e0	16	
	004de8f0	67	
	004de940	10	
	004de950	16	
	004de960	10	
	004de970	28	
	004de990	16	
	004de9a0	10	
	004de9b0	16	
	004de9c0	15	
	004de9d0	19	
	004de9f0	25	
	004dea10	108	
	004dea80	69	
	004dead0	108	
	004deb40	69	
	004deb90	62	
	004debd0	55	
	004dec10	53	
	004dec50	10	
	004dec60	58	
	004deca0	87	
	004ded00	94	
	004ded60	53	
	004deda0	13	
	004dedb0	37	
	004dede0	118	
	004dee60	135	
	004deef0	19	
	004def10	13	
	004def20	13	
	004def30	13	
	004def40	13	
	004def50	13	
	004def60	13	
	004def70	19	
	004def90	19	
	004defb0	19	
	004defd0	19	
	004deff0	19	
	004df010	25	
	004df030	12	
	004df040	5	
	004df050	19	
	004df070	5	
	004df080	11	
	004df090	37	
	004df0c0	67	
	004df110	31	
	004df130	31	
	004df150	34	
	004df180	6	
	004df190	23	
	004df1c0	41	
	004df1f0	25	
	004df210	12	
	004df220	5	
	004df230	19	
	004df250	5	
	004df260	11	
	004df2b0	8	
	004df2c0	5	
	004df2d0	1	
	004df2e0	1	
	004df310	1	
	004df320	1	
	004df340	1	
	004df350	25	
	004df370	12	
	004df380	5	
	004df390	19	
	004df3b0	5	
	004df3c0	11	
	004df3d0	10	
	004df3e0	70	
	004df430	32	
	004df450	65	
	004df4a0	12	
	004df4b0	58	
	004df4f0	201	
	004df5c0	35	
	004df5f0	42	
	004df620	124	
	004df6a0	60	
	004df6e0	63	
	004df720	388	
	004df8b0	92	
	004df910	152	
	004df9b0	1	
	004df9c0	69	
	004dfa10	310	
	004dfb50	122	
	004dfbd0	1	
	004dfbe0	132	
	004dfc70	15	
	004dfc80	878	
	004e0020	480	
	004e0210	25	
	004e0230	12	
	004e0240	5	
	004e0250	19	
	004e0270	5	
	004e0280	11	
	004e0290	268	
	004e03a0	35	
	004e03d0	56	
	004e0410	493	
	004e0600	156	
	004e06a0	1856	
	004e0de0	475	
	004e0fc0	184	
	004e1080	124	
	004e1100	80	
	004e1150	100	
	004e11c0	751	
	004e14c0	106	
	004e1530	46	
	004e1570	39	
	004e15a0	54	
	004e15e0	143	
	004e1670	1204	
	004e1b40	54	
	004e1b80	205	
	004e1c50	61	
	004e1c90	41	
	004e1cc0	37	
	004e1cf0	55	
	004e1d30	32	
	004e1d50	32	
	004e1d70	41	
	004e1da0	41	
	004e1dd0	36	
	004e1e00	23	
	004e1e20	8	
	004e1e30	19	
	004e1e50	29	
	004e1e70	243	
	004e1f70	505	
	004e2170	25	
	004e2190	12	
	004e21a0	5	
	004e21b0	19	
	004e21d0	5	
	004e21e0	11	
	004e21f0	57	
	004e2230	32	
	004e2250	137	
	004e22e0	100	
	004e2350	45	
	004e2380	987	
	004e275b	141	
	004e27f0	158	
	004e2890	43	
	004e28c0	226	
	004e29b0	32	
	004e29e0	58	
	004e2a1a	64	
	004e2a60	82	
	004e2ac0	159	
	004e2b60	159	
	004e2c00	132	
	004e2c90	25	
	004e2cb0	12	
	004e2cc0	5	
	004e2cd0	19	
	004e2cf0	5	
	004e2d00	11	
	004e2d10	10	
	004e2d20	37	
	004e2d50	18	
	004e2d70	12	
	004e2d80	48	
	004e2db0	32	
	004e2dd0	10	
	004e2de0	37	
	004e2e10	12	
	004e2e20	48	
	004e2e50	32	
	004e2e70	1474	
	004e3440	94	
	004e34a0	49	
	004e34e0	32	
	004e3500	32	
	004e3520	32	
	004e3540	25	
	004e3560	12	
	004e3570	5	
	004e3580	19	
	004e35a0	5	
	004e35b0	11	
	004e35c0	35	
	004e35f0	68	
	004e3640	25	
	004e3660	12	
	004e3670	5	
	004e3680	19	
	004e36a0	5	
	004e36b0	11	
	004e36c0	99	
	004e3730	194	
	004e3800	24	
	004e3820	93	
	004e3880	92	
	004e38e0	122	
	004e3960	187	
	004e3a20	224	
	004e3b00	58	
	004e3b40	21	
	004e3b60	76	
	004e3bb0	95	
	004e3c10	88	
	004e3c70	118	
	004e3cf0	54	
	004e3d30	15	
	004e3d40	80	
	004e3d90	55	
	004e3dd0	74	
	004e3e20	61	
	004e3e60	14	
	004e3e70	55	
	004e3eb0	34	
	004e3ee0	38	
	004e3f10	25	
	004e3f30	109	
	004e3fa0	32	
	004e3fc0	40	
	004e3ff0	79	
	004e4040	36	
	004e4070	16	
	004e4080	87	
	004e40e0	36	
	004e4110	36	
	004e4140	36	
	004e4170	72	
	004e41c0	73	
	004e4210	101	
	004e4280	144	
	004e4310	16	
	004e4320	198	
	004e43f0	57	
	004e4430	24	
	004e4450	35	
	004e4480	16	
	004e4490	15	
	004e44a0	12	
	004e44b0	92	
	004e4510	198	
	004e45e0	145	
	004e4680	68	
	004e46d0	16	
	004e46e0	105	
	004e4750	152	
	004e47f0	65	
	004e4840	69	
	004e4890	46	
	004e48c0	16	
	004e48d0	21	
	004e48f0	5	
	004e4900	36	
	004e4930	51	
	004e4970	31	
	004e4990	11	
	004e49a0	54	
	004e49e0	54	
	004e4a20	96	
	004e4a80	33	
	004e4ab0	33	
	004e4ae0	36	
	004e4b10	36	
	004e4b40	5	
	004e4b50	11	
	004e4b60	11	
	004e4b70	8	
	004e4b90	176	
	004e4c40	74	
	004e4c90	34	
	004e4cc0	16	
	004e4cd0	5	
	004e4ce0	32	
	004e4d00	77	
	004e4d50	56	
	004e4d90	93	
	004e4df0	25	
	004e4e10	12	
	004e4e20	5	
	004e4e30	19	
	004e4e4e	2	
	004e4e50	5	
	004e4e60	11	
	004e4e70	5	
	004e4e80	23	
	004e4ea0	2708	
	004e5940	817	
	004e5c80	875	
	004e5ff0	2438	
	004e6980	26	
	004e69a0	259	
	004e6ab0	1492	
	004e7090	38	
	004e70c0	525	
	004e72d0	49	
	004e7310	835	
	004e7660	441	
	004e7820	417	
	004e79d0	1556	
	004e7ff0	67	
	004e8040	752	
	004e8330	265	
	004e8440	86	
	004e84a0	1956	
	004e8c50	66	
	004e8ca0	233	
	004e8d90	109	
	004e8e00	109	
	004e8e70	370	
	004e8ff0	341	
	004e9150	55	
	004e9190	76	
	004e91e0	48	
	004e9210	57	
	004e9250	53	
	004e9290	57	
	004e92d0	107	
	004e9340	321	
	004e9490	16	
	004e94a0	77	
	004e94f0	68	
	004e9540	68	
	004e9590	68	
	004e95e0	68	
	004e9630	68	
	004e9680	68	
	004e96d0	68	
	004e9720	68	
	004e9770	68	
	004e97c0	187	
	004e9880	25	
	004e98a0	12	
	004e98b0	5	
	004e98c0	19	
	004e98e0	5	
	004e98f0	11	
	004e9900	354	
	004e9a70	295	
	004e9bb0	9	
	004e9bc0	25	
	004e9be0	12	
	004e9bf0	5	
	004e9c00	19	
	004e9c20	5	
	004e9c30	11	
	004e9c40	10	
	004e9c50	39	
	004e9c80	18	
	004e9ca0	12	
	004e9cb0	51	
	004e9cf0	35	
	004e9d20	26	
	004e9d40	32	
	004e9d60	139	
	004e9df0	269	
	004e9f40	347	
	004ea0a0	56	
	004ea0e0	73	
	004ea130	1040	
	004ea540	296	
	004ea670	645	
	004ea900	418	
	004eaab0	235	
	004eaba0	40	
	004eabd0	15	
	004eabe0	25	
	004eac00	12	
	004eac10	5	
	004eac20	19	
	004eac40	5	
	004eac50	11	
	004eac60	5	
	004eac70	19	
	004eac90	319	
	004eadd0	876	
	004eb140	737	
	004eb430	2521	
	004ebe10	676	
	004ec0c0	806	
	004ec3f0	93	
	004ec450	95	
	004ec4b0	95	
	004ec510	95	
	004ec580	1	
	004ec590	3022	
	004ed180	206	
	004ed250	208	
	004ed320	790	
	004ed640	1448	
	004edbf0	585	
	004ede40	422	
	004edff0	313	
	004ee130	383	
	004ee2b0	632	
	004ee530	407	
	004ee6d0	559	
	004ee900	398	
	004eea90	313	
	004eebd0	245	
	004eecd0	46	
	004eed00	25	
	004eed20	12	
	004eed30	5	
	004eed40	19	
	004eed60	5	
	004eed70	11	
	004eed80	10	
	004eed90	39	
	004eedc0	18	
	004eede0	12	
	004eedf0	51	
	004eee30	35	
	004eee60	103	
	004eeed0	35	
	004eef00	91	
	004eef60	95	
	004eefc0	125	
	004ef040	6	
	004ef050	32	
	004ef070	141	
	004ef100	311	
	004ef240	25	
	004ef260	12	
	004ef270	5	
	004ef280	19	
	004ef2a0	5	
	004ef2b0	11	
	004ef2c0	471	
	004ef4a0	32	
	004ef4c0	42	
	004ef4f0	10	
	004ef4fa	22	
	004ef510	1058	
	004ef940	283	
	004efa60	241	
	004efb60	191	
	004efc20	29	
	004efc40	38	
	004efc70	34	
	004efca0	58	
	004efce0	402	
	004efe80	27	
	004efe9b	32	
	004efebb	32	
	004efedb	63	
	004eff1e	134	
	004effb0	27	
	004effd7	28	
	004f0000	39	
	004f0042	71	
	004f00a0	27	
	004f00bb	32	
	004f00e0	28	
	004f0100	105	
	004f0170	151	
	004f0210	149	
	004f02b0	50	
	004f02f0	25	
	004f0310	12	
	004f0320	5	
	004f0330	19	
	004f0350	5	
	004f0360	11	
	004f0370	391	
	004f0500	87	
	004f0560	128	
	004f05e0	17	
	004f0600	19	
	004f0620	494	
	004f0810	185	
	004f08d0	167	
	004f0980	233	
	004f0a70	404	
	004f0c10	24	
	004f0c30	21	
	004f0c50	76	
	004f0ca0	141	
	004f0d30	44	
	004f0d60	515	
	004f0f70	294	
	004f10a0	267	
	004f11b0	114	
	004f1230	59	
	004f1270	59	
	004f12b0	30	
	004f12d0	11	
	004f12e0	83	
	004f1340	50	
	004f1380	92	
	004f13e0	36	
	004f1410	53	
	004f1450	40	
	004f1480	95	
	004f14e0	73	
	004f1530	39	
	004f1560	149	
	004f1600	177	
	004f16c0	301	
	004f17f0	542	
	004f1a10	331	
	004f1b60	210	
	004f1c40	261	
	004f1d50	181	
	004f1e10	29	
	004f1e30	178	
	004f1ef0	244	
	004f1ff0	73	
	004f2040	35	
	004f206c	4	
	004f2070	145	
	004f2110	25	
	004f2130	12	
	004f2140	5	
	004f2150	19	
	004f2170	5	
	004f2180	11	
	004f2190	34	
	004f21c0	24	
	004f21e0	97	
	004f2250	15	
	004f2260	36	
	004f2290	14	
	004f22a0	25	
	004f22c0	12	
	004f22d0	5	
	004f22e0	19	
	004f2300	5	
	004f2310	11	
	004f2320	78	
	004f2370	67	
	004f23c0	12	
	004f23d0	482	
	004f25c0	8	
	004f25d0	32	
	004f25f0	4	
	004f2600	25	
	004f2620	12	
	004f2630	5	
	004f2640	19	
	004f2660	5	
	004f2670	11	
	004f2680	68	
	004f26d0	161	
	004f2780	145	
	004f2820	263	
	004f2930	31	
	004f2950	98	
	004f29c0	85	
	004f2a20	79	
	004f2a70	23	
	004f2a90	23	
	004f2ab0	68	
	004f2b00	56	
	004f2b40	56	
	004f2b80	60	
	004f2bc0	43	
	004f2bf0	237	
	004f2ce0	165	
	004f2d90	68	
	004f2de0	49	
	004f2e20	43	
	004f2e50	20	
	004f2e70	43	
	004f2ea0	59	
	004f2ee0	135	
	004f2f70	277	
	004f3090	20	
	004f30b0	350	
	004f3210	621	
	004f3480	283	
	004f35a0	127	
	004f3620	141	
	004f36b0	277	
	004f37d0	68	
	004f3820	80	
	004f3870	185	
	004f3930	93	
	004f3990	102	
	004f3a00	3	
	004f3a10	70	
	004f3a60	192	
	004f3b20	33	
	004f3b50	53	
	004f3b90	62	
	004f3bd0	67	
	004f3c20	25	
	004f3c40	12	
	004f3c50	5	
	004f3c60	19	
	004f3c80	5	
	004f3c90	11	
	004f3ca0	5	
	004f3cb0	23	
	004f3cd0	5	
	004f3ce0	2524	
	004f46c0	13	
	004f46d0	40	
	004f4700	122	
	004f4780	86	
	004f47e0	115	
	004f4860	47	
	004f4890	36	
	004f48c0	569	
	004f4b10	48	
	004f4b40	31	
	004f4b60	35	
	004f4b90	145	
	004f4c30	26	
	004f4c50	112	
	004f4cc0	94	
	004f4d20	117	
	004f4da0	25	
	004f4dc0	150	
	004f4e60	197	
	004f4f30	295	
	004f5060	116	
	004f50e0	254	
	004f51e0	25	
	004f5200	47	
	004f5230	15	
	004f5240	196	
	004f5310	47	
	004f5340	32	
	004f5360	167	
	004f5420	12	
	004f5430	59	
	004f5470	112	
	004f54e0	1	
	004f54f0	40	
	004f5520	19	
	004f5540	85	
	004f55a0	1	
	004f55b0	19	
	004f55d0	19	
	004f55f0	85	
	004f5650	1	
	004f5660	19	
	004f5680	19	
	004f56a0	59	
	004f56e0	1	
	004f56f0	22	
	004f5710	19	
	004f5730	59	
	004f5770	1	
	004f5780	22	
	004f57a0	22	
	004f57c0	46	
	004f57f0	1	
	004f5800	22	
	004f5820	22	
	004f5840	49	
	004f5880	1	
	004f5890	22	
	004f58b0	22	
	004f58d0	116	
	004f5950	1	
	004f5960	22	
	004f5980	140	
	004f5a10	62	
	004f5a50	70	
	004f5aa0	140	
	004f5b30	62	
	004f5b70	70	
	004f5bc0	58	
	004f5c00	26	
	004f5c20	58	
	004f5c60	26	
	004f5c80	58	
	004f5cc0	26	
	004f5ce0	58	
	004f5d20	26	
	004f5d40	58	
	004f5d80	26	
	004f5da0	78	
	004f5df0	49	
	004f5e30	41	
	004f5e60	63	
	004f5ea0	81	
	004f5f00	63	
	004f5f40	84	
	004f5fa0	56	
	004f5fe0	77	
	004f6030	25	
	004f6050	12	
	004f6060	5	
	004f6070	19	
	004f6090	5	
	004f60a0	11	
	004f60b0	44	
	004f60e0	395	
	004f6270	92	
	004f62d0	99	
	004f6340	204	
	004f6410	191	
	004f64d0	191	
	004f6590	25	
	004f65b0	12	
	004f65c0	5	
	004f65d0	19	
	004f65f0	5	
	004f6600	11	
	004f6610	332	
	004f6760	232	
	004f6850	209	
	004f6930	32	
	004f6950	45	
	004f6980	268	
	004f6a90	196	
	004f6b60	712	
	004f6e30	217	
	004f6f10	227	
	004f7000	92	
	004f7060	31	
	004f7080	5	
	004f7090	81	
	004f70f0	19	
	004f7110	25	
	004f7130	12	
	004f7140	5	
	004f7150	19	
	004f7170	5	
	004f7180	11	
	004f718b	104	
	004f7200	3	
	004f7210	51	
	004f7250	627	
	004f74d0	200	
	004f75b0	135	
	004f7640	25	
	004f7660	12	
	004f7670	5	
	004f7680	19	
	004f76a0	5	
	004f76b0	11	
	004f76bb	44	
	004f7700	56	
	004f7740	45	
	004f7770	69	
	004f77c0	39	
	004f77f0	39	
	004f7820	25	
	004f7840	25	
	004f7860	12	
	004f7870	5	
	004f7880	19	
	004f78a0	5	
	004f78b0	11	
	004f78c0	43	
	004f78f0	25	
	004f7910	12	
	004f7920	5	
	004f7930	19	
	004f7950	5	
	004f7960	11	
	004f7970	1189	
	004f7e20	900	
	004f81b0	59	
	004f81f0	106	
	004f8260	54	
	004f82a0	65	
	004f82f0	83	
	004f8350	569	
	004f8590	443	
	004f8750	252	
	004f8850	90	
	004f88b0	144	
	004f8940	134	
	004f89d0	61	
	004f8a10	43	
	004f8a40	159	
	004f8ae0	67	
	004f8b30	69	
	004f8b80	276	
	004f8ca0	73	
	004f8cf0	25	
	004f8d10	12	
	004f8d20	5	
	004f8d30	19	
	004f8d50	5	
	004f8d60	11	
	004f8d70	5	
	004f8d80	24601	
	004feda0	1030	
	004ff1b0	143	
	004ff240	337	
	004ff3a0	115	
	004ff420	136	
	004ff4b0	131	
	004ff540	47	
	004ff570	57	
	004ff5b0	12	
	004ff5c0	65	
	004ff610	25	
	004ff630	12	
	004ff640	5	
	004ff650	19	
	004ff670	5	
	004ff680	11	
	004ff690	24	
	004ff6b0	31	
	004ff6d0	31	
	004ff6f0	24	
	004ff710	24	
	004ff730	31	
	004ff750	37	
	004ff780	40	
	004ff7b0	63	
	004ff7f0	43	
	004ff820	51	
	004ff860	69	
	004ff8b0	37	
	004ff8e0	25	
	004ff900	12	
	004ff910	5	
	004ff920	19	
	004ff940	5	
	004ff950	11	
	004ff960	5	
	004ff970	19	
	004ff990	5	
	004ff9a0	31	
	004ff9c0	34	
	004ff9f0	940	
	004ffda0	34	
	004ffdd0	242	
	004ffed0	321	
	00500020	463	
	005001f0	106	
	00500260	35	
	00500290	25	
	005002b0	506	
	005004b0	44	
	005004e0	85	
	00500540	685	
	005007f0	103	
	00500860	77	
	005008b0	25	
	005008d0	24	
	005008f0	284	
	00500a10	31	
	00500a30	134	
	00500ac0	137	
	00500b50	25	
	00500b70	66	
	00500bc0	264	
	00500cd0	307	
	00500e10	66	
	00500e60	194	
	00500f30	433	
	005010f0	54	
	00501130	347	
	00501290	27	
	005012b0	25	
	005012d0	217	
	005013b0	355	
	00501520	312	
	00501660	197	
	00501730	46	
	00501760	314	
	005018a0	155	
	00501950	25	
	00501970	221	
	00501a70	118	
	00501af0	173	
	00501bc0	199	
	00501c90	50	
	00501cd0	25	
	00501cf0	23	
	00501d10	507	
	00501f10	398	
	005020a0	231	
	00502190	113	
	00502210	118	
	00502290	53	
	005022d0	74	
	00502320	22	
	00502340	69	
	00502390	672	
	00502660	380	
	00502810	25	
	00502830	716	
	00502b00	365	
	00502c70	256	
	00502d70	135	
	00502e00	109	
	00502e70	378	
	00502ff0	107	
	00503060	6	
	00503070	6	
	00503080	223	
	00503160	25	
	00503180	860	
	005034e0	23	
	00503500	115	
	00503580	86	
	005035e0	29	
	00503600	181	
	005036c0	356	
	00503830	537	
	00503a50	59	
	00503a90	275	
	00503bd0	20	
	00503bf0	46	
	00503c20	60	
	00503c60	370	
	00503de0	217	
	00503ec0	249	
	00503fc0	171	
	00504070	226	
	00504160	416	
	00504300	25	
	00504320	228	
	00504410	25	
	00504430	49	
	00504470	35	
	005044a0	53	
	005044e0	123	
	00504560	68	
	005045b0	164	
	00504660	6	
	00504666	131	
	00504700	1395	
	00504cd0	125	
	00504d50	21	
	00504d70	40	
	00504da0	215	
	00504e80	61	
	00504ec0	38	
	00504ef0	22	
	00504f10	22	
	00504f30	64	
	00504f70	69	
	00504fc0	376	
	00505140	358	
	005052b0	55	
	005052f0	42	
	00505320	87	
	00505380	122	
	00505400	255	
	00505500	32	
	00505520	32	
	00505540	132	
	005055d0	75	
	00505620	102	
	00505690	85	
	005056f0	182	
	005057b0	1137	
	00505c30	42	
	00505c60	520	
	00505e70	21	
	00505e90	3	
	00505ea0	186	
	00505f60	60	
	00505fa0	295	
	005060d0	122	
	00506150	49	
	00506190	6	
	005061a0	6	
	005061b0	135	
	00506240	126	
	005062c0	43	
	005062f0	597	
	00506550	6	
	00506560	4	
	00506570	4	
	00506580	70	
	005065d0	75	
	00506620	75	
	00506670	3	
	00506680	46	
	005066b0	109	
	00506720	25	
	00506740	212	
	00506820	97	
	00506890	34	
	005068c0	213	
	005069a0	149	
	00506a40	25	
	00506a60	96	
	00506ac0	14	
	00506ad0	51	
	00506b10	194	
	00506be0	261	
	00506cf0	89	
	00506d50	25	
	00506d70	153	
	00506e10	485	
	00507000	40	
	00507030	37	
	00507060	97	
	005070d0	100	
	00507140	68	
	00507190	117	
	00507210	60	
	00507250	255	
	00507350	136	
	005073e0	139	
	00507470	11	
	00507480	280	
	005075a0	236	
	005076a0	47	
	005076d0	144	
	00507760	809	
	00507a90	6	
	00507aa0	6	
	00507ab0	81	
	00507b10	116	
	00507b90	80	
	00507be0	36	
	00507c10	34	
	00507c40	34	
	00507c70	111	
	00507ce0	130	
	00507d70	75	
	00507dc0	192	
	00507e80	92	
	00507ee0	225	
	00507fd0	163	
	00508080	16	
	00508090	96	
	005080f0	49	
	00508130	179	
	005081f0	54	
	00508230	22	
	00508250	634	
	005084d0	163	
	00508580	37	
	005085b0	253	
	005086b0	24	
	005086d0	344	
	00508830	25	
	00508850	676	
	00508b00	25	
	00508b20	12	
	00508b30	12	
	00508b40	134	
	00508bd0	23	
	00508bf0	25	
	00508c10	75	
	00508c60	203	
	00508d30	258	
	00508e40	25	
	00508e60	12	
	00508e70	5	
	00508e80	19	
	00508ea0	5	
	00508eb0	11	
	00508ec0	6	
	00508ed0	15	
	00508ee0	6	
	00508ef0	3	
	00508f00	25	
	00508f20	6	
	00508f30	19	
	00508f50	25	
	00508f70	25	
	00508f90	25	
	00508fb0	12	
	00508fc0	5	
	00508fd0	19	
	00508ff0	5	
	00509000	11	
	00509010	57	
	00509050	25	
	00509070	181	
	00509130	821	
	00509480	168	
	00509530	2437	
	00509ec0	351	
	0050a020	389	
	0050a1b0	18	
	0050a1d0	18	
	0050a1f0	391	
	0050a380	984	
	0050a760	115	
	0050a7e0	257	
	0050a8f0	25	
	0050a910	12	
	0050a920	5	
	0050a930	19	
	0050a950	57	
	0050a990	30	
	0050a9b0	5	
	0050a9c0	5	
	0050a9d0	6	
	0050a9e0	6	
	0050a9f0	6	
	0050aa00	35	
	0050aa30	27	
	0050aa50	115	
	0050aad0	106	
	0050ab50	51	
	0050ab90	18	
	0050abb0	25	
	0050abd0	12	
	0050abe0	5	
	0050abf0	11	
	0050ac00	5	
	0050ac10	19	
	0050ac30	5	
	0050ac40	1	
	0050ac50	69	
	0050aca0	207	
	0050ad70	548	
	0050afa0	153	
	0050b040	61	
	0050b080	546	
	0050b2b0	35	
	0050b2e0	25	
	0050b300	12	
	0050b310	32	
	0050b330	3	
	0050b340	3	
	0050b350	6	
	0050b360	6	
	0050b370	32	
	0050b390	8	
	0050b3a0	45	
	0050b3d0	67	
	0050b420	123	
	0050b4a0	20	
	0050b4c0	19	
	0050b4e0	19	
	0050b500	8	
	0050b510	25	
	0050b530	12	
	0050b540	5	
	0050b550	19	
	0050b570	5	
	0050b580	11	
	0050b590	5	
	0050b5a0	19	
	0050b5c0	10	
	0050b5d0	39	
	0050b600	18	
	0050b620	12	
	0050b630	51	
	0050b670	35	
	0050b6a0	98	
	0050b710	6	
	0050b720	7	
	0050b730	6	
	0050b740	6	
	0050b750	6	
	0050b760	6	
	0050b770	35	
	0050b7a0	446	
	0050b960	11	
	0050b970	384	
	0050baf0	61	
	0050bb30	11	
	0050bb40	28	
	0050bb60	43	
	0050bb90	505	
	0050bd90	129	
	0050be20	134	
	0050beb0	108	
	0050bf20	135	
	0050bfb0	117	
	0050c030	92	
	0050c090	85	
	0050c0f0	81	
	0050c150	77	
	0050c1a0	116	
	0050c220	45	
	0050c250	62	
	0050c290	116	
	0050c310	47	
	0050c340	127	
	0050c3c0	6	
	0050c3d0	97	
	0050c440	18	
	0050c460	21	
	0050c480	729	
	0050c760	701	
	0050ca20	52	
	0050ca60	108	
	0050cad0	6	
	0050cae0	6	
	0050caf0	32	
	0050cb10	40	
	0050cb40	40	
	0050cb70	25	
	0050cb90	12	
	0050cba0	25	
	0050cbc0	12	
	0050cbd0	5	
	0050cbe0	19	
	0050cc00	5	
	0050cc10	11	
	0050cc1b	23	
	0050cc40	7	
	0050cc50	35	
	0050cc80	11	
	0050cc90	3	
	0050ccc0	1	
	0050ccd0	1	
	0050cce0	25	
	0050cd00	12	
	0050cd10	5	
	0050cd20	19	
	0050cd40	25	
	0050cd60	12	
	0050cd70	5	
	0050cd80	19	
	0050cda0	5	
	0050cdb0	11	
	0050cdc0	25	
	0050cde0	12	
	0050cdf0	5	
	0050ce00	19	
	0050ce20	5	
	0050ce30	11	
	0050ce40	148	
	0050cee0	6	
	0050cef0	6	
	0050cf00	35	
	0050cf30	185	
	0050cff0	418	
	0050d1c0	222	
	0050d2a0	123	
	0050d320	319	
	0050d460	42	
	0050d490	26	
	0050d4b0	87	
	0050d510	133	
	0050d5a0	11	
	0050d5d0	13	
	0050d5f0	7	
	0050d600	51	
	0050d640	882	
	0050d9c0	902	
	0050dd50	66	
	0050dda0	68	
	0050ddf0	68	
	0050de40	68	
	0050de90	68	
	0050dee0	234	
	0050dfd0	68	
	0050e020	68	
	0050e070	68	
	0050e0c0	68	
	0050e110	68	
	0050e160	198	
	0050e230	68	
	0050e280	90	
	0050e2e0	25	
	0050e300	12	
	0050e310	5	
	0050e320	19	
	0050e340	51	
	0050e380	6	
	0050e390	6	
	0050e3a0	61	
	0050e3e0	162	
	0050e490	739	
	0050e7e0	105	
	0050e880	379	
	0050ea00	341	
	0050eb60	70	
	0050ebb0	6	
	0050ebc0	6	
	0050ebd0	32	
	0050ebf0	120	
	0050ec70	87	
	0050ecd0	92	
	0050ed30	78	
	0050ed80	262	
	0050ee90	768	
	0050f190	47	
	0050f1c0	304	
	0050f2f0	332	
	0050f440	18	
	0050f460	46	
	0050f490	18	
	0050f4b0	25	
	0050f4d0	12	
	0050f4e0	5	
	0050f4f0	19	
	0050f510	10	
	0050f520	13	
	0050f530	12	
	0050f540	21	
	0050f560	201	
	0050f630	131	
	0050f6c0	187	
	0050f780	40	
	0050f7b0	92	
	0050f810	286	
	0050f930	25	
	0050f950	12	
	0050f960	59	
	0050f9a0	95	
	0050fa00	113	
	0050fa80	98	
	0050faf0	113	
	0050fb70	163	
	0050fcd0	52	
	0050fd10	52	
	0050fd50	52	
	0050fd90	105	
	0050fe00	39	
	0050fe30	51	
	0050fe70	182	
	0050ff30	31	
	0050ff50	320	
	00510090	375	
	00510210	273	
	00510330	1	
	00510340	189	
	00510400	166	
	005104b0	25	
	005104d0	12	
	005104e0	5	
	005104f0	11	
	00510500	266	
	00510610	32	
	00510630	23	
	00510650	92	
	005106b0	146	
	00510750	27	
	00510770	25	
	00510790	12	
	005107a0	5	
	005107b0	19	
	005107d0	5	
	005107e0	11	
	005107f0	129	
	00510880	231	
	00510970	5	
	00510980	6	
	00510990	6	
	005109a0	5	
	005109b0	8	
	005109c0	3	
	005109d0	3	
	005109e0	6	
	005109f0	6	
	00510a00	35	
	00510a30	75	
	00510a80	11	
	00510a90	220	
	00510b70	59	
	00510bb0	161	
	00510c60	41	
	00510c90	13	
	00510ca0	59	
	00510ce0	290	
	00510e10	15	
	00510e20	8	
	00510e30	44	
	00510e60	35	
	00510e90	76	
	00510ee0	363	
	00511050	101	
	005110c0	6	
	005110d0	6	
	005110e0	12	
	005110f0	7	
	00511100	47	
	00511130	58	
	00511170	128	
	005111f0	3	
	00511200	3	
	00511210	61	
	00511250	26	
	00511270	183	
	00511330	59	
	00511370	121	
	005113f0	51	
	00511430	340	
	00511590	31	
	005115b0	6	
	005115c0	112	
	00511630	112	
	005116a0	514	
	005118b0	3	
	005118c0	6	
	005118d0	6	
	005118e0	35	
	00511910	6	
	00511920	70	
	00511970	18	
	00511990	118	
	00511a10	6	
	00511a20	172	
	00511ad0	72	
	00511b20	25	
	00511b40	12	
	00511b50	5	
	00511b60	19	
	00511b80	5	
	00511b90	11	
	00511ba0	463	
	00511d80	32	
	00511da0	46	
	00511dd0	96	
	00511e30	284	
	00511f50	71	
	00511fa0	306	
	00512130	368	
	005122b0	10	
	005122c0	13	
	005122d0	12	
	005122e0	21	
	00512300	85	
	00512360	336	
	005124b0	321	
	00512600	227	
	005126f0	1	
	00512700	79	
	00512750	47	
	00512780	25	
	005127a0	12	
	005127b0	18	
	005127d0	1	
	005127e0	1	
	005127f0	12	
	00512800	12	
	00512810	16	
	00512820	11	
	00512830	416	
	005129d0	487	
	00512bc0	5	
	00512bd0	186	
	00512c8a	50	
	00512cc0	1488	
	005132d0	10	
	005132e0	10	
	005132f0	12	
	00513300	31	
	00513320	10	
	00513330	10	
	00513340	12	
	00513350	31	
	00513370	25	
	00513390	12	
	005133a0	30	
	005133c0	49	
	00513400	388	
	00513590	94	
	005135f0	77	
	00513640	56	
	00513680	42	
	005136b0	35	
	005136e0	140	
	00513770	18	
	00513790	25	
	005137b0	12	
	005137c0	5	
	005137d0	11	
	005137e0	5	
	005137f0	19	
	00513810	18	
	00513830	23	
	00513850	11	
	00513860	1343	
	00513da0	17	
	00513dc0	72	
	00513e10	136	
	00513ea0	4	
	00513eb0	199	
	00513f80	4	
	00513f90	125	
	00514010	4	
	00514020	139	
	005140b0	4	
	005140c0	1334	
	00514620	651	
	005148b0	278	
	005149d0	18	
	00514a00	125	
	00514a80	630	
	00514d00	25	
	00514d20	25	
	00514d40	25	
	00514d60	5	
	00514d70	5	
	00514d80	17	
	00514da0	346	
	00514f20	18	
	00514f50	1452	
	00515500	34	
	00515530	34	
	00515560	129	
	005155f0	45	
	00515620	35	
	00515650	45	
	00515680	5	
	00515690	372	
	00515810	23	
	00515830	266	
	00515960	25	
	00515980	12	
	00515990	35	
	005159c0	11	
	005159d0	427	
	00515b80	5	
	00515b90	286	
	00515cb0	430	
	00515e90	25	
	00515eb0	12	
	00515ec0	5	
	00515ed0	19	
	00515ef0	5	
	00515f00	11	
	00515f10	5	
	00515f20	23	
	00515f40	5	
	00515f50	31	
	00515f70	942	
	00516320	301	
	00516450	187	
	00516510	690	
	005167d0	99	
	00516840	42	
	00516870	41	
	005168a0	503	
	00516aa0	93	
	00516b00	426	
	00516cb0	965	
	00517080	2111	
	005178d0	61	
	00517910	1536	
	00517f10	75	
	00517f60	41	
	00517f90	185	
	00518050	57	
	00518090	100	
	00518100	75	
	00518150	75	
	005181a0	1184	
	00518640	66	
	00518690	5	
	005186a0	42	
	005186d0	51	
	00518710	1	
	00518720	1135	
	00518b90	91	
	00518bf0	71	
	00518c40	1	
	00518c50	575	
	00518e90	519	
	005190a0	63	
	005190e0	567	
	00519320	46	
	00519350	5	
	00519360	101	
	005193d0	618	
	00519640	5	
	00519650	659	
	005198f0	108	
	00519960	358	
	00519ad0	3382	
	0051a830	852	
	0051ab90	1	
	0051aba0	794	
	0051aec0	51	
	0051af00	787	
	0051b220	418	
	0051b3d0	198	
	0051b4a0	111	
	0051b510	1059	
	0051b940	430	
	0051baf0	88	
	0051bb50	6	
	0051bb60	6	
	0051bb70	78	
	0051bbc0	117	
	0051bc40	819	
	0051bf80	907	
	0051c310	586	
	0051c560	701	
	0051c820	178	
	0051c8e0	304	
	0051ca10	470	
	0051cbf0	133	
	0051cc80	25	
	0051cca0	12	
	0051ccb0	5	
	0051ccc0	19	
	0051cce0	5	
	0051ccf0	11	
	0051ccfb	226	
	0051cde0	1660	
	0051d460	2166	
	0051dce0	115	
	0051dd60	184	
	0051de20	1274	
	0051e370	159	
	0051e430	198	
	0051e500	1229	
	0051ea10	95	
	0051ea70	286	
	0051eb90	85	
	0051ebf0	368	
	0051ed60	52	
	0051eda0	25	
	0051edc0	12	
	0051edd0	25	
	0051edf0	12	
	0051ee00	25	
	0051ee20	12	
	0051ee30	25	
	0051ee50	12	
	0051ee60	25	
	0051ee80	12	
	0051ee90	5	
	0051eea0	19	
	0051eec0	10	
	0051eed0	171	
	0051ef80	12	
	0051ef90	285	
	0051f0b0	202	
	0051f180	113	
	0051f200	424	
	0051f3b0	503	
	0051f5b0	3	
	0051f5c0	42	
	0051f5f0	14	
	0051f600	52	
	0051f640	1017	
	0051fa40	59	
	0051fa80	67	
	0051fad0	29	
	0051faf0	25	
	0051fb10	12	
	0051fb20	91	
	0051fb80	94	
	0051fbe0	16	
	0051fbf0	114	
	0051fc70	177	
	0051fd30	52	
	0051fd70	17	
	0051fd90	145	
	0051fe30	111	
	0051fea0	85	
	0051ff00	51	
	0051ff40	118	
	0051ffc0	173	
	00520070	9	
	00520080	15	
	00520090	27	
	005200b0	146	
	00520150	35	
	00520180	117	
	00520200	101	
	00520270	13	
	00520280	35	
	005202b0	65	
	00520300	6	
	00520310	6	
	00520320	6	
	00520330	3	
	00520340	4	
	00520350	6	
	00520360	4	
	00520370	30	
	00520390	76	
	005203e0	3	
	005203f0	4	
	00520400	4	
	00520410	4	
	00520420	127	
	005204a0	103	
	00520510	75	
	00520560	348	
	005206c0	79	
	00520710	95	
	00520770	153	
	00520810	127	
	00520890	140	
	00520920	116	
	005209a0	25	
	005209c0	12	
	005209d0	5	
	005209e0	25	
	00520a00	5	
	00520a10	29	
	00520a30	5	
	00520a40	23	
	00520a60	5	
	00520a70	25	
	00520a90	5	
	00520aa0	1	
	00520ab0	5	
	00520ac0	1	
	00520ad0	5	
	00520ae0	1	
	00520af0	31	
	00520b10	72	
	00520b60	42	
	00520b90	736	
	00520e70	129	
	00520f00	72	
	00520f50	58	
	00520f90	73	
	00520fe0	227	
	005210d0	5	
	005210e0	11	
	005210f0	5	
	00521100	19	
	00521120	10	
	00521130	13	
	00521140	12	
	00521150	21	
	00521170	486	
	00521360	7	
	00521370	117	
	005213f0	19	
	00521410	19	
	00521430	1626	
	00521a90	90	
	00521aea	29	
	00521b10	3	
	00521b20	42	
	00521b50	27	
	00521b6b	271	
	00521c7a	17	
	00521c90	20	
	00521cb0	21	
	00521cd0	23	
	00521cf0	24	
	00521d10	134	
	00521da0	77	
	00521df0	348	
	00521f50	48	
	00521f80	219	
	00522060	25	
	00522080	12	
	00522090	5	
	005220a0	11	
	005220b0	5	
	005220c0	19	
	005220e0	177	
	005221a0	7	
	005221b0	30	
	005221d0	134	
	00522260	106	
	005222d0	92	
	00522330	111	
	005223a0	59	
	005223e0	255	
	005224e0	78	
	00522530	124	
	005225b0	91	
	00522610	62	
	00522650	134	
	005226e0	137	
	00522770	129	
	00522800	98	
	00522870	110	
	005228e0	90	
	00522940	25	
	00522960	12	
	00522970	5	
	00522980	11	
	00522990	5	
	005229a0	19	
	005229c0	23	
	005229e0	26	
	00522a00	348	
	00522b60	324	
	00522cb0	7	
	00522cc0	7	
	00522cd0	17	
	00522cf0	87	
	00522d50	861	
	005230b0	813	
	005233e0	9	
	005233f0	45	
	00523420	733	
	00523700	59	
	00523740	84	
	005237a0	43	
	005237d0	25	
	005237f0	12	
	00523800	90	
	00523860	4	
	00523870	4	
	00523880	4	
	00523890	4	
	005238a0	6	
	005238b0	84	
	00523910	102	
	00523980	297	
	00523ab0	193	
	00523b80	77	
	00523bd0	335	
	00523d20	96	
	00523d80	13	
	00523d90	173	
	00523e40	54	
	00523e80	76	
	00523ed0	62	
	00523f10	79	
	00523f60	71	
	00523fb0	85	
	00524010	4	
	00524020	42	
	00524050	114	
	005240d0	29	
	005240f0	1008	
	005244e0	100	
	00524547	54	
	00524580	71	
	005245d0	97	
	00524650	25	
	00524670	12	
	00524680	25	
	005246a0	12	
	005246b0	25	
	005246d0	12	
	005246e0	25	
	00524700	12	
	00524710	25	
	00524730	12	
	00524740	650	
	005249d0	374	
	00524b50	185	
	00524c10	25	
	00524c30	12	
	00524c40	25	
	00524c60	12	
	00524c70	25	
	00524c90	12	
	00524ca0	25	
	00524cc0	12	
	00524cd0	25	
	00524cf0	12	
	00524d00	25	
	00524d20	12	
	00524d30	10	
	00524d40	37	
	00524d70	18	
	00524d90	12	
	00524da0	48	
	00524dd0	32	
	00524df0	10	
	00524e00	39	
	00524e30	18	
	00524e50	12	
	00524e60	51	
	00524ea0	35	
	00524ed0	7	
	00524ee0	7	
	00524ef0	71	
	00524f40	32	
	00524f60	117	
	00524fe0	84	
	00525040	94	
	005250a0	36	
	005250d0	44	
	00525100	808	
	0052544e	56	
	00525490	35	
	005254c0	50	
	00525500	36	
	0052554f	283	
	00525670	33	
	005256a0	32	
	005256c0	10	
	005256d0	33	
	00525700	29	
	00525720	26	
	0052573a	63	
	00525780	57	
	005257c0	31	
	005257e0	64	
	00525820	44	
	00525850	64	
	00525890	41	
	005258c0	72	
	00525910	22	
	00525930	32	
	00525950	32	
	00525970	25	
	00525990	12	
	005259a0	25	
	005259c0	12	
	005259d0	112	
	00525a40	148	
00525a40	00525ae6	151	
	00525b80	154	
	00525c20	25	
	00525c40	12	
	00525c50	25	
	00525c70	12	
	00525c80	5	
	00525c90	19	
	00525cb0	5	
	00525cc0	11	
	00525cd0	34	
	00525d00	34	
	00525d30	192	
	00525df0	614	
	00526060	1045	
	00526480	16	
	00526490	9	
	005264a0	137	
	00526530	659	
	005267d0	1576	
	00526e00	1077	
	00527240	16	
	00527250	11	
	00527260	25	
	00527280	12	
	00527290	10	
	005272a0	39	
	005272d0	12	
	005272e0	51	
	00527320	35	
	00527350	86	
	005273b0	31	
	005273d0	99	
	00527440	49	
	00527480	6	
	00527490	6	
	005274a0	32	
	005274c0	4	
	005274d0	123	
	00527550	46	
	00527580	46	
	005275b0	258	
	005276c0	6	
	005276d0	41	
	00527700	4	
	00527710	34	
	00527740	65	
	00527790	54	
	005277d0	75	
	00527820	75	
	00527870	10	
	00527880	39	
	005278b0	7	
	005278c0	12	
	005278d0	51	
	00527910	35	
	00527940	49	
	00527980	6	
	00527990	6	
	005279a0	6	
	005279b0	38	
	005279e0	80	
	00527a30	65	
	00527a80	247	
	00527b80	25	
	00527ba0	12	
	00527bb0	5	
	00527bc0	19	
	00527be0	5	
	00527bf0	23	
	00527c10	5	
	00527c20	11	
	00527c30	10	
	00527c40	39	
	00527c70	12	
	00527c80	51	
	00527cc0	35	
	00527cf0	10	
	00527d00	39	
	00527d30	18	
	00527d50	12	
	00527d60	51	
	00527da0	35	
	00527dd0	318	
	00527f10	3	
	00527f20	6	
	00527f30	8	
	00527f40	6	
	00527f50	16	
	00527f60	5	
	00527f70	5	
	00527f80	5	
	00527f90	5	
	00527fa0	5	
	00527fb0	5	
	00527fc0	5	
	00527fd0	8	
	00527fe0	5	
	00527ff0	5	
	00528000	5	
	00528010	3	
	00528020	3	
	00528030	3	
	00528040	3	
	00528050	6	
	00528060	3	
	00528070	6	
	00528080	6	
	00528090	35	
	005280c0	44	
	005280f0	13	
	00528100	369	
	00528280	183	
	00528340	146	
	005283e0	75	
	00528430	5	
	00528440	29	
	00528460	5	
	00528470	29	
	00528490	5	
	005284a0	23	
	005284c0	161	
	00528570	854	
	005288d0	33	
	00528900	51	
	00528940	18	
	00528960	7	
	00528970	183	
	00528a30	7	
	00528a40	303	
	00528b70	6	
	00528b80	252	
	00528c80	30	
	00528ca0	1	
	00528cb0	20	
	00528cd0	14	
	00528ce0	356	
	00528e50	34	
	00528e80	7	
	00528ef0	51	
	00528f30	234	
	00529020	370	
	005291a0	66	
	005291f0	22	
	00529210	47	
	00529240	77	
	00529290	152	
	00529330	30	
	00529350	70	
	005293a0	262	
	005294b0	79	
	00529500	31	
	00529520	116	
	005295a0	343	
	00529700	39	
	00529730	411	
	005298d0	34	
	00529900	219	
	005299e0	51	
	00529a20	51	
	00529a60	138	
	00529af0	21	
	00529b10	579	
	00529d60	590	
	00529fb0	59	
	00529ff0	5	
	0052a000	6	
	0052a010	31	
	0052a030	28	
	0052a050	34	
	0052a080	19	
	0052a0a0	11	
	0052a0b0	25	
	0052a0d0	18	
	0052a0f0	18	
	0052a110	25	
	0052a130	12	
	0052a140	5	
	0052a150	19	
	0052a170	5	
	0052a180	23	
	0052a1a0	3	
	0052a1b0	3	
	0052a1c0	3	
	0052a1d0	6	
	0052a1e0	24	
	0052a200	124	
	0052a280	102	
	0052a2f0	6	
	0052a300	6	
	0052a310	35	
	0052a340	60	
	0052a380	263	
	0052a490	34	
	0052a4c0	79	
	0052a510	190	
	0052a5d0	145	
	0052a670	302	
	0052a7a0	302	
	0052a8d0	120	
	0052a950	188	
	0052aa10	120	
	0052aa90	5	
	0052aaa0	275	
	0052abc0	712	
	0052aea0	225	
	0052af90	505	
	0052b1a0	44	
	0052b1d0	44	
	0052b200	324	
	0052b350	366	
	0052b4c0	218	
	0052b5a0	86	
	0052b600	38	
	0052b630	57	
	0052b670	115	
	0052b6f0	153	
	0052b790	1	
	0052b7a0	206	
	0052b870	835	
	0052bbc0	838	
	0052bf10	179	
	0052bfd0	66	
	0052c020	66	
	0052c070	66	
	0052c0c0	170	
	0052c170	164	
	0052c220	25	
	0052c240	12	
	0052c250	5	
	0052c260	19	
	0052c280	5	
	0052c290	23	
	0052c2b0	10	
	0052c2c0	23	
	0052c2e0	18	
	0052c300	12	
	0052c310	31	
	0052c330	35	
	0052c360	233	
	0052c450	7	
	0052c460	5	
	0052c470	7	
	0052c480	7	
	0052c490	30	
	0052c4b0	3	
	0052c4c0	3	
	0052c4d0	6	
	0052c4e0	5	
	0052c4f0	5	
	0052c500	5	
	0052c510	5	
	0052c520	5	
	0052c530	5	
	0052c540	5	
	0052c550	8	
	0052c560	5	
	0052c570	5	
	0052c580	5	
	0052c590	6	
	0052c5a0	6	
	0052c5b0	6	
	0052c5c0	35	
	0052c5f0	159	
	0052c690	24	
	0052c6b0	249	
	0052c7b0	124	
	0052c830	1	
	0052c840	7	
	0052c850	32	
	0052c870	194	
	0052c940	51	
	0052c980	138	
	0052ca10	92	
	0052ca70	94	
	0052cad0	145	
	0052cb70	147	
	0052cc10	699	
	0052ced0	71	
	0052cf20	26	
	0052cf40	30	
	0052cf60	20	
	0052cf80	14	
	0052cf90	322	
	0052d100	46	
	0052d130	166	
	0052d1e0	68	
	0052d230	16	
	0052d240	7	
	0052d250	60	
	0052d290	86	
	0052d2f0	99	
	0052d360	76	
	0052d3b0	318	
	0052d4f0	370	
	0052d670	54	
	0052d6b0	106	
	0052d720	38	
	0052d750	8	
	0052d760	3	
	0052d770	266	
	0052d880	8	
	0052d890	3	
	0052d8a0	157	
	0052d940	6	
	0052d950	434	
	0052db10	25	
	0052db30	12	
	0052db40	5	
	0052db50	19	
	0052db70	5	
	0052db80	11	
	0052db90	5	
	0052dba0	19	
	0052dbc0	73	
	0052dc10	32	
	0052dc30	87	
	0052dc90	10	
	0052dca0	39	
	0052dcd0	7	
	0052dce0	18	
	0052dd00	12	
	0052dd10	51	
	0052dd50	35	
	0052dd80	18	
	0052dda0	32	
	0052ddc0	82	
	0052de20	11	
	0052de30	25	
	0052de50	66	
	0052dea0	54	
	0052dee0	54	
	0052df20	38	
	0052df50	391	
	0052e0e0	81	
	0052e140	46	
	0052e170	46	
	0052e1a0	32	
	0052e1c0	32	
	0052e1e0	153	
	0052e280	34	
	0052e2b0	179	
	0052e370	121	
	0052e3f0	10	
	0052e400	24	
	0052e420	82	
	0052e480	9	
	0052e490	89	
	0052e4f0	54	
	0052e530	137	
	0052e5c0	49	
	0052e600	17	
	0052e620	34	
	0052e650	351	
	0052e7b0	131	
	0052e840	64	
	0052e880	13	
	0052e890	447	
	0052ea50	112	
	0052eac0	34	
	0052eaf0	8	
	0052eb00	8	
	0052eb10	8	
	0052eb20	6	
	0052eb30	4	
	0052eb40	32	
	0052eb60	34	
	0052eb90	5	
	0052eba0	8	
	0052ebb0	165	
	0052ec60	8	
	0052ec70	40	
	0052eca0	62	
	0052ece0	83	
	0052ed40	143	
	0052edd0	58	
	0052ee10	105	
	0052ee80	37	
	0052eeb0	5	
	0052eec0	72	
	0052ef10	51	
	0052ef50	29	
	0052ef70	75	
	0052efc0	7	
	0052efd0	63	
	0052f010	172	
	0052f0c0	11	
	0052f0d0	136	
	0052f160	23	
	0052f180	50	
	0052f1c0	43	
	0052f1f0	25	
	0052f210	61	
	0052f250	181	
	0052f310	181	
	0052f3d0	79	
	0052f420	23	
	0052f440	13	
	0052f450	13	
	0052f460	35	
	0052f490	123	
	0052f510	55	
	0052f550	55	
	0052f590	67	
	0052f5e0	163	
	0052f690	1	
	0052f6a0	37	
	0052f6d0	37	
	0052f700	21	
	0052f720	25	
	0052f740	12	
	0052f750	5	
	0052f760	19	
	0052f780	210	
	0052f860	6	
	0052f870	4	
	0052f880	6	
	0052f890	6	
	0052f8a0	6	
	0052f8b0	3	
	0052f8c0	6	
	0052f8d0	8	
	0052f8e0	5	
	0052f8f0	8	
	0052f900	6	
	0052f910	6	
	0052f920	35	
	0052f950	241	
	0052fa50	245	
	0052fb50	206	
	0052fc20	78	
	0052fc70	404	
	0052fe10	79	
	0052fe60	325	
	0052ffb0	24	
	0052ffd0	117	
	00530045	11	
	00530050	124	
	005300d0	112	
	00530140	51	
	00530180	129	
	00530210	141	
	005302a0	52	
	005302e0	28	
	00530310	339	
	00530470	17	
	00530490	6	
	005304a0	105	
	00530510	91	
	00530570	33	
	005305a0	905	
	00530930	874	
	00530ca0	7	
	00530cb0	27	
	00530cd0	13	
	00530ce0	25	
	00530d00	68	
	00530d50	68	
	00530da0	68	
	00530df0	68	
	00530e40	25	
	00530e60	12	
	00530e70	5	
	00530e80	19	
	00530ea0	5	
	00530eb0	11	
	00530ec0	10	
	00530ed0	37	
	00530f00	18	
	00530f20	12	
	00530f30	48	
	00530f60	32	
	00530f80	508	
	00531180	6	
	00531190	228	
	00531280	6	
	00531290	30	
	005312b0	39	
	005312e0	6	
	005312f0	5	
	00531300	3	
	00531310	6	
	00531320	6	
	00531330	35	
	00531360	27	
	00531380	91	
	005313e0	34	
	00531410	26	
	00531430	355	
	005315a0	98	
	00531610	5	
	00531620	137	
	005316b0	31	
	005316d0	70	
	00531720	113	
	005317a0	292	
	005318d0	30	
	005318f0	53	
	00531930	3	
	00531940	115	
	005319c0	6	
	005319d0	6	
	005319e0	13	
	00531a00	540	
	00531c20	186	
	00531ce0	349	
	00531e40	9	
	00531e50	377	
	00531fd0	448	
	00532190	134	
	00532220	188	
	005322e0	279	
	00532400	179	
	005324c0	1	
	005324d0	47	
	00532500	208	
	005325d0	205	
	005326a0	52	
	005326e0	65	
	00532730	43	
	00532760	42	
	0053278a	120	
	00532810	240	
	00532900	82	
	00532960	39	
	00532990	741	
	00532c80	220	
	00532d60	79	
	00532db0	77	
	00532e00	75	
	00532e50	84	
	00532eb0	164	
	00532f60	154	
	00533000	131	
	00533090	131	
	00533120	118	
	005331a0	242	
	005332a0	1085	
	005336e0	1098	
	00533b30	127	
	00533bb0	4	
	00533bc0	68	
	00533c10	68	
	00533c60	158	
	00533d00	187	
	00533dc0	25	
	00533de0	12	
	00533df0	5	
	00533e00	19	
	00533e20	5	
	00533e30	11	
	00533e40	2222	
	005346f0	165	
	005347a0	29	
	005347c0	89	
	00534820	61	
	00534860	69	
	005348b0	33	
	005348e0	33	
	00534910	390	
	00534aa0	354	
	00534c10	25	
	00534c30	12	
	00534c40	5	
	00534c50	11	
	00534c60	5	
	00534c70	19	
	00534c90	5	
	00534ca0	19	
	00534cc0	5	
	00534cd0	19	
	00534cf0	89	
	00534d50	6	
	00534d60	6	
	00534d70	32	
	00534d90	20	
	00534dc0	29	
	00534de0	6	
	00534df0	6	
	00534e00	32	
	00534e20	18	
	00534e40	8	
	00534e50	66	
	00534ea0	11	
	00534eb0	66	
	00534f00	134	
	00534f90	42	
	00534fc0	77	
	00535010	77	
	00535060	105	
	005350d0	66	
	00535120	117	
	005351a0	71	
	005351f0	121	
	00535270	67	
	005352c0	147	
	00535353	10	
	00535360	32	
	00535380	1	
	005353a0	65	
	005353f0	75	
	00535449	20	
	0053545d	81	
	005354b0	134	
	00535541	15	
	00535550	108	
	005355c0	300	
	005356f0	35	
	00535720	82	
	00535780	56	
	005357c0	78	
	00535810	5	
	00535820	1	
	00535830	5	
	00535840	1	
	00535850	551	
	00535a80	335	
	00535bd0	251	
	00535ccb	5	
	00535cd0	288	
	00535df0	3	
	00535e00	259	
	00535f10	246	
	00536010	88	
	00536070	50	
	005360b0	86	
	00536110	212	
	005361f0	234	
	005362e0	338	
	00536440	137	
	005364e0	3	
	005364f0	174	
	005365a0	208	
	00536670	1540	
	00536c80	800	
	00536fa0	247	
	005370a0	109	
	00537110	109	
	00537180	67	
	005371d0	6	
	005371e0	6	
	005371f0	32	
	00537210	67	
	00537260	41	
	00537290	2563	
	00537ca0	111	
	00537d10	185	
	00537dd0	22	
	00537df0	1356	
	00538340	1158	
	005387d0	292	
	00538900	102	
	00538970	83	
	005389d0	102	
	00538a40	206	
	00538b10	51	
	00538b50	51	
	00538b90	115	
	00538c10	349	
	00538d70	291	
	00538ea0	1	
	00538eb0	15	
	00538ec0	267	
	00538fd0	6	
	00538fe0	6	
	00538ff0	35	
	00539020	29	
	00539040	149	
	005390e0	110	
	00539150	103	
	005391c0	120	
	00539240	170	
	005392f0	243	
	005393f0	750	
	005396e0	139	
	00539770	102	
	005397e0	16	
	005397f0	34	
	00539820	101	
	00539890	61	
	005398d0	25	
	005398f0	12	
	00539900	5	
	00539910	19	
	00539930	5	
	00539940	19	
	00539960	10	
	00539970	23	
	00539990	12	
	005399a0	31	
	005399c0	32	
	005399e0	123	
	00539a60	32	
	00539a80	6	
	00539a90	3	
	00539aa0	6	
	00539ab0	8	
	00539ac0	6	
	00539ad0	6	
	00539ae0	6	
	00539af0	4	
	00539b00	6	
	00539b10	6	
	00539b20	172	
	00539bd0	130	
	00539c60	266	
	00539d70	32	
	00539da0	547	
	00539fd0	59	
	0053a010	386	
	0053a1a0	115	
	0053a220	240	
	0053a310	384	
	0053a490	136	
	0053a520	144	
	0053a5b0	80	
	0053a600	79	
	0053a650	232	
	0053a740	119	
	0053a7c0	207	
	0053a890	51	
	0053a8d0	791	
	0053abf0	90	
	0053ac50	105	
	0053acc0	43	
	0053acf0	5	
	0053ad00	85	
	0053ad60	72	
	0053adb0	95	
	0053ae10	39	
	0053ae40	551	
	0053b070	525	
	0053b280	104	
	0053b2f0	21	
	0053b310	170	
	0053b3ba	6	
	0053b3c0	81	
	0053b420	25	
	0053b440	12	
	0053b450	5	
	0053b460	11	
	0053b470	5	
	0053b480	19	
	0053b4a0	44	
	0053b4d0	2056	
	0053bce0	43	
	0053bd10	3	
	0053bd20	3	
	0053bd30	27	
	0053bd50	3	
	0053bd60	3	
	0053bd70	43	
	0053bda0	43	
	0053bdd0	43	
	0053be00	43	
	0053be30	3	
	0053be40	43	
	0053be70	43	
	0053bea0	592	
	0053c0f0	816	
	0053c420	1	
	0053c430	5	
	0053c440	1	
	0053c450	24	
	0053c470	8	
	0053c480	391	
	0053c610	11	
	0053c620	27	
	0053c640	503	
	0053c840	527	
	0053ca50	1023	
	0053ce50	3	
	0053ce60	10	
	0053ce70	13	
	0053ce80	720	
	0053d150	16	
	0053d160	169	
	0053d210	676	
	0053d4c0	35	
	0053d4f0	16	
	0053d500	1	
	0053d520	453	
	0053d6f0	16	
	0053d700	95	
	0053d760	108	
	0053d7d0	804	
	0053db00	16	
	0053db10	149	
	0053dbb0	375	
	0053dd30	1241	
	0053e210	16	
	0053e220	248	
	0053e320	88	
	0053e380	191	
	0053e440	197	
	0053e510	385	
	0053e6a0	65	
	0053e6f0	79	
	0053e740	100	
0053e740	0053e911	135	
	0053ea4a	18	
0053ea4a	0053ea60	208	
	0053eb30	38	
	0053eb56	38	
	0053ebb1	57	
	0053ebea	45	
	0053eda0	40	
0053eda0	0053ef09	231	
0053eda0	0053f3ab	13	
	0053f3e0	325	
	0053f540	475	
	0053f740	103	
	0053f7b0	343	
	0053f910	567	
	0053fb50	27	
	0053fb70	47	
	0053fba0	838	
	0053ff00	14	
	0053ff10	150	
	0053ffb0	80	
	00540000	19	
	00540020	29	
	00540040	493	
	00540260	65	
	005402b0	28	
	005402d0	681	
	005405b0	172	
	00540660	2332	
	00540f80	189	
	00541040	1965	
	005417f0	73	
	00541840	1571	
	00541e70	49	
	00541eb0	1594	
	00542510	706	
	005427e0	16	
	005427f0	663	
	00542a90	439	
	00542c50	1452	
	00543200	468	
	005433e0	93	
	00543440	2260	
	00543d50	9	
	00543d60	1	
	00543d70	1	
	00543d80	699	
	00544040	16	
	00544050	87	
	005440b0	259	
	005441c0	602	
	00544430	16	
	00544440	63	
	00544480	285	
	005445b0	380	
	00544730	16	
	00544740	42	
	00544770	168	
	00544820	353	
	00544990	230	
	00544a80	222	
	00544b60	38	
	00544b90	16	
	00544ba0	40	
	00544bd0	529	
	00544df0	351	
	00544f4f	1	
	00544f80	13	
	00544f90	669	
	00545230	369	
	005453b0	16	
	005453c0	1	
	005453d0	133	
	00545460	3	
	00545470	113	
	005454f0	3	
	00545500	292	
	00545630	65	
	00545680	666	
	00545920	73	
	00545970	8	
	00545980	14	
	00545990	290	
	00545ac0	94	
	00545b1e	36	
	00545b48	149	
	00545be0	300	
	00545d10	77	
	00545d60	19	
	00545d80	83	
	00545de0	281	
	00545f00	523	
	00546110	6	
	00546120	214	
	00546200	25	
	00546220	12	
	00546230	5	
	00546240	11	
	00546250	5	
	00546260	19	
	00546280	2466	
	00546c30	203	
	00546d00	16	
	00546d10	16	
	00546d20	1057	
	00547150	109	
	005471c0	32	
	005471e0	129	
005471e0	005473fe	561	
	0054762f	750	
	00547970	695	
	00547c30	16	
	00547c40	376	
	00547dc0	531	
	00547ff0	686	
	005482a0	16	
	005482b0	33	
	005482e0	1402	
	00548860	48	
	00548890	137	
	00548920	111	
	00548990	281	
	00548ab0	3289	
	005497f0	249	
	00549900	1	
	00549910	30	
	00549930	344	
	00549a90	77	
	00549ae0	25	
	00549b00	12	
	00549b10	5	
	00549b20	11	
	00549b30	5	
	00549b40	19	
	00549b60	606	
	00549dc0	11	
	00549dd0	138	
	00549e60	285	
	00549f80	16	
	00549f90	129	
	0054a020	313	
	0054a180	134	
	0054a210	119	
	0054a290	25	
	0054a2b0	12	
	0054a2c0	5	
	0054a2d0	11	
	0054a2e0	5	
	0054a2f0	19	
	0054a310	10	
	0054a320	39	
	0054a350	18	
	0054a370	12	
	0054a380	51	
	0054a3c0	35	
	0054a3f0	66	
	0054a440	8	
	0054a450	3	
	0054a460	6	
	0054a470	38	
	0054a4a0	25	
	0054a4c0	12	
	0054a4d0	5	
	0054a4e0	11	
	0054a4f0	5	
	0054a500	19	
	0054a520	5	
	0054a530	19	
	0054a550	5	
	0054a560	25	
	0054a580	5	
	0054a590	15	
	0054a5a0	5	
	0054a5b0	25	
	0054a5d0	5	
	0054a5e0	25	
	0054a600	5	
	0054a610	15	
	0054a620	5	
	0054a630	10	
	0054a640	10	
	0054a650	10	
	0054a660	12	
	0054a670	31	
	0054a6a0	36	
	0054a6d0	10	
	0054a6e0	10	
	0054a6f0	12	
0054a700	00511d70	1	
	0054a700	10	
	0054a710	93	
	0054a770	14	
	0054a780	435	
	0054a940	98	
	0054a9b0	142	
	0054aa40	150	
	0054aae0	27	
	0054ab00	25	
	0054ab20	473	
	0054ad00	276	
	0054ae20	319	
	0054af60	80	
	0054afb0	450	
	0054b180	1	
	0054b190	1	
	0054b1a0	145	
	0054b240	1494	
	0054b820	11	
	0054b830	18	
	0054b850	153	
	0054b8f0	23	
	0054b910	19	
	0054b930	25	
	0054b950	32	
	0054b970	48	
	0054b9a0	11	
	0054b9b0	6	
	0054b9c0	6	
	0054b9d0	58	
	0054ba10	35	
	0054ba40	83	
	0054baa0	20	
	0054bac0	45	
	0054baf0	25	
	0054bb10	41	
	0054bb40	26	
	0054bb60	41	
	0054bb90	14	
	0054bba0	257	
	0054bcb0	23	
	0054bcd0	156	
	0054bd70	15	
	0054bd80	16	
	0054bd90	131	
	0054be20	40	
	0054be50	35	
	0054be80	65	
	0054bed0	17	
	0054bef0	5	
	0054bf00	32	
	0054bf20	173	
	0054bfd0	389	
	0054c160	31	
	0054c180	7	
	0054c190	326	
	0054c2e0	72	
	0054c330	1	
	0054c340	136	
	0054c3d0	77	
	0054c420	124	
	0054c4a0	207	
	0054c570	382	
	0054c6f0	5	
	0054c700	363	
	0054c870	33	
	0054c8a0	22	
	0054c8c0	32	
	0054c8e0	66	
	0054c930	180	
	0054c9f0	96	
	0054ca50	51	
	0054ca90	51	
	0054cad0	51	
	0054cb10	51	
	0054cb50	51	
	0054cb90	51	
	0054cbd0	82	
	0054cc30	629	
	0054ceb0	5	
	0054cec0	1	
	0054ced0	77	
	0054cf20	1773	
	0054d610	5	
	0054d620	203	
	0054d6f0	246	
	0054d7f0	7	
	0054d800	22	
	0054d820	30	
	0054d850	124	
	0054d8d0	74	
	0054d920	216	
	0054da00	114	
	0054da80	2657	
	0054e4f0	203	
	0054e5c0	845	
	0054e910	67	
	0054e960	477	
	0054eb40	311	
	0054ec80	540	
	0054eea0	158	
	0054ef40	1122	
	0054f3b0	92	
	0054f40c	13	
	0054f419	2887	
	0054ff80	87	
	0054ffe0	158	
	00550080	140	
	00550110	82	
	00550170	5	
	00550180	523	
	00550390	125	
	00550410	868	
	00550780	60	
	005507d0	28	
	005507f0	41	
	00550820	128	
	005508a0	48	
	005508d0	86	
	00550930	72	
	00550980	47	
	005509b0	33	
	005509e0	43	
	00550a10	31	
	00550a30	40	
	00550a60	23	
	00550a80	59	
	00550abb	74	
	00550b10	69	
	00550b60	57	
	00550ba0	55	
	00550be0	55	
	00550c20	41	
	00550c50	45	
	00550c80	45	
	00550cb0	51	
	00550cf0	61	
	00550d30	77	
	00550d80	75	
	00550dd0	21	
	00550df0	66	
	00550e40	71	
	00550e90	46	
	00550ec0	66	
	00550f10	107	
	00550f80	75	
	00550fcb	103	
	00551040	69	
	00551090	46	
	005510c0	137	
	00551150	103	
	005511c0	129	
	00551250	498	
	00551450	123	
	005514d0	55	
	00551510	31	
	00551530	65	
	00551580	66	
	005515d0	87	
	00551630	87	
	00551690	1936	
	00551ee0	1599	
	005525e0	54	
	00552620	23	
	00552640	911	
	005529e0	29	
	00552a00	118	
	00552a80	1	
	00552a90	1	
	00552ac0	230	
	00552bb0	903	
	00552f40	63	
	00552f80	25	
	00552fa0	73	
	00552ff0	93	
	00553050	72	
	005530a0	27	
	005530c0	551	
	005532f0	188	
	005533b0	1073	
	005537f0	233	
	005538e0	191	
	005539a0	112	
	00553a10	80	
	00553a60	16	
	00553a70	923	
	00553e10	635	
	00554090	1943	
	00554830	2124	
	00555080	110	
	005550f0	64	
	00555130	69	
	00555180	79	
	005551d0	86	
	00555240	33	
	00555270	8	
	00555280	273	
	005553a0	67	
	005553f0	11	
	00555400	11	
	00555410	284	
	00555530	616	
	005557a0	46	
	005557d0	10	
	005557e0	61	
	00555820	42	
	00555850	39	
	00555880	12	
	00555890	26	
	005558b0	23	
	005558d0	192	
	00555990	32	
	005559b0	87	
	00555a10	18	
	00555a30	72	
	00555a80	267	
	00555b90	63	
	00555bd0	16	
	00555be0	16	
	00555bf0	16	
	00555c00	16	
	00555c10	16	
	00555c20	16	
	00555c30	16	
	00555c40	16	
	00555c50	16	
	00555c60	16	
	00555c70	16	
	00555c80	16	
	00555c90	16	
	00555ca0	16	
	00555cb0	16	
	00555cc0	52	
	00555d00	572	
	00555f40	700	
	00556200	59	
	00556240	22	
	00556260	611	
	005564d0	1017	
	005568d0	59	
	00556910	138	
	005569a0	618	
	00556c10	67	
	00556c60	82	
	00556cc0	86	
	00556d20	27	
	00556d40	81	
	00556da0	82	
	00556e00	86	
	00556e60	27	
	00556e80	81	
	00556ee0	68	
	00556f30	68	
	00556f80	68	
	00556fd0	68	
	00557020	68	
	00557070	68	
	005570c0	24	
	005570e0	17	
	00557100	66	
	00557150	25	
	00557170	12	
	00557180	5	
	00557190	5	
	005571a0	18	
	005571c0	86	
	00557220	32	
	00557240	78	
	00557290	50	
	005572d0	158	
	00557370	84	
	005573d0	38	
	00557400	52	
	00557440	142	
	00557500	25	
	00557520	12	
	00557530	5	
	00557540	19	
	00557560	10	
	00557570	10	
	00557580	12	
	00557590	10	
	005575a0	7	
	005575b0	18	
	005575d0	13	
	005575e0	44	
	00557610	10	
	00557620	207	
	005576f0	64	
	00557730	128	
	005577b0	32	
	005577d0	29	
	005577f0	29	
	00557810	241	
	00557910	40	
	00557940	12	
	00557950	12	
	00557960	94	
	005579c0	84	
	00557a20	17	
	00557a40	23	
	00557a60	23	
	00557a80	86	
	00557ae0	120	
	00557b60	60	
	00557ba0	1	
	00557bb0	79	
	00557c00	25	
	00557c20	12	
	00557c30	5	
	00557c40	19	
	00557c60	5	
	00557c70	19	
	00557c90	5	
	00557ca0	11	
	00557cb0	5	
	00557cc0	31	
	00557ce0	5	
	00557cf0	23	
	00557d10	626	
	00557f90	40	
	00557fc0	40	
	00557ff0	56	
	00558030	30	
	00558050	152	
	005580f0	98	
	00558160	1366	
	005586c0	227	
	005587b0	1533	
	00558db0	1	
	00558dc0	13675	
	0055c770	23	
	0055c790	18	
	0055c7b0	4	
	0055c7c0	10	
	0055c7d0	4	
	0055c7e0	6	
	0055c7f0	6	
	0055c800	32	
	0055c820	119	
	0055c8a0	203	
	0055c970	15	
	0055c980	14	
	0055c990	6	
	0055c9a0	18	
	0055c9c0	10	
	0055c9d0	17	
	0055c9f0	25	
	0055ca10	25	
	0055ca30	6	
	0055ca40	3	
	0055ca50	28	
	0055ca70	6	
	0055ca80	16	
	0055ca90	8	
	0055caa0	11	
	0055cab0	8	
	0055cac0	19	
	0055cae0	20	
	0055cb00	15	
	0055cb10	9	
	0055cb20	6	
	0055cb30	6	
	0055cb40	35	
	0055cb70	20	
	0055cb90	56	
	0055cbd0	6	
	0055cbe0	6	
	0055cbf0	32	
	0055cc10	69	
	0055cc60	75	
	0055ccb0	20	
	0055ccd0	6	
	0055cce0	6	
	0055ccf0	3	
	0055cd00	8	
	0055cd10	8	
	0055cd20	8	
	0055cd30	6	
	0055cd40	6	
	0055cd50	35	
	0055cd80	33	
	0055cdb0	4	
	0055cdc0	46	
	0055cdf0	7	
	0055ce00	3	
	0055ce10	1	
	0055ce20	1	
	0055ce30	3	
	0055ce40	5	
	0055ce50	6	
	0055ce60	3	
	0055ce70	3	
	0055ce80	3	
	0055ce90	3	
	0055cea0	4	
	0055ceb0	6	
	0055cec0	6	
	0055ced0	8	
	0055cee0	6	
	0055cef0	6	
	0055cf00	6	
	0055cf10	5	
	0055cf20	8	
	0055cf30	32	
	0055cf50	3	
	0055cf60	6	
	0055cf70	6	
	0055cf80	35	
	0055cfb0	6	
	0055cfc0	6	
	0055cfd0	35	
	0055d000	6	
	0055d010	6	
	0055d020	35	
	0055d050	39	
	0055d080	32	
	0055d0a0	6	
	0055d0b0	6	
	0055d0c0	32	
	0055d0e0	3	
	0055d0f0	6	
	0055d100	6	
	0055d110	32	
	0055d130	3	
	0055d140	3	
	0055d150	6	
	0055d160	6	
	0055d170	32	
	0055d190	6	
	0055d1a0	6	
	0055d1b0	35	
	0055d1e0	20	
	0055d200	6	
	0055d210	6	
	0055d220	35	
	0055d250	35	
	0055d280	6	
	0055d290	6	
	0055d2a0	35	
	0055d2d0	6	
	0055d2e0	6	
	0055d2f0	35	
	0055d320	67	
	0055d370	3	
	0055d380	13	
	0055d390	3	
	0055d3a0	3	
	0055d3b0	30	
	0055d3d0	39	
	0055d400	6	
	0055d410	3	
	0055d420	6	
	0055d430	5	
	0055d440	8	
	0055d450	6	
	0055d460	6	
	0055d470	6	
	0055d480	35	
	0055d4b0	3	
	0055d4c0	4	
	0055d4d0	4	
	0055d4e0	9	
	0055d4f0	12	
	0055d500	6	
	0055d510	24	
	0055d530	23	
	0055d550	24	
	0055d570	3	
	0055d580	6	
	0055d590	12	
	0055d5a0	6	
	0055d5b0	6	
	0055d5c0	32	
	0055d5e0	52	
	0055d620	10	
	0055d630	10	
	0055d640	14	
	0055d650	35	
	0055d680	6	
	0055d690	6	
	0055d6a0	6	
	0055d6b0	6	
	0055d6c0	35	
	0055d6f0	25	
	0055d710	6	
	0055d720	10	
	0055d730	8	
	0055d740	6	
	0055d750	6	
	0055d760	35	
	0055d790	18	
	0055d7b0	6	
	0055d7c0	6	
	0055d7d0	32	
	0055d7f0	18	
	0055d810	6	
	0055d820	6	
	0055d830	32	
	0055d850	6	
	0055d860	6	
	0055d870	35	
	0055d8a0	10	
	0055d8b0	16	
	0055d8c0	3	
	0055d8d0	8	
	0055d8e0	3	
	0055d8f0	5	
	0055d900	10	
	0055d910	4	
	0055d920	8	
	0055d930	8	
	0055d940	8	
	0055d950	6	
	0055d960	6	
	0055d970	8	
	0055d980	8	
	0055d990	5	
	0055d9a0	8	
	0055d9b0	8	
	0055d9c0	6	
	0055d9d0	6	
	0055d9e0	3	
	0055d9f0	31	
	0055da10	6	
	0055da20	6	
	0055da30	6	
	0055da40	32	
	0055da60	7	
	0055da70	4	
	0055da80	4	
	0055da90	5	
	0055daa0	6	
	0055dab0	5	
	0055dac0	6	
	0055dad0	6	
	0055dae0	35	
	0055db10	5	
	0055db20	6	
	0055db30	6	
	0055db40	5	
	0055db50	5	
	0055db60	3	
	0055db70	6	
	0055db80	3	
	0055db90	6	
	0055dba0	6	
	0055dbb0	35	
	0055dbe0	6	
	0055dbf0	6	
	0055dc00	6	
	0055dc10	32	
	0055dc30	17	
	0055dc50	11	
	0055dc60	3	
	0055dc70	6	
	0055dc80	3	
	0055dc90	8	
	0055dca0	6	
	0055dcb0	3	
	0055dcc0	10	
	0055dcd0	6	
	0055dce0	6	
	0055dcf0	35	
	0055dd20	6	
	0055dd30	6	
	0055dd40	32	
	0055dd60	8	
	0055dd70	10	
	0055dd80	4	
	0055dd90	6	
	0055dda0	8	
	0055ddb0	6	
	0055ddc0	6	
	0055ddd0	35	
	0055de00	6	
	0055de10	6	
	0055de20	32	
	0055de40	6	
	0055de50	6	
	0055de60	32	
	0055de80	61	
	0055dec0	6	
	0055ded0	6	
	0055dee0	35	
	0055df10	6	
	0055df20	10	
	0055df30	6	
	0055df40	6	
	0055df50	6	
	0055df60	35	
	0055df90	30	
	0055dfb0	6	
	0055dfc0	3	
	0055dfd0	5	
	0055dfe0	5	
	0055dff0	6	
	0055e000	6	
	0055e010	35	
	0055e040	7	
	0055e050	6	
	0055e060	6	
	0055e070	35	
	0055e0a0	6	
	0055e0b0	6	
	0055e0c0	35	
	0055e0f0	6	
	0055e100	6	
	0055e110	3	
	0055e120	7	
	0055e130	6	
	0055e140	6	
	0055e150	35	
	0055e180	39	
	0055e1b0	6	
	0055e1c0	32	
	0055e1e0	26	
	0055e200	6	
	0055e210	32	
	0055e230	67	
	0055e280	6	
	0055e290	6	
	0055e2a0	35	
	0055e2d0	25	
	0055e2f0	6	
	0055e300	6	
	0055e310	32	
	0055e330	6	
	0055e340	6	
	0055e350	32	
	0055e370	6	
	0055e380	6	
	0055e390	13	
	0055e3a0	8	
	0055e3b0	4	
	0055e3c0	6	
	0055e3d0	35	
	0055e400	185	
	0055e4c0	13	
	0055e4d0	191	
	0055e590	155	
	0055e630	191	
	0055e6f0	155	
	0055e790	191	
	0055e850	155	
	0055e8f0	155	
	0055e990	155	
	0055ea30	155	
	0055ead0	155	
	0055eb70	3	
	0055eb80	6	
	0055eb90	6	
	0055eba0	6	
	0055ebb0	6	
	0055ebc0	6	
	0055ebd0	32	
	0055ebf0	26	
	0055ec10	10	
	0055ec20	6	
	0055ec30	6	
	0055ec40	4	
	0055ec50	6	
	0055ec60	6	
	0055ec70	32	
	0055ec90	25	
	0055ecb0	6	
	0055ecc0	6	
	0055ecd0	24	
	0055ecf0	16	
	0055ed00	16	
	0055ed10	8	
	0055ed20	13	
	0055ed30	16	
	0055ed40	13	
	0055ed50	13	
	0055ed60	22	
	0055ed80	22	
	0055eda0	21	
	0055edc0	21	
	0055ede0	67	
	0055ee30	38	
	0055ee60	22	
	0055ee80	3	
	0055ee90	3	
	0055eea0	3	
	0055eeb0	1	
	0055eec0	3	
	0055eed0	3	
	0055eee0	1	
	0055eef0	6	
	0055ef00	6	
	0055ef10	3	
	0055ef20	38	
	0055ef50	3	
	0055ef60	6	
	0055ef70	38	
	0055efa0	25	
	0055efc0	6	
	0055efd0	6	
	0055efe0	32	
	0055f000	57	
	0055f040	6	
	0055f050	6	
	0055f060	3	
	0055f070	32	
	0055f090	40	
	0055f0c0	6	
	0055f0d0	6	
	0055f0e0	38	
	0055f110	38	
	0055f140	6	
	0055f150	6	
	0055f160	55	
	0055f1a0	6	
	0055f1b0	6	
	0055f1c0	38	
	0055f1f0	3	
	0055f200	6	
	0055f210	38	
	0055f240	58	
	0055f280	3	
	0055f290	6	
	0055f2a0	38	
	0055f2d0	18	
	0055f2f0	55	
	0055f330	6	
	0055f340	6	
	0055f350	35	
	0055f380	6	
	0055f390	6	
	0055f3a0	58	
	0055f3e0	38	
	0055f410	18	
	0055f430	6	
	0055f440	6	
	0055f450	32	
	0055f470	41	
	0055f4a0	6	
	0055f4b0	6	
	0055f4c0	41	
	0055f4f0	35	
	0055f520	6	
	0055f530	6	
	0055f540	38	
	0055f570	39	
	0055f5a0	6	
	0055f5b0	6	
	0055f5c0	38	
	0055f5f0	38	
	0055f620	6	
	0055f630	6	
	0055f640	38	
	0055f670	38	
	0055f6a0	6	
	0055f6b0	6	
	0055f6c0	38	
	0055f6f0	38	
	0055f720	6	
	0055f730	6	
	0055f740	38	
	0055f770	45	
	0055f7a0	6	
	0055f7b0	6	
	0055f7c0	32	
	0055f7e0	44	
	0055f810	6	
	0055f820	6	
	0055f830	38	
	0055f860	39	
	0055f890	6	
	0055f8a0	6	
	0055f8b0	38	
	0055f8e0	42	
	0055f910	6	
	0055f920	6	
	0055f930	32	
	0055f950	42	
	0055f980	6	
	0055f990	6	
	0055f9a0	32	
	0055f9c0	35	
	0055f9f0	6	
	0055fa00	6	
	0055fa10	38	
	0055fa40	39	
	0055fa70	6	
	0055fa80	6	
	0055fa90	38	
	0055fac0	39	
	0055faf0	6	
	0055fb00	6	
	0055fb10	38	
	0055fb40	39	
	0055fb70	6	
	0055fb80	6	
	0055fb90	38	
	0055fbc0	38	
	0055fbf0	6	
	0055fc00	6	
	0055fc10	38	
	0055fc40	38	
	0055fc70	6	
	0055fc80	6	
	0055fc90	38	
	0055fcc0	39	
	0055fcf0	6	
	0055fd00	6	
	0055fd10	38	
	0055fd40	45	
	0055fd70	6	
	0055fd80	6	
	0055fd90	38	
	0055fdc0	48	
	0055fdf0	6	
	0055fe00	6	
	0055fe10	38	
	0055fe40	45	
	0055fe70	6	
	0055fe80	6	
	0055fe90	38	
	0055fec0	45	
	0055fef0	6	
	0055ff00	6	
	0055ff10	38	
	0055ff40	48	
	0055ff70	6	
	0055ff80	6	
	0055ff90	38	
	0055ffc0	6	
	0055ffd0	6	
	0055ffe0	38	
	00560010	38	
	00560040	45	
	00560070	6	
	00560080	6	
	00560090	38	
	005600c0	39	
	005600f0	6	
	00560100	6	
	00560110	38	
	00560140	39	
	00560170	6	
	00560180	6	
	00560190	38	
	005601c0	39	
	005601f0	6	
	00560200	6	
	00560210	41	
	00560240	6	
	00560250	6	
	00560260	38	
	00560290	38	
	005602c0	55	
	00560300	6	
	00560310	6	
	00560320	52	
	00560360	38	
	00560390	6	
	005603a0	6	
	005603b0	38	
	005603e0	38	
	00560410	6	
	00560420	6	
	00560430	38	
	00560460	42	
	00560490	6	
	005604a0	6	
	005604b0	38	
	005604e0	39	
	00560510	6	
	00560520	6	
	00560530	38	
	00560560	45	
	00560590	6	
	005605a0	6	
	005605b0	38	
	005605e0	39	
	00560610	6	
	00560620	6	
	00560630	38	
	00560660	45	
	00560690	6	
	005606a0	6	
	005606b0	38	
	005606e0	93	
	00560740	6	
	00560750	6	
	00560760	55	
	005607a0	6	
	005607b0	6	
	005607c0	38	
	005607f0	38	
	00560820	45	
	00560850	6	
	00560860	6	
	00560870	38	
	005608a0	144	
	00560930	6	
	00560940	6	
	00560950	41	
	00560980	6	
	00560990	6	
	005609a0	41	
	005609d0	6	
	005609e0	6	
	005609f0	48	
	00560a20	6	
	00560a30	6	
	00560a40	32	
	00560a60	38	
	00560a90	38	
	00560ac0	38	
	00560af0	79	
	00560b40	6	
	00560b50	6	
	00560b60	50	
	00560ba0	6	
	00560bb0	6	
	00560bc0	32	
	00560be0	38	
	00560c10	39	
	00560c40	6	
	00560c50	6	
	00560c60	38	
	00560c90	89	
	00560cf0	6	
	00560d00	6	
	00560d10	38	
	00560d40	39	
	00560d70	6	
	00560d80	6	
	00560d90	38	
	00560dc0	42	
	00560df0	6	
	00560e00	6	
	00560e10	38	
	00560e40	41	
	00560e70	6	
	00560e80	6	
	00560e90	38	
	00560ec0	48	
	00560ef0	6	
	00560f00	6	
	00560f10	38	
	00560f40	6	
	00560f50	6	
	00560f60	6	
	00560f70	6	
	00560f80	32	
	00560fa0	18	
	00560fc0	6	
	00560fd0	6	
	00560fe0	35	
	00561010	6	
	00561020	6	
	00561030	3	
	00561040	6	
	00561050	6	
	00561060	6	
	00561070	32	
	00561090	30	
	005610b0	39	
	005610e0	8	
	005610f0	6	
	00561100	8	
	00561110	8	
	00561120	3	
	00561130	5	
	00561140	5	
	00561150	6	
	00561160	6	
	00561170	6	
	00561180	35	
	005611b0	30	
	005611d0	3	
	005611e0	5	
	005611f0	5	
	00561200	6	
	00561210	6	
	00561220	35	
	00561250	26	
	00561270	3	
	00561280	3	
	00561290	3	
	005612a0	6	
	005612b0	6	
	005612c0	32	
	005612e0	6	
	005612f0	6	
	00561300	6	
	00561310	6	
	00561320	6	
	00561330	32	
	00561350	25	
	00561370	3	
	00561380	6	
	00561390	6	
	005613a0	35	
	005613d0	3	
	005613e0	6	
	005613f0	6	
	00561400	6	
	00561410	6	
	00561420	32	
	00561440	6	
	00561450	6	
	00561460	6	
	00561470	32	
	00561490	6	
	005614a0	6	
	005614b0	32	
	005614d0	25	
	005614f0	12	
	00561500	8	
	00561510	8	
	00561520	5	
	00561530	3	
	00561540	20	
	00561560	6	
	00561570	6	
	00561580	35	
	005615b0	6	
	005615c0	6	
	005615d0	3	
	005615e0	7	
	005615f0	7	
	00561600	13	
	00561610	13	
	00561620	7	
	00561630	35	
	00561660	6	
	00561670	6	
	00561680	3	
	00561690	39	
	005616c0	7	
	005616d0	7	
	005616e0	13	
	005616f0	13	
	00561700	7	
	00561710	35	
	00561740	6	
	00561750	6	
	00561760	3	
	00561770	7	
	00561780	7	
	00561790	13	
	005617a0	13	
	005617b0	7	
	005617c0	35	
	005617f0	5	
	00561800	26	
	00561820	6	
	00561830	6	
	00561840	6	
	00561850	35	
	00561880	6	
	00561890	6	
	005618a0	7	
	005618b0	18	
	005618d0	35	
	00561900	6	
	00561910	6	
	00561920	5	
	00561930	5	
	00561940	5	
	00561950	8	
	00561960	6	
	00561970	6	
	00561980	8	
	00561990	6	
	005619a0	6	
	005619b0	6	
	005619c0	8	
	005619d0	6	
	005619e0	5	
	005619f0	8	
	00561a00	8	
	00561a10	9	
	00561a20	5	
	00561a30	13	
	00561a40	18	
	00561a60	3	
	00561a70	35	
	00561aa0	29	
	00561ac0	8	
	00561ad0	6	
	00561ae0	6	
	00561af0	32	
	00561b10	30	
	00561b30	6	
	00561b40	6	
	00561b50	6	
	00561b60	6	
	00561b70	35	
	00561ba0	32	
	00561bc0	47	
	00561bf0	28	
	00561c10	6	
	00561c20	6	
	00561c30	35	
	00561c60	429	
	00561e10	581	
	00562180	183	
	00562240	105	
	005622b0	105	
	00562320	11	
	00562330	422	
	005624e0	465	
	005626c0	86	
	00562720	77	
	00562770	325	
	005628c0	309	
	00562a00	308	
	00562b40	296	
	00562c70	141	
	00562d00	141	
	00562d90	181	
	00562e50	168	
	00562f00	68	
	00562f50	68	
	00562fa0	68	
	00562ff0	68	
	00563040	68	
	00563090	68	
	005630e0	68	
	00563130	68	
	00563180	68	
	005631d0	68	
	00563220	68	
	00563270	68	
	005632c0	68	
	00563310	68	
	00563360	68	
	005633b0	68	
	00563400	13	
	00563410	15	
	00563420	13	
	00563430	15	
	00563440	474	
	00563620	450	
	005637f0	821	
	00563b30	871	
	00563ea0	87	
	00563f00	93	
	00563f60	58	
	00563fa0	74	
	00563ff0	82	
	00564050	271	
	00564160	362	
	005642d0	326	
	00564420	55	
	00564460	55	
	005644a0	16	
	005644b0	9	
	005644c0	16	
	005644d0	77	
	00564520	164	
	005645d0	164	
	00564680	170	
	00564730	170	
	005647e0	156	
	00564880	68	
	005648d0	25	
	005648f0	12	
	00564900	31	
	00564920	124	
	005649a0	5	
	005649b0	19	
	005649d0	5	
	005649e0	11	
	005649f0	10	
	00564a00	10	
	00564a10	12	
	00564a20	21	
	00564a40	121	
	00564ac0	4	
	00564ad0	10	
	00564ae0	6	
	00564af0	6	
	00564b00	35	
	00564b30	11	
	00564b40	95	
	00564ba0	456	
	00564d70	32	
	00564d90	63	
	00564dd0	29	
	00564df0	207	
	00564ec0	27	
	00564ee0	27	
	00564f00	27	
	00564f20	27	
	00564f40	27	
	00564f60	27	
	00564f80	27	
	00564fa0	27	
	00564fc0	27	
	00564fe0	23	
	00565000	72	
	00565050	12	
	00565060	88	
	005650c0	67	
	00565110	86	
	00565170	23	
	00565190	11	
	005651a0	28	
	005651c0	18	
	005651e0	18	
	00565200	18	
	00565220	28	
	00565240	18	
	00565260	18	
	00565280	18	
	005652a0	18	
	005652c0	18	
	005652e0	18	
	00565300	18	
	00565320	18	
	00565340	26	
	00565360	32	
	00565380	25	
	005653a0	25	
	005653c0	25	
	005653e0	25	
	00565400	25	
	00565420	43	
	00565450	44	
	00565480	38	
	005654b0	25	
	005654d0	25	
	005654f0	2420	
	00565e70	2430	
	005667f0	94	
	00566850	55	
	00566890	804	
	00566bc0	1294	
	005670d0	19	
	005670f0	727	
	005673d0	11709	
	0056a190	16	
	0056a1a0	3	
	0056a1b0	1	
	0056a1c0	81	
	0056a220	75	
	0056a270	69	
	0056a2c0	89	
	0056a320	44	
	0056a350	26	
	0056a370	26	
	0056a390	26	
	0056a3b0	60	
	0056a3f0	93	
	0056a450	89	
	0056a4d0	345	
	0056a6d0	204	
	0056a7a0	3	
	0056a7b0	33	
	0056a7e0	3	
	0056a7f0	54	
	0056a830	9	
	0056a840	73	
	0056a890	73	
	0056a8e0	25	
	0056a900	12	
	0056a910	5	
	0056a920	19	
	0056a940	5	
	0056a950	11	
	0056a960	829	
	0056aca0	339	
	0056ae00	400	
	0056af90	126	
	0056b010	376	
	0056b190	413	
	0056b330	376	
	0056b4b0	7510	
	0056d220	73	
	0056d270	247	
	0056d370	1482	
	0056d960	30	
	0056d980	16	
	0056d990	105	
	0056da00	1789	
	0056e130	47	
	0056e160	1341	
	0056e6a0	5	
	0056e6b0	107	
	0056e720	5	
	0056e730	16	
	0056e740	827	
	0056ea90	84	
	0056eaf0	193	
	0056ebc0	53	
	0056ec00	709	
	0056eef0	869	
	0056f260	16	
	0056f270	495	
	0056f460	577	
	0056f6b0	288	
	0056f7d0	250	
	0056f8d0	60	
	0056f910	67	
	0056f960	25	
	0056f980	12	
	0056f990	5	
	0056f9a0	19	
	0056f9c0	5	
	0056f9d0	11	
	0056f9e0	5	
	0056f9f0	19	
	0056fa10	49	
	0056fa50	32	
	0056fa70	3	
	0056fa80	18	
	0056faa0	107	
	0056fb10	89	
	0056fb70	111	
	0056fbe0	258	
	0056fcf0	156	
	0056fd90	3	
	0056fda0	86	
	0056fe00	30	
	0056fe20	62	
	0056fe60	7	
	0056fe70	54	
	0056feb0	9	
	0056fec0	7	
	0056fed0	7	
	0056fee0	3	
	0056fef0	25	
	0056ff10	3	
	0056ff20	39	
	0056ff50	17	
	0056ff70	6	
	0056ff80	422	
	00570130	31	
	00570150	3	
	00570160	77	
	005701b0	12	
	005701c0	52	
	00570200	3	
	00570210	3	
	00570220	7	
	00570230	7	
	00570240	7	
	00570250	3	
	00570260	7	
	00570270	7	
	00570280	7	
	00570290	3	
	005702a0	5	
	005702b0	39	
	005702e0	72	
	00570330	22	
	00570350	69	
	005703a0	42	
	005703d0	3	
	005703e0	3	
	005703f0	161	
	005704a0	183	
	00570560	5	
	00570570	30	
	00570590	3	
	005705a0	3	
	005705b0	3	
	005705c0	3	
	005705d0	19	
	005705f0	5	
	00570600	5	
	00570610	5	
	00570620	25	
	00570640	12	
	00570650	5	
	00570660	11	
	00570670	5	
	00570680	19	
	005706a0	107	
	00570710	215	
	005707f0	153	
	00570890	57	
	005708d0	88	
	00570930	432	
	00570ae0	86	
	00570b40	847	
	00570e90	4199	
	00571f00	5	
	00571f10	30	
	00571f30	30	
	00571f50	153	
	00571ff0	158	
	00572090	974	
	00572460	196	
	00572530	16	
	00572540	100	
	005725b0	1063	
	005729e0	731	
	00572d00	2817	
	00573840	67	
	00573890	351	
	005739f0	413	
	00573b90	81	
	00573bf0	201	
	00573cc0	3	
	00573cd0	134	
	00573d60	10	
	00573d70	13	
	00573d80	12	
	00573d90	21	
	00573db0	123	
	00573e30	309	
	00573f70	332	
	005740c0	119	
	00574140	75	
	00574190	50	
	005741d0	62	
	00574210	430	
	005743c0	49	
	00574400	1479	
	005749d0	216	
	00574ab0	75	
	00574b00	394	
	00574c90	638	
	00574f10	296	
	00575040	256	
	00575140	70	
	00575190	52	
	005751d0	138	
	00575260	104	
	005752d0	41	
	00575300	432	
	005754b0	41	
	005754e0	5	
	005754f0	383	
	00575670	519	
	00575880	49	
	005758c0	5	
	005758d0	29	
	005758f0	473	
	00575ad0	53	
	00575b10	105	
	00575b80	112	
	00575bf0	53	
	00575c30	64	
	00575c70	16	
	00575c80	58	
	00575cc0	77	
	00575d10	13	
	00575d20	77	
	00575d70	25	
	00575d90	12	
	00575da0	5	
	00575db0	11	
	00575dc0	5	
	00575dd0	19	
	00575df0	5	
	00575e00	23	
	00575e20	125	
	00575ea0	543	
	005760c0	796	
	005763e0	762	
	005766e0	229	
	005767d0	1717	
	00576e90	137	
	00576f20	1224	
	005773f0	25	
	00577410	12	
	00577420	5	
	00577430	11	
	00577440	5	
	00577450	11	
	00577460	5	
	00577470	19	
	00577490	45	
	005774c0	142	
	00577550	145	
	005775f0	238	
	005776e0	108	
	00577750	53	
	00577790	23	
	005777b0	68	
	00577800	68	
	00577850	68	
	005778a0	186	
	0057795a	571	
	00577ba0	354	
	00577d10	141	
	00577da0	291	
	00577ed0	109	
	00577f40	113	
	00577fc0	155	
	00578060	144	
	005780f0	569	
	00578330	382	
	005784b0	80	
	00578500	16	
	00578510	25	
	00578530	12	
	00578540	5	
	00578550	25	
	00578570	5	
	00578580	15	
	00578590	5	
	005785a0	25	
	005785c0	5	
	005785d0	25	
	005785f0	5	
	00578600	15	
	00578610	188	
	005786d0	41	
	00578700	44	
	00578730	78	
	00578780	108	
	005787f0	150	
	00578890	54	
	005788d0	252	
	005789d0	314	
	00578b10	5	
	00578b20	25	
	00578b40	5	
	00578b50	15	
	00578b60	5	
	00578b70	25	
	00578b90	5	
	00578ba0	25	
	00578bc0	5	
	00578bd0	15	
	00578be0	53	
	00578c20	152	
	00578cc0	99	
	00578d30	49	
	00578d70	170	
	00578e20	25	
	00578e40	90	
	00578ea0	139	
	00578f2b	5	
	00578f30	235	
	0057901b	22	
	00579040	70	
	005790a0	705	
	00579370	5	
	00579380	25	
	005793a0	5	
	005793b0	15	
	005793c0	5	
	005793d0	25	
	005793f0	5	
	00579400	25	
	00579420	5	
	00579430	15	
	00579440	32	
	00579460	533	
	00579680	3	
	00579690	134	
	00579720	731	
	005799fb	54	
	00579a40	55	
	00579a80	42	
	00579ab0	58	
	00579af0	359	
	00579c80	50	
	00579cc0	31	
	00579ce0	5	
	00579cf0	11	
	00579d00	5	
	00579d10	19	
	00579d30	5	
	00579d40	25	
	00579d60	5	
	00579d70	15	
	00579d80	5	
	00579d90	25	
	00579db0	5	
	00579dc0	25	
	00579de0	5	
	00579df0	15	
	00579e00	270	
	00579f10	91	
	00579f6b	5	
	00579f70	45	
	00579fa0	172	
	0057a050	136	
	0057a0e0	110	
	0057a150	65	
	0057a1a0	572	
	0057a3e0	500	
	0057a5e0	672	
	0057a880	51	
	0057a8c0	25	
	0057a8e0	12	
	0057a8f0	5	
	0057a900	25	
	0057a920	5	
	0057a930	15	
	0057a940	5	
	0057a950	25	
	0057a970	5	
	0057a980	25	
	0057a9a0	5	
	0057a9b0	15	
	0057a9c0	1419	
	0057af50	184	
	0057b010	194	
	0057b0e0	892	
	0057b460	67	
	0057b4b0	1220	
	0057b980	192	
	0057ba40	25	
	0057ba60	12	
	0057ba70	25	
	0057ba90	90	
	0057baf0	5	
	0057bb00	25	
	0057bb20	5	
	0057bb30	15	
	0057bb40	5	
	0057bb50	25	
	0057bb70	5	
	0057bb80	25	
	0057bba0	5	
	0057bbb0	15	
	0057bbc0	321	
	0057bd10	246	
	0057be10	83	
	0057be70	240	
	0057bf60	117	
	0057bfe0	440	
	0057c1a0	83	
	0057c200	482	
	0057c3f0	358	
	0057c560	40	
	0057c590	34	
	0057c5c0	51	
	0057c600	44	
	0057c630	213	
	0057c710	271	
	0057c820	198	
	0057c8f0	77	
	0057c940	5	
	0057c950	11	
	0057c960	57	
	0057c9a0	5	
	0057c9b0	23	
	0057c9f0	77	
	0057ca40	5	
	0057ca50	51	
	0057ca90	165	
	0057cb40	269	
	0057cc50	116	
	0057ccd0	757	
	0057cfd0	219	
	0057d0b0	286	
	0057d1d0	219	
	0057d2b0	43	
	0057d2db	74	
	0057d330	147	
	0057d3d0	78	
	0057d420	31	
	0057d440	64	
	0057d480	64	
	0057d4c0	62	
	0057d500	55	
	0057d540	68	
	0057d590	55	
	0057d5d0	92	
	0057d630	745	
	0057d920	13	
	0057d930	10	
	0057d940	171	
	0057d9f0	12	
	0057da00	268	
	0057db10	207	
	0057dbe0	171	
	0057dc90	10	
	0057dca0	171	
	0057dd50	12	
	0057dd60	268	
	0057de70	319	
	0057dfb0	176	
	0057e060	192	
	0057e120	173	
	0057e1d0	77	
	0057e220	77	
	0057e270	282	
	0057e390	511	
	0057e590	71	
	0057e5e0	14	
	0057e5f0	14	
	0057e600	313	
	0057e740	17	
	0057e760	280	
	0057e880	607	
	0057eae0	1061	
	0057ef10	107	
	0057ef80	569	
	0057f1c0	211	
	0057f2a0	1061	
	0057f6d0	107	
	0057f740	22	
	0057f760	22	
	0057f780	6	
	0057f790	95	
	0057f7ef	33	
	0057f816	142	
	0057f8b0	201	
	0057f980	619	
	0057fbf0	82	
	0057fc50	86	
	0057fcb0	27	
	0057fcd0	619	
	0057ff40	82	
	0057ffa0	86	
	00580000	27	
	00580020	81	
	00580080	67	
	005800d0	81	
	00580130	67	
	00580180	187	
	00580240	300	
	00580370	341	
	005804d0	277	
	005805f0	81	
	00580650	81	
	005806b0	25	
	005806d0	80	
	00580720	107	
	00580790	113	
	00580810	25	
	00580830	12	
	00580840	5	
	00580850	11	
	00580860	5	
	00580870	31	
	00580890	374	
	00580a10	1	
	00580a20	1	
	00580a30	3	
	00580a40	30	
	00580a60	16	
	00580a70	30	
	00580a90	81	
	00580af0	119	
	00580b70	16	
	00580b80	165	
	00580c30	138	
	00580cc0	66	
	00580d10	312	
00580d10	00580f0f	40	
	00580e48	43	
	00580e79	150	
	00580f50	36	
	00580f80	36	
	00580fb0	25	
	00580fd0	47	
	00581000	37	
	00581030	56	
	00581070	77	
	005810c0	6	
	005810d0	6	
	005810e0	3	
	005810f0	4	
	00581100	40	
	00581130	151	
	005811d0	156	
	00581270	61	
	005812b0	61	
	005812f0	5	
	00581300	3	
	00581310	3	
	00581320	55	
	00581360	423	
	00581510	81	
	00581570	98	
	005815e0	376	
	00581760	244	
	00581860	53	
	005818a0	36	
	005818d0	53	
	00581910	101	
	00581980	169	
	00581a30	70	
	00581a80	93	
	00581ae0	143	
	00581b70	18	
	00581b90	144	
	00581c20	221	
	00581d00	32	
	00581d20	467	
	00581f00	41	
	00581f30	119	
	00581fb0	51	
	00581ff0	667	
	00582290	25	
	005822b0	49	
	005822f0	72	
	00582340	995	
	00582730	995	
	00582b20	963	
	00582ef0	967	
	005832c0	440	
	00583480	31	
	005834a0	31	
	005834c0	141	
	00583550	118	
	005835d0	90	
	00583630	17	
	00583650	460	
	00583820	4	
	00583830	4	
	00583840	198	
	00583910	198	
	005839e0	198	
	00583ab0	68	
	00583b00	225	
	00583bf0	78	
	00583c40	78	
	00583c90	102	
	00583d00	102	
	00583d70	54	
	00583db0	68	
	00583e00	12	
	00583e10	12	
	00583e20	12	
	00583e30	1	
	00583e40	1	
	00583e50	5	
	00583e60	11	
	00583e70	5	
	00583e80	19	
	00583ea0	10	
	00583eb0	10	
	00583ec0	12	
	00583ed0	10	
	00583ee0	10	
	00583ef0	10	
	00583f00	12	
	00583f10	10	
	00583f20	5	
	00583f30	19	
	00583f50	5	
	00583f60	31	
	00583f80	577	
	005841d0	10	
	005841e0	10	
	005841f0	12	
	00584200	616	
	00584470	173	
	00584520	272	
	00584630	16	
	00584640	6	
	00584650	12	
	00584660	272	
	00584770	6	
	00584780	12	
	00584790	258	
	005848a0	258	
	005849b0	319	
	00584af0	258	
	00584c00	261	
	00584d10	261	
	00584e20	159	
	00584ec0	295	
	00584ff0	217	
	005850d0	289	
	00585200	377	
	00585380	298	
	005854b0	217	
	00585590	305	
	005856e0	23	
	00585700	57	
	00585740	803	
	00585a70	606	
	00585cd0	273	
	00585e00	14	
	00585e10	506	
	00586010	385	
	005861a0	6	
	005861b0	6	
	005861c0	6	
	005861d0	12	
	005861e0	6	
	005861f0	6	
	00586200	6	
	00586210	12	
	00586220	295	
	00586350	217	
	00586430	309	
	00586570	304	
	005866a0	396	
	00586830	399	
	005869c0	491	
	00586bab	5	
	00586bb0	406	
	00586d50	431	
	00586f00	275	
	00587020	350	
	00587180	598	
	005873e0	580	
	00587630	312	
00587630	0058782f	40	
	00587768	43	
	00587799	150	
	00587860	312	
00587860	00587a5f	40	
	00587998	43	
	005879c9	150	
	00587a90	312	
00587a90	00587c8f	40	
	00587bc8	43	
	00587bf9	150	
	00587cc0	318	
00587cc0	00587ec5	40	
	00587dfe	43	
	00587e2f	150	
	00587ef0	11	
	00587f00	375	
00587f00	005880e8	27	
	00588077	43	
	005880aa	62	
	00588110	378	
	0058828a	43	
	005882bd	47	
005882bd	0058830a	52	
	00588340	375	
00588340	00588528	27	
	005884b7	43	
	005884ea	62	
	00588550	375	
00588550	00588738	27	
	005886c7	43	
	005886fa	62	
	00588760	226	
	00588850	217	
	00588930	121	
	005889b0	16	
	005889c0	535	
005889c0	00588c08	114	
	00588bd7	43	
	00588c80	239	
	00588d70	13	
	00588d80	25	
	00588da0	53	
	00588de0	25	
	00588e00	53	
	00588e40	56	
	00588e80	37	
	00588eb0	32	
	00588ed0	67	
	00588f20	165	
	00588fd0	14	
	00588fe0	1061	
	00589410	177	
	005894d0	176	
	00589580	67	
	005895d0	14	
	005895e0	177	
	005896a0	14	
	005896b0	167	
	00589760	14	
	00589770	167	
	00589820	14	
	00589830	167	
	005898e0	14	
	005898f0	167	
	005899a0	165	
	00589a50	156	
	00589af0	142	
	00589b80	124	
	00589c00	572	
	00589e40	607	
	0058a0a0	107	
	0058a110	82	
	0058a170	86	
	0058a1d0	1061	
	0058a600	130	
	0058a690	107	
	0058a700	138	
	0058a790	67	
	0058a7e0	1017	
	0058abe0	130	
	0058ac70	59	
	0058acb0	138	
	0058ad40	1017	
	0058b140	59	
	0058b180	138	
	0058b210	1017	
	0058b610	59	
	0058b650	138	
	0058b6e0	1017	
	0058bae0	59	
	0058bb20	138	
	0058bbb0	1017	
	0058bfb0	59	
	0058bff0	22	
	0058c010	611	
	0058c280	82	
	0058c2e0	86	
	0058c340	27	
	0058c360	619	
	0058c5d0	27	
	0058c5f0	81	
	0058c650	81	
	0058c6b0	67	
	0058c700	67	
	0058c750	67	
	0058c7a0	67	
	0058c7f0	67	
	0058c840	485	
	0058ca25	40	
	0058ca50	151	
	0058caf0	664	
0058caf0	0058cdff	27	
	0058cd88	30	
	0058cda9	86	
	0058ce20	28	
	0058ce40	50	
	0058ce80	422	
0058ce80	0058d0ac	27	
	0058d026	40	
	0058d057	85	
	0058d0d0	296	
	0058d200	300	
	0058d330	81	
	0058d390	51	
	0058d3d0	891	
	0058d750	443	
	0058d910	439	
	0058dad0	411	
	0058dc70	411	
	0058de10	1100	
	0058e260	32	
	0058e280	1148	
	0058e700	1148	
	0058eb80	504	
	0058ed80	31	
	0058eda0	200	
	0058ee70	199	
	0058ef40	1350	
	0058f490	79	
	0058f4e0	183	
	0058f5a0	150	
	0058f640	83	
	0058f6a0	69	
	0058f6f0	219	
	0058f7d0	118	
	0058f850	467	
	0058fa30	173	
	0058fae0	78	
	0058fb30	78	
	0058fb80	102	
	0058fbf0	102	
	0058fc60	513	
0058fc60	0058fe8c	163	
	0058fe61	40	
	0058ff30	89	
	0058ff90	12	
	0058ffa0	12	
	0058ffb0	12	
	0058ffc0	12	
	0058ffd0	1	
	0058ffe0	5	
	0058fff0	23	
	00590010	66	
	00590052	143	
	005900f0	502	
	005902f0	173	
	005903a0	114	
	00590420	31	
	00590440	31	
	00590460	634	
	005906e0	248	
	005907e0	25	
	00590800	12	
	00590810	73	
	00590860	54	
	005908a0	54	
	005908e0	73	
	00590930	44	
	00590960	338	
	00590ac0	228	
	00590bb0	128	
	00590c30	98	
	00590ca0	321	
	00590df0	60	
	00590e30	65	
	00590e80	45	
	00590eb0	25	
	00590ed0	25	
	00590ef0	12	
	00590f00	124	
	00590f80	33	
	00590fb0	24	
	00590fd0	54	
	00591010	130	
	005910a0	65	
	005910f0	398	
	00591280	25	
	005912a0	12	
	005912b0	5	
	005912c0	19	
	005912e0	5	
	005912f0	11	
	00591300	5	
	00591310	19	
	00591330	1	
	00591340	38	
	00591370	347	
	005914d0	73	
	00591520	1413	
	00591ab0	3	
	00591ac0	1400	
	00592040	1390	
	005925b0	13	
	005925c0	52	
	00592600	102	
	00592670	53	
	005926b0	31	
	005926d0	31	
	005926f0	31	
	00592710	34	
	00592740	13	
	00592750	52	
	00592790	31	
	005927b0	34	
	005927e0	25	
	00592800	31	
	00592820	31	
	00592840	13	
	00592850	52	
	00592890	34	
	005928c0	13	
	005928d0	52	
	00592910	13	
	00592920	52	
	00592960	31	
	00592980	13	
	00592990	52	
	005929d0	52	
	00592a10	13	
	00592a20	52	
	00592a60	151	
	00592b00	148	
	00592ba0	158	
	00592c40	151	
	00592ce0	151	
	00592d80	148	
	00592e20	148	
	00592ec0	148	
	00592f60	148	
	00593000	148	
	005930a0	148	
	00593140	148	
	005931e0	151	
	00593280	158	
	00593320	148	
	005933c0	151	
	00593460	151	
	00593500	158	
	005935a0	148	
	00593640	148	
	005936e0	148	
	00593780	148	
	00593820	148	
	005938c0	158	
	00593960	158	
	00593a00	158	
	00593aa0	158	
	00593b40	158	
	00593be0	158	
	00593c80	148	
	00593d20	158	
	00593dc0	158	
	00593e60	148	
	00593f00	158	
	00593fa0	158	
	00594040	158	
	005940e0	186	
	005941a0	171	
	00594250	171	
	00594300	171	
	005943b0	171	
	00594460	171	
	00594510	171	
	005945c0	171	
	00594670	186	
	00594730	187	
	005947f0	171	
	005948a0	186	
	00594960	186	
	00594a20	187	
	00594ae0	171	
	00594b90	171	
	00594c40	171	
	00594cf0	171	
	00594da0	171	
	00594e50	187	
	00594f10	187	
	00594fd0	187	
	00595090	187	
	00595150	187	
	00595210	187	
	005952d0	171	
	00595380	187	
	00595440	187	
	00595500	171	
	005955b0	187	
	00595670	187	
	00595730	187	
	005957f0	61	
	00595830	19	
	00595850	61	
	00595890	19	
	005958b0	76	
	00595900	22	
	00595920	76	
	00595970	22	
	00595990	61	
	005959d0	19	
	005959f0	76	
	00595a40	61	
	00595a80	90	
	00595ae0	61	
	00595b20	19	
	00595b40	61	
	00595b80	19	
	00595ba0	90	
	00595c00	25	
	00595c20	12	
	00595c30	5	
	00595c40	19	
	00595c60	67	
	00595cb0	27	
	00595cd0	3	
	00595ce0	136	
	00595d70	95	
	00595dd0	27	
	00595e00	65	
	00595e50	129	
	00595ee0	98	
	00595f50	98	
	00595fc0	25	
	00595fe0	12	
	00595ff0	25	
	00596010	12	
	00596020	5	
	00596030	19	
	00596050	5	
	00596060	11	
	00596070	287	
	00596190	35	
	005961c0	106	
	00596230	237	
	00596320	369	
	005964a0	175	
	00596550	24	
	0059656c	4	
	00596570	80	
	005965c0	311	
	00596700	2145	
	00596fd0	413	
	00597190	148	
	00597265	7	
	00597270	129	
	00597300	250	
	00597400	385	
	00597590	844	
	005978e0	1436	
	00597e80	75	
	00597ed0	79	
	00597f20	679	
	005981d0	99	
	00598240	885	
	005985c0	957	
	00598980	77	
	005989d0	125	
	00598a50	90	
	00598ab0	77	
	00598b00	14	
	00598b10	52	
	00598b50	68	
	00598ba0	18	
	00598bc0	46	
	00598bf0	158	
	00598c90	158	
	00598d30	187	
	00598df0	25	
	00598e10	12	
	00598e20	73	
	00598e70	131	
	00598f00	221	
	00598fe0	180	
	005990a0	30	
	005990c0	35	
	005990f0	124	
	00599170	169	
	00599220	25	
	00599240	12	
	00599250	5	
	00599260	11	
	00599270	5	
	00599280	19	
	005992a0	30	
	005992c0	35	
	005992f0	124	
	00599370	221	
	00599450	73	
	005994a0	169	
	00599550	180	
	00599610	131	
	005996a0	157	
	00599740	1836	
	00599e70	115	
	00599ef0	171	
	00599fa0	255	
	0059a0a0	304	
	0059a1d0	72	
	0059a220	37	
	0059a250	16	
	0059a260	70	
	0059a2b0	54	
	0059a2f0	3697	
	0059b1d0	114	
	0059b250	1	
	0059b260	78	
	0059b2b0	161	
	0059b360	390	
	0059b4f0	70	
	0059b540	137	
	0059b5d0	98	
	0059b640	19	
	0059b660	19	
	0059b680	1012	
	0059ba80	95	
	0059bae0	831	
	0059be30	486	
	0059c030	163	
	0059c0e0	46	
	0059c110	50	
	0059c150	15	
	0059c160	326	
	0059c2b0	261	
	0059c3c0	59	
	0059c400	251	
	0059c500	281	
	0059c620	306	
	0059c760	141	
	0059c7f0	750	
	0059cae0	362	
	0059cc50	630	
	0059ced0	13	
	0059cee0	52	
	0059cf20	90	
	0059cf80	80	
	0059cfd0	18	
	0059cff0	25	
	0059d010	12	
	0059d020	5	
	0059d030	63825	
	005ac990	6	
	005ac9a0	8	
	005ac9b0	8	
	005ac9c0	8	
	005ac9d0	8	
	005ac9e0	5	
	005ac9f0	13209	
	005afd90	25	
	005afdb0	12	
	005afdc0	8	
	005afdd0	8	
	005afde0	8	
	005afdf0	8	
	005afe00	8	
	005afe10	8	
	005afe20	8	
	005afe30	8	
	005afe40	8	
	005afe50	8	
	005afe60	8	
	005afe70	8	
	005afe80	8	
	005afe90	8	
	005afea0	8	
	005afeb0	8	
	005afec0	8	
	005afed0	8	
	005afee0	8	
	005afef0	8	
	005aff00	8	
	005aff10	8	
	005aff20	8	
	005aff30	8	
	005aff40	8	
	005aff50	8	
	005aff60	8	
	005aff70	8	
	005aff80	8	
	005aff90	8	
	005affa0	8	
	005affb0	8	
	005affc0	8	
	005affd0	8	
	005affe0	8	
	005afff0	8	
	005b0000	8	
	005b0010	8	
	005b0020	8	
	005b0030	8	
	005b0040	8	
	005b0050	8	
	005b0060	8	
	005b0070	8	
	005b0080	8	
	005b0090	8	
	005b00a0	8	
	005b00b0	8	
	005b00c0	8	
	005b00d0	8	
	005b00e0	8	
	005b00f0	8	
	005b0100	8	
	005b0110	8	
	005b0120	8	
	005b0130	8	
	005b0140	8	
	005b0150	8	
	005b0160	8	
	005b0170	8	
	005b0180	8	
	005b0190	8	
	005b01a0	8	
	005b01b0	8	
	005b01c0	8	
	005b01d0	8	
	005b01e0	8	
	005b01f0	8	
	005b0200	8	
	005b0210	8	
	005b0220	8	
	005b0230	8	
	005b0240	8	
	005b0250	8	
	005b0260	5	
	005b0270	19	
	005b0290	5	
	005b02a0	11	
	005b02b0	25	
	005b02d0	1	
	005b02e0	3	
	005b02f0	239	
	005b03e0	1935	
	005b0b70	25	
	005b0b90	12	
	005b0ba0	5	
	005b0bb0	19	
	005b0bd0	5	
	005b0be0	11	
	005b0bf0	25	
	005b0c10	227	
	005b0d00	1608	
	005b1350	25	
	005b1370	12	
	005b1380	5	
	005b1390	19	
	005b13b0	5	
	005b13c0	11	
	005b13d0	18	
	005b13f0	953	
	005b17b0	4809	
	005b2a80	21	
	005b2aa0	25	
	005b2ac0	12	
	005b2ad0	25	
	005b2af0	12	
	005b2b00	5	
	005b2b10	19	
	005b2b30	5	
	005b2b40	11	
	005b2b50	5	
	005b2b60	23	
	005b2b80	428	
	005b2d30	30	
	005b2d50	30	
	005b2d70	39	
	005b2da0	356	
	005b2f10	34	
	005b2f40	33	
	005b2f70	59	
	005b2fb0	72	
	005b3000	103	
	005b3070	13	
	005b3080	517	
	005b3290	15	
	005b32a0	79	
	005b32f0	5	
	005b3300	1	
	005b3310	980	
	005b36f0	54	
	005b3730	25	
	005b3750	12	
	005b3760	599	
	005b39c0	29	
	005b39e0	5	
	005b39f0	19	
	005b3a10	5	
	005b3a20	11	
	005b3a30	5	
	005b3a40	1	
	005b3a50	5	
	005b3a60	1	
	005b3a70	45	
	005b3aa0	32	
	005b3ac0	7	
	005b3ad0	7	
	005b3ae0	3	
	005b3af0	357	
	005b3c60	14	
	005b3c70	6684	
	005b56d0	46	
	005b5700	25	
	005b5720	12	
	005b5730	18	
	005b5750	99	
	005b57c0	11	
	005b57d0	945	
	005b5b90	53	
	005b5bd0	20	
	005b5bf0	25	
	005b5c10	12	
	005b5c20	5	
	005b5c30	19	
	005b5c50	5	
	005b5c60	11	
	005b5c70	25	
	005b5c90	3	
	005b5ca0	5	
	005b5cb0	1	
	005b5cc0	5	
	005b5cd0	1	
	005b5ce0	5	
	005b5cf0	1	
	005b5d00	330	
	005b5e50	5	
	005b5e60	1	
	005b5e70	4911	
	005b71a0	720	
	005b7470	25	
	005b7490	12	
	005b74a0	5	
	005b74b0	19	
	005b74d0	5	
	005b74e0	11	
	005b74f0	25	
	005b7510	8	
	005b7520	276	
	005b7640	25	
	005b7660	12	
	005b7670	18	
	005b7690	245	
	005b7790	11	
	005b77a0	1135	
	005b7c10	305	
	005b7d50	25	
	005b7d70	12	
	005b7d80	5	
	005b7d90	19	
	005b7db0	5	
	005b7dc0	11	
	005b7dd0	25	
	005b7df0	630	
	005b8070	3502	
	005b8e40	20	
	005b8e60	40	
	005b8e90	25	
	005b8eb0	12	
	005b8ec0	5	
	005b8ed0	1	
	005b8ee0	5	
	005b8ef0	1	
	005b8f00	434	
	005b90c0	838	
	005b9410	202	
	005b94de	216	
	005b95c0	86	
	005b9620	174	
	005b96d0	506	
	005b98d0	506	
	005b9ad0	200	
	005b9ba0	157	
	005ba010	817	
	005ba350	1067	
	005ba780	564	
	005ba9c0	124	
	005baa40	132	
	005baad0	55	
	005bab10	248	
	005bac10	227	
	005bad00	5	
	005bad10	711	
	005bafe0	5	
	005baff0	103	
	005bb060	222	
	005bb140	106	
	005bb1b0	261	
	005bb2c0	117	
	005bb340	209	
	005bb420	268	
	005bb530	217	
	005bb610	278	
	005bb730	42	
	005bb760	95	
	005bb7c0	128	
	005bb840	104	
	005bb8b0	57	
	005bb8f0	131	
	005bb980	452	
	005bbb50	117	
	005bbbd0	251	
	005bbcd0	79	
	005bbd20	169	
	005bbdd0	160	
	005bbe70	113	
	005bbef0	56	
	005bbf30	101	
	005bbfa0	105	
	005bc010	135	
	005bc0a0	1001	
	005bc4a0	534	
	005bc6c0	55	
	005bc700	24	
	005bc720	35	
	005bc750	55	
	005bc790	11	
	005bc79b	27	
	005bc7c0	12	
	005bc7d0	1002	
	005bcbc0	90	
	005bcc20	18	
	005bcc40	72	
	005bcc90	101	
	005bcd00	918	
	005bd0b0	348	
	005bd210	54	
	005bd250	73	
	005bd2a0	232	
	005bd390	167	
	005bd440	90	
	005bd4a0	1277	
	005bdaf0	585	
	005bdd40	83	
	005bdda0	6106	
	005bf5d0	65	
	005bf620	479	
	005bf800	13	
	005bf810	163	
	005bf8bc	263	
	005bf9d0	443	
	005bfb8b	627	
	005bfe00	700	
	005c00c0	121	
	005c0140	455	
	005c0308	8	
	005c0310	758	
	005c0610	122	
	005c068e	31	
	005c06b0	69	
	005c06fc	4	
	005c0700	1983	
	005c0ec0	105	
	005c0f2c	4	
	005c0f30	247	
	005c1030	93	
	005c1090	1096	
	005c14e0	131	
	005c1570	56	
	005c15b0	431	
	005c177e	48	
	005c17cc	3	
	005c17d0	1211	
	005c1c90	134	
	005c1d20	250	
	005c1e26	526	
	005c2040	33	
	005c2070	23	
	005c208e	2	
	005c2090	69	
	005c20e0	34	
	005c2110	62	
	005c2150	32	
	005c2170	3	
	005c2180	572	
	005c23bc	396	
	005c2564	665	
	005c27fe	2	
	005c2800	517	
	005c2a10	25	
	005c2a30	12	
	005c2a40	767	
	005c2d40	3	
	005c2d4e	2	
	005c2d50	22	
	005c2d70	108	
	005c2de0	16	
	005c2df0	3	
	005c2e00	3	
	005c2e10	26	
	005c2e30	16	
	005c2e40	68	
	005c2e90	274	
	005c2fb0	256	
	005c30b0	107	
	005c3120	51	
	005c3158	8	
	005c3160	69	
	005c31b0	157	
	005c3250	74	
	005c32a0	30	
	005c32c0	318	
	005c3400	319	
	005c3540	79	
	005c3590	92	
	005c35f0	32	
	005c3614	29	
	005c3640	32	
	005c3660	33	
	005c3690	21	
	005c36b0	21	
	005c36d0	120	
	005c3750	32	
	005c3770	6	
	005c3780	197	
	005c3850	202	
	005c3920	64	
	005c3960	76	
	005c39b0	43	
	005c39e0	15	
	005c39f0	42	
	005c3a20	15	
	005c3a30	853	
	005c3d90	25	
	005c3db0	12	
	005c3dbc	119	
	005c3e44	25	
	005c3e60	72	
	005c3eb0	293	
	005c3fe0	122	
	005c4080	34	
	005c40aa	57	
	005c40f0	130	
	005c4176	10	
	005c4180	27	
	005c419e	134	
	005c4224	71	
	005c426e	110	
	005c42e0	5	
	005c42f0	33	
	005c4320	233	
	005c440a	6	
	005c4410	26	
	005c4434	13	
	005c4444	93	
	005c44a2	25	
	005c44bb	13	
	005c44ce	48	
	005c4500	83	
	005c4560	35	
	005c4590	5	
	005c45a0	183	
	005c4658	8	
	005c4660	126	
	005c46e0	143	
	005c4770	39	
	005c479a	91	
	005c4800	25	
	005c4820	13	
	005c4830	13	
	005c483e	2	
	005c4840	146	
	005c48e0	146	
	005c4974	12	
	005c4980	25	
	005c49a0	12	
	005c49b0	10	
	005c49ba	6	
	005c49c0	53	
	005c49f6	10	
	005c4a00	18	
	005c4a14	12	
	005c4a20	12	
	005c4a30	51	
	005c4a70	35	
	005c4aa0	51	
	005c4ae0	5	
	005c4af0	5	
	005c4af6	10	
	005c4b00	1	
	005c4b0c	4	
	005c4b10	32	
	005c4b30	89	
	005c4b90	49	
	005c4bc6	10	
	005c4bd0	65	
	005c4c14	12	
	005c4c20	37	
	005c4c4a	6	
	005c4c50	11	
	005c4c60	30	
	005c4c80	132	
	005c4d06	10	
	005c4d10	35	
	005c4d3c	4	
	005c4d40	83	
	005c4da0	83	
	005c4df6	10	
	005c4e00	68	
	005c4e4e	2	
	005c4e50	147	
	005c4ee6	10	
	005c4ef0	88	
	005c4f4a	6	
	005c4f50	69	
	005c4fa0	191	
	005c5060	37	
	005c508e	2	
	005c5090	37	
	005c50c0	165	
	005c5170	141	
	005c5200	65	
	005c5250	12	
	005c5260	13	
	005c5270	22	
	005c528a	6	
	005c5290	37	
	005c52c0	37	
	005c52f0	25	
	005c5310	12	
	005c5320	5	
	005c5330	11	
	005c5340	5	
	005c5350	19	
	005c536a	6	
	005c5370	10	
	005c5380	23	
	005c53a0	18	
	005c53c0	12	
	005c53d0	31	
	005c53f0	32	
	005c5410	25	
	005c5430	35	
	005c5460	125	
	005c54e0	97	
	005c5550	43	
	005c5580	137	
	005c5610	97	
	005c5680	140	
	005c5710	79	
	005c5760	26	
	005c5780	37	
	005c57b0	149	
	005c5850	5	
	005c5860	257	
	005c5970	48	
	005c59a0	421	
	005c5b50	767	
	005c5e50	87	
	005c5eb0	11	
	005c5ebb	24	
	005c5ee0	103	
	005c5f50	64	
	005c5f90	359	
	005c6100	162	
	005c61b0	249	
	005c62b0	50	
	005c62f0	75	
	005c6340	403	
	005c64e0	18	
	005c6500	41	
	005c6530	20	
	005c6550	20	
	005c6570	25	
	005c6590	30	
	005c65b0	25	
	005c65d0	25	
	005c65f0	25	
	005c6610	20	
	005c6630	20	
	005c6650	30	
	005c6670	25	
	005c6690	40	
	005c66c0	20	
	005c66e0	30	
	005c6700	30	
	005c6720	25	
	005c6740	39	
	005c6770	14	
	005c6780	13	
	005c6790	46	
	005c67c0	20	
	005c67e0	23	
	005c6800	153	
	005c68a0	19	
	005c68c0	233	
	005c69b0	275	
	005c6ad0	139	
	005c6b60	80	
	005c6bb0	131	
	005c6c40	15	
	005c6c50	60	
	005c6c90	13	
	005c6ca0	7	
	005c6cb0	58	
	005c6cf0	270	
	005c6e00	29	
	005c6e20	63	
	005c6e60	71	
	005c6eb0	1315	
	005c73e0	1228	
	005c78b0	5	
	005c78c0	34	
	005c78f0	199	
	005c79c0	18	
	005c79e0	149	
	005c7a80	119	
	005c7b00	100	
	005c7b70	35	
	005c7ba0	68	
	005c7bf0	68	
	005c7c40	170	
	005c7cf0	68	
	005c7d40	68	
	005c7d90	68	
	005c7de0	68	
	005c7e30	68	
	005c7e80	170	
	005c7f30	68	
	005c7f80	68	
	005c7fd0	68	
	005c8020	68	
	005c8070	68	
	005c80c0	164	
	005c8170	25	
	005c8190	12	
	005c81a0	5	
	005c81b0	11	
	005c81c0	27	
	005c81e0	147	
	005c8280	25	
	005c82a0	25	
	005c82c0	12	
	005c82d0	5	
	005c82e0	11	
	005c82f0	62	
	005c8330	150	
	005c83d0	192	
	005c8490	147	
	005c8530	237	
	005c8620	46	
	005c8650	25	
	005c8670	12	
	005c8680	5	
	005c8690	19	
	005c86b0	104	
	005c8720	440	
	005c8920	25	
	005c8940	12	
	005c8950	5	
	005c8960	11	
	005c8970	25	
	005c8990	12	
	005c89a0	88	
	005c8a00	25	
	005c8a20	12	
	005c8a30	5	
	005c8a40	11	
	005c8a50	5	
	005c8a60	19	
	005c8a80	95	
	005c8ae0	146	
	005c8b80	142	
	005c8c10	41	
	005c8c40	51	
	005c8c80	5	
	005c8c90	65	
	005c8ce0	167	
	005c8d90	198	
	005c8e60	92	
	005c8ec0	95	
	005c8f20	85	
	005c8f80	25	
	005c8fa0	12	
	005c8fb0	5	
	005c8fc0	19	
	005c8fe0	114	
	005c9060	35	
	005c9090	596	
	005c9300	87	
	005c9360	165	
	005c9410	25	
	005c9430	12	
	005c9440	5	
	005c9450	11	
	005c9460	5	
	005c9470	19	
	005c9490	10	
	005c94a0	725	
	005c9780	346	
	005c98e0	86	
	005c9940	25	
	005c9960	12	
	005c9970	5	
	005c9980	19	
	005c99a0	10	
	005c99b0	37	
	005c99e0	18	
	005c9a00	12	
	005c9a10	48	
	005c9a40	32	
	005c9a60	3	
	005c9a70	487	
	005c9c60	32	
	005c9c80	114	
	005c9d00	702	
	005c9fc0	2750	
	005caa80	25	
	005caaa0	12	
	005caab0	5	
	005caac0	11	
	005caad0	5	
	005caae0	19	
	005cab00	10	
	005cab10	13	
	005cab20	12	
	005cab30	108	
	005caba0	10	
	005cabb0	13	
	005cabc0	12	
	005cabd0	108	
	005cac40	10	
	005cac50	13	
	005cac60	12	
	005cac70	108	
	005cace0	5	
	005cacf0	1	
	005cad00	62	
	005cad40	79	
	005cad90	35	
	005cadc0	563	
	005cb000	11	
	005cb010	15	
	005cb020	67	
	005cb070	32	
	005cb090	66	
	005cb0e0	3	
	005cb0f0	48	
	005cb120	110	
	005cb190	30	
	005cb1b0	30	
	005cb1d0	45	
	005cb200	32	
	005cb220	68	
	005cb2a0	243	
	005cb3e0	25	
	005cb400	177	
	005cb4c0	19	
	005cb4e0	166	
	005cb590	444	
	005cb750	518	
	005cb960	1374	
	005cbec0	67	
	005cbf10	2113	
	005cc760	837	
	005ccab0	929	
	005cce60	56	
	005ccea0	39	
	005cced0	119	
	005ccf50	35	
	005ccf80	49	
	005ccfc0	89	
	005cd020	36	
	005cd050	46	
	005cd080	25	
	005cd0a0	12	
	005cd0b0	5	
	005cd0c0	19	
	005cd0e0	10	
	005cd0f0	23	
	005cd110	15	
	005cd120	12	
	005cd130	31	
	005cd150	32	
	005cd170	179	
	005cd230	458	
	005cd400	89	
	005cd460	42	
	005cd490	83	
	005cd4f0	112	
	005cd560	156	
	005cd600	44	
	005cd630	135	
	005cd6c0	152	
	005cd760	148	
	005cd800	153	
	005cd8a0	86	
	005cd900	85	
	005cd960	31	
	005cd990	55	
	005cd9d0	55	
	005cda10	74	
	005cda60	48	
	005cda90	171	
	005cdb40	10	
	005cdb4a	56	
	005cdb90	50	
	005cdbd0	39	
	005cdc00	73	
	005cdc50	6	
	005cdc60	211	
	005cdd40	197	
	005cde10	25	
	005cde30	12	
	005cde40	5	
	005cde50	19	
	005cde70	5	
	005cde80	11	
	005cde90	5	
	005cdea0	31	
	005cdec0	5	
	005cded0	25	
	005cdef0	5	
	005cdf00	15	
	005cdf10	5	
	005cdf20	25	
	005cdf40	5	
	005cdf50	25	
	005cdf70	5	
	005cdf80	15	
	005cdf90	5	
	005cdfa0	23	
	005cdfc0	358	
	005ce130	353	
	005ce2a0	32	
	005ce2c0	11	
	005ce2d0	6	
	005ce2e0	11	
	005ce2f0	6	
	005ce300	6	
	005ce310	35	
	005ce340	32	
	005ce360	32	
	005ce380	32	
	005ce3a0	78	
	005ce3f0	22	
	005ce410	5	
	005ce420	95	
	005ce480	69	
	005ce4d0	413	
	005ce670	210	
	005ce750	155	
	005ce7f0	152	
	005ce890	115	
	005ce910	1	
	005ce920	184	
	005ce9e0	207	
	005ceab0	24	
	005cead0	195	
	005ceba0	6	
	005cebb0	81	
	005cec10	56	
	005cec50	102	
	005cecc0	39	
	005cecf0	24	
	005ced10	43	
	005ced3b	30	
	005ced60	79	
	005cedb0	5	
	005cedc0	92	
	005cee20	3	
	005cee30	68	
	005cee80	194	
	005cef50	45	
	005cef80	27	
	005cef9b	11	
	005cefb0	84	
	005cf010	36	
	005cf040	381	
	005cf1c0	57	
	005cf200	32	
	005cf220	67	
	005cf270	24	
	005cf290	56	
	005cf2d0	44	
	005cf300	2013	
	005cfae0	754	
	005cfde0	532	
	005d0000	482	
	005d01f0	473	
	005d03d0	55	
	005d0410	80	
	005d0460	44	
	005d0490	49	
	005d04d0	49	
	005d0510	71	
	005d0560	39	
	005d0590	94	
	005d05f0	17	
	005d0610	115	
	005d0690	66	
	005d06e0	80	
	005d0730	11	
	005d0740	25	
	005d0760	12	
	005d0770	5	
	005d0780	25	
	005d07a0	5	
	005d07b0	15	
	005d07c0	5	
	005d07d0	25	
	005d07f0	5	
	005d0800	25	
	005d0820	5	
	005d0830	15	
	005d0840	5	
	005d0850	19	
	005d0870	5	
	005d0880	11	
	005d0890	5	
	005d08a0	1900	
	005d1010	233	
	005d1100	16	
	005d1110	16	
	005d1120	315	
	005d1260	184	
	005d1320	5	
	005d1330	554	
	005d1560	468	
	005d1740	253	
	005d1840	13	
	005d1850	150	
	005d18f0	94	
	005d1950	161	
	005d1a00	168	
	005d1ab0	1785	
	005d21b0	96	
	005d2210	55	
	005d2250	1030	
	005d2660	78	
	005d26b0	62	
	005d26f0	1	
	005d2700	1	
	005d2710	1	
	005d2720	1	
	005d2730	63	
	005d2770	62	
	005d27b0	58	
	005d27f0	13	
	005d2800	374	
	005d2980	15	
	005d2990	48	
	005d29c0	168	
	005d2a70	417	
	005d2c20	27	
	005d2c40	539	
	005d2e60	531	
	005d3080	78	
	005d30d0	555	
	005d3300	5	
	005d3310	1	
	005d3320	5	
	005d3330	1	
	005d3340	821	
	005d3680	18	
	005d36a0	18	
	005d36c0	6	
	005d36d0	41	
	005d3700	369	
	005d3880	28	
	005d38a0	129	
	005d3930	165	
	005d39e0	806	
	005d3d10	186	
	005d3dd0	277	
	005d3ef0	650	
	005d4180	130	
	005d4210	279	
	005d4330	21	
	005d4350	234	
	005d4440	521	
	005d4650	134	
	005d46e0	25	
	005d4700	12	
	005d4710	5	
	005d4720	19	
	005d4740	5	
	005d4750	11	
	005d4760	5	
	005d4770	25	
	005d4790	5	
	005d47a0	15	
	005d47b0	5	
	005d47c0	25	
	005d47e0	5	
	005d47f0	25	
	005d4810	5	
	005d4820	15	
	005d4830	63	
	005d4870	84	
	005d48d0	101	
	005d4940	18	
	005d4960	30	
	005d4980	17	
	005d49a0	15	
	005d49b0	82	
	005d4a10	35	
	005d4a40	67	
	005d4a90	35	
	005d4ac0	324	
	005d4c10	157	
	005d4cb0	70	
	005d4d00	95	
	005d4d60	41	
	005d4d90	17	
	005d4db0	987	
	005d5190	181	
	005d5250	349	
	005d53b0	24	
	005d53d0	141	
	005d5460	153	
	005d5500	329	
	005d5650	17	
	005d5670	17	
	005d5690	25	
	005d56b0	12	
	005d56c0	699	
	005d5980	172	
	005d5a30	57	
	005d5a70	862	
	005d5dd0	26	
	005d5df0	69	
	005d5e40	61	
	005d5e80	1419	
	005d6410	27	
	005d6430	57	
	005d6470	25	
	005d6490	12	
	005d64a0	5	
	005d64b0	19	
	005d64d0	5	
	005d64e0	11	
	005d64f0	25	
	005d6510	12	
	005d6520	26	
	005d6540	26	
	005d6560	25	
	005d6580	12	
	005d6590	33	
	005d65c0	33	
	005d65f0	272	
	005d6700	71	
	005d6750	25	
	005d6770	12	
	005d6780	5	
	005d6790	19	
	005d67b0	5	
	005d67c0	11	
	005d67d0	32	
	005d67f0	399	
	005d6980	647	
	005d6c10	337	
	005d6d70	453	
	005d6f40	577	
	005d7190	1321	
	005d76c0	251	
	005d77c0	260	
	005d78d0	132	
	005d7960	5	
	005d7970	1221	
	005d7e40	214	
	005d7f20	363	
	005d8090	47	
	005d80c0	56	
	005d8100	28	
	005d8120	25	
	005d8140	12	
	005d8150	53	
	005d8190	46	
	005d81c0	26	
	005d81e0	101	
	005d8250	79	
	005d82a0	125	
	005d8320	370	
	005d84a0	366	
	005d8610	130	
	005d86a0	618	
	005d8910	31	
	005d8930	186	
	005d89f0	27	
	005d8a10	105	
	005d8a80	98	
	005d8af0	64	
	005d8b30	120	
	005d8bb0	145	
	005d8c50	167	
	005d8d00	198	
	005d8dd0	76	
	005d8e20	25	
	005d8e40	12	
	005d8e50	5	
	005d8e60	19	
	005d8e80	5	
	005d8e90	11	
	005d8ea0	645	
	005d9130	479	
	005d9310	399	
	005d94a0	98	
	005d9510	199	
	005d95e0	10	
	005d95f0	25	
	005d9610	12	
	005d9620	104	
	005d9690	10	
	005d96a0	21	
	005d96c0	12	
	005d96d0	31	
	005d96f0	5	
	005d9700	479	
	005d98e0	25	
	005d9900	14	
	005d9910	25	
	005d9930	48	
	005d9960	14	
	005d9970	69	
	005d99c0	31	
	005d99e0	40	
	005d9a10	15	
	005d9a20	415	
	005d9bc0	337	
	005d9d20	83	
	005d9d80	76	
	005d9dd0	70	
	005d9e20	85	
	005d9e80	141	
	005d9f10	153	
	005d9fb0	134	
	005da040	25	
	005da060	12	
	005da070	5	
	005da080	19	
	005da0a0	5	
	005da0b0	11	
	005da0c0	59	
	005da100	146	
	005da1a0	295	
	005da2d0	300	
	005da400	196	
	005da4d0	186	
	005da590	186	
	005da650	154	
	005da6f0	430	
	005da8a0	78	
	005da8f0	84	
	005da950	187	
	005daa10	90	
	005daa70	83	
	005daad0	77	
	005dab20	43	
	005dab50	77	
	005daba0	65	
	005dabf0	52	
	005dac30	66	
	005dac80	25	
	005daca0	12	
	005dacb0	5	
	005dacc0	11	
	005daccb	91	
	005dad30	19	
	005dad60	383	
	005daee0	1283	
	005db3f0	111	
	005db460	42	
	005db490	17	
	005db4b0	26	
	005db4d0	540	
	005db6f0	23	
	005db710	30	
	005db730	25	
	005db750	12	
	005db760	5	
	005db770	19	
	005db790	5	
	005db7a0	25	
	005db7c0	5	
	005db7d0	15	
	005db7e0	5	
	005db7f0	25	
	005db810	5	
	005db820	25	
	005db840	5	
	005db850	15	
	005db860	201	
	005db930	6	
	005db940	32	
	005db960	6	
	005db970	6	
	005db980	6	
	005db990	35	
	005db9c0	63	
	005dba00	242	
	005dbb00	62	
	005dbb40	202	
	005dbc10	10	
	005dbc20	18	
	005dbc40	31	
	005dbc60	727	
	005dbf40	39	
	005dbf70	24	
	005dbf90	24	
	005dbfb0	171	
	005dc060	104	
	005dc0d0	57	
	005dc110	17	
	005dc130	49	
	005dc170	106	
	005dc1e0	191	
	005dc2a0	76	
	005dc2f0	63	
	005dc330	312	
	005dc470	112	
	005dc4e0	285	
	005dc600	3	
	005dc610	133	
	005dc6a0	65	
	005dc6f0	281	
	005dc810	24	
	005dc830	61	
	005dc870	20	
	005dc890	29	
	005dc8b0	4	
	005dc8c0	10	
	005dc8d0	25	
	005dc8f0	299	
	005dca20	25	
	005dca40	4	
	005dca50	872	
	005dcdc0	879	
	005dd130	94	
	005dd190	10	
	005dd1a0	114	
	005dd220	40	
	005dd250	68	
	005dd2a0	68	
	005dd2f0	25	
	005dd310	12	
	005dd320	5	
	005dd330	11	
	005dd340	5	
	005dd350	19	
	005dd370	234	
	005dd460	35	
	005dd490	11	
	005dd4a0	370	
	005dd620	5	
	005dd630	58	
	005dd670	1073	
	005ddad0	11	
	005ddae0	16	
	005ddaf0	25	
	005ddb10	12	
	005ddb20	10	
	005ddb30	10	
	005ddb40	12	
	005ddb50	31	
	005ddb70	11	
	005ddb80	66	
	005ddbd0	39	
	005ddc00	144	
	005ddc90	69	
	005ddce0	100	
	005ddd50	100	
	005dddc0	151	
	005dde60	100	
	005dded0	50	
	005ddf10	25	
	005ddf30	12	
	005ddf40	5	
	005ddf50	11	
	005ddf60	5	
	005ddf70	19	
	005ddf90	10	
	005ddfa0	17	
	005ddfc0	12	
	005ddfd0	59	
	005de010	398	
	005de1a0	50	
	005de1e0	261	
	005de2f0	354	
	005de460	11	
	005de470	17	
	005de490	326	
	005de5e0	626	
	005de860	76	
	005de8b0	1	
	005de8c0	51	
	005de900	124	
	005de980	224	
	005dea60	1176	
	005def00	649	
	005df190	5	
	005df1a0	1	
	005df1b0	339	
	005df310	131	
	005df3a0	249	
	005df4a0	203	
	005df570	109	
	005df5e0	5	
	005df5f0	31	
	005df610	5	
	005df620	31	
	005df640	872	
	005df9b0	1	
	005df9c0	607	
	005dfc40	157	
	005dfce0	477	
	005dfec0	5	
	005dfed0	31	
	005dfef0	5	
	005dff00	31	
	005dff20	1231	
	005e03f0	3120	
	005e1020	916	
	005e13c0	127	
	005e1440	358	
	005e15b0	112	
	005e1620	25	
	005e1640	12	
	005e1650	5	
	005e1660	19	
	005e1680	10	
	005e1690	37	
	005e16c0	18	
	005e16e0	12	
	005e16f0	48	
	005e1720	32	
	005e1740	19	
	005e1760	46	
	005e1790	25	
	005e17b0	12	
	005e17c0	24	
	005e17e0	117	
	005e1860	37	
	005e1890	38	
	005e18c0	21	
	005e18e0	22	
	005e1900	17	
	005e1920	34	
	005e1950	50	
	005e1990	9	
	005e19a0	8	
	005e19b0	44	
	005e19e0	39	
	005e1a10	29	
	005e1a30	37	
	005e1a60	25	
	005e1a80	12	
	005e1a90	39	
	005e1ac0	127	
	005e1b40	102	
	005e1bb0	63	
	005e1bf0	63	
	005e1c30	25	
	005e1c50	12	
	005e1c60	5	
	005e1c70	11	
	005e1c80	5	
	005e1c90	19	
	005e1cb0	5	
	005e1cc0	19	
	005e1ce0	34	
	005e1d10	156	
	005e1db0	38	
	005e1de0	501	
	005e1fe0	382	
	005e2160	216	
	005e2240	92	
	005e22a0	59	
	005e22e0	257	
	005e23f0	350	
	005e2550	106	
	005e25c0	628	
	005e2840	25	
	005e2860	12	
	005e2870	5	
	005e2880	1	
	005e2890	37	
	005e28c0	41	
	005e28f0	16	
	005e2900	132	
	005e2990	79	
	005e29e0	79	
	005e2a30	25	
	005e2a50	12	
	005e2a60	5	
	005e2a70	31	
	005e2a90	263	
	005e2ba0	138	
	005e2c30	205	
	005e2d10	531	
	005e2f30	186	
	005e2ff0	624	
	005e3260	1253	
	005e3770	1709	
	005e3e20	1	
	005e3e30	1	
	005e3e40	1	
	005e3e50	25	
	005e3e70	12	
	005e3e80	5	
	005e3e90	19	
	005e3eb0	5	
	005e3ec0	11	
	005e3ed0	5	
	005e3ee0	31	
	005e3f00	5	
	005e3f10	1	
	005e3f20	5	
	005e3f30	31	
	005e3f60	11	
	005e3f70	871	
	005e42e0	3608	
	005e5100	376	
	005e5280	82	
	005e52e0	721	
	005e55c0	5	
	005e55d0	78	
	005e5620	286	
	005e5740	89	
	005e57a0	3	
	005e57b0	122	
	005e5830	854	
	005e5b90	61	
	005e5bd0	192	
	005e5c90	31	
	005e5cb0	20	
	005e5cd0	1590	
	005e6310	49	
	005e6350	61	
	005e6390	394	
	005e6520	1	
	005e6530	1	
	005e6540	237	
	005e6630	101	
	005e66a0	83	
	005e6700	25	
	005e6720	12	
	005e6730	5	
	005e6740	11	
	005e6750	17	
	005e6770	32	
	005e6790	45	
	005e67c0	42	
	005e67f0	25	
	005e6810	12	
	005e6820	5	
	005e6830	19	
	005e6850	5	
	005e6860	11	
	005e6870	5	
	005e6880	25	
	005e68a0	5	
	005e68b0	15	
	005e68c0	5	
	005e68d0	25	
	005e68f0	5	
	005e6900	25	
	005e6920	5	
	005e6930	15	
	005e6940	43	
	005e6970	9	
	005e6980	86	
	005e69e0	244	
	005e6ae0	21	
	005e6b00	136	
	005e6b90	51	
	005e6bd0	714	
	005e6ea0	197	
	005e6f70	453	
	005e7140	133	
	005e71d0	94	
	005e7230	510	
	005e7430	499	
	005e7630	18	
	005e7650	1	
	005e7660	36	
	005e7690	25	
	005e76b0	12	
	005e76c0	93	
	005e7720	115	
	005e77a0	464	
	005e7970	8	
	005e7980	3	
	005e7990	25	
	005e79b0	12	
	005e79c0	5	
	005e79d0	11	
	005e79e0	43	
	005e7a40	107	
	005e7ab0	159	
	005e7b50	162	
	005e7c00	73	
	005e7c50	37	
	005e7c80	87	
	005e7ce0	72	
	005e7d30	113	
	005e7db0	233	
	005e7ea0	114	
	005e7f20	138	
	005e7fb0	195	
	005e8080	103	
	005e80f0	8	
	005e8100	310	
	005e8240	402	
	005e83e0	8	
	005e83f0	18	
	005e8410	588	
	005e8660	580	
	005e88b0	939	
	005e8c60	1219	
	005e9130	143	
	005e91c0	399	
	005e9350	155	
	005e93f0	55	
	005e9430	54	
	005e9470	602	
	005e96d0	100	
	005e9740	360	
	005e98b0	996	
	005e9ca0	1857	
	005ea3f0	57	
	005ea430	98	
	005ea4a0	16	
	005ea4b0	25	
	005ea4d0	12	
	005ea4e0	5	
	005ea4f0	11	
	005ea500	5	
	005ea510	19	
	005ea530	5	
	005ea540	360	
	005ea6b0	22	
	005ea6d0	64	
	005ea710	10	
	005ea720	10	
	005ea730	12	
	005ea740	10	
	005ea750	30	
	005ea770	53	
	005ea7b0	330	
	005ea900	31	
	005ea920	85	
	005ea980	399	
	005eab10	74	
	005eab60	122	
	005eabe0	885	
	005eaf60	186	
	005eb020	247	
	005eb120	781	
	005eb430	59	
	005eb470	100	
	005eb4e0	673	
	005eb781	13	
	005eb796	114	
	005eb810	1	
	005eb820	53	
	005eb860	43	
	005eb890	214	
	005eb970	303	
	005ebaa0	23	
	005ebac0	48	
	005ebaf0	518	
	005ebd00	31	
	005ebd20	96	
	005ebd80	45	
	005ebdb0	25	
	005ebdd0	12	
	005ebde0	5	
	005ebdf0	19	
	005ebe10	25	
	005ebe30	12	
	005ebe40	5	
	005ebe50	19	
	005ebe70	5	
	005ebe80	11	
	005ebe90	5	
	005ebea0	19	
	005ebec0	305	
	005ec000	44	
	005ec030	97	
	005ec0a0	298	
	005ec1d0	3	
	005ec1e0	84	
	005ec240	40	
	005ec270	40	
	005ec2a0	31	
	005ec2c0	70	
	005ec310	22	
	005ec330	6	
	005ec340	74	
	005ec390	75	
	005ec3e0	6	
	005ec3f0	15	
	005ec400	115	
	005ec480	37	
	005ec4b0	25	
	005ec4d0	74	
	005ec520	33	
	005ec550	162	
	005ec600	22	
	005ec620	6	
	005ec640	10	
	005ec650	30	
	005ec670	12	
	005ec680	21	
	005ec6a0	10	
	005ec6b0	30	
	005ec6d0	12	
	005ec6e0	21	
	005ec700	263	
	005ec810	221	
	005ec8f0	1	
	005ec900	88	
	005ec960	47	
	005ec990	32	
	005ec9b0	29	
	005ec9d0	21	
	005ec9f0	45	
	005eca20	55	
	005eca60	30	
	005eca80	18	
	005ecaa0	27	
	005ecac0	39	
	005ecaf0	26	
	005ecb10	111	
	005ecb80	31	
	005ecba0	99	
	005ecc10	14	
	005ecc20	66	
	005ecc70	20	
	005ecc90	22	
	005eccb0	32	
	005eccd0	41	
	005ecd00	166	
	005ecdb0	396	
	005ecf40	18	
	005ecf60	15	
	005ecf70	43	
	005ecfa0	19	
	005ecfc0	19	
	005ecfe0	33	
	005ed010	98	
	005ed080	552	
	005ed2b0	3	
	005ed2c0	33	
	005ed2f0	121	
	005ed370	101	
	005ed3e0	266	
	005ed4f0	6	
	005ed500	54	
	005ed540	54	
	005ed580	8	
	005ed590	36	
	005ed5c0	536	
	005ed7e0	442	
	005ed9a0	31	
	005ed9c0	136	
	005eda50	126	
	005edad0	61	
	005edb10	138	
	005edba0	5	
	005edbb0	95	
	005edc10	268	
	005edd20	109	
	005edd90	8	
	005edda0	28	
	005eddc0	8	
	005eddd0	8	
	005edde0	673	
	005ee090	102	
	005ee100	295	
	005ee230	697	
	005ee4f0	47	
	005ee520	25	
	005ee540	16	
	005ee550	14	
	005ee560	143	
	005ee5f0	49	
	005ee630	812	
	005ee960	956	
	005eed20	5	
	005eed30	386	
	005eeec0	370	
	005ef040	41	
	005ef070	6	
	005ef080	6	
	005ef090	32	
	005ef0b0	37	
	005ef0e0	22	
	005ef100	11	
	005ef110	60	
	005ef150	6	
	005ef160	6	
	005ef170	32	
	005ef190	48	
	005ef1c0	3	
	005ef1d0	198	
	005ef2a0	123	
	005ef320	23	
	005ef340	6	
	005ef350	8	
	005ef360	524	
	005ef570	500	
	005ef770	1	
	005ef780	120	
	005ef800	68	
	005ef850	25	
	005ef870	12	
	005ef880	5	
	005ef890	19	
	005ef8b0	5	
	005ef8c0	11	
	005ef8d0	94	
	005ef930	134	
	005ef9c0	37	
	005ef9f0	797	
	005efd50	25	
	005efd70	12	
	005efd80	141	
	005efe10	116	
	005efe90	81	
	005efef0	59	
	005eff30	6	
	005eff40	1346	
	005f04c0	3	
	005f04d0	6	
	005f04e0	1352	
	005f0a60	786	
	005f0d80	293	
	005f0eb0	25	
	005f0ed0	12	
	005f0ee0	5	
	005f0ef0	19	
	005f0f10	5	
	005f0f20	11	
	005f0f30	119	
	005f0fb0	38	
	005f0fe0	47	
	005f1010	154	
	005f10b0	129	
	005f1140	127	
	005f11c0	33	
	005f11f0	127	
	005f1270	227	
	005f1360	34	
	005f1390	21	
	005f13b0	34	
	005f13e0	21	
	005f1400	21	
	005f1420	34	
	005f1450	103	
	005f14c0	61	
	005f1500	34	
	005f1530	34	
	005f1560	34	
	005f1590	21	
	005f15b0	3	
	005f15c0	8	
	005f15d0	60	
	005f1610	8	
	005f1620	8	
	005f1630	82	
	005f1690	8	
	005f16a0	60	
	005f16e0	8	
	005f16f0	25	
	005f1710	138	
	005f17a0	77	
	005f17f0	8	
	005f1800	27	
	005f1820	55	
	005f1860	8	
	005f1870	8	
	005f1880	25	
	005f18a0	8	
	005f18b0	8	
	005f18c0	89	
	005f1920	89	
	005f1980	123	
	005f1a00	132	
	005f1a90	26	
	005f1ab0	26	
	005f1ad0	26	
	005f1af0	26	
	005f1b10	236	
	005f1c00	272	
	005f1d10	123	
	005f1d90	193	
	005f1e60	422	
	005f2010	321	
	005f2160	570	
	005f23a0	119	
	005f2420	8	
	005f2430	261	
	005f2540	8	
	005f2550	111	
	005f25c0	111	
	005f2630	14	
	005f2640	90	
	005f26a0	48	
	005f26d0	36	
	005f2710	15	
	005f2720	26	
	005f2740	25	
	005f2760	12	
	005f2770	5	
	005f2780	11	
	005f2790	5	
	005f27a0	19	
	005f27c0	5	
	005f27d0	19	
	005f27f0	7	
	005f2800	40	
	005f2830	82	
	005f2890	73	
	005f28e0	160	
	005f2980	167	
	005f2a30	70	
	005f2a80	24	
	005f2aa0	51	
	005f2af0	179	
	005f2bb0	88	
	005f2c10	226	
	005f2d00	54	
	005f2d40	60	
	005f2d80	159	
	005f2e20	159	
	005f2ec0	194	
	005f2f90	389	
	005f3120	49	
	005f3160	172	
	005f3210	62	
	005f3250	60	
	005f3290	88	
	005f32f0	691	
	005f35b0	193	
	005f3680	813	
	005f39b0	501	
	005f3bb0	41	
	005f3be0	84	
	005f3c40	25	
	005f3c60	12	
	005f3c70	5	
	005f3c80	11	
	005f3c90	5	
	005f3ca0	19	
	005f3cc0	21	
	005f3ce0	175	
	005f3d90	39	
	005f3dc0	3784	
	005f4c90	421	
	005f4e40	829	
	005f5180	25	
	005f51a0	12	
	005f51b0	5	
	005f51c0	11	
	005f51d0	5	
	005f51e0	19	
	005f5200	79	
	005f5250	1902	
	005f59c0	115	
	005f5a40	16	
	005f5a50	250	
	005f5b50	414	
	005f5cf0	171	
	005f5da0	259	
	005f5eb0	245	
	005f5fb0	2638	
	005f6a70	259	
	005f6b80	355	
	005f6cf0	141	
	005f6d80	3977	
	005f7d10	602	
	005f7f70	325	
	005f80c0	609	
	005f8330	1032	
	005f8740	18	
	005f8760	25	
	005f8780	12	
	005f8790	14	
	005f87a0	14	
	005f87b0	19	
	005f87d0	19	
	005f87f0	17	
	005f8810	22	
	005f8830	3	
	005f8840	1	
	005f8850	17	
	005f8870	22	
	005f8890	25	
	005f88b0	12	
	005f88c0	10	
	005f88d0	13	
	005f88e0	12	
	005f88f0	21	
	005f8910	10	
	005f8920	1	
	005f8930	12	
	005f8940	26	
	005f8960	73	
	005f89b0	28	
	005f89f0	5618	
	005f9ff0	1	
	005fa000	107	
	005fa070	163	
	005fa120	147	
	005fa1c0	5	
	005fa1d0	1	
	005fa1e0	5	
	005fa1f0	31	
	005fa210	5	
	005fa220	1	
	005fa230	41	
	005fa260	250	
	005fa370	232	
	005fa480	169	
	005fa530	112	
	005fa5a0	220	
	005fa680	134	
	005fa710	25	
	005fa730	12	
	005fa740	5	
	005fa750	19	
	005fa770	5	
	005fa780	11	
	005fa790	53	
	005fa7d0	12	
	005fa7e0	5	
	005fa7f0	59	
	005fa830	3	
	005fa840	3	
	005fa850	25	
	005fa870	12	
	005fa880	5	
	005fa890	19	
	005fa8b0	150	
	005fa950	25	
	005fa970	13	
	005fa980	7	
	005fa990	6	
	005fa9a0	6	
	005fa9b0	6	
	005fa9c0	35	
	005fa9f0	124	
	005faa70	11	
	005faa80	11	
	005faa90	6	
	005faab0	44	
	005faae0	7	
	005fab00	49	
	005fab40	49	
	005fab80	25	
	005faba0	12	
	005fabb0	5	
	005fabc0	11	
	005fabd0	5	
	005fabe0	19	
	005fac00	21	
	005fac20	73	
	005fac70	73	
	005facc0	32	
	005face0	32	
	005fad00	7	
	005fad10	25	
	005fad30	12	
	005fad40	5	
	005fad50	11	
	005fad60	5	
	005fad70	19	
	005fad90	83	
	005fadf0	130	
	005fae80	68	
	005faed0	25	
	005faef0	12	
	005faf00	25	
	005faf20	6	
	005faf30	6	
	005faf40	32	
	005faf60	11	
	005faf70	9	
	005faf80	53	
	005fafc0	119	
	005fb040	22	
	005fb060	66	
	005fb0b0	123	
	005fb130	90	
	005fb190	265	
	005fb2a0	28	
	005fb2c0	96	
	005fb320	89	
	005fb380	25	
	005fb3a0	12	
	005fb3b0	62	
	005fb3f0	9	
	005fb400	18	
	005fb420	8	
	005fb430	21	
	005fb450	53	
	005fb490	140	
	005fb520	171	
	005fb5d0	159	
	005fb680	19	
	005fb6a0	105	
	005fb710	65	
	005fb760	19	
	005fb780	3	
	005fb790	3	
	005fb7a0	9	
	005fb7b0	9	
	005fb7c0	9	
	005fb7d0	9	
	005fb7e0	12	
	005fb7f0	12	
	005fb800	9	
	005fb810	24	
	005fb830	9	
	005fb840	59	
	005fb880	25	
	005fb8a0	12	
	005fb8b0	10	
	005fb8c0	53	
	005fb900	7	
	005fb910	18	
	005fb930	12	
	005fb940	51	
	005fb980	35	
	005fb9b0	25	
	005fb9d0	12	
	005fb9e0	5	
	005fb9f0	11	
	005fba00	18	
	005fba20	5	
	005fba30	11	
	005fba40	5	
	005fba50	19	
	005fba70	53	
	005fbab0	53	
	005fbaf0	4	
	005fbb00	534	
	005fbd20	29	
	005fbd40	66	
	005fbd90	25	
	005fbdb0	12	
	005fbdc0	5	
	005fbdd0	23	
	005fbdf0	86	
	005fbe50	60	
	005fbe90	19	
	005fbeb0	91	
	005fbf10	15	
	005fbf20	45	
	005fbf50	77	
	005fbfa0	77	
	005fbff0	66	
	005fc040	5	
	005fc050	5	
	005fc060	5	
	005fc070	5	
	005fc080	5	
	005fc090	5	
	005fc0a0	5	
	005fc0b0	5	
	005fc0c0	5	
	005fc0d0	5	
	005fc0e0	6	
	005fc0f0	6	
	005fc100	35	
	005fc130	162	
	005fc1e0	11	
	005fc1f0	101	
	005fc260	160	
	005fc300	11	
	005fc310	261	
	005fc420	6	
	005fc430	7	
	005fc440	43	
	005fc470	35	
	005fc4a0	6	
	005fc4b0	61	
	005fc4f0	159	
	005fc590	260	
	005fc6a0	239	
	005fc790	462	
	005fc960	574	
	005fcba0	195	
	005fcc70	46	
	005fcca0	7	
	005fccb0	5	
	005fccc0	273	
	005fcde0	3	
	005fcdf0	3	
	005fce00	5	
	005fce10	25	
	005fce30	12	
	005fce40	5	
	005fce50	11	
	005fce60	5	
	005fce70	19	
	005fce90	5	
	005fcea0	19	
	005fcec0	58	
	005fcf00	6	
	005fcf10	6	
	005fcf20	6	
	005fcf30	32	
	005fcf50	146	
	005fcff0	15	
	005fd000	92	
	005fd060	16	
	005fd070	80	
	005fd0c0	4	
	005fd0d0	12	
	005fd0e0	39	
	005fd110	161	
	005fd1c0	161	
	005fd270	25	
	005fd290	12	
	005fd2a0	5	
	005fd2b0	19	
	005fd2d0	5	
	005fd2e0	31	
	005fd300	5	
	005fd310	11	
	005fd320	5	
	005fd330	23	
	005fd350	10	
	005fd360	37	
	005fd390	18	
	005fd3b0	12	
	005fd3c0	48	
	005fd3f0	32	
	005fd410	11	
	005fd420	91	
	005fd480	19	
	005fd4a0	25	
	005fd4c0	13	
	005fd4d0	13	
	005fd4e0	16	
	005fd4f0	10	
	005fd500	13	
	005fd510	12	
	005fd520	21	
	005fd540	5	
	005fd550	19	
	005fd570	15	
	005fd580	3	
	005fd590	3	
	005fd5a0	51	
	005fd5e0	18	
	005fd600	3	
	005fd610	3	
	005fd620	5	
	005fd630	5	
	005fd640	5	
	005fd650	5	
	005fd660	5	
	005fd670	5	
	005fd680	5	
	005fd690	5	
	005fd6a0	5	
	005fd6b0	5	
	005fd6c0	1	
	005fd6d0	5	
	005fd6e0	6	
	005fd6f0	6	
	005fd700	64	
	005fd740	34	
	005fd770	25	
	005fd790	6	
	005fd7a0	6	
	005fd7b0	64	
	005fd7f0	99	
	005fd860	43	
	005fd890	33	
	005fd8c0	3	
	005fd8d0	5	
	005fd8e0	130	
	005fd970	6	
	005fd980	35	
	005fd9b0	270	
	005fdac0	35	
	005fdaf0	93	
	005fdb50	12	
	005fdb60	537	
	005fdd80	57	
	005fddc0	6	
	005fddd0	6	
	005fdde0	64	
	005fde20	135	
	005fdeb0	91	
	005fdf10	157	
	005fdfb0	39	
	005fdfe0	13	
	005fdff0	61	
	005fe030	885	
	005fe3b0	566	
	005fe5f0	240	
	005fe6e0	185	
	005fe7a0	70	
	005fe7f0	64	
	005fe830	127	
	005fe8b0	57	
	005fe8f0	219	
	005fe9d0	150	
	005fea70	814	
	005feda0	71	
	005fedf0	45	
	005fee20	6	
	005fee30	1019	
	005ff22b	192	
	005ff2f0	6	
	005ff300	5	
	005ff310	32	
	005ff330	30	
	005ff350	371	
	005ff4d0	19	
	005ff4f0	1072	
	005ff920	89	
	005ff980	278	
	005ffaa0	43	
	005ffad0	214	
	005ffbb0	519	
	005ffdc0	73	
	005ffe10	96	
	005ffe70	271	
	005fff80	3	
	005fff90	3	
	005fffa0	5	
	005fffb0	28	
	005fffd0	28	
	005ffff0	6	
	00600000	513	
	00600210	578	
	00600460	240	
	00600550	224	
	00600630	587	
	00600880	589	
	00600ad0	280	
	00600bf0	280	
	00600d10	25	
	00600d30	12	
	00600d40	62	
	00600d80	25	
	00600da0	7	
	00600db0	6	
	00600dc0	8	
	00600dd0	6	
	00600de0	6	
	00600df0	35	
	00600e20	134	
	00600eb0	27	
	00600ed0	11	
	00600ee0	7	
	00600ef0	6	
	00600f10	13	
	00600f20	49	
	00600f60	49	
	00600fa0	25	
	00600fc0	12	
	00600fd0	5	
	00600fe0	11	
	00600ff0	5	
	00601000	19	
	00601020	25	
	00601040	12	
	00601050	5	
	00601060	19	
	00601080	62	
	006010c0	35	
	006010f0	90	
	00601150	36	
	00601180	264	
	00601290	145	
	00601330	72	
	00601380	75	
	006013d0	72	
	00601430	129	
	006014c0	77	
	00601510	25	
	006015e0	167	
	00601690	54	
	006016d0	160	
	00601770	1	
	00601780	158	
	00601820	38	
	00601850	38	
	00601880	604	
	00601ae0	44	
	00601b10	72	
	00601b60	9	
	00601b70	10	
	00601b80	27	
	00601ba0	29	
	00601bc0	12	
	00601bd0	232	
	00601cc0	17	
	00601ce0	37	
	00601d10	167	
	00601dc0	17	
	00601de0	20	
	00601e00	53	
	00601e40	62	
	00601e80	20	
	00601ea0	19	
	00601ec0	25	
	00601ee0	12	
	00601ef0	5	
	00601f00	19	
	00601f20	5	
	00601f30	11	
	00601f40	77	
	00601f90	325	
	006020e0	121	
	00602160	149	
	00602200	111	
	00602270	65	
	006022c0	411	
	00602460	104	
	006024d0	35	
	00602500	452	
	006026d0	76	
	00602720	118	
	006027a0	220	
	00602880	67	
	006028d0	430	
	00602a80	32	
	00602aa0	292	
	00602bd0	155	
	00602c70	198	
	00602d40	311	
	00602e80	192	
	00602f40	124	
	00602fc0	44	
	00602ff0	50	
	00603030	54	
	00603070	54	
	006030b0	91	
	0060310b	80	
	00603160	29	
	00603180	34	
	006031b0	25	
	006031d0	29	
	006031f0	53	
	00603230	40	
	00603260	24	
	00603280	145	
	00603320	23	
	00603340	69	
	00603390	17	
	006033b0	12	
	006033c0	34	
	006033f0	44	
	00603420	5	
	00603430	55	
	00603470	28	
	00603490	25	
	006034b0	26	
	006034d0	44	
	00603500	76	
	00603550	35	
	00603580	35	
	006035b0	110	
	00603620	114	
	006036a0	123	
	00603720	112	
	00603790	30	
	006037b0	50	
	006037f0	60	
	00603830	12	
	00603840	22	
	00603860	74	
	006038b0	638	
	00603b30	652	
	00603dc0	593	
	00604020	410	
	006041c0	66	
	00604210	54	
	00604250	103	
	006042c0	42	
	006042ea	133	
	00604370	585	
	006045c0	44	
	006045f0	628	
	00604870	632	
	00604af0	316	
	00604c30	313	
	00604d70	39	
	00604da0	39	
	00604dd0	11	
	00604de0	39	
	00604e10	11	
	00604e20	11	
	00604e30	11	
	00604e40	39	
	00604e70	60	
	00604eb0	39	
	00604ee0	11	
	00604ef0	39	
	00604f20	11	
	00604f30	11	
	00604f40	70	
	00604f90	68	
	00604fe0	34	
	00605010	55	
	00605050	19	
	00605070	19	
	00605090	19	
	006050b0	24	
	006050d0	57	
	00605120	46	
	00605150	245	
	00605250	192	
	00605310	164	
	006053c0	34	
	006053f0	16	
	00605400	12	
	00605410	33	
	00605440	39	
	00605470	22	
	00605490	12	
	006054a0	33	
	006054d0	39	
	00605500	22	
	00605520	69	
	00605570	69	
	006055c0	69	
	00605610	69	
	00605660	46	
	00605690	31	
	006056b0	18	
	006056d0	18	
	006056f0	46	
	00605720	46	
	00605750	46	
	00605780	46	
	006057b0	159	
	00605850	24	
	00605870	290	
	006059a0	661	
	00605c40	66	
	00605c90	34	
	00605cc0	7	
	00605cd0	17	
	00605cf0	17	
	00605d10	330	
	00605e5a	336	
	00605fb0	56	
	00605ff0	25	
	00606010	12	
	00606020	5	
	00606030	19	
	00606050	225	
	00606140	4	
	00606150	8	
	00606160	32	
	00606180	107	
	006061eb	62	
	00606230	8	
	00606240	25	
	00606260	12	
	00606270	136	
	00606300	116	
	00606380	79	
	006063d0	77	
	00606420	196	
	006064f0	210	
	006065d0	64	
	00606610	74	
	00606660	80	
	006066b0	24	
	006066d0	34	
	00606700	39	
	00606730	148	
	006067d0	39	
	00606800	105	
	00606870	7	
	00606880	132	
	00606910	6	
	00606920	225	
	00606a10	221	
	00606af0	13	
	00606b00	25	
	00606b20	12	
	00606b30	10	
	00606b40	37	
	00606b70	18	
	00606b90	12	
	00606ba0	48	
	00606bd0	32	
	00606bf0	23	
	00606c10	95	
	00606c70	95	
	00606cd0	3	
	00606ce0	25	
	00606d00	12	
	00606d10	5	
	00606d20	19	
	00606d40	5	
	00606d50	11	
	00606d60	10	
	00606d70	39	
	00606da0	18	
	00606dc0	12	
	00606dd0	51	
	00606e10	35	
	00606e40	138	
	00606ed0	38	
	00606f00	190	
	00606fc0	49	
	00607000	286	
	00607120	6	
	00607130	27	
	00607150	179	
	00607210	25	
	00607230	31	
	00607250	13	
	00607260	13	
	00607270	406	
	00607410	28	
	00607430	35	
	00607460	121	
	006074e0	122	
	00607560	340	
	006076c0	194	
	00607790	449	
	00607960	44	
	00607990	22	
	006079b0	13	
	006079c0	6	
	006079d0	5	
	006079e0	11	
	006079f0	47	
	00607a20	121	
	00607aa0	6	
	00607ab0	165	
	00607b60	6	
	00607b70	78	
	00607bc0	43	
	00607bf0	35	
	00607c20	31	
	00607c40	183	
	00607d00	183	
	00607dc0	6	
	00607dd0	57	
	00607e10	11	
	00607e20	24	
	00607e40	710	
	00608110	27	
	00608130	17	
	00608150	128	
	006081d0	8	
	006081e0	82	
	00608240	5	
	00608250	5	
	00608260	5	
	00608270	5	
	00608280	37	
	006082b0	23	
	006082d0	6	
	006082e0	6	
	006082f0	70	
	00608340	3	
	00608350	6	
	00608360	35	
	00608390	43	
	006083c0	6	
	006083d0	6	
	006083e0	90	
	00608440	44	
	00608470	25	
	00608490	12	
	006084a0	10	
	006084b0	39	
	006084e0	7	
	006084f0	18	
	00608510	12	
	00608520	51	
	00608560	35	
	00608590	178	
	00608650	178	
	00608710	53	
	00608750	11	
	00608760	13	
	00608770	200	
	00608840	109	
	006088b0	43	
	006088e0	475	
	00608ac0	77	
	00608b10	19	
	00608b30	113	
	00608bb0	126	
	00608c30	174	
	00608ce0	127	
	00608d60	128	
	00608de0	340	
	00608f40	121	
	00608fc0	77	
	00609010	13	
	00609020	35	
	00609050	21	
	00609070	21	
	00609090	21	
	006090b0	85	
	00609110	32	
	00609130	65	
	00609180	37	
	006091b0	83	
	00609210	27	
	00609230	48	
	00609260	3	
	00609270	152	
	00609320	6	
	00609330	6	
	00609340	85	
	006093a0	247	
	006094a0	63	
	006094e0	27	
	006094fb	57	
	00609540	118	
	006095c0	31	
	006095e0	191	
	006096a0	3	
	006096b0	17	
	006096d0	36	
	00609700	94	
	00609760	25	
	00609780	12	
	00609790	5	
	006097a0	19	
	006097c0	10	
	006097d0	193	
	006098a0	12	
	006098b0	405	
	00609a50	578	
	00609ca0	23	
	00609cc0	77	
	00609d10	58	
	00609d50	675	
	0060a010	13	
	0060a020	15	
	0060a030	128	
	0060a0b0	821	
	0060a400	71	
	0060a450	398	
	0060a5e0	88	
	0060a640	20	
	0060a660	3	
	0060a670	16	
	0060a680	198	
	0060a770	630	
	0060a9f0	211	
	0060aad0	227	
	0060abc0	259	
	0060acd0	102	
	0060ad40	31	
	0060ad60	95	
	0060adc0	280	
	0060aee0	61	
	0060af20	3163	
	0060bbc0	104	
	0060bc40	186	
	0060bd00	407	
	0060bea0	74	
	0060bef0	88	
	0060bf50	19	
	0060bf70	18	
	0060bf90	10	
	0060bfa0	92	
	0060c000	29	
	0060c020	14	
	0060c040	47	
	0060c070	14	
	0060c080	33	
	0060c0b0	17	
	0060c0d0	17	
	0060c0f0	22	
	0060c110	42	
	0060c140	25	
	0060c160	25	
	0060c180	31	
	0060c1a0	30	
	0060c1c0	5	
	0060c1d0	1	
	0060c1e0	5	
	0060c1f0	1	
	0060c200	494	
	0060c3f0	46	
	0060c420	787	
	0060c740	781	
	0060ca50	1153	
	0060cee0	57	
	0060cf20	194	
	0060cff0	175	
	0060d0a0	434	
	0060d280	283	
	0060d3a0	106	
	0060d410	271	
	0060d520	501	
	0060d740	12	
	0060d750	12	
	0060d760	151	
	0060d800	646	
	0060da90	36	
	0060dac0	32	
	0060dae0	5	
	0060daf0	1	
	0060db00	33	
	0060db30	6825	
	0060f630	238	
	0060f720	25	
	0060f740	25	
	0060f760	29	
	0060f780	62	
	0060f7c0	142	
	0060f850	1012	
	0060fc50	36	
	0060fc80	90	
	0060fce0	283	
	0060fe00	217	
	0060fee0	303	
	00610010	141	
	006100a0	217	
	00610180	58	
	006101c0	47	
	006101f0	58	
	00610230	47	
	00610260	217	
	00610340	95	
	006103a0	68	
	006103f0	151	
	00610490	230	
	00610580	14	
	00610590	1017	
	00610990	167	
	00610a40	102	
	00610ab0	1374	
	00611010	86	
	00611070	16	
	00611080	26	
	006110a0	26	
	006110c0	175	
	00611170	19	
	00611190	25	
	006111b0	102	
	00611220	19	
	00611240	19	
	00611260	165	
	00611310	19	
	00611330	107	
	006113a0	14	
	006113b0	572	
	006115f0	20	
	00611610	1017	
	00611a10	167	
	00611ac0	102	
	00611b30	14	
	00611b40	1017	
	00611f40	22	
	00611f60	165	
	00612010	14	
	00612020	572	
	00612260	1017	
	00612660	42	
	00612690	31	
	006126b0	167	
	00612760	102	
	006127d0	22	
	006127f0	380	
	00612970	572	
	00612bb0	60	
	00612bf0	59	
	00612c30	138	
	00612cc0	82	
	00612d20	86	
	00612d80	572	
	00612fc0	435	
	00613180	138	
	00613210	82	
	00613270	86	
	006132d0	5	
	006132e0	8	
	006132f0	8	
	00613300	60	
	00613340	59	
	00613380	138	
	00613410	611	
	00613680	4	
	00613690	82	
	006136f0	86	
	00613750	54	
	00613790	67	
	006137e0	11	
	006137f0	52	
	00613830	569	
	00613a70	90	
	00613ad0	59	
	00613b10	138	
	00613ba0	82	
	00613c00	86	
	00613c60	59	
	00613ca0	611	
	00613f10	82	
	00613f70	86	
	00613fd0	67	
	00614020	22	
	00614040	22	
	00614060	22	
	00614080	611	
	006142f0	45	
	00614320	27	
	00614340	611	
	006145b0	27	
	006145d0	45	
	00614600	27	
	00614620	11	
	00614630	81	
	00614690	619	
	00614900	27	
	00614920	27	
	00614940	81	
	006149a0	81	
	00614a00	67	
	00614a50	135	
	00614ae0	81	
	00614b40	67	
	00614b90	81	
	00614bf0	67	
	00614c40	3423	
	006159a0	28	
	006159c0	41	
	006159f0	3415	
	00616750	68	
	006167a0	68	
	006167f0	17	
	00616810	17	
	00616830	23	
	00616850	384	
	006169d0	23	
	006169f0	141	
	00616a80	486	
	00616c6c	4	
	00616c70	141	
	00616d00	484	
	00616ef0	17	
	00616f10	325	
	00617060	25	
	00617080	12	
	00617090	5	
	006170a0	19	
	006170c0	5	
	006170d0	11	
	006170e0	40	
	00617110	42	
	00617140	85	
	006171a0	366	
	00617310	342	
	00617470	126	
	006174f0	196	
	006175c0	86	
	00617620	444	
	006177e0	36	
	00617810	75	
	00617860	56	
	006178a0	25	
	006178c0	172	
	00617970	147	
	00617a10	106	
	00617a80	55	
	00617ae0	728	
	00617dc0	228	
	00617eb0	46	
	00617ee0	620	
	00618150	416	
	006182f0	108	
	00618360	839	
	006186b0	109	
	00618720	926	
	00618ac0	119	
	00618b40	254	
	00618c40	204	
	00618d10	1006	
	00619100	1017	
	00619500	336	
	00619650	55	
	00619690	826	
	006199f0	391	
	00619b80	271	
	00619c90	267	
	00619d9b	5	
	00619da0	829	
	0061a0e0	25	
	0061a100	12	
	0061a110	59	
	0061a150	705	
	0061a420	68	
	0061a470	68	
	0061a4c0	68	
	0061a510	30	
	0061a530	68	
	0061a580	68	
	0061a5d0	53	
	0061a610	25	
	0061a630	12	
	0061a640	5	
	0061a650	11	
	0061a660	363	
	0061a7d0	541	
	0061a9f0	768	
	0061acf0	43	
	0061ad20	1545	
	0061b330	29	
	0061b350	369	
	0061b4d0	926	
	0061b880	137	
	0061b910	764	
	0061bc10	48	
	0061bc40	129	
	0061bcd0	3456	
	0061ca50	16	
	0061ca60	533	
	0061cc80	38	
	0061ccb0	1724	
	0061d370	774	
	0061d680	253	
	0061d780	428	
	0061d930	828	
	0061dc70	2462	
	0061e640	384	
	0061e7c0	272	
	0061e8d0	359	
	0061ea40	710	
	0061ed30	4810	
	006200b0	785	
	006203d0	60	
	00620410	228	
	00620500	193	
	006205d0	193	
	006206a0	193	
	00620770	79	
	006207c0	228	
	006208b0	14	
	006208c0	11	
	006208d0	11	
	006208e0	11	
	006208f0	154	
	0062098a	160	
	00620a30	161	
	00620ae0	154	
	00620b80	193	
	00620c50	193	
	00620d20	20	
	00620d40	20	
	00620d60	154	
	00620e00	260	
	00620f10	154	
	00620fb0	154	
	00621050	333	
	006211a0	154	
	0062123a	160	
	006212e0	154	
	00621380	154	
	00621420	1201	
	006218e0	448	
	00621aa0	195	
	00621b70	197	
	00621c40	336	
	00621db0	649	
	00622040	164	
	006220f0	77	
	00622140	570	
	00622380	19	
	006223a0	3	
	006223b0	52	
	006223f0	43	
	00622420	23	
	00622440	25	
	00622460	12	
	00622470	5	
	00622480	11	
	00622490	5	
	006224a0	19	
	006224c0	10	
	006224d0	10	
	006224e0	12	
	006224f0	31	
	00622510	381	
	00622690	299	
	006227c0	572	
	00622a00	83	
	00622a60	196	
	00622b30	221	
	00622c10	75	
	00622c5b	16	
	00622c70	136	
	00622d00	57	
	00622d40	23	
	00622d60	93	
	00622dc0	147	
	00622e60	121	
	00622ee0	54	
	00622f20	203	
	00622ff0	394	
	00623180	115	
	00623200	257	
	00623310	339	
	00623470	284	
	00623590	655	
	00623820	228	
	00623910	69	
	00623960	27	
	00623980	22	
	006239a0	29	
	006239c0	29	
	006239e0	1801	
	006240f0	107	
	00624160	1	
	00624180	99	
	006241f0	675	
	006244a0	1372	
	00624a00	327	
	00624b50	651	
	00624de0	11	
	00624df0	106	
	00624e60	104	
	00624ed0	78	
	00624f20	549	
	00625150	47	
	00625180	7	
	00625190	66	
	006251e0	135	
	00625270	62	
	006252b0	134	
	00625340	64	
	00625380	74	
	006253d0	79	
	00625420	413	
	006255c0	623	
	00625830	75	
	00625880	1192	
	00625d30	737	
	00626020	19	
	00626040	53	
	00626080	72	
	006260d0	32	
	006260f0	17	
	00626110	34	
	00626140	50	
	00626180	42	
	006261b0	42	
	006261e0	67	
	00626230	301	
	00626360	191	
	00626420	47	
	00626450	61	
	00626490	11	
	00626500	77	
	00626550	77	
	006265a0	77	
	006265f0	90	
	00626650	18	
	00626670	25	
	00626690	12	
	006266a0	5	
	006266b0	11	
	006266c0	5	
	006266d0	19	
	006266f0	134	
	00626780	1	
	00626790	488	
	00626980	25	
	006269a0	12	
	006269b0	5	
	006269c0	11	
	006269d0	5	
	006269e0	19	
	00626a00	32	
	00626a20	34	
	00626a50	17	
	00626a70	665	
	00626d90	97	
	00626e00	47	
	00626e30	31	
	00626e50	120	
	00626ed0	47	
	00626f00	40	
	00626f30	83	
	00626f90	47	
	00626fc0	128	
	00627040	94	
	006270a0	47	
	006270d0	729	
	006273b0	83	
	00627410	47	
	00627440	57	
	00627480	105	
	006274f0	47	
	00627520	179	
	006275e0	96	
	00627640	47	
	00627670	188	
	00627730	89	
	00627790	47	
	006277c0	333	
	00627910	107	
	00627980	47	
	006279b0	217	
	00627a90	110	
	00627b00	47	
	00627b30	444	
	00627cf0	42	
	00627d20	90	
	00627d80	47	
	00627db0	61	
	00627df0	237	
	00627ee0	47	
	00627f10	99	
	00627f80	129	
	00628010	47	
	00628040	73	
	00628090	450	
	00628260	25	
	00628280	12	
	00628290	5	
	006282a0	11	
	006282b0	5	
	006282c0	19	
	006282e0	10	
	006282f0	10	
	00628300	12	
	00628310	31	
	00628330	65	
	00628380	88	
	006283e0	78	
	00628430	29	
	00628450	1422	
	006289e0	10	
	006289f0	515	
	00628c00	481	
	00628df0	47	
	00628e20	1	
	00628e30	767	
	00629130	1502	
	00629740	28	
	00629760	36	
	006297b0	173	
	00629860	345	
	006299c0	389	
	00629b50	248	
	00629c50	1186	
	0062a100	219	
	0062a1db	60	
	0062a220	55	
	0062a260	91	
	0062a2c0	10	
	0062a2d0	10	
	0062a2e0	12	
	0062a2f0	31	
	0062a310	61	
	0062a350	26	
	0062a370	525	
	0062a580	168	
	0062a630	1092	
	0062aa80	17	
	0062aaa0	17	
	0062aac0	15	
	0062aad0	44	
	0062ab00	1	
	0062ab10	200	
	0062ac00	25	
	0062ac20	12	
	0062ac30	5	
	0062ac40	11	
	0062ac50	5	
	0062ac60	19	
	0062ac80	10	
	0062ac90	10	
	0062aca0	12	
	0062acb0	31	
	0062acd0	87	
	0062ad30	112	
	0062ada0	29	
	0062adc0	23	
	0062ade0	537	
	0062b030	453	
	0062b200	10	
	0062b210	246	
	0062b310	36	
	0062b340	1	
	0062b350	942	
	0062b700	256	
	0062b830	139	
	0062b8c0	25	
	0062b8e0	12	
	0062b8f0	5	
	0062b900	11	
	0062b910	5	
	0062b920	19	
	0062b940	5	
	0062b950	11	
	0062b960	5	
	0062b970	19	
	0062b990	516	
	0062bba0	903	
	0062bf30	47	
	0062bf60	407	
	0062c100	91	
	0062c160	47	
	0062c190	450	
	0062c360	193	
	0062c430	47	
	0062c460	151	
	0062c500	18	
	0062c520	46	
	0062c550	77	
	0062c5a0	18	
	0062c5c0	46	
	0062c5f0	77	
	0062c640	18	
	0062c660	25	
	0062c680	12	
	0062c690	5	
	0062c6a0	11	
	0062c6b0	5	
	0062c6c0	19	
	0062c6e0	5	
	0062c6f0	11	
	0062c700	342	
	0062c860	47	
	0062c890	557	
	0062cac0	169	
	0062cb70	47	
	0062cba0	488	
	0062cd90	25	
	0062cdb0	12	
	0062cdc0	5	
	0062cdd0	11	
	0062cde0	5	
	0062cdf0	19	
	0062ce10	5	
	0062ce20	11	
	0062ce30	5	
	0062ce40	19	
	0062ce60	10	
	0062ce70	13	
	0062ce80	12	
	0062ce90	21	
	0062ceb0	182	
	0062cf70	186	
	0062d030	392	
	0062d1c0	27	
	0062d1e0	11	
	0062d1eb	34	
	0062d210	998	
	0062d600	180	
	0062d6c0	30	
	0062d6e0	45	
	0062d710	46	
	0062d740	20	
	0062d760	99	
	0062d7d0	5	
	0062d7e0	21	
	0062d800	7	
	0062d810	7	
	0062d820	17	
	0062d840	17	
	0062d860	61	
	0062d8a0	77	
	0062d8f0	64	
	0062d930	77	
	0062d980	27	
	0062d9a0	20	
	0062d9c0	21	
	0062d9e0	114	
	0062da60	34	
	0062da90	19	
	0062dab0	11	
	0062dac0	10	
	0062dad0	11	
	0062dae0	25	
	0062db00	12	
	0062db10	5	
	0062db20	11	
	0062db30	5	
	0062db40	11	
	0062db50	5	
	0062db60	19	
	0062db80	76	
	0062dbd0	84	
	0062dc30	65	
	0062dc80	102	
	0062dcf0	657	
	0062df90	25	
	0062dfb0	12	
	0062dfc0	5	
	0062dfd0	11	
	0062dfe0	10	
	0062dff0	13	
	0062e000	12	
	0062e010	21	
	0062e030	10	
	0062e040	100	
	0062e0b0	12	
	0062e0c0	54	
	0062e100	17	
	0062e120	7	
	0062e130	12	
	0062e140	154	
	0062e1e0	19	
	0062e200	63	
	0062e240	34	
	0062e270	41	
	0062e2a0	577	
	0062e4f0	27	
	0062e510	35	
	0062e540	5	
	0062e550	11	
	0062e560	22	
	0062e580	55	
	0062e5c0	381	
	0062e740	1	
	0062e750	1	
	0062e760	106	
	0062e7d0	127	
	0062e850	18	
	0062e870	10	
	0062e880	10	
	0062e890	46	
	0062e8c0	150	
	0062e960	184	
	0062ea20	46	
	0062ea50	32	
	0062ea70	107	
	0062eae0	122	
	0062eb60	51	
	0062eba0	25	
	0062ebc0	12	
	0062ebd0	5	
	0062ebe0	11	
	0062ebf0	5	
	0062ec00	19	
	0062ec20	5	
	0062ec30	11	
	0062ec40	16	
	0062ec50	54	
	0062ec90	78	
	0062ece0	49	
	0062ed20	353	
	0062ee90	49	
	0062eed0	467	
	0062f0b0	301	
	0062f1e0	217	
	0062f2c0	112	
	0062f330	142	
	0062f3c0	111	
	0062f430	97	
	0062f4a0	47	
	0062f4d0	25	
	0062f4f0	12	
	0062f500	5	
	0062f510	11	
	0062f520	5	
	0062f530	19	
	0062f550	10	
	0062f560	10	
	0062f570	12	
	0062f580	31	
	0062f5a0	71	
	0062f5f0	90	
	0062f650	450	
	0062f820	10	
	0062f830	41	
	0062f860	39	
	0062f890	36	
	0062f8c0	1	
	0062f8d0	265	
	0062f9e0	144	
	0062fa70	25	
	0062fa90	12	
	0062faa0	5	
	0062fab0	11	
	0062fac0	5	
	0062fad0	19	
	0062faf0	5	
	0062fb00	11	
	0062fb10	5	
	0062fb20	19	
	0062fb40	70	
	0062fb90	47	
	0062fbc0	173	
	0062fc70	134	
	0062fd00	47	
	0062fd30	719	
	00630000	70	
	00630050	47	
	00630080	139	
	00630110	86	
	00630170	47	
	006301a0	197	
	00630270	73	
	006302c0	47	
	00630300	73	
	00630350	47	
	00630380	297	
	006304b0	25	
	006304d0	12	
	006304e0	5	
	006304f0	11	
	00630500	5	
	00630510	19	
	00630530	10	
	00630540	10	
	00630550	12	
	00630560	31	
	00630580	109	
	006305f0	26	
	00630610	468	
	006307f0	659	
	00630a90	10	
	00630aa0	693	
	00630d60	1	
	00630d80	67	
	00630dd0	467	
	00630fd0	125	
	00631050	18	
	00631070	11	
	00631080	5	
	00631090	5	
	006310a0	13	
	006310b0	58	
	006310f0	5	
	00631100	25	
	00631120	12	
	00631130	5	
	00631140	11	
	00631150	5	
	00631160	19	
	00631180	5	
	00631190	11	
	006311a0	193	
	00631270	47	
	006312a0	539	
	006314c0	70	
	00631510	47	
	00631540	36	
	00631570	25	
	00631590	12	
	006315a0	167	
	00631650	235	
	00631740	14	
	00631750	14	
	00631760	23	
	00631780	23	
	006317a0	5	
	006317b0	11	
	006317c0	376	
	00631940	307	
	00631a80	252	
	00631b80	542	
	00631da0	12	
	00631db0	158	
	00631e50	24	
	00631e70	680	
	00632120	125	
	006321a0	432	
	00632350	634	
	006325d0	69	
	00632620	67	
	00632670	3	
	00632680	22	
	006326a0	109	
	00632710	25	
	00632730	3	
	00632740	4	
	00632750	30	
	00632770	77	
	006327c0	77	
	00632810	25	
	00632830	12	
	00632840	5	
	00632850	11	
	00632860	28	
	00632880	5	
	00632890	78	
	006328e0	184	
	006329a0	133	
	00632a30	262	
	00632b40	92	
	00632ba0	157	
	00632c40	112	
	00632cb0	5	
	00632cc0	11	
	00632cd0	73	
	00632d20	47	
	00632d50	185	
	00632e10	570	
	00633050	47	
	00633080	465	
	00633260	63	
	006332a0	47	
	006332d0	64	
	00633310	18	
	00633330	25	
	00633350	12	
	00633360	5	
	00633370	11	
	00633380	5	
	00633390	19	
	006333b0	5	
	006333c0	11	
	006333d0	5	
	006333e0	19	
	00633400	114	
	00633480	62	
	006334c0	34	
	006334f0	28	
	00633510	88	
	00633570	156	
	00633610	3	
	00633620	135	
	006336b0	18	
	006336d0	507	
	006338d0	18	
	006338f0	144	
	00633980	169	
	00633a30	25	
	00633a50	12	
	00633a60	5	
	00633a70	19	
	00633a90	5	
	00633aa0	11	
	00633ab0	5	
	00633ac0	21	
	00633ae0	67	
	00633b30	45	
	00633b60	99	
	00633bd0	27	
	00633bf0	45	
	00633c20	116	
	00633ca0	164	
	00633d50	144	
	00633de0	11	
	00633df0	16	
	00633e00	50	
	00633e40	117	
	00633ec0	40	
	00633ef0	296	
	00634020	17	
	00634040	5	
	00634050	135	
	006340e0	328	
	00634230	194	
	00634300	82	
	00634360	15	
	00634370	42	
	006343a0	33	
	006343d0	25	
	006343f0	12	
	00634400	5	
	00634410	19	
	00634430	5	
	00634440	11	
	00634450	395	
	006345e0	88	
	00634640	257	
	00634750	44	
	00634780	5	
	00634790	39	
	006347c0	5	
	006347d0	11	
	006347e0	28	
	00634810	5	
	00634820	363	
	00634990	22	
	006349b0	51	
	006349f0	2065	
	00635210	125	
	00635290	413	
	00635430	20	
	00635450	22	
	00635470	12	
	00635480	33	
	006354b0	399	
	00635640	6	
	00635650	1695	
	00635cf0	78	
	00635d40	91	
	00635da0	1	
	00635db0	1	
	00635dc0	750	
	006360b0	102	
	00636120	196	
	006361f0	46	
	00636220	90	
	00636280	25	
	006362a0	12	
	006362b0	5	
	006362c0	19	
	006362e0	5	
	006362f0	11	
	00636300	5	
	00636310	19	
	00636330	10	
	00636340	39	
	00636370	12	
	00636380	51	
	006363c0	35	
	006363f0	10	
	00636400	23	
	00636420	12	
	00636430	31	
	00636450	71	
	006364a0	32	
	006364c0	34	
	006364f0	38	
	00636520	200	
	006365f0	68	
	00636640	37	
	00636670	38	
	006366a0	12	
	006366b0	139	
	00636740	96	
	006367a0	47	
	006367d0	87	
	00636830	158	
	006368d0	355	
	00636a40	68	
	00636a90	6	
	00636aa0	6	
	00636ab0	58	
	00636af0	38	
	00636b20	175	
	00636bd0	15	
	00636be0	226	
	00636cd0	88	
	00636d30	100	
	00636da0	80	
	00636df0	62	
	00636e30	60	
	00636e70	129	
	00636f00	1384	
	00637470	3	
	00637480	288	
	006375a0	183	
	00637660	8	
	00637670	20	
	00637690	7	
	006376a0	15	
	006376b0	118	
	00637730	115	
	006377b0	11	
	006377c0	3	
	006377d0	11	
	006377e0	3	
	006377f0	29	
	00637810	82	
	00637870	107	
	006378e0	21	
	00637900	39	
	00637930	65	
	00637980	663	
	00637c20	147	
	00637cc0	22	
	00637ce0	10	
	00637cf0	5	
	00637d00	113	
	00637d80	79	
	00637dd0	8	
	00637de0	24	
	00637e00	37	
	00637e30	39	
	00637e60	324	
	00637fb0	61	
	00637ff0	72	
	00638040	40	
	00638070	53	
	006380b0	7	
	006380c0	17	
	006380e0	16	
	006380f0	17	
	00638110	5	
	00638120	40	
	00638150	8	
	00638160	22	
	00638180	114	
	00638200	558	
	00638430	18	
	00638450	34	
	00638480	28	
	006384a0	17	
	006384c0	142	
	00638550	10	
	00638560	29	
	00638580	7	
	00638590	7	
	006385a0	7	
	006385b0	7	
	006385c0	7	
	006385d0	7	
	006385e0	326	
	00638730	3	
	00638740	77	
	00638790	875	
	00638b00	213	
	00638be0	5	
	00638bf0	6	
	00638c00	43	
	00638c30	7	
	00638c40	40	
	00638c70	52	
	00638cb0	31	
	00638cd0	28	
	00638cf0	7	
	00638d00	627	
	00638f80	640	
	00639200	83	
	00639260	69	
	006392b0	9	
	006392c0	198	
	00639390	16	
	006393a0	102	
	00639410	204	
	006394e0	58	
	00639520	37	
	00639550	100	
	006395c0	69	
	00639610	16	
	00639620	17	
	00639640	372	
	006397c0	148	
	00639860	152	
	00639900	61	
	00639940	18	
	00639960	98	
	006399d0	29	
	006399f0	7	
	00639a00	3	
	00639a10	22	
	00639a30	10	
	00639a40	17	
	00639a60	22	
	00639a80	3	
	00639a90	7	
	00639aa0	26	
	00639ac0	5	
	00639ad0	56	
	00639b10	8	
	00639b20	33	
	00639b50	3	
	00639b60	11	
	00639b70	10	
	00639b80	5	
	00639b90	795	
	00639eb0	362	
	0063a020	274	
	0063a140	74	
	0063a190	19	
	0063a1b0	109	
	0063a220	7	
	0063a230	992	
	0063a640	41	
	0063a670	38	
	0063a6a0	108	
	0063a710	108	
	0063a780	47	
	0063a7b0	3	
	0063a7c0	4	
	0063a7d0	43	
	0063a800	10	
	0063a810	197	
	0063a8e0	61	
	0063a920	6	
	0063a930	5	
	0063a940	385	
	0063aad0	7	
	0063aae0	5	
	0063aaf0	32	
	0063ab10	3	
	0063ab20	8	
	0063ab30	25	
	0063ab50	12	
	0063ab60	5	
	0063ab70	11	
	0063ab80	5	
	0063ab90	19	
	0063abb0	9	
	0063abc0	419	
	0063ad80	561	
	0063afc0	21	
	0063afe0	85	
	0063b040	26	
	0063b060	75	
	0063b0b0	230	
	0063b1a0	230	
	0063b290	148	
	0063b330	95	
	0063b390	547	
	0063b5c0	3	
	0063b5d0	167	
	0063b680	184	
	0063b740	151	
	0063b7e0	106	
	0063b850	25	
	0063b870	12	
	0063b880	5	
	0063b890	19	
	0063b8b0	5	
	0063b8c0	11	
	0063b8d0	99	
	0063b940	99	
	0063b9b0	284	
	0063bad0	194	
	0063bba0	25	
	0063bbc0	12	
	0063bbd0	5	
	0063bbe0	11	
	0063bbf0	5	
	0063bc00	19	
	0063bc20	10	
	0063bc30	13	
	0063bc40	12	
	0063bc50	21	
	0063bc70	10	
	0063bc80	13	
	0063bc90	12	
	0063bca0	21	
	0063bcc0	83	
	0063bd20	140	
	0063bdb0	107	
	0063be1b	53	
	0063be50	113	
	0063bed0	175	
	0063bf90	183	
	0063c050	214	
	0063c130	36	
	0063c160	83	
	0063c1c0	280	
	0063c2e0	53	
	0063c330	27	
	0063c350	25	
	0063c370	12	
	0063c380	5	
	0063c390	11	
	0063c3a0	5	
	0063c3b0	19	
	0063c3d0	28	
	0063c3f0	41	
	0063c420	6572	
	0063df70	54	
	0063dfb0	25	
	0063dfd0	12	
	0063dfe0	10	
	0063dff0	37	
	0063e020	15	
	0063e030	12	
	0063e040	48	
	0063e070	32	
	0063e090	62	
	0063e0d0	32	
	0063e0f0	177	
	0063e1b0	19	
	0063e1d0	108	
	0063e240	63	
	0063e280	239	
	0063e370	16	
	0063e380	23	
	0063e3a0	23	
	0063e3c0	20	
	0063e3e0	10	
	0063e3f0	23	
	0063e410	160	
	0063e4b0	144	
	0063e540	60	
	0063e580	61	
	0063e5c0	16	
	0063e5d0	241	
	0063e6d0	241	
	0063e7d0	25	
	0063e7f0	12	
	0063e800	10	
	0063e810	13	
	0063e820	12	
	0063e830	1	
	0063e840	10	
	0063e850	23	
	0063e870	18	
	0063e890	12	
	0063e8a0	31	
	0063e8c0	35	
	0063e8f0	88	
	0063e950	32	
	0063e970	11	
	0063e980	12	
	0063e990	6	
	0063e9a0	82	
	0063ea00	30	
	0063ea20	153	
	0063eac0	50	
	0063eb00	25	
	0063eb20	12	
	0063eb30	5	
	0063eb40	11	
	0063eb50	25	
	0063eb70	12	
	0063eb80	5	
	0063eb90	19	
	0063ebb0	5	
	0063ebc0	19	
	0063ebe0	5	
	0063ebf0	11	
	0063ec00	5	
	0063ec10	19	
	0063ec30	5	
	0063ec40	25	
	0063ec60	5	
	0063ec70	15	
	0063ec80	5	
	0063ec90	25	
	0063ecb0	5	
	0063ecc0	25	
	0063ece0	5	
	0063ecf0	15	
	0063ed00	5	
	0063ed10	42	
	0063ed40	203	
	0063ee10	144	
	0063eef0	5	
	0063ef00	18	
	0063ef20	1919	
	0063f710	288	
	0063f830	271	
	0063f940	1483	
	00640025	14	
	00640054	1433	
	006405f0	1459	
	00640bb0	249	
	00640cb0	3	
	00640cc0	652	
	00640fa0	60	
	00641010	52	
	00641050	35	
	00641080	1079	
	00641510	92	
	00641570	720	
	00641840	25	
	00641860	12	
	00641870	5	
	00641880	11	
	00641890	5	
	006418a0	19	
	006418c0	18	
	006418e0	1	
	006418f0	248	
	006419f0	21	
	00641a10	129	
	00641aa0	437	
	00641c60	870	123111312555355522255555252315151533131572555516161212115266516555616a53555535556252251556566556526562625a2626656766522565767255626266225575625662662155522531252656556252266266561327626262a2a2a56557656515121211
	00641fe0	5	
	00641ff0	1109	
	00642450	26	
	00642470	103	
	006424e0	68	
006424e0	00642526	10	
	00642610	215	
	006426f0	571	
	00642930	27	
	00642950	1057	
	00642d80	1662	
	00643400	7	
	00643410	10	
	00643420	226	
	00643510	20	
	00643530	25	
	00643550	12	
	00643560	5	
	00643570	19	
	00643590	10	
	006435a0	23	
	006435c0	7	
	006435d0	18	
	006435f0	12	
	00643600	31	
	00643620	35	
	00643650	10	
	00643660	37	
	00643690	18	
	006436b0	12	
	006436c0	48	
	006436f0	32	
	00643710	66	
	00643760	32	
	00643780	32	
	006437a0	4	
	006437b0	102	
	00643820	181	
	006438e0	3	
	006438f0	30	
	00643910	39	
	00643940	8	
	00643950	6	
	00643960	12	
	00643970	13	
	00643980	5	
	00643990	35	
	006439c0	41	
	006439f0	105	
	00643a60	111	
	00643ad0	60	
	00643b10	31	
	00643b30	153	
	00643bd0	62	
	00643c10	29	
	00643c30	214	
	00643d10	169	
	00643dc0	169	
	00643e70	169	
	00643f20	169	
	00643fd0	5	
	00643fe0	23	
	00644000	15	
	00644030	416	
	006441d0	35	
	00644200	12	
	00644210	25	
	00644230	12	
	00644240	5	
	00644250	11	
	00644260	5	
	00644270	19	
	00644290	5	
	006442a0	1	
	006442b0	123	
	00644330	91	
	00644390	11	
	006443a0	1113	
	00644800	1083	
	00644c40	291	
	00644d70	125	
	00644df0	267	
	00644f00	14	
	00644f10	14	
	00644f20	156	
	00644fc0	5393	
	006464f0	1110	
	00646950	41	
	00646979	7	
	00646980	77	
	006469d0	36	
	00646a00	855	
	00646d60	121	
	00646de0	511	
	00646fe0	1148	
	00647460	15	
	00647470	30	
	00647490	25	
	006474b0	12	
	006474c0	5	
	006474d0	19	
	006474f0	5	
	00647500	11	
	00647510	5	
	00647520	19	
	00647540	25	
	00647560	12	
	00647570	5	
	00647580	29	
	006475a0	141	
	00647630	63	
	00647670	175	
	00647720	156	
	006477c0	156	
	00647860	82	
	006478c0	82	
	00647920	41	
	00647950	43	
	0064797b	124	
	00647a00	658	
	00647ca0	499	
	00647ea0	5	
	00647eb0	768	
	006481b0	27	
	006481d0	29	
	00648200	11	
	0064820b	128	
	00648290	101	
	00648300	115	
	00648380	66	
	006483d0	473	
	006485b0	44	
	006485e0	137	
	00648670	117	
	006486f0	25	
	00648710	12	
	00648720	5	
	00648730	19	
	00648750	5	
	00648760	19	
	00648780	145	
	00648820	182	
	006488e0	15	
	006488f0	20	
	00648910	24	
	00648930	1	
	00648940	7	
	00648950	64	
	00648990	350	
	00648af0	338	
	00648c50	59	
	00648c90	25	
	00648cb0	12	
	00648cc0	5	
	00648cd0	11	
	00648ce0	5	
	00648cf0	19	
	00648d10	5	
	00648d20	23	
	00648d40	10	
	00648d50	23	
	00648d70	12	
	00648d80	31	
	00648da0	200	
	00648e70	3	
	00648e80	3	
	00648e90	6	
	00648ea0	6	
	00648eb0	35	
	00648ee0	461	
	006490b0	24	
	006490d0	59	
	00649110	117	
	00649190	277	
	006492b0	129	
	00649340	416	
	006494e0	813	
	00649810	526	
	00649a20	3207	
	0064a6b0	30	
	0064a6d0	48	
	0064a700	22	
	0064a720	107	
	0064a790	9	
	0064a7a0	326	
	0064a8f0	206	
	0064a9c0	33	
	0064a9f0	54	
	0064aa30	38	
	0064aa60	23	
	0064aa80	50	
	0064aac0	84	
	0064ab20	18	
	0064ab40	76	
	0064ab90	105	
	0064ac00	40	
	0064ac30	135	
	0064acc0	55	
	0064ad00	410	
	0064aea0	62	
	0064aee0	55	
	0064af20	55	
	0064af60	21	
	0064af80	43	
	0064afb0	730	
	0064b290	403	
	0064b430	179	
	0064b4f0	18	
	0064b510	38	
	0064b540	39	
	0064b570	32	
	0064b590	29	
	0064b5b0	47	
	0064b5e0	109	
	0064b650	26	
	0064b670	7	
	0064b680	114	
	0064b700	95	
	0064b760	17	
	0064b780	17	
	0064b7a0	17	
	0064b7c0	169	
	0064b870	20	
	0064b890	111	
	0064b900	33	
	0064b930	33	
	0064b960	33	
	0064b990	33	
	0064b9c0	33	
	0064b9f0	33	
	0064ba20	74	
	0064ba70	56	
	0064bab0	88	
	0064bb10	118	
	0064bb90	81	
	0064bbf0	109	
	0064bc60	95	
	0064bcc0	138	
	0064bd50	57	
	0064bd90	29	
	0064bdb0	47	
	0064bde0	96	
	0064be40	118	
	0064bec0	113	
	0064bf40	162	
	0064bff0	146	
	0064c090	73	
	0064c0e0	85	
	0064c140	47	
	0064c170	40	
	0064c1a0	47	
	0064c1d0	36	
	0064c200	18	
	0064c220	38	
	0064c250	15	
	0064c260	16	
	0064c270	141	
	0064c300	94	
	0064c360	55	
	0064c3a0	13	
	0064c3b0	76	
	0064c400	37	
	0064c430	52	
	0064c470	71	
	0064c4c0	1017	
	0064c8c0	976	
	0064cc90	94	
	0064ccf0	1	
	0064cd00	51	
	0064cd40	110	
	0064cdb0	748	
	0064d0a0	52	
	0064d0e0	7	
	0064d0f0	1	
	0064d120	11	
	0064d12b	44	
	0064d160	246	
	0064d260	26	
	0064d280	77	
	0064d2d0	143	
	0064d360	458	
	0064d530	70	
	0064d580	74	
	0064d5d0	57	
	0064d610	46	
	0064d640	49	
	0064d680	23	
	0064d6a0	7	
	0064d6b0	151	
	0064d750	52	
	0064d790	85	
	0064d800	22	
	0064d820	21	
	0064d840	265	
	0064d950	96	
	0064d9b0	81	
	0064da10	109	
	0064da80	109	
	0064daf0	73	
	0064db40	34	
	0064db70	1025	
	0064df80	67	
	0064dfd0	138	
	0064e060	68	
	0064e0b0	166	
	0064e160	151	
	0064e200	151	
	0064e2a0	170	
	0064e350	68	
	0064e3a0	160	
	0064e440	186	
	0064e500	186	
	0064e5c0	164	
	0064e670	25	
	0064e690	12	
	0064e6a0	5	
	0064e6b0	19	
	0064e6d0	5	
	0064e6e0	11	
	0064e6f0	5	
	0064e700	31	
	0064e720	5	
	0064e730	6291	
	0064ffd0	233	
	006500c0	63	
	00650100	102	
	00650170	220	
	00650250	28	
	00650270	5	
	00650280	118	
	00650300	103	
	00650370	707	
	00650640	150	
	006506e0	229	
	006507d0	106	
	00650840	12	
	00650850	139	
	006508e0	16	
	006508f0	85	
	00650950	279	
	00650a70	106	
	00650ae0	55	
	00650b20	63	
	00650b60	211	
	00650c40	101	
	00650cb0	178	
	00650d70	114	
	00650df0	172	
	00650ea0	230	
	00650f90	290	
	006510c0	41	
	006510f0	41	
	00651120	57	
	00651160	74	
	006511b0	41	
	006511e0	41	
	00651210	41	
	00651240	9	
	00651250	48	
	00651280	19	
	006512a0	37	
	006512d0	35	
	00651300	19	
	00651320	19	
	00651340	19	
	00651360	158	
	00651400	18	
	00651420	122	
	006514a0	122	
	00651520	122	
	006515a0	122	
	00651620	257	
	00651740	731	
	00651a20	753	
	00651d20	94	
	00651d80	237	
	00651e70	272	
	00651f80	443	
	00652140	435	
	00652300	206	
	00652450	90	
	006524b0	18	
	006524d0	25	
	006524f0	12	
	00652500	5	
	00652510	19	
	00652530	5	
	00652540	11	
	00652550	5	
	00652560	31	
	00652580	5	
	00652590	19	
	006525b0	111	
	00652620	274	
	00652740	5	
	00652750	59	
	00652790	323	
	006528e0	422	
	00652a90	320	
	00652bd0	5	
	00652be0	89	
	00652c40	84	
	00652ca0	111	
	00652d10	367	
	00652e80	5	
	00652e90	154	
	00652f30	537	
	00653150	75	
	006531a0	5	
	006531b0	59	
	006531f0	491	
	006533e0	5	
	006533f0	111	
	00653460	486	
	00653650	5	
	00653660	5	
	00653670	397	
	00653800	5	
	00653810	5	
	00653820	145	
	006538c0	5	
	006538d0	106	
	00653940	17	
	00653960	5	
	00653970	402	
	00653b10	5	
	00653b20	5	
	00653b30	163	
	00653bf0	207	
	00653cc0	279	
	00653de0	138	
	00653e70	478	
	00654050	5	
	00654060	159	
	00654100	64	
	00654140	5	
	00654150	159	
	006541f0	64	
	00654230	103	
	006542a0	432	
	00654450	74	
	006544a0	67	
	006544f0	370	
	00654670	17	
	00654690	359	
	00654800	5	
	00654810	227	
	00654900	5	
	00654910	5	
	00654920	133	
	006549b0	5	
	006549c0	5	
	006549d0	160	
	00654a70	216	
	00654b50	144	
	00654be0	87	
	00654c40	17	
	00654c60	5	
	00654c70	143	
	00654d00	5	
	00654d10	287	
	00654e30	109	
	00654ea0	5	
	00654eb0	194	
	00654f80	5	
	00654f90	12	
	00654fa0	326	
	006550f0	90	
	00655150	15	
	00655160	15	
	00655170	447	
	00655330	312	
	00655470	90	
	006554d0	289	
	00655600	195	
	006556d0	9	
	006556e0	102	
	00655750	154	
	006557f0	13	
	00655800	129	
	00655890	160	
	00655930	9	
	00655940	9	
	00655950	42	
	00655980	9	
	00655990	9	
	006559a0	46	
	006559d0	25	
	006559f0	12	
	00655a00	5	
	00655a10	19	
	00655a30	5	
	00655a40	11	
	00655a50	54	
	00655a90	5	
	00655aa0	197	
	00655b70	20	
	00655b90	132	
	00655c20	118	
	00655cb0	16	
	00655cc0	15	
	00655cd0	17	
	00655cf0	27	
	00655d10	221	
	00655df0	185	
	00655eb0	163	
	00655f60	104	
	00655fd0	54	
	00656010	38	
	00656040	60	
	00656080	77	
	006560d0	71	
	00656120	71	
	00656170	161	
	00656220	121	
	006562a0	4	
	006562b0	19	
	006562d0	26	
	006562f0	56	
	00656361	94	
	006563bf	11	
	006563d0	15	
	006563e0	28	
	00656400	162	
	006564b0	162	
	00656560	27	
	00656580	179	
	00656640	215	
	00656720	215	
	00656800	27	
	00656820	63	
	00656860	27	
	00656880	164	
	00656930	23	
	00656950	44	
	00656980	105	
	006569f0	42	
	00656a20	8	
	00656a30	110	
	00656aa0	133	
	00656b30	76	
	00656b80	106	
	00656bf0	106	
	00656c61	215	
	00656d40	278	
	00656e60	178	
	00656f20	311	
	00657060	593	
	006572c0	252	
	006573c0	1	
	006573d0	1	
	006573e0	58	
	00657420	539	
	00657640	856	
	006579a0	815	
	00657cd0	94	
	00657d30	85	
	00657d90	404	
	00657f30	30	
	00657f50	60	
	00657f90	57	
	00657fd0	12	
	00657fe0	35	
	00658010	11	
	00658020	11	
	0065802b	20	
	00658040	208	
	00658110	168	
	006581c0	3	
	006581d0	95	
	00658230	21	
	00658250	62	
	00658290	314	
	006583d0	28	
	006583f0	22	
	00658410	121	
	00658490	121	
	00658510	122	
	00658590	122	
	00658610	28	
	00658630	206	
	00658700	13	
	00658710	92	
	00658770	60	
	006587b0	6	
	006587c0	8	
	006587d0	95	
	00658830	95	
	00658890	22	
	006588b0	22	
	006588d0	17	
	006588f0	256	
	006589f0	166	
	00658aa0	134	
	00658b30	62	
	00658b70	77	
	00658bc0	315	
	00658d00	77	
	00658d50	77	
	00658da0	66	
	00658df0	66	
	00658e40	90	
	00658ea0	90	
	00658f00	76	
	00658f50	22	
	00658f70	25	
	00658f90	12	
	00658fa0	5	
	00658fb0	19	
	00658fd0	5	
	00658fe0	11	
	00658feb	17	
	00659000	58	
	00659040	43	
	00659070	43	
	006590a0	43	
	006590d0	43	
	00659100	49	
	00659140	49	
	00659180	57	
	006591c0	134	
	00659250	134	
	006592e0	134	
	00659370	60	
	006593b0	54	
	006593f0	60	
	00659430	76	
	00659480	52	
	006594c0	115	
	00659540	75	
	00659590	64	
	006595d0	9	
	006595e0	13	
	006595f0	135	
	00659680	13	
	00659690	101	
	00659700	255	
	00659800	40	
	00659830	266	
	00659940	22	
	00659960	67	
	006599b0	40	
	006599e0	17	
	00659a00	208	
	00659ad0	438	
	00659c90	451	
	00659e60	438	
	0065a020	415	
	0065a1c0	418	
	0065a370	254	
	0065a470	254	
	0065a570	346	
	0065a6d0	279	
	0065a7f0	271	
	0065a900	279	
	0065aa20	785	
	0065ad40	191	
	0065ae00	191	
	0065aec0	421	
	0065b070	545	
	0065b2a0	5	
	0065b2b0	200	
	0065b380	289	
	0065b4b0	522	
	0065b6d0	254	
	0065b7d0	176	
	0065b8d0	314	
	0065ba40	622	
	0065bcb0	40	
	0065bce0	260	
	0065bdf0	151	
	0065be90	552	
	0065c0c0	679	
	0065c370	617	
	0065c5e0	459	
	0065c7b0	69	
	0065c800	342	
	0065c960	175	
	0065ca10	565	
	0065cc50	272	
	0065cd60	484	
	0065cf50	369	
	0065d0d0	229	
	0065d1c0	22	
	0065d1e0	209	
	0065d2c0	26	
	0065d2e0	36	
	0065d310	25	
	0065d330	12	
	0065d340	25	
	0065d360	12	
	0065d370	5	
	0065d380	19	
	0065d3a0	5	
	0065d3b0	11	
	0065d3c0	166	
	0065d470	217	
	0065d550	84	
	0065d5b0	37	
	0065d5e0	204	
	0065d6b0	103	
	0065d720	104	
	0065d790	94	
	0065d7f0	94	
	0065d850	9	
	0065d860	83	
	0065d8c0	9	
	0065d8d0	83	
	0065d930	83	
	0065d990	173	
	0065da40	113	
	0065dac0	13	
	0065dad0	198	
	0065dba0	25	
	0065dbc0	12	
	0065dbd0	5	
	0065dbe0	1186	
	0065e090	5	
	0065e0a0	3734	
	0065ef40	5	
	0065ef50	10185	
	00661720	5	
	00661730	9202	
	00663b30	25	
	00663b50	12	
	00663b60	5	
	00663b70	11	
	00663b80	5	
	00663b90	19	
	00663bb0	33	
	00663be0	208	
	00663cb0	55	
	00663cf0	70	
	00663d40	91	
	00663da0	242	
	00663ea0	186	
	00663f60	157	
	00664000	61	
	00664040	60	
	00664080	18	
	006640a0	177	
	00664160	104	
	006641d0	104	
	00664240	100	
	006642b0	100	
	00664320	90	
	00664380	11	
	00664390	62	
	006643d0	76	
	00664420	76	
	00664470	13	
	00664480	65	
	006644d0	86	
	00664530	293	
	00664660	289	
	00664790	288	
	006648b0	25	
	006648d0	12	
	006648e0	5	
	006648f0	19	
	00664910	317	
	00664a50	168	
	00664b00	26	
	00664b20	30	
	00664b40	9	
	00664b50	199	
	00664c20	101	
	00664c90	148	
	00664d30	25	
	00664d50	9	
	00664d60	9	
	00664d70	9	
	00664da0	103	
	00664e10	13	
	00664e20	247	
	00664f20	25	
	00664f40	12	
	00664f50	5	
	00664f60	19	
	00664f80	5	
	00664f90	11	
	00664fa0	139	
	00665030	9	
	00665040	448	
	00665200	131	
	00665290	396	
	00665420	57	
	00665460	71	
	006654b0	72	
	00665500	347	
	00665660	523	
	00665870	5	
	00665880	255	
	00665980	25	
	006659a0	12	
	006659b0	5	
	006659c0	19	
	006659e0	5	
	006659f0	11	
	00665a00	347	
	00665b60	42	
	00665b90	106	
	00665c00	106	
	00665c70	117	
	00665cf0	80	
	00665d40	132	
	00665dd0	316	
	00665f10	174	
	00665fc0	1032	
	00666410	989	
	00666820	41	
	00666850	149	
	006668f0	223	
	006669d0	169	
	00666a80	25	
	00666aa0	12	
	00666ab0	5	
	00666ac0	19	
	00666ae0	356	
	00666c50	150	
	00666cf0	435	
	00666eb0	109	
	00666f20	261	
	00667030	232	
	00667120	15	
	00667130	15	
	00667140	403	
	006672e0	127	
	00667360	214	
	00667440	20	
	00667460	256	
	00667560	449	
	00667730	396	
	006678c0	213	
	006679a0	370	
	00667b20	129	
	00667bb0	213	
	00667c90	397	
	00667e20	411	
	00667fc0	304	
	006680f0	282	
	00668210	434	
	006683d0	175	
	00668480	144	
	00668510	305	
	00668650	315	
	00668790	355	
	00668900	180	
	006689c0	143	
	00668a50	217	
	00668b30	245	
	00668c30	220	
	00668d10	93	
	00668d70	149	
	00668e10	13	
	00668e20	601	
	00669080	201	
	00669150	86	
	006691b0	72	
	00669200	109	
	00669270	153	
	00669310	63	
	00669350	166	
	00669400	101	
	00669470	208	
	00669540	59	
	00669580	495	
	00669790	664	
	00669a30	284	
	00669b50	170	
	00669c00	402	
	00669da0	228	
	00669e90	243	
	00669f90	22	
	00669fb0	283	
	0066a0d0	334	
	0066a220	396	
	0066a3b0	111	
	0066a420	9	
	0066a430	440	
	0066a5f0	512	
	0066a7f0	173	
	0066a8a0	216	
	0066a980	541	
	0066aba0	191	
	0066ac60	179	
	0066ad20	75	
	0066ad70	227	
	0066ae60	122	
	0066aee0	122	
	0066af60	485	
	0066b150	310	
	0066b290	250	
	0066b390	221	
	0066b470	178	
	0066b530	25	
	0066b550	12	
	0066b560	5	
	0066b570	11	
	0066b57b	93	
	0066b5e0	34	
	0066b610	5	
	0066b620	3	
	0066b630	189	
	0066b6f0	25	
	0066b710	12	
	0066b720	5	
	0066b730	11	
	0066b740	5	
	0066b750	19	
	0066b770	5	
	0066b780	27	
	0066b7a0	347	
	0066b900	21	
	0066b920	160	
	0066b9c0	50	
	0066ba00	103	
	0066ba70	39	
	0066baa0	39	
	0066bad0	503	
	0066bcd0	571	
	0066bf10	13	
	0066bf20	139	
	0066bfb0	21	
	0066bfd0	25	
	0066bff0	12	
	0066c000	25	
	0066c020	12	
	0066c030	5	
	0066c040	11	
	0066c050	5	
	0066c060	19	
	0066c080	5	
	0066c090	19	
	0066c0b0	24	
	0066c0d0	271	
	0066c1e0	25	
	0066c200	12	
	0066c210	5	
	0066c220	11	
	0066c230	5	
	0066c240	19	
	0066c260	5	
	0066c270	19	
	0066c290	10	
	0066c2a0	37	
	0066c2d0	18	
	0066c2f0	12	
	0066c300	48	
	0066c330	32	
	0066c350	136	
	0066c3e0	4	
	0066c3f0	32	
	0066c410	145	
	0066c4b0	266	
	0066c5e0	35	
	0066c610	35	
	0066c640	53	
	0066c680	35	
	0066c6b0	19	
	0066c6d0	219	
	0066c7ab	29	
	0066c7d0	51	
	0066c810	75	
	0066c85b	45	
	0066c890	141	
	0066c920	165	
	0066c9d0	28	
	0066c9f0	66	
	0066ca40	88	
	0066caa0	38	
	0066cad0	3	
	0066cae0	25	
	0066cb00	12	
	0066cb10	5	
	0066cb20	19	
	0066cb40	5	
	0066cb50	11	
	0066cb60	5	
	0066cb70	23	
	0066cb90	10	
	0066cba0	39	
	0066cbd0	18	
	0066cbf0	12	
	0066cc00	51	
	0066cc40	35	
	0066cc70	82	
	0066cce0	7	
	0066ccf0	7	
	0066cd00	47	
	0066cd30	166	
	0066cde0	124	
	0066ce60	83	
	0066cec0	9	
	0066ced0	25	
	0066cef0	30	
	0066cf10	491	
	0066d100	11	
	0066d110	24	
	0066d130	97	
	0066d1a0	229	
	0066d290	26	
	0066d2b0	113	
	0066d330	82	
	0066d390	52	
	0066d3d0	20	
	0066d3f0	26	
	0066d410	102	
	0066d480	26	
	0066d4a0	72	
	0066d4f0	90	
	0066d550	252	
	0066d650	13	
	0066d660	59	
	0066d6a0	26	
	0066d6c0	5	
	0066d6d0	55	
	0066d710	24	
	0066d730	230	
	0066d820	230	
	0066d910	80	
	0066d960	24	
	0066d980	40	
	0066d9b0	75	
	0066da00	35	
	0066da30	87	
	0066da90	118	
	0066db10	118	
	0066db90	50	
	0066dbd0	179	
	0066dc90	151	
	0066dd30	23	
	0066dd50	117	
	0066ddd0	151	
	0066de70	133	
	0066df00	204	
	0066dfd0	13	
	0066dfe0	62	
	0066e020	6	
	0066e030	6	
	0066e040	35	
	0066e070	112	
	0066e0e0	11	
	0066e0f0	11	
	0066e100	146	
	0066e1a0	28	
	0066e1c0	40	
	0066e1f0	44	
	0066e220	114	
	0066e2a0	40	
	0066e2d0	40	
	0066e300	113	
	0066e380	6	
	0066e390	31	
	0066e3b0	3	
	0066e3c0	5	
	0066e3d0	45	
	0066e400	230	
	0066e4f0	48	
	0066e520	496	
	0066e710	287	
	0066e830	8	
	0066e840	6	
	0066e850	157	
	0066e8f0	10	
	0066e900	605	
	0066eb60	199	
	0066ec30	6	
	0066ec40	6	
	0066ec50	3	
	0066ec60	6	
	0066ec70	62	
	0066ecb0	35	
	0066ece0	85	
	0066ed40	32	
	0066ed60	3	
	0066ed70	159	
	0066ee10	240	
	0066ef00	82	
	0066ef60	22	
	0066ef80	323	
	0066f0d0	175	
	0066f180	30	
	0066f1a0	11	
	0066f1b0	124	
	0066f230	50	
	0066f270	687	
	0066f520	7	
	0066f530	6	
	0066f540	18	
	0066f560	5	
	0066f570	35	
	0066f5a0	49	
	0066f5e0	49	
	0066f620	98	
	0066f690	98	
	0066f700	25	
	0066f720	12	
	0066f730	85	
	0066f790	101	
	0066f800	26	
	0066f820	30	
	0066f840	65	
	0066f890	1045	
	0066fcb0	198	
	0066fd80	242	
	0066fe80	1834	
	006705b0	30	
	006705d0	25	
	006705f0	12	
	00670600	5	
	00670610	19	
	00670630	10	
	00670640	23	
	00670660	7	
	00670670	18	
	00670690	12	
	006706a0	31	
	006706c0	35	
	006706f0	10	
	00670700	23	
	00670720	18	
	00670740	12	
	00670750	31	
	00670770	35	
	006707a0	69	
	006707f0	8	
	00670800	35	
	00670830	3	
	00670870	11	
	0067087b	39	
	006708b0	6	
	006708c0	3	
	006708e0	3	
	00670900	50	
	00670940	6	
	00670950	8	
	00670960	32	
	00670980	3	
	006709a0	3	
	006709b0	3	
	006709d0	6	
	006709e0	3	
	006709f0	1	
	00670a10	5	
	00670a20	25	
	00670a40	12	
	00670a50	5	
	00670a60	31	
	00670a80	5	
	00670a90	19	
	00670ab0	5	
	00670ac0	23	
	00670ae0	3	
	00670af0	3	
	00670b00	3	
	00670b10	74	
	00670b60	82	
	00670bc0	102	
	00670c30	180	
	00670cf0	181	
	00670db0	118	
	00670e30	197	
	00670f00	207	
	00670fd0	83	
	00671030	29	
	00671050	40	
	00671080	29	
	006710a0	16	
	006710b0	7	
	006710c0	4	
	006710d0	4	
	006710e0	33	
	00671110	154	
	006711b0	28	
	006711d0	101	
	00671240	29	
	00671260	159	
	00671300	26	
	00671320	26	
	00671340	218	
	00671420	175	
	006714d0	26	
	006714f0	256	
	006715f0	144	
	00671690	26	
	006716b0	18	
	006716d0	101	
	00671740	175	
	006717f0	168	
	006718a0	18	
	006718c0	26	
	006718e0	101	
	00671950	26	
	00671970	101	
	006719e0	175	
	00671a90	18	
	00671ab0	26	
	00671ad0	101	
	00671b40	175	
	00671bf0	18	
	00671c10	26	
	00671c30	155	
	00671cd0	175	
	00671d80	18	
	00671da0	856	
	00672100	175	
	006721b0	87	
	00672210	59	
	00672250	73	
	006722a0	1	
	006722b0	1	
	006722c0	10	
	006722d0	13	
	006722e0	12	
	006722f0	21	
	00672310	158	
	006723b0	96	
	00672410	3	
	00672420	129	
	006724b0	30	
	006724d0	170	
	00672580	6	
	00672590	3	
	006725a0	14	
	006725b0	18	
	006725d0	28	
	006725f0	32	
	00672610	15	
	00672620	295	
	00672750	27	
	0067276b	5	
	00672770	20	
	00672790	32	
	006727b0	57	
	006727f0	107	
	00672860	303	
	00672990	7	
	006729a0	3	
	006729b0	13	
	006729c0	26	
	006729e0	15	
	006729f0	123	
	00672a70	5	
	00672a80	31	
	00672aa0	1	
	00672ab0	53	
	00672af0	24	
	00672b10	43	
	00672b40	14	
	00672b50	184	
	00672c10	113	
	00672c90	6	
	00672ca0	6	
	00672cb0	35	
	00672ce0	119	
	00672d60	45	
	00672d90	5	
	00672da0	96	
	00672e00	4	
	00672e10	26	
	00672e30	130	
	00672ec0	208	
	00672f90	45	
	00672fc0	40	
	00672ff0	84	
	00673050	18	
	00673070	148	
	00673110	106	
	00673180	40	
	006731b0	49	
	006731f0	49	
	00673230	48	
	00673260	46	
	00673290	106	
	00673300	52	
	00673340	380	
	006734c0	52	
	00673500	5	
	00673510	23	
	00673540	28	
	00673560	25	
	00673580	25	
	006735a0	25	
	006735c0	4	
	006735d0	44	
	00673600	26	
	00673620	26	
	00673640	4	
	00673650	9	
	00673660	37	
	00673690	23	
	006736b0	78	
	00673700	29	
	00673720	25	
	00673740	12	
	00673750	5	
	00673760	31	
	00673780	5	
	00673790	19	
	006737b0	5	
	006737c0	23	
	006737e0	1	
	006737f0	61	
	00673830	405	
	006739d0	6	
	006739e0	6	
	006739f0	35	
	00673a20	196	
	00673af0	37	
	00673b20	68	
	00673b70	58	
	00673bb0	28	
	00673bd0	34	
	00673c00	109	
	00673c70	38	
	00673ca0	30	
	00673cc0	27	
	00673ce0	26	
	00673d00	23	
	00673d20	23	
	00673d40	23	
	00673d60	23	
	00673d80	43	
	00673db0	129	
	00673e40	27	
	00673e60	57	
	00673ea0	570	
	006740e0	22	
	00674100	19	
	00674120	34	
	00674150	173	
	00674200	341	
	00674360	59	
	006743a0	59	
	006743e0	51	
	00674420	129	
	006744b0	80	
	00674500	67	
	00674550	26	
	00674570	49	
	006745b0	26	
	006745d0	497	
	006747e0	62	
	00674820	1	
	00674830	51	
	00674870	6	
	00674880	6	
	00674890	32	
	006748b0	181	
	00674970	44	
	006749a0	143	
	00674a30	118	
	00674ab0	55	
	00674af0	21	
	00674b10	105	
	00674b80	48	
	00674bb0	17	
	00674bd0	46	
	00674c00	83	
	00674c60	362	
	00674dd0	27	
	00674deb	5	
	00674df0	86	
	00674e50	84	
	00674eb0	27	
	00674ed0	21	
	00674ef0	53	
	00674f30	69	
	00674f80	130	
	00675010	113	
	00675090	69	
	006750e0	188	
	006751a0	33	
	006751d0	241	
	006752d0	84	
	00675330	215	
	00675410	333	
	00675560	25	
	00675580	12	
	00675590	5	
	006755a0	11	
	006755b0	14	
	006755d0	19	
	00675600	10	
	00675610	10	
00675610	00675660	101	
	00675620	12	
	00675630	48	
	006756d0	517	
	006758e0	82	
	00675940	118	
	006759c0	19	
	006759e0	13	
	006759f0	13	
	00675a00	5	
	00675a10	31	
	00675a30	6	
	00675a40	51	
	00675a80	7	
	00675a90	7	
	00675aa0	36	
	00675ad0	61	
	00675b10	109	
	00675b80	3	
	00675b90	25	
	00675bb0	12	
	00675bc0	5	
	00675bd0	19	
	00675bf0	5	
	00675c00	31	
	00675c20	5	
	00675c30	23	
	00675c50	102	
	00675cc0	50	
	00675d00	990	
	006760e0	885	
	00676460	129	
	006764f0	50	
	00676530	657	
	006767d0	18	
	006767f0	349	
	00676950	35	
	00676980	1889	
	006770f0	23	
	00677110	27	
	00677130	35	
	00677160	54	
	006771a0	16	
	006771b0	16	
	006771c0	44	
	006771f0	416	
	00677390	112	
	00677400	33	
	00677430	33	
	00677460	25	
	00677480	12	
	00677490	2219	
	00677d40	23	
	00677d60	37	
	00677d90	21	
	00677db0	15	
	00677dc0	5	
	00677dd0	31	
	00677df0	5	
	00677e00	19	
	00677e20	5	
	00677e30	11	
	00677e40	5	
	00677e50	23	
	00677e70	146	
	00677f10	50	
	00677f50	50	
	00677f90	521	
	006781a0	1126	
	00678610	1082	
	00678a50	758	
	00678d50	2488	
	00679710	25	
	00679730	12	
	00679740	5	
	00679750	31	
	00679770	5	
	00679780	19	
	006797a0	5	
	006797b0	23	
	006797d0	108	
	00679840	28	
	00679860	72	
	006798b0	101	
	00679920	782	
	00679c30	195	
	00679d00	10	
	00679d10	28	
	00679d30	12	
	00679d40	31	
	00679d60	10	
	00679d70	28	
	00679d90	12	
	00679da0	29	
	00679dc0	10	
	00679dd0	28	
	00679df0	12	
	00679e00	31	
	00679e20	10	
	00679e30	28	
	00679e50	12	
	00679e60	29	
	00679e80	154	
	00679f20	58	
	00679f60	110	
	00679fd0	1232	
	0067a4a0	142	
	0067a530	315	
	0067a670	609	
	0067a8e0	332	
	0067aa30	60	
	0067aa70	935	
	0067ae20	93	
	0067ae80	620	
	0067b0f0	122	
	0067b170	176	
	0067b220	334	
	0067b370	12	
	0067b380	109	
	0067b3f0	3165	
	0067c050	31	
	0067c070	31	
	0067c090	13	
	0067c0a0	28	
	0067c0c0	29	
	0067c0e0	29	
	0067c100	71	
	0067c150	2607	
	0067cb80	29	
	0067cba0	258	
	0067ccb0	1060	
	0067d0e0	154	
	0067d180	39	
	0067d1b0	131	
	0067d240	31	
	0067d260	151	
	0067d300	31	
	0067d320	114	
	0067d3a0	33	
	0067d3d0	29	
	0067d3f0	25	
	0067d410	12	
	0067d420	3	
	0067d430	107	
	0067d4a0	5	
	0067d4b0	31	
	0067d4d0	10	
	0067d4e0	10	
	0067d4f0	12	
	0067d500	10	
	0067d510	10	
	0067d520	10	
	0067d530	12	
	0067d540	10	
	0067d550	5	
	0067d560	11	
	0067d570	5	
	0067d580	23	
	0067d5a0	5	
	0067d5b0	19	
	0067d5d0	3	
	0067d610	1	
	0067d620	1	
	0067d630	1	
	0067d640	6	
	0067d650	25	
	0067d670	12	
	0067d680	5	
	0067d690	31	
	0067d6b0	5	
	0067d6c0	23	
	0067d6e0	270	
	0067d7f0	30	
	0067d810	30	
	0067d830	15	
	0067d840	36	
	0067d870	59	
	0067d8b0	36	
	0067d8e0	156	
	0067d980	49	
	0067d9c0	50	
	0067da00	80	
	0067da50	93	
	0067dab0	60	
	0067daf0	45	
	0067db20	48	
	0067db50	18	
	0067db70	18	
	0067db90	5	
	0067dba0	155	
	0067dc40	37	
	0067dc70	7	
	0067dc80	29	
	0067dca0	290	
	0067ddd0	99	
	0067de40	25	
	0067de60	12	
	0067de70	5	
	0067de80	31	
	0067dea0	5	
	0067deb0	19	
	0067ded0	5	
	0067dee0	23	
	0067df00	203	
	0067dfd0	192	
	0067e090	101	
	0067e100	50	
	0067e140	79	
	0067e190	6	
	0067e1a0	6	
	0067e1b0	68	
	0067e200	1694	
	0067e8a0	23	
	0067e8c0	52	
	0067e900	986	
	0067ece0	675	
	0067ef90	3873	
	0067fec0	25	
	0067fee0	26	
	0067ff00	26	
	0067ff20	111	
	0067ff90	29	
	0067ffb0	147	
	00680043	1451	
	006805f0	152	
	00680690	10	
	006806a0	28	
	006806c0	12	
	006806d0	81	
	00680730	10	
	00680740	33	
	00680770	12	
	00680780	37	
	006807b0	2395	
	00681110	10	
	00681120	28	
	00681140	12	
	00681150	31	
	00681170	10	
	00681180	28	
	006811a0	12	
	006811b0	31	
	006811d0	34	
	00681200	34	
	00681230	48	
	00681260	76	
	006812b0	549	
	006814e0	118	
	00681560	118	
	006815e0	84	
	00681640	228	
	00681730	335	
	00681880	186	
	00681940	30	
	00681960	176	
	00681a10	27	
	00681a30	144	
	00681ac0	27	
	00681ae0	30	
	00681b00	27	
	00681b20	16	
	00681b30	19	
	00681b50	31	
	00681b70	19	
	00681b90	66	
	00681be0	66	
	00681c30	60	
	00681c70	60	
	00681cb0	130	
	00681d40	198	
	00681e10	122	
	00681e90	113	
	00681f10	31	
	00681f30	107	
	00681fa0	131	
	00682030	31	
	00682050	107	
	006820c0	254	
	006821c0	262	
	006822d0	27	
	006822f0	81	
	00682350	265	
	00682460	240	
	00682550	48	
	00682580	178	
	00682640	25	
	00682660	12	
	00682670	49	
	006826b0	178	
	00682770	112	
	006827e0	27	
	00682800	5	
	00682810	31	
	00682830	5	
	00682840	23	
	00682860	10	
	00682870	39	
	006828a0	18	
	006828c0	12	
	006828d0	51	
	00682910	35	
	00682950	32	
	00682970	162	
	00682a20	32	
	00682a40	3	
	00682a50	3	
	00682a60	3	
	00682a70	3	
	00682a80	5	
	00682a90	5	
	00682aa0	5	
	00682ab0	5	
	00682ac0	5	
	00682ad0	5	
	00682ae0	5	
	00682af0	5	
	00682b00	5	
	00682b10	5	
	00682b20	5	
	00682b30	6	
	00682b40	6	
	00682b50	32	
	00682b70	83	
	00682bd0	12	
	00682be0	11	
	00682bf0	52	
	00682c30	214	
	00682d10	1	
	00682d20	15	
	00682d30	5	
	00682d40	71	
	00682d90	31	
	00682db0	19	
	00682dd0	51	
	00682e10	46	
	00682e40	8	
	00682e4d	3	
	00682e50	42	
	00682e80	32	
	00682ea0	123	
	00682f20	1	
	00682f30	111	
	00682fa0	45	
	00682fd0	725	
	006832b0	104	
	00683320	104	
	00683390	27	
	006833b0	25	
	006833d0	12	
	006833e0	5	
	006833f0	31	
	00683410	5	
	00683420	19	
	00683440	5	
	00683450	23	
	00683470	114	
	006834f0	36	
	00683520	89	
	00683580	2898	
	006840e0	126	
	00684160	633	
	006843e0	39	
	00684410	32	
	00684430	11	
	00684440	91	
	006844a0	2458	
	00684e40	31	
	00684e60	1806	
	00685570	21	
	00685590	39	
	006855c0	38	
	006855f0	38	
	00685620	38	
	00685650	16	
	00685660	14	
	00685670	25	
	00685690	12	
	006856a0	5	
	006856b0	11	
	006856c0	5	
	006856d0	19	
	006856f0	5	
	00685700	31	
	00685720	25	
	00685740	12	
	00685750	5	
	00685760	31	
	00685780	5	
	00685790	19	
	006857b0	5	
	006857c0	23	
	006857e0	127	
	00685860	23	
	00685880	39	
	006858b0	49	
	006858f0	1537	
	00685f00	50	
	00685f40	123	
	00685fc0	348	
	00686120	83	
	00686180	32	
	006861a0	92	
	00686200	232	
	006862f0	30	
	00686310	92	
	00686370	1370	
	006868e0	41	
	00686910	43	
	00686940	53	
	00686980	1029	
	00686d90	2217	
	00687640	29	
	00687660	828	
	006879a0	39	
	006879d0	38	
	00687a00	39	
	00687a30	25	
	00687a50	12	
	00687a60	21	
	00687a80	5	
	00687a90	31	
	00687ab0	5	
	00687ac0	19	
	00687ae0	5	
	00687af0	23	
	00687b10	5	
	00687b20	25	
	00687b40	5	
	00687b50	15	
	00687b60	5	
	00687b70	25	
	00687b90	5	
	00687ba0	25	
	00687bc0	5	
	00687bd0	15	
	00687be0	149	
	00687c80	42	
	00687cb0	111	
	00687d20	41	
	00687d50	209	
	00687e30	34	
	00687e60	373	
	00687fe0	10	
	00687ff0	13	
	00688000	12	
	00688010	21	
	00688030	10	
	00688040	28	
	00688060	12	
	00688070	56	
	006880b0	138	
	00688140	135	
	006881d0	35	
	00688200	226	
	006882f0	47	
	00688320	147	
	006883c0	27	
	006883e0	208	
	006884b0	50	
	006884f0	1055	
	00688910	2853	
	00689440	781	
	00689750	27	
	00689770	5	
	00689780	1	
	00689790	1928	
	00689f20	193	
	00689ff0	72	
	0068a040	50	
	0068a080	471	
	0068a260	38	
	0068a290	49	
	0068a2d0	38	
	0068a300	38	
	0068a330	807	
	0068a660	5	
	0068a670	15	
	0068a680	5	
	0068a690	1	
	0068a6a0	5	
	0068a6b0	1	
	0068a6c0	481	
	0068a8b0	10	
	0068a8c0	28	
	0068a8e0	12	
	0068a8f0	56	
	0068a930	5	
	0068a940	38	
	0068a970	10	
	0068a980	64	
	0068a9c0	12	
	0068a9d0	59	
	0068aa10	76	
	0068aa60	269	
	0068ab70	38	
	0068aba0	560	
	0068add0	247	
	0068aed0	191	
	0068af90	194	
	0068b060	51	
	0068b0a0	27	
	0068b0bb	709	
	0068b380	149	
	0068b420	83	
	0068b480	700	
	0068b740	144	
	0068b7d0	15	
	0068b7e0	1886	
	0068bf40	113	
	0068bfc0	288	
	0068c0e0	33	
	0068c110	46	
	0068c140	138	
	0068c1d0	284	
	0068c2f0	35	
	0068c320	4	
	0068c330	4	
	0068c340	769	
	0068c650	75	
	0068c6a0	29	
	0068c6c0	19	
	0068c6e0	156	
	0068c780	39	
	0068c7b0	107	
	0068c820	25	
	0068c840	12	
	0068c850	3	
	0068c860	126	
	0068c8e0	28	
	0068c900	31	
	0068c920	5	
	0068c930	19	
	0068c950	5	
	0068c960	31	
	0068c980	5	
	0068c990	11	
	0068c9a0	5	
	0068c9b0	23	
	0068c9d0	58	
	0068ca10	23	
	0068ca30	136	
	0068cac0	32	
	0068cae0	37	
	0068cb10	174	
	0068cbc0	169	
	0068cc70	62	
	0068ccb0	4	
	0068ccc0	109	
	0068cd30	108	
	0068cda0	239	
	0068ce90	205	
	0068cf60	150	
	0068d000	81	
	0068d060	81	
	0068d0c0	1513	
	0068d6b0	29	
	0068d6d0	1673	
	0068dd60	60	
	0068dda0	126	
	0068de20	104	
	0068de90	7	
	0068dea0	7	
	0068deb0	61	
	0068def0	43	
	0068df20	128	
	0068dfa0	26	
	0068dfc0	168	
	0068e070	113	
	0068e0f0	43	
	0068e120	208	
	0068e1f0	9	
	0068e200	10	
	0068e210	3	
	0068e220	4	
	0068e230	34	
	0068e260	23	
	0068e280	18	
	0068e2a0	48	
	0068e2d0	45	
	0068e300	60	
	0068e340	84	
	0068e3a0	79	
	0068e3f0	49	
	0068e430	668	
	0068e6e0	214	
	0068e810	25	
	0068e830	12	
	0068e840	5	
	0068e850	19	
	0068e870	5	
	0068e880	31	
	0068e8a0	5	
	0068e8b0	11	
	0068e8c0	5	
	0068e8d0	23	
	0068e8f0	21	
	0068e910	39	
	0068e940	10	
	0068e950	13	
	0068e960	12	
	0068e970	35	
	0068e9a0	10	
	0068e9b0	13	
	0068e9c0	12	
	0068e9d0	35	
	0068ea00	2040	
	0068f200	50	
	0068f240	162	
	0068f2f0	269	
	0068f400	72	
	0068f450	159	
	0068f4f0	19	
	0068f510	29	
	0068f530	14	
	0068f540	65	
	0068f590	20	
	0068f5b0	41	
	0068f5e0	123	
	0068f660	21	
	0068f680	95	
	0068f6e0	25	
	0068f710	7	
	0068f720	40	
	0068f750	142	
	0068f7e0	55	
	0068f820	80	
	0068f870	11	
	0068f880	33	
	0068f8b0	12	
	0068f8c0	82	
	0068f920	15	
	0068f930	269	
	0068fa40	15	
	0068fa50	139	
	0068fae0	50	
	0068fb20	292	
	0068fc50	35	
	0068fc80	35	
	0068fcb0	29	
	0068fcd0	29	
	0068fcf0	25	
	0068fd10	12	
	0068fd20	5	
	0068fd30	19	
	0068fd50	5	
	0068fd60	31	
	0068fd80	5	
	0068fd90	23	
	0068fdb0	5	
	0068fdc0	11	
	0068fdd0	10	
	0068fde0	13	
	0068fdf0	12	
	0068fe00	21	
	0068fe20	219	
	0068ff00	6	
	0068ff10	6	
	0068ff20	35	
	0068ff50	280	
	00690068	8	
	00690070	17	
	00690090	21	
	006900b0	224	
	00690190	50	
	006901d0	15	
	006901e0	1694	
	00690880	1003	
	00690c70	723	
	00690f50	574	
	00691190	507	
	00691390	147	
	00691430	56	
	00691470	63	
	006914b0	13	
	006914c0	494	
	006916b0	1045	
	00691ad0	127	
	00691b50	34	
	00691b80	44	
	00691bb0	579	
	00691e00	119	
	00691e80	80	
	00691ed0	82	
	00691f30	2971	
	00692ad0	39	
	00692b00	116	
	00692b80	809	
	00692eb0	10	
	00692ec0	28	
	00692ee0	12	
	00692ef0	56	
	00692f30	35	
	00692f60	52	
	00692fa0	243	
	006930a0	646	
	00693330	26	
	00693350	141	
	006933e0	426	
	00693590	76	
	006935e0	112	
	00693650	87	
	006936b0	50	
	006936f0	10	
	00693700	28	
	00693720	12	
	00693730	56	
	00693770	37	
	006937a0	558	
	006939d0	35	
	00693a00	50	
	00693a40	52	
	00693a80	259	
	00693b90	41	
	00693bc0	4	
	00693bd0	134	
	00693c60	27	
	00693c80	917	
	00694020	67	
	00694070	19	
	00694090	19	
	006940b0	190	
	00694170	51	
	006941b0	107	
	00694220	20	
	00694240	31	
	00694260	113	
	006942e0	107	
	00694350	25	
	00694370	12	
	00694380	28	
	006943a0	5	
	006943b0	31	
	006943d0	5	
	006943e0	19	
	00694400	10	
	00694410	10	
	00694420	12	
	00694430	10	
	00694440	10	
	00694450	10	
	00694460	12	
	00694470	10	
	00694480	5	
	00694490	23	
	006944b0	19	
	006944d0	46	
	00694500	728	
	006947e0	46	
	00694810	46	
	00694840	749	
	00694b30	599	
	00694d90	95	
	00694df0	161	
	00694ea0	262	
	00694fb0	93	
	00695010	19	
	00695030	325	
	00695180	435	
	00695340	104	
	006953b0	272	
	006954c0	320	
	00695600	364	
	00695770	106	
	006957e0	106	
	00695850	19	
	00695870	95	
	006958d0	241	
	006959d0	232	
	00695ac0	322	
	00695c10	748	
	00695f00	25	
	00695f20	159	
	00695fc0	572	
	00696200	473	
	006963e0	393	
	00696570	422	
	00696720	106	
	00696790	95	
	006967f0	93	
	00696850	232	
	00696940	259	
	00696a50	170	
	00696b00	260	
	00696c10	93	
	00696c70	93	
	00696cd0	95	
	00696d30	93	
	00696d90	316	
	00696ed0	93	
	00696f30	93	
	00696f90	95	
	00696ff0	230	
	006970e0	95	
	00697140	340	
	006972a0	159	
	00697340	159	
	006973e0	159	
	00697480	159	
	00697520	219	
	00697600	106	
	00697670	393	
	00697800	106	
	00697870	800	
	00697b90	30	
	00697bb0	106	
	00697c20	93	
	00697c80	219	
	00697d60	316	
	00697ea0	396	
	00698030	170	
	006980e0	93	
	00698140	255	
	00698240	262	
	00698350	375	
	006984d0	661	
	00698770	93	
	006987d0	159	
	00698870	260	
	00698980	159	
	00698a20	260	
	00698b30	621	
	00698da0	368	
	00698f10	161	
	00698fc0	161	
	00699070	221	
	00699150	634	
	006993d0	219	
	006994b0	260	
	006995c0	219	
	006996a0	219	
	00699780	93	
	006997e0	566	
	00699a20	57	
	00699a60	95	
	00699ac0	312	
	00699c00	159	
	00699ca0	46	
	00699cd0	46	
	00699d00	29	
	00699d20	27	
	00699d40	27	
	00699d60	27	
	00699d80	27	
	00699da0	27	
	00699dc0	33	
	00699df0	68	
	00699e40	68	
	00699e90	79	
	00699ee0	55	
	00699f20	55	
	00699f60	33	
	00699f90	33	
	00699fc0	135	
	0069a050	297	
	0069a180	193	
	0069a250	120	
	0069a2d0	319	
	0069a410	156	
	0069a4b0	156	
	0069a550	25	
	0069a570	12	
	0069a580	190	
	0069a640	5	
	0069a650	31	
	0069a670	5	
	0069a680	23	
	0069a6a0	169	
	0069a750	19	
	0069a770	22	
	0069a790	458	
	0069a960	488	
	0069ab50	25	
	0069ab70	12	
	0069ab80	5	
	0069ab90	31	
	0069abb0	5	
	0069abc0	19	
	0069abe0	5	
	0069abf0	23	
	0069ac10	82	
	0069ac70	82	
	0069acd0	1478	
	0069b2a0	687	
	0069b550	324	
	0069b6a0	10	
	0069b6b0	28	
	0069b6d0	12	
	0069b6e0	58	
	0069b720	37	
	0069b750	1203	
	0069bc10	143	
	0069bca0	32	
	0069bcc0	151	
	0069bd60	453	
	0069bf30	1859	
	0069c680	42	
	0069c6b0	56	
	0069c6f0	38	
	0069c720	38	
	0069c750	10	
	0069c760	13	
	0069c770	12	
	0069c780	21	
	0069c7a0	88	
	0069c800	6	
	0069c810	6	
	0069c820	32	
	0069c840	70	
	0069c890	32	
	0069c8b0	65	
	0069c900	50	
	0069c940	737	
	0069cc30	10	
	0069cc40	10	
	0069cc50	13	
	0069cc60	12	
	0069cc70	21	
	0069cc90	51	
	0069ccd0	6	
	0069cce0	6	
	0069ccf0	32	
	0069cd10	46	
	0069cd40	86	
	0069cda0	107	
	0069ce10	50	
	0069ce50	59	
	0069ce90	77	
	0069cee0	747	
	0069d1d0	10	
	0069d1e0	13	
	0069d1f0	12	
	0069d200	21	
	0069d220	170	
	0069d2d0	32	
	0069d2f0	68	
	0069d340	27	
	0069d360	27	
	0069d380	33	
	0069d3b0	31	
	0069d3d0	221	
	0069d4b0	28	
	0069d4d0	39	
	0069d500	49	
	0069d540	58	
	0069d580	23	
	0069d5a0	86	
	0069d600	41	
	0069d630	82	
	0069d690	155	
	0069d730	28	
	0069d750	49	
	0069d790	76	
	0069d7e0	285	
	0069d900	146	
	0069d9a0	25	
	0069d9c0	12	
	0069d9d0	5	
	0069d9e0	31	
	0069da00	5	
	0069da10	19	
	0069da30	5	
	0069da40	23	
	0069da60	32	
	0069da80	9	
	0069da90	90	
	0069daf0	87	
	0069db50	93	
	0069dbb0	139	
	0069dc40	94	
	0069dca0	302	
	0069ddd0	185	
	0069de90	14	
	0069dea0	36	
	0069ded0	378	
	0069e050	4	
	0069e060	94	
	0069e0c0	13	
	0069e0d0	17	
	0069e0f0	111	
	0069e160	386	
	0069e2f0	3	
	0069e300	390	
	0069e490	384	
	0069e610	7	
	0069e620	141	
	0069e6b0	160	
	0069e750	201	
	0069e820	167	
	0069e8d0	50	
	0069e910	50	
	0069e950	2252	
	0069f220	144	
	0069f2b0	4	
	0069f2c0	94	
	0069f320	13	
	0069f330	17	
	0069f350	124	
	0069f3d0	50	
	0069f410	299	
	0069f540	206	
	0069f610	497	
	0069f810	138	
	0069f8a0	50	
	0069f8e0	18	
	0069f900	1037	
	0069fd10	111	
	0069fd80	164	
	0069fe30	178	
	0069fef0	11	
	0069ff00	361	
	006a0069	7	
	006a0070	59	
	006a00b0	196	
	006a0180	145	
	006a0220	655	
	006a04b0	859	
	006a0810	142	
	006a08a0	50	
	006a08e0	10	
	006a08f0	13	
	006a0900	12	
	006a0910	1	
	006a0920	62	
	006a0960	6	
	006a0970	6	
	006a0980	32	
	006a09a0	185	
	006a0a60	73	
	006a0ab0	97	
	006a0b20	776	
	006a0e30	270	
	006a0f40	185	
	006a1000	227	
	006a10f0	93	
	006a1150	404	
	006a12f0	143	
	006a1380	131	
	006a1410	255	
	006a1510	177	
	006a15d0	36	
	006a1600	36	
	006a1630	583	
	006a1880	1800	
	006a1f90	12	
	006a1fa0	347	
	006a2100	205	
	006a21d0	775	
	006a24e0	140	
	006a2570	332	
	006a26c0	14	
	006a26d0	36	
	006a2700	20	
	006a2720	91	
	006a2780	96	
	006a27e0	45	
	006a2810	136	
	006a28a0	76	
	006a28f0	143	
	006a2980	169	
	006a2a30	40	
	006a2a60	209	
	006a2b40	107	
	006a2bb0	50	
	006a2bf0	927	
	006a2f90	790	
	006a32b0	801	
	006a35e0	326	
	006a3730	59	
	006a3770	614	
	006a39e0	1083	
	006a3e20	57	
	006a3e60	38	
	006a3e90	36	
	006a3ec0	68	
	006a3f10	195	
	006a3fe0	69	
	006a4030	113	
	006a40b0	50	
	006a40f0	177	
	006a41b0	203	
	006a4280	2009	
	006a4a60	244	
	006a4b60	21	
	006a4b80	181	
	006a4c40	179	
	006a4d00	215	
	006a4de0	256	
	006a4ee0	99	
	006a4f50	296	
	006a5080	50	
	006a50c0	269	
	006a51d0	99	
	006a5240	189	
	006a5300	89	
	006a5360	50	
	006a53a0	378	
	006a5520	740	
	006a5810	84	
	006a5870	50	
	006a58b0	584	
	006a5b00	93	
	006a5b60	50	
	006a5ba0	680	
	006a5e50	227	
	006a5f40	293	
	006a6070	50	
	006a60b0	325	
	006a6200	411	
	006a63a0	270	
	006a64b0	18	
	006a64d0	314	
	006a6610	229	
	006a6700	343	
	006a6860	162	
	006a6910	333	
	006a6a60	437	
	006a6c20	188	
	006a6ce0	50	
	006a6d20	1694	
	006a73c0	33	
	006a73f0	210	
	006a74d0	33	
	006a7500	558	
	006a7730	66	
	006a7780	50	
	006a77c0	803	
	006a7af0	45	
	006a7b20	88	
	006a7b80	38	
	006a7bb0	38	
	006a7be0	268	
	006a7cf0	314	
	006a7e30	31	
	006a7e50	91	
	006a7eb0	178	
	006a7f70	162	
	006a8020	694	
	006a82e0	50	
	006a8320	25	
	006a8340	12	
	006a8350	5	
	006a8360	31	
	006a8380	5	
	006a8390	19	
	006a83b0	5	
	006a83c0	23	
	006a83e0	10	
	006a83f0	28	
	006a8410	12	
	006a8420	56	
	006a8460	84	
	006a84c0	70	
	006a8510	200	
	006a85e0	398	
	006a8770	66	
	006a87c0	273	
	006a88e0	1	
	006a88f0	3	
	006a8900	88	
	006a8960	71	
	006a89b0	30	
	006a89d0	93	
	006a8a30	5	
	006a8a40	86	
	006a8aa0	94	
	006a8b00	171	
	006a8bb0	124	
	006a8c30	30	
	006a8c50	93	
	006a8cb0	5	
	006a8cc0	86	
	006a8d20	117	
	006a8da0	426	
	006a8f50	285	
	006a9070	30	
	006a9090	93	
	006a90f0	33	
	006a9120	92	
	006a9180	627	
	006a9400	30	
	006a9420	30	
	006a9440	268	
	006a9550	17	
	006a9570	108	
	006a95e0	331	
	006a9730	41	
	006a9760	133	
	006a97f0	202	
	006a98c0	84	
	006a9920	71	
	006a9970	30	
	006a9990	101	
	006a9a00	17	
	006a9a20	181	
	006a9ae0	27	
	006a9b00	91	
	006a9b60	332	
	006a9cb0	30	
	006a9cd0	82	
	006a9d30	13	
	006a9d40	61	
	006a9d80	164	
	006a9e30	358	
	006a9fa0	30	
	006a9fc0	74	
	006aa010	13	
	006aa020	5	
	006aa030	57	
	006aa070	83	
	006aa0d0	431	
	006aa280	71	
	006aa2d0	30	
	006aa2f0	11	
	006aa300	119	
	006aa380	326	
	006aa4d0	96	
	006aa530	13	
	006aa540	81	
	006aa5a0	108	
	006aa610	173	
	006aa6c0	148	
	006aa760	5	
	006aa770	3	
	006aa780	30	
	006aa7a0	74	
	006aa7f0	5	
	006aa800	81	
	006aa860	20	
	006aa880	114	
	006aa900	107	
	006aa970	84	
	006aa9d0	30	
	006aa9f0	11	
	006aaa00	74	
	006aaa50	413	
	006aabf0	30	
	006aac10	145	
	006aacb0	73	
	006aad00	315	
	006aae40	25	
	006aae60	12	
	006aae70	10	
	006aae80	10	
	006aae90	12	
	006aaea0	10	
	006aaeb0	10	
	006aaec0	10	
	006aaed0	12	
	006aaee0	10	
	006aaef0	5	
	006aaf00	31	
	006aaf20	5	
	006aaf30	19	
	006aaf50	5	
	006aaf60	23	
	006aaf80	539	
	006ab1a0	28	
	006ab1c0	28	
	006ab1e0	82	
	006ab240	82	
	006ab2a0	82	
	006ab300	28	
	006ab320	28	
	006ab340	319	
	006ab480	21	
	006ab4a0	13	
	006ab4b0	331	
	006ab600	418	
	006ab7b0	331	
	006ab900	42	
	006ab930	13	
	006ab940	111	
	006ab9b0	143	
	006aba40	343	
	006abba0	88	
	006abc00	13	
	006abc10	81	
	006abc70	13	
	006abc80	13	
	006abc90	13	
	006abca0	42	
	006abcd0	982	
	006ac0b0	16	
	006ac0c0	4	
	006ac0d0	19	
	006ac0f0	4	
	006ac100	19	
	006ac120	4	
	006ac130	19	
	006ac150	85	
	006ac1b0	449	
	006ac380	4	
	006ac390	10	
	006ac3a0	508	
	006ac5a0	108	
	006ac610	65	
	006ac660	68	
	006ac6b0	104	
	006ac720	13	
	006ac730	13	
	006ac740	330	
	006ac890	4	
	006ac8a0	19	
	006ac8c0	13	
	006ac8d0	291	
	006aca00	291	
	006acb30	291	
	006acc60	13	
	006acc70	13	
	006acc80	42	
	006accb0	42	
	006acce0	42	
	006acd10	88	
	006acd70	1430	
	006ad310	203	
	006ad3e0	361	
	006ad550	2202	
	006addf0	111	
	006ade60	157	
	006adf00	111	
	006adf70	341	
	006ae0d0	145	
	006ae170	196	
	006ae240	720	
	006ae510	16	
	006ae520	4	
	006ae530	10	
	006ae540	4	
	006ae550	10	
	006ae560	4	
	006ae570	10	
	006ae580	4	
	006ae590	10	
	006ae5a0	4	
	006ae5b0	10	
	006ae5c0	4	
	006ae5d0	10	
	006ae5e0	368	
	006ae750	145	
	006ae7f0	196	
	006ae8c0	313	
	006aea00	375	
	006aeb80	42	
	006aebb0	674	
	006aee60	706	
	006af130	145	
	006af1d0	196	
	006af2a0	145	
	006af340	196	
	006af410	291	
	006af540	87	
	006af5a0	322	
	006af6f0	488	
	006af8e0	152	
	006af980	58	
	006af9c0	127	
	006afa40	65	
	006afa90	134	
	006afb20	88	
	006afb80	482	
	006afd70	39	
	006afda0	951	
	006b0160	16	
	006b0170	389	
	006b0300	337	
	006b0460	244	
	006b0560	798	
	006b0880	154	
	006b0920	446	
	006b0ae0	107	
	006b0b50	13	
	006b0b60	39	
	006b0b90	220	
	006b0c70	62	
	006b0cb0	62	
	006b0cf0	557	
	006b0f20	645	
	006b11b0	55	
	006b11f0	39	
	006b1220	13	
	006b1230	656	
	006b14c0	88	
	006b1520	88	
	006b1580	602	
	006b17e0	322	
	006b1930	81	
	006b1990	35	
	006b19c0	13	
	006b19d0	438	
	006b1b90	35	
	006b1bc0	51	
	006b1c00	85	
	006b1c60	108	
	006b1cd0	154	
	006b1d70	85	
	006b1dd0	99	
	006b1e40	274	
	006b1f60	328	
	006b20b0	196	
	006b2180	367	
	006b22f0	469	
	006b24d0	42	
	006b2500	930	
	006b28b0	35	
	006b28e0	260	
	006b29f0	157	
	006b2a90	402	
	006b2c30	590	
	006b2e80	958	
	006b3240	111	
	006b32b0	13	
	006b32c0	65	
	006b3310	62	
	006b3350	42	
	006b3380	313	
	006b34c0	252	
	006b35c0	13	
	006b35d0	459	
	006b37a0	267	
	006b38b0	179	
	006b3970	407	
	006b3b10	228	
	006b3c00	354	
	006b3d70	841	
	006b40c0	480	
	006b42a0	214	
	006b4380	580	
	006b45d0	13	
	006b45e0	380	
	006b4760	373	
	006b48e0	13	
	006b48f0	13	
	006b4900	13	
	006b4910	13	
	006b4920	13	
	006b4930	13	
	006b4940	42	
	006b4970	65	
	006b49c0	42	
	006b49f0	13	
	006b4a00	45	
	006b4a30	42	
	006b4a60	45	
	006b4a90	13	
	006b4aa0	42	
	006b4ad0	13	
	006b4ae0	13	
	006b4af0	65	
	006b4b40	42	
	006b4b70	65	
	006b4bc0	65	
	006b4c10	35	
	006b4c40	619	
	006b4eb0	639	
	006b5130	639	
	006b53b0	2009	
	006b5b90	43	
	006b5bc0	43	
	006b5bf0	40	
	006b5c20	40	
	006b5c50	43	
	006b5c80	43	
	006b5cb0	40	
	006b5ce0	40	
	006b5d10	102	
	006b5d80	30	
	006b5da0	102	
	006b5e10	40	
	006b5e40	40	
	006b5e70	40	
	006b5ea0	40	
	006b5ed0	40	
	006b5f00	40	
	006b5f30	43	
	006b5f60	43	
	006b5f90	40	
	006b5fc0	40	
	006b5ff0	43	
	006b6020	43	
	006b6050	40	
	006b6080	40	
	006b60b0	43	
	006b60e0	43	
	006b6110	3230	
	006b6db0	64	
	006b6df0	3	
	006b6e00	3	
	006b6e10	5	
	006b6e20	30	
	006b6e40	64	
	006b6e80	57	
	006b6ec0	30	
	006b6ee0	57	
	006b6f20	57	
	006b6f60	30	
	006b6f80	57	
	006b6fc0	57	
	006b7000	3	
	006b7010	3	
	006b7020	5	
	006b7030	30	
	006b7050	57	
	006b7090	57	
	006b70d0	30	
	006b70f0	57	
	006b7130	57	
	006b7170	30	
	006b7190	57	
	006b71d0	57	
	006b7210	30	
	006b7230	57	
	006b7270	71	
	006b72c0	30	
	006b72e0	71	
	006b7330	64	
	006b7370	30	
	006b7390	64	
	006b73d0	57	
	006b7410	30	
	006b7430	57	
	006b7470	71	
	006b74c0	30	
	006b74e0	71	
	006b7530	64	
	006b7570	30	
	006b7590	64	
	006b75d0	66	
	006b7620	30	
	006b7640	66	
	006b7690	66	
	006b76e0	30	
	006b7700	66	
	006b7750	64	
	006b7790	30	
	006b77b0	64	
	006b77f0	64	
	006b7830	30	
	006b7850	64	
	006b7890	64	
	006b78d0	30	
	006b78f0	64	
	006b7930	57	
	006b7970	30	
	006b7990	57	
	006b79d0	57	
	006b7a10	30	
	006b7a30	57	
	006b7a70	64	
	006b7ab0	30	
	006b7ad0	64	
	006b7b10	57	
	006b7b50	30	
	006b7b70	57	
	006b7bb0	1134	
	006b8020	60	
	006b8060	36	
	006b8090	3	
	006b80a0	36	
	006b80d0	60	
	006b8110	60	
	006b8150	3	
	006b8160	36	
	006b8190	60	
	006b81d0	74	
	006b8220	36	
	006b8250	74	
	006b82a0	74	
	006b82f0	36	
	006b8320	74	
	006b8370	74	
	006b83c0	36	
	006b83f0	74	
	006b8440	60	
	006b8480	36	
	006b84b0	60	
	006b84f0	60	
	006b8530	36	
	006b8560	60	
	006b85a0	12216	
	006bb560	95	
	006bb5c0	95	
	006bb620	40	
	006bb650	40	
	006bb680	78	
	006bb6d0	36	
	006bb700	78	
	006bb750	68	
	006bb7a0	36	
	006bb7d0	68	
	006bb820	64	
	006bb860	36	
	006bb890	64	
	006bb8d0	135	
	006bb960	36	
	006bb990	36	
	006bb9c0	135	
	006bba50	122	
	006bbad0	36	
	006bbb00	122	
	006bbb80	122	
	006bbc00	36	
	006bbc30	122	
	006bbcb0	57	
	006bbcf0	36	
	006bbd20	57	
	006bbd60	85	
	006bbdc0	36	
	006bbdf0	85	
	006bbe50	88	
	006bbeb0	36	
	006bbee0	88	
	006bbf40	79	
	006bbf90	36	
	006bbfc0	79	
	006bc010	75	
	006bc060	36	
	006bc090	75	
	006bc0e0	57	
	006bc120	36	
	006bc150	57	
	006bc190	75	
	006bc1e0	36	
	006bc210	75	
	006bc260	57	
	006bc2a0	36	
	006bc2d0	57	
	006bc310	53	
	006bc350	36	
	006bc380	53	
	006bc3c0	40	
	006bc3f0	40	
	006bc420	85	
	006bc480	36	
	006bc4b0	85	
	006bc510	71	
	006bc560	36	
	006bc590	71	
	006bc5e0	71	
	006bc630	36	
	006bc660	71	
	006bc6b0	79	
	006bc700	36	
	006bc730	79	
	006bc780	57	
	006bc7c0	36	
	006bc7f0	57	
	006bc830	64	
	006bc870	36	
	006bc8a0	64	
	006bc8e0	64	
	006bc920	36	
	006bc950	64	
	006bc990	64	
	006bc9d0	36	
	006bca00	64	
	006bca40	53	
	006bca80	36	
	006bcab0	53	
	006bcaf0	53	
	006bcb30	36	
	006bcb60	53	
	006bcba0	64	
	006bcbe0	36	
	006bcc10	64	
	006bcc50	64	
	006bcc90	36	
	006bccc0	64	
	006bcd00	64	
	006bcd40	36	
	006bcd70	64	
	006bcdb0	57	
	006bcdf0	36	
	006bce20	57	
	006bce60	71	
	006bceb0	36	
	006bcee0	71	
	006bcf30	43	
	006bcf60	43	
	006bcf90	178	
	006bd050	50	
	006bd090	178	
	006bd150	40	
	006bd180	40	
	006bd1b0	43	
	006bd1e0	43	
	006bd210	40	
	006bd240	40	
	006bd270	82	
	006bd2d0	36	
	006bd300	82	
	006bd360	88	
	006bd3c0	36	
	006bd3f0	88	
	006bd450	82	
	006bd4b0	36	
	006bd4e0	82	
	006bd540	40	
	006bd570	40	
	006bd5a0	182	
	006bd660	36	
	006bd690	182	
	006bd750	40	
	006bd780	40	
	006bd7b0	68	
	006bd800	36	
	006bd830	68	
	006bd880	40	
	006bd8b0	40	
	006bd8e0	64	
	006bd920	36	
	006bd950	64	
	006bd990	105	
	006bda00	36	
	006bda30	105	
	006bdaa0	40	
	006bdad0	40	
	006bdb00	64	
	006bdb40	36	
	006bdb70	64	
	006bdbb0	76	
	006bdc00	36	
	006bdc30	76	
	006bdc80	67	
	006bdcd0	50	
	006bdd10	67	
	006bdd60	151	
	006bde00	50	
	006bde40	151	
	006bdee0	105	
	006bdf50	50	
	006bdf90	105	
	006be000	151	
	006be0a0	50	
	006be0e0	151	
	006be180	169	
	006be230	50	
	006be270	169	
	006be320	158	
	006be3c0	50	
	006be400	158	
	006be4a0	43	
	006be4d0	43	
	006be500	40	
	006be530	40	
	006be560	79	
	006be5b0	50	
	006be5f0	79	
	006be640	43	
	006be670	43	
	006be6a0	40	
	006be6d0	40	
	006be700	40	
	006be730	40	
	006be760	40	
	006be790	40	
	006be7c0	40	
	006be7f0	40	
	006be820	40	
	006be850	40	
	006be880	40	
	006be8b0	40	
	006be8e0	57	
	006be920	36	
	006be950	57	
	006be990	40	
	006be9c0	40	
	006be9f0	61	
	006bea30	36	
	006bea60	61	
	006beaa0	85	
	006beb00	50	
	006beb40	85	
	006beba0	40	
	006bebd0	40	
	006bec00	92	
	006bec60	50	
	006beca0	92	
	006bed00	92	
	006bed60	50	
	006beda0	92	
	006bee00	64	
	006bee40	36	
	006bee70	64	
	006beeb0	57	
	006beef0	36	
	006bef20	57	
	006bef60	125	
	006befe0	50	
	006bf020	125	
	006bf0a0	174	
	006bf150	50	
	006bf190	174	
	006bf240	40	
	006bf270	40	
	006bf2a0	43	
	006bf2d0	43	
	006bf300	75	
	006bf350	36	
	006bf380	75	
	006bf3d0	75	
	006bf420	36	
	006bf450	75	
	006bf4a0	149	
	006bf540	50	
	006bf580	149	
	006bf620	40	
	006bf650	40	
	006bf680	136	
	006bf710	50	
	006bf750	136	
	006bf7e0	60	
	006bf820	36	
	006bf850	60	
	006bf890	61	
	006bf8d0	36	
	006bf900	61	
	006bf940	141	
	006bf9d0	50	
	006bfa10	141	
	006bfaa0	40	
	006bfad0	40	
	006bfb00	40	
	006bfb30	40	
	006bfb60	99	
	006bfbd0	50	
	006bfc10	99	
	006bfc80	111	
	006bfcf0	50	
	006bfd30	111	
	006bfda0	131	
	006bfe30	50	
	006bfe70	131	
	006bff00	107	
	006bff70	50	
	006bffb0	107	
	006c0020	40	
	006c0050	40	
	006c0080	128	
	006c0100	50	
	006c0140	128	
	006c01c0	206	
	006c0290	50	
	006c02d0	206	
	006c03a0	173	
	006c044d	5	
	006c0460	50	
	006c04a0	173	
	006c054d	5	
	006c0560	43	
	006c0590	43	
	006c05c0	40	
	006c05f0	40	
	006c0620	40	
	006c0650	40	
	006c0680	96	
	006c06e0	36	
	006c0710	96	
	006c0770	109	
	006c07dd	5	
	006c07f0	50	
	006c0830	109	
	006c089d	5	
	006c08b0	40	
	006c08e0	40	
	006c0910	85	
	006c0970	36	
	006c09a0	85	
	006c0a00	43	
	006c0a30	43	
	006c0a60	71	
	006c0ab0	36	
	006c0ae0	71	
	006c0b30	71	
	006c0b80	36	
	006c0bb0	71	
	006c0c00	64	
	006c0c40	36	
	006c0c70	64	
	006c0cb0	71	
	006c0d00	36	
	006c0d30	71	
	006c0d80	61	
	006c0dc0	36	
	006c0df0	61	
	006c0e30	57	
	006c0e70	7	
	006c0e80	36	
	006c0eb0	57	
	006c0ef0	31	
	006c0f10	24	
	006c0f30	189	
	006c0ff0	170	
	006c10a0	161	
	006c1150	226	
	006c1240	209	
	006c1320	328	
	006c1470	328	
	006c15c0	193	
	006c1690	165	
	006c1740	14	
	006c1750	177	
	006c1810	161	
	006c18c0	218	
	006c19a0	298	
	006c1ad0	298	
	006c1c00	298	
	006c1d30	298	
	006c1e60	298	
	006c1f90	1061	
	006c23c0	107	
	006c2430	247	
	006c2530	303	
	006c2660	247	
	006c2760	22	
	006c2780	247	
	006c2880	22	
	006c28a0	247	
	006c29a0	22	
	006c29c0	247	
	006c2ac0	22	
	006c2ae0	247	
	006c2be0	22	
	006c2c00	216	
	006c2ce0	577	
	006c2f30	577	
	006c3180	22	
	006c31a0	22	
	006c31c0	22	
	006c31e0	22	
	006c3200	22	
	006c3220	619	
	006c3490	619	
	006c3700	619	
	006c3970	619	
	006c3be0	619	
	006c3e50	14	
	006c3e60	619	
	006c40d0	82	
	006c4130	86	
	006c4190	27	
	006c41b0	81	
	006c4210	81	
	006c4270	81	
	006c42d0	82	
	006c4330	86	
	006c4390	27	
	006c43b0	81	
	006c4410	81	
	006c4470	81	
	006c44d0	289	
	006c4600	296	
	006c4730	23	
	006c4750	23	
	006c4770	23	
	006c4790	23	
	006c47b0	23	
	006c47d0	81	
	006c4830	149	
	006c48d0	398	
	006c4a60	356	
	006c4bd0	125	
	006c4c50	57	
	006c4c90	310	
	006c4dd0	304	
	006c4f00	6	
	006c4f10	39	
	006c4f40	46	
	006c4f70	303	
	006c50a0	138	
	006c5130	8	
	006c5140	16	
	006c5150	16	
	006c5160	310	
	006c52a0	304	
	006c53d0	6	
	006c53e0	39	
	006c5410	46	
	006c5440	298	
	006c5570	138	
	006c5600	8	
	006c5610	16	
	006c5620	303	
	006c5750	138	
	006c57e0	8	
	006c57f0	16	
	006c5800	310	
	006c5940	304	
	006c5a70	6	
	006c5a80	39	
	006c5ab0	46	
	006c5ae0	410	
	006c5c80	247	
	006c5d80	16	
	006c5d90	16	
	006c5da0	298	
	006c5ed0	138	
	006c5f60	8	
	006c5f70	16	
	006c5f80	410	
	006c6120	247	
	006c6220	16	
	006c6230	16	
	006c6240	410	
	006c63e0	247	
	006c64e0	16	
	006c64f0	16	
	006c6500	390	
	006c6690	356	
	006c6800	134	
	006c6890	55	
	006c68d0	390	
	006c6a60	356	
	006c6bd0	134	
	006c6c60	55	
	006c6ca0	410	
	006c6e40	247	
	006c6f40	16	
	006c6f50	16	
	006c6f60	375	
006c6f60	006c7148	27	
	006c70d7	43	
	006c710a	62	
	006c7170	245	
	006c7270	312	
	006c73b0	25	
	006c73d0	12	
	006c73e0	68	
	006c7430	12	
	006c7440	12	
	006c7450	12	
	006c7460	5	
	006c7470	19	
	006c7490	5	
	006c74a0	31	
	006c74c0	5	
	006c74d0	23	
	006c74f0	5	
	006c7500	11	
	006c7510	3	
	006c7520	11	
	006c7530	3	
	006c7540	6	
	006c754a	6	
	006c7550	32	
	006c7570	5	
	006c7580	25	
	006c75a0	27	
	006c75c0	6	
	006c75d0	6	
	006c75e0	32	
	006c7600	131	
	006c7690	122	
	006c7710	10	
	006c7720	13	
	006c7730	12	
	006c7740	21	
	006c7760	106	
	006c77d0	37	
	006c7800	6	
	006c7810	6	
	006c7820	32	
	006c7840	85	
	006c78a0	64	
	006c78e0	126	
	006c7960	26	
	006c7980	1	
	006c7990	27	
	006c79b0	10	
	006c79c0	7	
	006c79d0	58	
	006c7a10	37	
	006c7a40	6	
	006c7a50	6	
	006c7a60	32	
	006c7a80	75	
	006c7ad0	4	
	006c7ae0	270	
	006c7c10	472	
	006c7df0	47	
	006c7e20	6	
	006c7e30	6	
	006c7e40	32	
	006c7e60	11	
	006c7e70	55	
	006c7eb0	6	
	006c7ec0	6	
	006c7ed0	3	
	006c7ee0	38	
	006c7f10	29	
	006c7f30	298	
	006c8060	96	
	006c80c0	37	
	006c80f0	29	
	006c8110	6	
	006c8120	6	
	006c8130	32	
	006c8150	55	
	006c8190	11	
	006c81a0	4	
	006c81b0	3	
	006c81c0	101	
	006c8230	718	
	006c8500	56	
	006c8540	46	
	006c8570	6	
	006c8580	6	
	006c8590	3	
	006c85a0	32	
	006c85c0	43	
	006c85f0	45	
	006c8620	4	
	006c8630	40	
	006c8660	6	
	006c8670	6	
	006c8680	32	
	006c86a0	30	
	006c86c0	35	
	006c86f0	224	
	006c87d0	29	
	006c87f0	6	
	006c8800	6	
	006c8810	32	
	006c8830	202	
	006c8900	30	
	006c8920	306	
	006c8a60	22	
	006c8a80	10	
	006c8a90	40	
	006c8ac0	32	
	006c8ae0	115	
	006c8b60	37	
	006c8b90	32	
	006c8bb0	11	
	006c8bc0	299	
	006c8cf0	769	
	006c9000	744	
	006c92f0	29	
	006c9310	45	
	006c9340	34	
	006c9370	254	
	006c9470	42	
	006c94a0	4	
	006c94b0	59	
	006c94f0	832	
	006c9830	150	
	006c98d0	199	
	006c99a0	59	
	006c99e0	290	
	006c9b10	118	
	006c9b90	54	
	006c9bd0	43	
	006c9c00	54	
	006c9c40	43	
	006c9c70	47	
	006c9ca0	6	
	006c9cb0	6	
	006c9cc0	32	
	006c9ce0	44	
	006c9d10	29	
	006c9d30	6	
	006c9d40	6	
	006c9d50	32	
	006c9d70	43	
	006c9da0	5	
	006c9db0	22	
	006c9dd0	43	
	006c9e00	47	
	006c9e40	25	
	006c9e60	78	
	006c9eb0	6	
	006c9ec0	6	
	006c9ed0	32	
	006c9ef0	200	
	006c9fc0	158	
	006ca060	117	
	006ca0e0	141	
	006ca170	130	
	006ca200	24	
	006ca220	94	
	006ca280	187	
	006ca340	35	
	006ca370	86	
	006ca3d0	23	
	006ca3f0	61	
	006ca430	6	
	006ca440	6	
	006ca450	48	
	006ca480	10	
	006ca490	10	
	006ca4a0	12	
	006ca4b0	10	
	006ca4c0	32	
	006ca4e0	87	
	006ca540	119	
	006ca5d0	7	
	006ca5e0	126	
	006ca660	115	
	006ca6e0	20	
	006ca700	10	
	006ca710	58	
	006ca750	32	
	006ca770	48	
	006ca7a0	34	
	006ca7d0	26	
	006ca7f0	117	
	006ca870	150	
	006ca910	26	
	006ca930	92	
	006ca990	503	
	006cab90	141	
	006cac20	126	
	006caca0	150	
	006cad40	185	
	006cae00	131	
	006cae90	25	
	006caeb0	12	
	006caec0	107	
	006caf30	5	
	006caf40	31	
	006caf60	5	
	006caf70	19	
	006caf90	10	
	006cafa0	10	
	006cafb0	12	
	006cafc0	10	
	006cafd0	10	
	006cafe0	10	
	006caff0	12	
	006cb000	10	
	006cb010	5	
	006cb020	23	
	006cb040	19	
	006cb060	46	
	006cb090	681	
	006cb340	46	
	006cb370	46	
	006cb3a0	721	
	006cb680	555	
	006cb8b0	95	
	006cb910	161	
	006cb9c0	270	
	006cbad0	93	
	006cbb30	19	
	006cbb50	337	
	006cbcb0	455	
	006cbe80	104	
	006cbef0	279	
	006cc010	331	
	006cc160	380	
	006cc2e0	106	
	006cc350	106	
	006cc3c0	19	
	006cc3e0	95	
	006cc440	241	
	006cc540	236	
	006cc630	329	
	006cc780	740	
	006cca70	159	
	006ccb10	591	
	006ccd60	497	
	006ccf60	342	
	006cd0c0	442	
	006cd280	106	
	006cd2f0	95	
	006cd350	93	
	006cd3b0	232	
	006cd4a0	262	
	006cd5b0	170	
	006cd660	268	
	006cd770	93	
	006cd7d0	93	
	006cd830	95	
	006cd890	93	
	006cd8f0	328	
	006cda40	93	
	006cdaa0	93	
	006cdb00	95	
	006cdb60	230	
	006cdc50	95	
	006cdcb0	344	
	006cde10	159	
	006cdeb0	159	
	006cdf50	159	
	006cdff0	159	
	006ce090	223	
	006ce170	106	
	006ce1e0	342	
	006ce340	106	
	006ce3b0	743	
	006ce6a0	106	
	006ce710	93	
	006ce770	223	
	006ce850	328	
	006ce9a0	414	
	006ceb40	170	
	006cebf0	93	
	006cec50	263	
	006ced60	270	
	006cee70	391	
	006cf000	584	
	006cf250	93	
	006cf2b0	159	
	006cf350	268	
	006cf460	159	
	006cf500	268	
	006cf610	597	
	006cf870	384	
	006cf9f0	161	
	006cfaa0	161	
	006cfb50	225	
	006cfc40	670	
	006cfee0	223	
	006cffc0	268	
	006d00d0	223	
	006d01b0	223	
	006d0290	93	
	006d02f0	312	
	006d0430	95	
	006d0490	324	
	006d05e0	159	
	006d0680	46	
	006d06b0	46	
	006d06e0	68	
	006d0730	68	
	006d0780	16	
	006d0790	16	
	006d07a0	179	
	006d0860	25	
	006d0880	12	
	006d0890	194	
	006d0960	5	
	006d0970	31	
	006d0990	5	
	006d09a0	23	
	006d09c0	10	
	006d09d0	13	
	006d09e0	12	
	006d09f0	31	
	006d0a10	78	
	006d0a60	71	
	006d0ab0	3	
	006d0ac0	6	
	006d0ad0	32	
	006d0af0	22	
	006d0b10	10	
	006d0b20	70	
	006d0b70	75	
	006d0bc0	19	
	006d0be0	56	
	006d0c20	24	
	006d0c40	64	
	006d0c80	25	
	006d0ca0	12	
	006d0cb0	35	
	006d0ce0	6	
	006d0cf0	6	
	006d0d00	32	
	006d0d20	39	
	006d0d50	35	
	006d0d80	25	
	006d0da0	25	
	006d0dc0	64	
	006d0e00	25	
	006d0e20	12	
	006d0e30	5	
	006d0e40	19	
	006d0e60	10	
	006d0e70	10	
	006d0e80	12	
	006d0e90	10	
	006d0ea0	10	
	006d0eb0	10	
	006d0ec0	32	
	006d0ee0	75	
	006d0f30	6	
	006d0f40	6	
	006d0f50	32	
	006d0f70	69	
	006d0fc0	50	
	006d1000	138	
	006d1090	36	
	006d10c0	16	
	006d10d0	5	
	006d10e0	43	
	006d1110	68	
	006d1160	43	
	006d1190	5	
	006d11a0	500	
	006d13a0	248	
	006d14a0	248	
	006d15a0	25	
	006d15c0	12	
	006d15d0	5	
	006d15e0	31	
	006d1600	5	
	006d1610	19	
	006d1630	5	
	006d1640	11	
	006d1650	5	
	006d1660	23	
	006d1680	470	
	006d1860	50	
	006d18a0	11	
	006d18b0	542	
	006d1ad0	366	
	006d1c40	29	
	006d1c60	1234	
	006d2140	108	
	006d21b0	1356	
	006d2700	12	
	006d2710	116	
	006d2790	76	
	006d27e0	121	
	006d2860	76	
	006d28b0	45	
	006d28e0	34	
	006d2910	288	
	006d2a30	3	
	006d2a40	169	
	006d2af0	881	
	006d2e70	890	
	006d31f0	1816	
	006d3910	104	
	006d3980	50	
	006d39c0	1925	
	006d4150	50	
	006d4190	36	
	006d41c0	1339	
	006d4700	315	
	006d4840	50	
	006d4880	116	
	006d4900	67	
	006d4950	28	
	006d4970	243	
	006d4a70	3132	
	006d56b0	28	
	006d56d0	29	
	006d56f0	55	
	006d5730	529	
	006d5950	27	
	006d5970	59	
	006d59b0	1422	
	006d5f40	39	
	006d5f70	44	
	006d5fa0	38	
	006d5fd0	38	
	006d6000	107	
	006d6070	131	
	006d6100	31	
	006d6120	25	
	006d6140	12	
	006d6150	5	
	006d6160	19	
	006d6180	5	
	006d6190	11	
	006d61a0	5	
	006d61b0	18	
	006d61d0	1129	
	006d6680	83	
	006d66e0	1413	
	006d6cb0	3	
	006d6cc0	805	
	006d6ff0	381	
	006d7170	30	
	006d7190	53	
	006d71d0	343	
	006d7330	193	
	006d7400	127	
	006d7480	5655	
	006d8b00	1838	
	006d9290	81	
	006d92f0	105	
	006d9360	63	
	006d93a0	52	
	006d93e0	109	
	006d9450	74	
	006d94a0	514	
	006d96c0	1663	
	006d9d40	1544	
	006da350	454	
	006da520	30	
	006da550	123	
	006da5d0	17	
	006da5f0	17	
	006da610	103	
	006da680	67	
	006da6d0	60	
	006da710	42	
	006da740	167	
	006da7f0	167	
	006da8a0	59	
	006da8e0	57	
	006da920	57	
	006da960	8	
	006da970	278	
	006daa90	111	
	006dab00	48	
	006dab60	33	
	006daba0	39	
	006dabe0	39	
	006dac20	45	
	006dac60	85	
	006dacd0	128	
	006dad50	717	
	006db020	193	
	006db0f0	6	
	006db100	6	
	006db110	6	
	006db120	6	
	006db130	6	
	006db140	6	
	006db150	6	
	006db160	948	
	006db520	33	
	006db570	722	
	006db8a0	183	
	006db960	130	
	006db9f0	130	
	006dba80	277	
	006dbba0	38	
	006dbbd0	51	
	006dbc10	215	
	006dbcf0	215	
	006dbdd0	109	
	006dbe40	98	
	006dbeb0	98	
	006dbf20	95	
	006dbf80	95	
	006dbfe0	69	
	006dc030	51	
	006dc070	82	
	006dc0d0	18	
	006dc0f0	66	
	006dc140	211	
	006dc220	80	
	006dc270	89	
	006dc2d0	324	
	006dc420	237	
	006dc510	54	
	006dc550	6	
	006dc560	472	
	006dc740	576	
	006dc980	10	
	006dc990	26	
	006dc9b0	12	
	006dc9c0	21	
	006dc9e0	3	
	006dc9f0	116	
	006dca70	39	
	006dcaa0	39	
	006dcad0	39	
	006dcb00	39	
	006dcb30	39	
	006dcb60	39	
	006dcb90	1066	
	006dcfd0	1129	
	006dd460	37	
	006dd490	3	
	006dd4a0	3	
	006dd4b0	5	
	006dd4c0	37	
	006dd4f0	37	
	006dd520	6	
	006dd530	3	
	006dd540	7	
	006dd550	7	
	006dd560	13	
	006dd570	13	
	006dd580	7	
	006dd590	35	
	006dd5c0	6	
	006dd5d0	6	
	006dd5e0	3	
	006dd5f0	7	
	006dd600	7	
	006dd610	13	
	006dd620	13	
	006dd630	7	
	006dd640	35	
	006dd670	6	
	006dd680	6	
	006dd690	3	
	006dd6a0	7	
	006dd6b0	7	
	006dd6c0	13	
	006dd6d0	13	
	006dd6e0	7	
	006dd6f0	35	
	006dd720	6	
	006dd730	6	
	006dd740	3	
	006dd750	7	
	006dd760	7	
	006dd770	13	
	006dd780	13	
	006dd790	7	
	006dd7a0	35	
	006dd7d0	324	
	006dd940	143	
	006dd9d0	21	
	006dd9f0	122	
	006dda70	49	
	006ddab0	87	
	006ddb10	21	
	006ddb30	171	
	006ddbe0	21	
	006ddc00	164	
	006ddcb0	21	
	006ddcd0	57	
	006ddd10	21	
	006ddd30	5	
	006ddd40	5	
	006ddd50	68	
	006ddda0	6	
	006dddb0	35	
	006ddde0	77	
	006dde30	13	
	006dde40	10	
	006dde50	13	
	006dde60	223	
	006ddf60	677	
	006de220	59	
	006de260	8	
	006de270	3	
	006de280	35	
	006de2b0	6	
	006de2c0	35	
	006de2f0	6	
	006de300	35	
	006de330	6	
	006de340	35	
	006de370	6	
	006de380	35	
	006de3b0	6	
	006de3c0	35	
	006de3f0	75	
	006de440	54	
	006de4e0	25	
	006de500	12	
	006de510	32	
	006de530	56	
	006de570	32	
	006de590	84	
	006de5f0	25	
	006de610	12	
	006de620	5	
	006de630	19	
	006de650	5	
	006de660	11	
	006de670	5	
	006de680	18	
	006de6a0	5	
	006de6b0	27	
	006de6d0	46	
	006de700	318	
	006de840	445	
	006dea00	375	
	006deb80	336	
	006decd0	31	
	006decf0	503	
	006deef0	857	
	006df250	373	
	006df3d0	113	
	006df450	419	
	006df600	373	
	006df780	335	
	006df8d0	363	
	006dfa40	69	
	006dfa90	543	
	006dfcb0	420	
	006dfe60	255	
	006e0050	25	
006e0050	006e0070	12	
	006e0080	5	
	006e0090	19	
	006e00b0	5	
	006e00c0	11	
	006e00d0	10	
	006e00e0	13	
	006e00f0	12	
	006e0100	21	
	006e0120	59	
	006e0160	804	
	006e0490	45	
	006e04c0	467	
	006e06a0	25	
	006e06c0	18	
	006e06e0	25	
	006e0700	12	
	006e0710	10	
	006e0720	37	
	006e0750	18	
	006e0770	12	
	006e0780	48	
	006e07b0	32	
	006e07d0	10	
	006e07e0	37	
	006e0810	18	
	006e0830	12	
	006e0840	48	
	006e0870	32	
	006e0890	20	
	006e08b0	48	
	006e08e0	460	
	006e0ac0	187	
	006e0b80	38	
	006e0bb0	45	
	006e0be0	73	
	006e0c30	86	
	006e0c90	27	
	006e0cb0	101	
	006e0d20	49	
	006e0d60	25	
	006e0d80	12	
	006e0d90	5	
	006e0da0	19	
	006e0dc0	10	
	006e0dd0	37	
	006e0e00	18	
	006e0e20	12	
	006e0e30	48	
	006e0e60	32	
	006e0e80	5	
	006e0e90	11058	
	006e39d0	144	
	006e3a60	62	
	006e3aa0	161	
	006e3b50	342	
	006e3cb0	189	
	006e3d70	149	
	006e3e10	373	
	006e3f90	933	
	006e4340	350	
	006e44a0	230	
	006e4590	39	
	006e45c0	81	
	006e4620	214	
	006e4700	17	
	006e4720	48	
	006e4750	43	
	006e4780	54	
	006e47c0	43	
	006e47f0	61	
	006e4830	10	
	006e4840	41	
	006e4870	34	
	006e48a0	61	
	006e48e0	71	
006e4965	006e494f	55	
	006e4990	528	
	006e4ba0	460	
	006e4d70	35	
	006e4da0	23	
	006e4dc0	105	
	006e4e30	48	
	006e4e60	32	
	006e4e80	25	
	006e4ea0	12	
	006e4eb0	8	
	006e4ec0	8	
	006e4ed0	8	
	006e4ee0	8	
	006e4ef0	8	
	006e4f00	8	
	006e4f10	8	
	006e4f20	8	
	006e4f30	8	
	006e4f40	8	
	006e4f50	8	
	006e4f60	8	
	006e4f70	8	
	006e4f80	8	
	006e4f90	8	
	006e4fa0	8	
	006e4fb0	8	
	006e4fc0	8	
	006e4fd0	8	
	006e4fe0	8	
	006e4ff0	8	
	006e5000	8	
	006e5010	8	
	006e5020	8	
	006e5030	8	
	006e5040	8	
	006e5050	8	
	006e5060	8	
	006e5070	8	
	006e5080	8	
	006e5090	8	
	006e50a0	8	
	006e50b0	8	
	006e50c0	8	
	006e50d0	8	
	006e50e0	8	
	006e50f0	8	
	006e5100	8	
	006e5110	8	
	006e5120	8	
	006e5130	8	
	006e5140	8	
	006e5150	8	
	006e5160	8	
	006e5170	8	
	006e5180	8	
	006e5190	8	
	006e51a0	8	
	006e51b0	8	
	006e51c0	8	
	006e51d0	8	
	006e51e0	8	
	006e51f0	8	
	006e5200	8	
	006e5210	8	
	006e5220	8	
	006e5230	8	
	006e5240	8	
	006e5250	8	
	006e5260	8	
	006e5270	8	
	006e5280	8	
	006e5290	8	
	006e52a0	8	
	006e52b0	8	
	006e52c0	8	
	006e52d0	8	
	006e52e0	8	
	006e52f0	8	
	006e5300	8	
	006e5310	8	
	006e5320	8	
	006e5330	8	
	006e5340	8	
	006e5350	8	
	006e5360	8	
	006e5370	8	
	006e5380	8	
	006e5390	8	
	006e53a0	8	
	006e53b0	8	
	006e53c0	8	
	006e53d0	5	
	006e53e0	19	
	006e5400	10	
	006e5410	39	
	006e5440	18	
	006e5460	12	
	006e5470	51	
	006e54b0	35	
	006e54e0	10	
	006e54f0	37	
	006e5520	18	
	006e5540	12	
	006e5550	48	
	006e5580	32	
	006e55a0	10	
	006e55b0	37	
	006e55e0	12	
	006e55f0	48	
	006e5620	42	
	006e5650	6	
	006e5660	4	
	006e5670	6	
	006e5680	6	
	006e5690	35	
	006e56c0	65	
	006e5710	284	
	006e5830	140	
	006e58c0	225	
	006e59b0	597	
	006e5c10	130	
	006e5ca0	6	
	006e5cb0	4	
	006e5cc0	52	
	006e5d00	1663	
	006e6380	5	
	006e6390	39	
	006e63c0	173	
	006e6470	77	
	006e64c0	678	
	006e6770	40	
	006e67a0	215	
	006e6880	7	
	006e6890	82	
	006e68f0	131	
	006e6973	13	
	006e6980	15	
	006e6990	3	
	006e69a0	5	
	006e69b0	6	
	006e69c0	675	
	006e6c70	644	
	006e6f00	5	
	006e6f10	25	
	006e6f30	12	
	006e6f40	5	
	006e6f4d	3	
	006e6f50	19	
	006e6f63	13	
	006e6f70	115	
	006e6ff0	6	
	006e7000	18	
	006e7030	50	
	006e7070	27	
	006e7090	44	
	006e70c0	6	
	006e70d0	145	
	006e7170	147	
	006e7210	574	
	006e7450	34	
	006e7480	224	
	006e7560	575	
	006e77a0	7	
	006e77b0	181	
	006e7870	181	
	006e7930	169	
	006e79e0	6	
	006e79f0	105	
	006e7a60	6	
	006e7a70	13	
	006e7a80	25	
	006e7aa0	12	
	006e7ab0	53	
	006e7af0	97	
	006e7b60	53	
	006e7ba0	1018	
	006e7fa0	398	
	006e8130	35	
	006e8160	26	
	006e8180	58	
	006e81c0	33	
	006e81f0	24	
	006e8210	21	
	006e8230	21	
	006e8250	25	
	006e8270	12	
	006e8280	5	
	006e8290	11	
	006e82a0	5	
	006e82b0	19	
	006e82d0	5	
	006e82e0	19	
	006e8300	10	
	006e8310	23	
	006e8330	12	
	006e8340	31	
	006e8360	35	
	006e8390	64	
	006e83d0	11	
	006e83e0	124	
	006e8460	146	
	006e8500	62	
	006e8540	36	
	006e8570	507	
	006e8770	6	
	006e8780	210	
	006e8860	48	
	006e8890	640	
	006e8b10	11	
	006e8b20	306	
	006e8c60	22	
	006e8c80	159	
	006e8d20	388	
	006e8eb0	30	
	006e8ed0	119	
	006e8f50	31	
	006e8f70	233	
	006e9060	28	
	006e9080	377	
	006e9200	76	
	006e9250	592	
	006e94a0	365	
	006e9610	133	
	006e96a0	59	
	006e96e0	137	
	006e9770	227	
	006e9860	38	
	006e9890	108	
	006e9900	220	
	006e99e0	373	
	006e9b60	424	
	006e9d10	31	
	006e9d30	15	
	006e9d40	53	
	006e9d80	65	
	006e9dd0	204	
	006e9ea0	920	
	006ea240	390	
	006ea3d0	392	
	006ea560	95	
	006ea5c0	418	
	006ea770	174	
	006ea820	28	
	006ea840	91	
	006ea8a0	111	
	006ea910	46	
	006ea940	3	
	006ea950	91	
	006ea9b0	29	
	006ea9d0	6	
	006ea9e0	9	
	006ea9f0	75	
	006eaa40	56	
	006eaa80	221	
	006eab60	6	
	006eab70	18	
	006eab90	776	
	006eaea0	29	
	006eaec0	35	
	006eaef0	53	
	006eaf30	316	
	006eb070	25	
	006eb090	12	
	006eb0a0	8	
	006eb0b0	5	
	006eb0c0	11	
	006eb0d0	5	
	006eb0e0	19	
	006eb100	65	
	006eb150	35	
	006eb180	72	
	006eb1d0	70	
	006eb220	132	
	006eb2b0	18	
	006eb2d0	404	
	006eb470	380	
	006eb5f0	24	
	006eb610	102	
	006eb680	43	
	006eb6b0	59	
	006eb6f0	17	
	006eb710	71	
	006eb760	34	
	006eb790	32	
	006eb7b0	37	
	006eb7e0	95	
	006eb840	32	
	006eb860	48	
	006eb890	31	
	006eb8b0	120	
	006eb930	20	
	006eb950	47	
	006eb980	19	
	006eb9a0	45	
	006eb9d0	184	
	006eba90	105	
	006ebb00	80	
	006ebb50	35	
	006ebb80	50	
	006ebbc0	377	
	006ebd40	166	
	006ebdf0	165	
	006ebea0	972	
	006ec270	1010	
	006ec670	90	
	006ec6d0	126	
	006ec750	32	
	006ec780	9	
	006ec790	22	
	006ec7b0	74	
	006ec800	68	
	006ec850	68	
	006ec8a0	25	
	006ec8c0	12	
	006ec8d0	5	
	006ec8e0	11	
	006ec8f0	171	
	006ec9a0	242	
	006ecaa0	254	
	006ecba0	254	
	006ecca0	208	
	006ecd70	373	
	006ecef0	40	
	006ecf20	20	
	006ecf40	104	
	006ecfb0	59	
	006ecff0	178	
	006ed0b0	190	
	006ed170	138	
	006ed200	105	
	006ed270	105	
	006ed2e0	139	
	006ed370	154	
	006ed410	74	
	006ed460	156	
	006ed500	253	
	006ed600	266	
	006ed710	213	
	006ed7f0	147	
	006ed890	247	
	006ed990	28	
	006ed9b0	206	
	006eda80	184	
	006edb40	177	
	006edc00	195	
	006edcd0	195	
	006edda0	199	
	006ede70	177	
	006edf30	177	
	006edff0	246	
	006ee0f0	165	
	006ee1a0	221	
	006ee280	87	
	006ee2e0	78	
	006ee330	96	
	006ee390	43	
	006ee3c0	235	
	006ee4b0	376	
	006ee630	104	
	006ee6a0	104	
	006ee710	222	
	006ee7f0	25	
	006ee810	12	
	006ee820	5	
	006ee830	11	
	006ee840	135	
	006ee8d0	248	
	006ee9d0	212	
	006eeab0	237	
	006eeba0	117	
	006eec20	32	
	006eec40	124	
	006eecc0	133	
	006eed50	137	
	006eede0	137	
	006eee70	174	
	006eef20	169	
	006eefd0	80	
	006ef020	111	
	006ef090	113	
	006ef110	113	
	006ef190	167	
	006ef240	173	
	006ef2f0	78	
	006ef340	25	
	006ef360	12	
	006ef370	5	
	006ef380	11	
	006ef390	5	
	006ef3a0	19	
	006ef3c0	280	
	006ef4e0	805	
	006ef810	143	
	006ef8a0	312	
	006ef9e0	261	
	006efaf0	143	
	006efb80	331	
	006efcd0	135	
	006efd60	92	
	006efdc0	393	
	006eff50	291	
	006f0073	45	
	006f00a0	196	
	006f0170	301	
	006f02a0	117	
	006f0320	263	
	006f0430	220	
	006f0510	139	
	006f05a0	206	
	006f0670	443	
	006f0830	25	
	006f0850	12	
	006f0860	5	
	006f0870	11	
	006f0880	170	
	006f0930	130	
	006f09c0	24	
	006f09e0	113	
	006f0a60	24	
	006f0a80	31	
	006f0aa0	98	
	006f0b10	93	
	006f0b70	141	
	006f0c00	93	
	006f0c60	93	
	006f0cc0	17	
	006f0ce0	25	
	006f0d00	12	
	006f0d10	5	
	006f0d20	11	
	006f0d30	5	
	006f0d40	19	
	006f0d60	324	
	006f0eb0	349	
	006f1010	397	
	006f11a0	811	
006f11a0	006f14f5	1400	
	006f1b20	254	
	006f1c20	247	
	006f1d20	122	
	006f1da0	373	
	006f1f20	717	
	006f21f0	256	
	006f22f0	226	
	006f23e0	112	
	006f2450	385	
	006f25e0	382	
	006f2760	105	
	006f27d0	112	
	006f2840	226	
	006f2930	226	
	006f2a20	263	
	006f2b30	313	
	006f2c70	407	
	006f2e10	313	
	006f2f50	267	
	006f3060	153	
	006f3100	209	
	006f31e0	359	
	006f3350	64	
	006f3390	103	
	006f3400	73	
	006f3450	310	
	006f3590	187	
	006f3650	25	
	006f3670	12	
	006f3680	5	
	006f3690	11	
	006f36a0	5	
	006f36b0	19	
	006f36d0	10	
	006f36e0	37	
	006f3710	18	
	006f3730	12	
	006f3740	48	
	006f3770	32	
	006f3790	345	
	006f38f0	98	
	006f3960	164	
	006f3a10	120	
	006f3a90	98	
	006f3b00	120	
	006f3b80	200	
	006f3c50	230	
	006f3d40	153	
	006f3de0	266	
	006f3ef0	249	
	006f3ff0	149	
	006f4090	138	
	006f4120	155	
	006f41c0	240	
	006f42b0	134	
	006f4340	178	
	006f4400	37	
	006f4430	74	
	006f4480	246	
	006f4580	142	
	006f4610	166	
	006f46c0	183	
	006f4780	155	
	006f4820	125	
	006f48a0	210	
	006f4980	147	
	006f4a20	202	
	006f4af0	447	
	006f4cb0	140	
	006f4d40	130	
	006f4dd0	127	
	006f4e50	155	
	006f4ef0	195	
	006f4fc0	272	
	006f50d0	154	
	006f5170	107	
	006f5210	131	
	006f52a0	112	
	006f5310	134	
	006f53a0	190	
	006f5460	145	
	006f5500	102	
	006f5570	135	
	006f5600	127	
	006f5680	127	
	006f5700	110	
	006f5770	330	
	006f58c0	184	
	006f5980	214	
	006f5a60	88	
	006f5ac0	92	
	006f5b20	177	
	006f5be0	152	
	006f5c80	106	
	006f5cf0	117	
	006f5d70	123	
	006f5df0	106	
	006f5e60	106	
	006f5ed0	106	
	006f5f40	117	
	006f5fc0	158	
	006f6060	24	
	006f6080	131	
	006f6110	25	
	006f6130	12	
	006f6140	5	
	006f6150	19	
	006f6170	5	
	006f6180	11	
	006f6190	68	
	006f61e0	106	
	006f6250	25	
	006f6270	12	
	006f6280	5	
	006f6290	11	
	006f62a0	1	
	006f62b0	1	
	006f62c0	1	
	006f62d0	25	
	006f62f0	12	
	006f6300	5	
	006f6310	11	
	006f6320	90	
	006f6380	932	
	006f6730	179	
	006f67f0	67	
	006f6840	18	
	006f6860	23	
	006f6880	23	
	006f68a0	18	
	006f68c0	11	
	006f68d0	18	
	006f68f0	18	
	006f6910	9	
	006f6920	18	
	006f6940	18	
	006f6960	18	
	006f6980	18	
	006f69a0	25	
	006f69c0	11	
	006f69d0	18	
	006f69f0	18	
	006f6a10	18	
	006f6a30	28	
	006f6a50	21	
	006f6a70	21	
	006f6a90	14	
	006f6aa0	14	
	006f6ab0	14	
	006f6ac0	14	
	006f6ad0	14	
	006f6ae0	14	
	006f6af0	21	
	006f6b10	21	
	006f6b30	26	
	006f6b50	21	
	006f6b70	14	
	006f6b80	14	
	006f6b90	14	
	006f6ba0	19	
	006f6bc0	14	
	006f6bd0	14	
	006f6be0	21	
	006f6c00	21	
	006f6c20	14	
	006f6c30	21	
	006f6c50	21	
	006f6c70	21	
	006f6c90	26	
	006f6cb0	5	
	006f6cc0	11	
	006f6cd0	5	
	006f6ce0	19	
	006f6d00	550	
	006f6fa0	75	
	006f6ff0	53	
	006f7030	53	
	006f7070	142	
	006f7100	135	
	006f7190	142	
	006f7220	83	
	006f7280	81	
	006f72e0	86	
	006f7340	34	
	006f7370	15	
	006f7380	64	
	006f73c0	80	
	006f7410	92	
	006f7470	130	
	006f7500	25	
	006f7520	25	
	006f7540	38	
	006f7570	77	
	006f75c0	77	
	006f7610	90	
	006f7670	77	
	006f76c0	77	
	006f7710	130	
	006f77a0	90	
	006f7800	65	
	006f7850	43	
	006f7880	43	
	006f78b0	43	
	006f78e0	43	
	006f7910	215	
	006f79f0	44	
	006f7a20	44	
	006f7a50	44	
	006f7a80	44	
	006f7ab0	44	
	006f7ae0	87	
	006f7b40	44	
	006f7b70	25	
	006f7b90	12	
	006f7ba0	5	
	006f7bb0	11	
	006f7bc0	5	
	006f7bd0	19	
	006f7bf0	116	
	006f7c70	230	
	006f7d60	211	
	006f7e40	269	
	006f7f50	269	
	006f8060	201	
	006f8130	298	
	006f8260	31	
	006f8280	59	
	006f82c0	23	
	006f82e0	144	
	006f8370	232	
	006f8460	85	
	006f84c0	315	
	006f8600	55	
	006f8640	228	
	006f8730	64	
	006f8770	300	
	006f88a0	351	
	006f8a00	658	
	006f8ca0	246	
	006f8da0	122	
	006f8e20	81	
	006f8e80	517	
	006f9090	31	
	006f90b0	306	
	006f91f0	216	
	006f92d0	447	
	006f94a0	414	
	006f9640	367	
	006f97b0	514	
	006f99c0	153	
	006f9a60	60	
	006f9aa0	191	
	006f9b60	245	
	006f9c60	205	
	006f9d30	132	
	006f9dc0	400	
	006f9f50	287	
	006fa070	82	
	006fa0d0	16	
	006fa0e0	117	
	006fa160	31	
	006fa180	155	
	006fa220	159	
	006fa2c0	137	
	006fa350	223	
	006fa430	19	
	006fa450	27	
	006fa470	27	
	006fa490	211	
	006fa570	136	
	006fa600	170	
	006fa6b0	186	
	006fa770	616	
	006fa9e0	81	
	006faa40	20	
	006faa60	73	
	006faab0	44	
	006faae0	80	
	006fab30	136	
	006fabc0	85	
	006fac20	36	
	006fac50	188	
	006fad10	231	
	006fae00	227	
	006faef0	514	
	006fb100	69	
	006fb150	155	
	006fb1f0	300	
	006fb320	92	
	006fb380	94	
	006fb3e0	99	
	006fb450	99	
	006fb4c0	88	
	006fb520	91	
	006fb580	34	
	006fb5b0	206	
	006fb680	31	
	006fb6a0	210	
	006fb780	179	
	006fb840	121	
	006fb8c0	655	
	006fbb50	243	
	006fbc50	121	
	006fbcd0	137	
006fbcd0	006fbd6e	16	
	006fbd59	21	
	006fbd80	60	
	006fbdc0	60	
	006fbe00	21	
	006fbe20	100	
	006fbe90	67	
	006fbee0	239	
	006fbfd0	68	
	006fc020	37	
	006fc050	63	
	006fc090	157	
	006fc130	947	
	006fc520	20	
	006fc540	50	
	006fc580	166	
	006fc630	110	
	006fc6a0	270	
	006fc7b0	252	
	006fc8b0	150	
	006fc950	143	
	006fc9e0	249	
	006fcae0	254	
	006fcbe0	86	
	006fcc40	85	
	006fcca0	204	
	006fcd70	143	
	006fce00	50	
	006fce40	31	
	006fce60	235	
	006fcf50	326	
	006fd0a0	219	
	006fd180	219	
	006fd260	129	
	006fd2f0	338	
	006fd450	194	
	006fd520	216	
	006fd600	188	
	006fd6c0	85	
	006fd720	181	
	006fd7e0	86	
	006fd840	116	
	006fd8c0	117	
	006fd940	240	
	006fda30	160	
	006fdad0	175	
	006fdb80	40	
	006fdbb0	31	
	006fdbd0	162	
	006fdc80	86	
	006fdce0	154	
	006fdd80	108	
	006fddf0	46	
	006fde20	177	
	006fdee0	95	
	006fdf40	95	
	006fdfa0	39	
	006fdfd0	45	
	006fe000	142	
	006fe090	342	
	006fe1f0	140	
	006fe280	53	
	006fe2c0	244	
	006fe3c0	258	
	006fe4d0	378	
	006fe650	249	
	006fe750	104	
	006fe7c0	51	
	006fe800	190	
	006fe8c0	148	
	006fe960	148	
	006fea00	100	
	006fea70	63	
	006feab0	224	
	006feb90	162	
	006fec40	299	
	006fed70	155	
	006fee10	157	
	006feeb0	83	
	006fef10	87	
	006fef70	129	
	006ff000	175	
	006ff0b0	175	
	006ff160	268	
	006ff270	281	
	006ff390	261	
	006ff4a0	55	
	006ff4e0	30	
	006ff500	30	
	006ff520	123	
	006ff5a0	35	
	006ff5d0	100	
	006ff640	171	
	006ff6f0	16	
	006ff700	36	
	006ff730	32	
	006ff750	40	
	006ff780	101	
	006ff7f0	72	
	006ff840	125	
	006ff8c0	29	
	006ff8e0	40	
	006ff910	123	
	006ff990	247	
	006ffa90	121	
	006ffb10	135	
	006ffba0	260	
	006ffcb0	568	
	006ffef0	29	
	006fff10	29	
	006fff30	29	
	006fff50	26	
	006fff70	25	
	006fff90	12	
	006fffa0	5	
	006fffb0	11	
	006fffc0	5	
	006fffd0	35886	
	00708c00	25	
	00708c20	12	
	00708c30	5	
	00708c40	11	
	00708c50	46	
	00708c80	34	
	00708cb0	37	
	00708ce0	327	
	00708e30	125	
	00708eb0	24	
	00708ed0	162	
	00708fc0	64	
	00709000	302	
	00709170	275	
	00709290	279	
	007093b0	121	
	00709430	53	
	00709470	152	
	00709510	38	
	00709540	1	
	00709550	25	
	00709570	12	
	00709580	5	
	00709590	19	
	007095b0	5	
	007095c0	11	
	007095d0	5	
	007095e0	23	
	00709600	10	
	00709610	39	
	00709640	18	
	00709660	12	
	00709670	51	
	007096b0	35	
	007096e0	31	
	00709700	49	
	00709740	6	
	00709750	4	
	00709760	3	
	00709770	5	
	00709780	3	
	00709790	5	
	007097a0	5	
	007097b0	5	
	007097c0	5	
	007097d0	3	
	007097e0	5	
	007097f0	5	
	00709800	3	
	00709810	3	
	00709820	3	
	00709830	5	
	00709840	3	
	00709850	6	
	00709860	6	
	00709870	35	
	007098a0	100	
	00709910	42	
	00709940	56	
	00709980	151	
	00709a20	20	
	00709a40	85	
	00709aa0	409	
	00709c40	20	
	00709c60	2038	
	0070a460	174	
	0070a510	97	
	0070a580	115	
	0070a600	36	
	0070a630	275	
	0070a750	10	
	0070a760	392	
	0070a8f0	376	
	0070aa70	76	
	0070aac0	315	
	0070ac00	29	
	0070ac20	35	
	0070ac50	32	
	0070ac70	339	
	0070add0	55	
	0070ae10	24	
	0070ae30	6	
	0070ae40	28	
	0070ae60	25	
	0070ae80	12	
	0070ae90	5	
	0070aea0	11	
	0070aeb0	291	
	0070afe0	87	
	0070b040	156	
	0070b0e0	25	
	0070b100	27	
	0070b120	211	
	0070b200	27	
	0070b220	1415	
	0070b7f0	136	
	0070b880	136	
	0070b910	131	
	0070b9a0	37	
	0070b9d0	20	
	0070b9f0	41	
	0070ba20	43	
	0070ba50	38	
	0070ba80	18	
	0070baa0	25	
	0070bac0	12	
	0070bad0	5	
	0070bae0	11	
	0070baf0	5	
	0070bb00	19	
	0070bb20	570	
	0070bd60	562	
	0070bfa0	482	
	0070c190	406	
	0070c330	292	
	0070c460	254	
	0070c560	245	
	0070c660	95	
	0070c6c0	141	
	0070c750	164	
	0070c800	205	
	0070c8d0	194	
	0070c9a0	168	
	0070ca50	92	
	0070cab0	203	
	0070cb80	74	
	0070cbd0	95	
	0070cc30	267	
	0070cd40	53	
	0070cd80	80	
	0070cdd0	25	
	0070cdf0	12	
	0070ce00	5	
	0070ce10	11	
	0070ce20	5	
	0070ce30	19	
	0070ce50	5	
	0070ce60	37	
	0070ce90	30	
	0070ceb0	26	
	0070ced0	1	
	0070cee0	97	
	0070cf50	52	
	0070cf90	61	
	0070cfd0	61	
	0070d010	15	
	0070d020	39	
	0070d050	39	
	0070d080	98	
	0070d0f0	162	
	0070d1a0	122	
	0070d220	193	
	0070d2f0	112	
	0070d360	215	
	0070d440	58	
	0070d480	179	
	0070d540	169	
	0070d5f0	122	
	0070d670	28	
	0070d690	170	
	0070d740	185	
	0070d800	14	
	0070d810	12	
	0070d820	30	
	0070d840	35	
	0070d870	37	
	0070d8a0	25	
	0070d8c0	12	
	0070d8d0	139	
	0070d960	6	
	0070d970	87	
	0070d9d0	19	
	0070d9f0	19	
	0070da10	25	
	0070da30	12	
	0070da40	5	
	0070da50	11	
	0070da60	25	
	0070da80	12	
	0070da90	5	
	0070daa0	11	
	0070dab0	5	
	0070dac0	19	
	0070dae0	3243	
	0070e820	2713	
	0070f350	35	
	0070f380	241	
	0070f480	250	
	0070f580	25	
	0070f5a0	12	
	0070f5b0	5	
	0070f5c0	11	
	0070f5d0	5	
	0070f5e0	19	
	0070f600	339	
	0070f7a0	25	
	0070f7c0	12	
	0070f7d0	5	
	0070f7e0	11	
	0070f7f0	229	
	0070f8e0	207	
	0070f9b0	149	
	0070fa50	204	
	0070fb20	100	
	0070fb90	14	
	0070fba0	76	
	0070fbf0	108	
	0070fc60	59	
	0070fca0	103	
	0070fd10	81	
	0070fd70	107	
	0070fde0	114	
	0070fe60	155	
	0070ff00	59	
	0070ff40	88	
	0070ffa0	60	
	0070ffe0	60	
	00710020	37	
	00710050	93	
	007100b0	79	
	00710100	26	
	00710120	37	
	00710150	118	
	007101d0	83	
	00710230	67	
	00710280	117	
	00710300	25	
	00710320	12	
	00710330	5	
	00710340	11	
	00710350	175	
	00710410	70	
	00710460	48	
	00710490	70	
	007104e0	48	
	00710510	148	
	007105b0	118	
	00710630	95	
	00710690	232	
	00710780	172	
	00710830	36	
	00710860	46	
	00710890	46	
	007108c0	127	
	00710940	266	
	00710a50	65	
	00710aa0	198	
	00710b70	198	
	00710c40	92	
	00710ca0	256	
	00710da0	25	
	00710dc0	12	
	00710dd0	5	
	00710de0	19	
	00710e00	5	
	00710e10	11	
	00710e20	49	
	00710e60	47	
	00710e90	48	
	00710ec0	81	
	00710f20	122	
	00710fa0	94	
	00711000	100	
	00711070	100	
	007110e0	100	
	00711150	48	
	00711180	19	
	007111a0	41	
	007111d0	29	
	007111f0	19	
	00711210	19	
	00711230	76	
	00711280	238	
	00711370	158	
	00711410	158	
	007114b0	101	
	00711520	31	
	00711540	25	
	00711560	12	
	00711570	5	
	00711580	19	
	007115a0	95	
	00711600	6	
	00711610	24	
	00711630	59	
	00711670	80	
	007116c0	15	
	007116d0	47	
	00711700	161	
	007117b0	161	
	00711860	25	
	00711880	12	
	00711890	10	
	007118a0	10	
	007118b0	12	
	007118c0	31	
	007118e0	227	
	007119d0	167	
	00711a80	197	
	00711b50	142	
	00711be0	170	
	00711c90	201	
	00711d60	30	
	00711d80	7	
	00711d90	6	
	00711dc0	5	
	00711dd0	19	
	00711df0	5	
	00711e00	11	
	00711e10	238	
	00711f00	192	
	00711fc0	22	
	00711fe0	57	
	00712020	57	
	00712060	63	
	007120a0	63	
	007120e0	61	
	00712120	61	
	00712160	61	
	007121a0	57	
	007121e0	69	
	00712230	53	
	00712270	53	
	007122b0	58	
	007122f0	58	
	00712330	56	
	00712370	56	
	007123b0	56	
	007123f0	53	
	00712430	56	
	00712470	150	
	00712510	74	
	00712560	80	
	007125b0	74	
	00712600	96	
	00712660	108	
	007126d0	108	
	00712740	197	
	00712810	25	
	00712830	12	
	00712840	5	
	00712850	11	
	00712860	5	
	00712870	19	
	00712890	5	
	007128a0	19	
	007128c0	10	
	007128d0	13	
	007128e0	12	
	007128f0	21	
	00712910	61	
	00712950	104	
	007129c0	28	
	007129e0	153	
	00712a80	116	
	00712b00	12	
	00712b10	1	
	00712b20	473	
	00712d00	537	
	00712f20	184	
	00712fe0	5	
	00712ff0	239	
	007130e0	61	
	00713120	17	
	00713140	354	
	007132b0	279	
	007133d0	22	
	007133f0	82	
	00713450	58	
	00713490	66	
	007134e0	86	
	00713540	87	
	007135a0	82	
	00713600	82	
	00713660	163	
	00713710	586	
	00713970	104	
	007139e0	71	
	00713a30	71	
	00713a80	162	
	00713b30	61	
	00713b70	331	
	00713cc0	311	
	00713e00	462	
	00713fd0	341	
	00714130	126	
	007141b0	36	
	007141e0	129	
	00714270	212	
	00714350	71	
	007143a0	123	
	00714420	102	
	00714490	1583	
	00714ac0	25	
	00714ae0	12	
	00714af0	298	
	00714c20	11	
	00714c30	42	
	00714c60	25	
	00714c80	12	
	00714c90	5	
	00714ca0	19	
	00714cc0	5	
	00714cd0	11	
	00714ce0	5	
	00714cf0	19	
	00714d10	776	
	00715080	33	
	007150b0	33	
	007150e0	70	
	00715130	24	
	00715150	38	
	00715180	5106	
00715180	007165ca	6349	
	00716572	88	
	00718060	75	
	007180b0	413	
	00718250	66	
	007182a0	15	
	007182b0	47	
	007182e0	67	
	00718330	1342	
	00718870	802	
	00718ba0	105	
	00718c10	33	
	00718c40	1122	
	007190b0	92	
	00719110	214	
	007191f0	130	
	00719280	93	
	007192e0	271	
	007193f0	271	
	00719500	271	
	00719610	22	
	00719630	77	
	00719680	77	
	007196d0	25	
	007196f0	12	
	00719700	5	
	00719710	11	
	00719720	5	
	00719730	19	
	00719750	154	
	007197f0	73	
	00719840	73	
	00719890	24	
	007198b0	24	
	007198d0	25	
	007198f0	25	
	00719910	54	
	00719950	54	
	00719990	25	
	007199b0	12	
	007199c0	10	
	007199d0	39	
	00719a00	7	
	00719a10	18	
	00719a30	12	
	00719a40	51	
	00719a80	35	
	00719ab0	112	
	00719b20	51	
	00719b60	40	
	00719b90	124	
	00719c10	27	
	00719c30	15	
	00719c40	103	
	00719cb0	59	
	00719cf0	57	
	00719d30	35	
	00719d60	109	
	00719dd0	38	
	00719e00	118	
	00719e80	15	
	00719e90	796	
	0071a1b0	8	
	0071a1c0	64	
	0071a200	44	
	0071a230	232	
	0071a320	232	
	0071a410	13	
	0071a420	25	
	0071a440	12	
	0071a450	5	
	0071a460	11	
	0071a470	5	
	0071a480	19	
	0071a4a0	25	
	0071a4c0	12	
	0071a4d0	16	
	0071a4e0	32	
	0071a500	11	
	0071a510	10	
	0071a520	10	
	0071a530	12	
	0071a540	31	
	0071a560	136	
	0071a5f0	30	
	0071a610	42	
	0071a640	11	
	0071a650	210	
	0071a730	93	
	0071a790	93	
	0071a7f0	93	
	0071a850	51	
	0071a890	89	
	0071a8f0	63	
	0071a930	25	
	0071a950	12	
	0071a960	5	
	0071a970	19	
	0071a990	5	
	0071a9a0	11	
	0071a9b0	10	
	0071a9c0	39	
	0071a9f0	18	
	0071aa10	12	
	0071aa20	51	
	0071aa60	35	
	0071aa90	125	
	0071ab10	26	
	0071ab30	35	
	0071ab60	11	
	0071ab70	120	
	0071abf0	114	
	0071ac70	371	
	0071adf0	22	
	0071ae10	167	
	0071aec0	26	
	0071aee0	108	
	0071af50	148	
	0071aff0	45	
	0071b020	262	
	0071b130	306	
	0071b270	410	
	0071b410	341	
	0071b570	114	
	0071b5f0	458	
	0071b7c0	1110	
	0071bc20	3	
	0071bc30	108	
	0071bcd0	85	
	0071bd50	85	
	0071bdd0	3	
	0071bde0	45	
	0071be10	6	
	0071be20	6	
	0071be30	6	
	0071be40	110	
	0071beb0	18	
	0071bed0	50	
	0071bf10	92	
	0071bf70	349	
	0071c0d0	185	
	0071c190	604	
	0071c3f0	13	
	0071c400	19	
	0071c420	13	
	0071c430	30	
	0071c450	7	
	0071c460	494	
	0071c650	49	
	0071c690	83	
	0071c6f0	276	
	0071c810	85	
	0071c870	184	
	0071c930	47	
	0071c960	47	
	0071c990	86	
	0071c9f0	103	
	0071ca60	133	
	0071caf0	133	
	0071cb80	96	
	0071cbe0	96	
	0071cc40	128	
	0071ccc0	56	
	0071cd00	56	
	0071cd40	38	
	0071cd70	116	
	0071cdf0	116	
	0071ce70	58	
	0071ceb0	222	
	0071cf90	68	
	0071cfe0	36	
	0071d010	36	
	0071d040	36	
	0071d070	58	
	0071d0b0	79	
	0071d100	190	
	0071d1c0	164	
	0071d270	144	
	0071d300	23	
	0071d320	110	
	0071d390	21	
	0071d3b0	55	
	0071d3f0	71	
	0071d440	46	
	0071d470	18	
	0071d490	25	
	0071d4b0	12	
	0071d4c0	5	
	0071d4d0	19	
	0071d4f0	25	
	0071d510	166	
	0071d5c0	30	
	0071d5e0	69	
	0071d630	10	
	0071d640	23	
	0071d660	18	
	0071d680	12	
	0071d690	31	
	0071d6b0	32	
	0071d6d0	22	
	0071d6f0	34	
	0071d720	213	
	0071d800	215	
	0071d8e0	172	
	0071d990	299	
	0071dac0	188	
	0071db80	476	
	0071dd60	1194	
	0071e210	75	
	0071e260	59	
	0071e2a0	25	
	0071e2c0	12	
	0071e2d0	5	
	0071e2e0	19	
	0071e300	177	
	0071e3c0	32	
	0071e3e0	128	
	0071e460	129	
	0071e4f0	164	
	0071e5a0	78	
	0071e5f0	32	
	0071e610	40	
	0071e640	58	
	0071e680	214	
	0071e760	217	
	0071e840	118	
	0071e8c0	85	
	0071e920	284	
	0071ea40	284	
	0071eb60	113	
	0071ebe0	68	
	0071ec30	93	
	0071ec90	28	
	0071ecb0	23	
	0071ecd0	99	
	0071ed40	20	
	0071ed60	40	
	0071ed90	25	
	0071edb0	12	
	0071edc0	5	
	0071edd0	11	
	0071ede0	5	
	0071edf0	19	
	0071ee10	5	
	0071ee20	19	
	0071ee40	10	
	0071ee50	37	
	0071ee80	18	
	0071eea0	12	
	0071eeb0	48	
	0071eee0	83	
	0071ef40	46	
	0071ef70	277	
	0071f090	38	
	0071f0c0	26	
	0071f0e0	134	
	0071f170	38	
	0071f1a0	148	
	0071f240	392	
	0071f3d0	157	
	0071f470	31	
	0071f490	23	
	0071f4b0	120	
	0071f530	43	
	0071f560	98	
	0071f5d0	98	
	0071f640	571	
	0071f880	103	
	0071f8f0	5	
	0071f900	26	
	0071f920	11	
	0071f930	33	
	0071f960	25	
	0071f980	12	
	0071f990	5	
	0071f9a0	19	
	0071f9c0	5	
	0071f9d0	11	
	0071f9e0	5	
	0071f9f0	23	
	0071fa10	21	
	0071fa30	190	
	0071faf0	6	
	0071fb00	6	
	0071fb10	35	
	0071fb40	420	
	0071fcf0	147	
	0071fd90	177	
	0071fe50	643	
	007200e0	72	
	00720130	9	
	00720140	26	
	00720160	38	
	00720190	19	
	007201b0	32	
	007201d0	14	
	007201e0	4	
	007201f0	47	
	00720220	4	
	00720230	4	
	00720240	35	
	00720270	49	
	007202b0	9	
	007202c0	7	
	007202d0	7	
	007202e0	32	
	00720300	141	
	00720390	65	
	007203e0	1	
	007203f0	58	
	00720430	35	
	00720460	106	
	007204d0	394	
	00720660	164	
	00720710	28	
	00720730	22	
	00720750	179	
	00720810	12	
	00720820	10	
	00720830	79	
	00720880	132	
	00720910	94	
	00720970	22	
	00720990	247	
	00720a90	71	
	00720ae0	56	
	00720b20	67	
	00720b70	185	
	00720c30	775	
	00720f40	31	
	00720f60	39	
	00720f90	13	
	00720fa0	15	
	00720fb0	13	
	00720fc0	13	
	00720fd0	111	
	00721040	173	
	007210f0	217	
	007211d0	187	
	00721290	43	
	007212c0	45	
	007212f0	5	
	00721300	57	
	00721340	26	
	00721360	16	
	00721370	52	
	007213b0	28	
	007213d0	172	
	00721480	56	
	007214c0	69	
	00721510	34	
	00721540	42	
	00721570	80	
	007215c0	112	
	00721630	149	
	007216d0	18	
	007216f0	25	
	00721710	25	
	00721730	106	
	007217a0	92	
	00721800	145	
	007218a0	12	
	007218b0	12	
	007218c0	12	
	007218d0	12	
	007218e0	7	
	007218f0	20	
	00721910	17	
	00721930	921	
	00721cd0	920	
	00722070	68	
	007220c0	68	
	00722110	68	
	00722160	25	
	00722180	12	
	00722190	5	
	007221a0	19	
	007221c0	5	
	007221d0	11	
	007221e0	35	
	00722210	3	
	00722220	6	
	00722230	6	
	00722240	35	
	00722270	49	
	007222b0	8	
	007222c0	7	
	007222d0	168	
	00722380	117	
	00722400	143	
	00722490	88	
	007224f0	5	
	00722500	14	
	00722510	12	
	00722520	110	
	00722590	110	
	00722600	25	
	00722620	12	
	00722630	5	
	00722640	19	
	00722660	82	
	007226c0	7	
	007226d0	6	
	007226e0	6	
	007226f0	6	
	00722700	35	
	00722730	115	
	007227b0	27	
	007227d0	203	
	007228a0	46	
	007228d0	105	
	00722940	297	
	00722a70	171	
	00722b20	14	
	00722b30	68	
	00722b80	152	
	00722c20	302	
	00722d50	296	
	00722e80	288	
	00722fa0	7	
	00722fb0	6	
	00722fc0	76	
	00723010	28	
	00723030	22	
	00723050	25	
	00723070	12	
	00723080	5	
	00723090	19	
	007230b0	5	
	007230c0	31	
	007230e0	7	
	007230f0	7	
	00723100	53	
	00723140	27	
	00723160	6	
	00723170	4	
	00723180	53	
	007231c0	71	
	00723210	45	
	00723240	47	
	00723270	5	
	00723280	77	
	007232d0	241	
	007233d0	341	
	00723530	9	
	00723540	9	
	00723550	7	
	00723560	7	
	00723570	1027	
	00723980	39	
	007239b0	45	
	007239e0	27	
	00723a00	39	
	00723a30	73	
	00723a80	252	
	00723b80	55	
	00723bc0	1337	
	00724100	287	
	00724220	47	
	00724250	55	
	00724290	6	
	007242a0	1239	
	00724780	288	
	007248a0	296	
	007249d0	228	
	00724ac0	232	
	00724bb0	19	
	00724bd0	19	
	00724bf0	25	
	00724c10	12	
	00724c20	5	
	00724c30	11	
	00724c40	5	
	00724c50	19	
	00724c70	14	
	00724c80	8	
	00724c90	68	
	00724ce0	77	
	00724d30	71	
	00724d80	302	
	00724eb0	5	
	00724ec0	15	
	00724ed0	1024	
	007252d0	30	
	007252f0	96	
	00725350	96	
	007253b0	98	
	00725420	98	
	00725490	25	
	007254b0	12	
	007254c0	5	
	007254d0	19	
	007254f0	8	
	00725500	52	
	00725540	28	
	00725560	7	
	00725570	7	
	00725580	56	
	007255c0	54	
	00725600	191	
	007256c0	36	
	007256f0	55	
	00725730	18	
	00725750	56	
	00725790	99	
	00725800	42	
	00725830	395	
	007259c0	28	
	007259e0	64	
	00725a20	14	
	00725a30	145	
	00725ad0	38	
	00725b00	32	
	00725b20	208	
	00725bf0	93	
	00725c50	49	
	00725c90	179	
	00725d50	179	
	00725e10	25	
	00725e30	12	
	00725e40	5	
	00725e50	19	
	00725e70	5	
	00725e80	23	
	00725ea0	14	
	00725ec0	19	
	00725ef0	10	
	00725f00	39	
	00725f30	7	
	00725f40	18	
	00725f60	12	
	00725f70	51	
	00725fb0	35	
	00725fe0	1	
	00725ff0	140	
	00726080	29	
	007260a0	62	
	007260e0	3	
	007260f0	36	
	00726120	3	
	00726130	3	
	00726140	32	
	00726160	51	
	007261a0	97	
	00726210	103	
	00726280	20	
	007262a0	19	
	007262c0	19	
	007262e0	42	
	00726310	57	
	00726350	7	
	00726360	32	
	00726380	11	
	00726390	39	
	007263c0	95	
	00726420	13	
	00726430	83	
	00726490	174	
	00726540	43	
	0072656b	5	
	00726570	32	
	00726590	37	
	007265c0	6	
	007265d0	188	
	00726690	32	
	007266b0	38	
	007266e0	186	
	007267a0	1408	
	00726d20	13	
	00726d30	59	
	00726d70	10	
	00726d80	13	
	00726d90	12	
	00726da0	21	
	00726dc0	87	
	00726e20	6	
	00726e30	6	
	00726e40	6	
	00726e50	32	
	00726e70	142	
	00726f00	14	
	00726f10	67	
	00726f60	115	
	00726fe0	127	
	00727060	20	
	00727080	86	
	007270e0	162	
	00727190	431	
	00727340	4	
	00727350	75	
	007273a0	159	
	00727440	141	
	007274d0	191	
	00727590	155	
	00727630	78	
	00727680	7	
	00727690	12	
	007276a0	4	
	007276b0	35	
	007276e0	12	
	00727700	18	
	00727720	144	
	007277b0	76	
	00727800	315	
	00727940	181	
	00727a00	181	
	00727ac0	431	
	00727c70	443	
	00727e30	10	
	00727e40	11	
	00727e50	16	
	00727e60	25	
	00727e80	12	
	00727e90	5	
	00727ea0	19	
	00727ec0	5	
	00727ed0	31	
	00727ef0	5	
	00727f00	23	
	00727f20	48	
	00727f50	3	
	00727f60	3	
	00727f70	6	
	00727f80	6	
	00727f90	5	
	00727fa0	6	
	00727fb0	6	
	00727fc0	35	
	00727ff0	165	
	007280a0	148	
	00728140	81	
	007281a0	18	
	007281c0	16	
	007281d0	17	
	007281f0	12	
	00728200	128	
	00728280	31	
	007282a0	88	
	00728300	88	
	00728360	232	
	00728450	235	
	00728570	3	
	00728580	93	
	007285e0	20	
	00728600	19	
	00728620	20	
	00728640	20	
	00728660	10	
	00728670	10	
	00728680	26	
	007286a0	6	
	007286b0	22	
	007286d0	69	
	00728720	45	
	00728750	14	
	00728760	18	
	00728780	129	
	00728810	292	
	00728940	113	
	007289c0	49	
	00728a00	18	
	00728a20	39	
	00728a50	136	
	00728ae0	70	
	00728b30	285	
	00728c50	39	
	00728c80	130	
	00728d10	259	
	00728e20	134	
	00728eb0	67	
	00728f00	37	
	00728f30	1	
	00728f40	1	
	00728f50	5	
	00728f70	80	
	00728fc0	86	
	00729020	188	
	007290e0	4	
	007290f0	17	
	00729110	4	
	00729120	38	
	00729150	62	
	00729190	199	
	00729260	501	
	00729460	182	
	00729520	365	
	00729690	368	
	00729800	15	
	00729810	4	
	00729820	21	
	00729840	12	
	00729850	12	
	00729860	40	
	00729890	27	
	007298b0	60	
	007298f0	7	
	00729900	35	
	00729930	244	
	00729a30	19	
	00729a50	19	
	00729a70	15	
	00729a80	63	
	00729ac0	12	
	00729ad0	32	
	00729af0	50	
	00729b30	271	
	00729c40	63	
	00729c90	14	
	00729ca0	782	
	00729fb0	795	
	0072a2d0	20	
	0072a2f0	175	
	0072a3a0	82	
	0072a400	24	
	0072a420	37	
	0072a450	200	
	0072a520	5	
	0072a530	52	
	0072a570	120	
	0072a5f0	18	
	0072a610	17	
	0072a630	8	
	0072a640	233	
	0072a730	267	
	0072a840	208	
	0072a910	3	
	0072a920	6	
	0072a930	225	
	0072aa20	221	
	0072ab00	20	
	0072ab20	20	
	0072ab40	20	
	0072ab60	20	
	0072ab80	194	
	0072ac50	47	
	0072ac80	6	
	0072ac90	24	
	0072acb0	24	
	0072acd0	45	
	0072ad00	25	
	0072ad20	12	
	0072ad30	5	
	0072ad40	11	
	0072ad50	5	
	0072ad60	19	
	0072ad80	10	
	0072ad90	23	
	0072adb0	18	
	0072add0	12	
	0072ade0	31	
	0072ae00	32	
	0072ae20	10	
	0072ae30	39	
	0072ae60	7	
	0072ae70	18	
	0072ae90	12	
	0072aea0	51	
	0072aee0	35	
	0072af10	61	
	0072af50	20	
	0072af70	39	
	0072afa0	29	
	0072afc0	28	
	0072afe0	45	
	0072b010	74	
	0072b060	46	
	0072b090	54	
	0072b0d0	43	
	0072b100	85	
	0072b160	4	
	0072b170	65	
	0072b1c0	58	
	0072b200	46	
	0072b230	7	
	0072b240	25	
	0072b260	12	
	0072b270	5	
	0072b280	11	
	0072b290	5	
	0072b2a0	19	
	0072b2c0	5	
	0072b2d0	31	
	0072b2f0	5	
	0072b300	19	
	0072b320	5	
	0072b330	11	
	0072b340	5	
	0072b350	23	
	0072b370	10	
	0072b380	13	
	0072b390	12	
	0072b3a0	21	
	0072b3c0	44	
	0072b3f0	57	
	0072b430	3	
	0072b440	5	
	0072b450	5	
	0072b460	6	
	0072b470	6	
	0072b480	35	
	0072b4b0	71	
	0072b500	229	
	0072b5f0	348	
	0072b750	42	
	0072b780	56	
	0072b7c0	47	
	0072b7f0	47	
	0072b820	14	
	0072b830	15	
	0072b840	5	
	0072b850	139	
	0072b8e0	172	
	0072b990	101	
	0072ba00	127	
	0072ba80	121	
	0072bb00	59	
	0072bb40	245	
	0072bc40	215	
	0072bd20	61	
	0072bd60	10	
	0072bd70	39	
	0072bda0	12	
	0072bdb0	51	
	0072bdf0	35	
	0072be20	193	
	0072bef0	86	
	0072bf50	47	
	0072bf80	51	
	0072bfc0	52	
	0072c000	5	
	0072c010	3	
	0072c020	5	
	0072c030	3	
	0072c040	6	
	0072c050	32	
	0072c070	102	
	0072c0e0	9	
	0072c0f0	92	
	0072c150	19	
	0072c170	52	
	0072c1b0	6	
	0072c1c0	7	
	0072c1d0	3	
	0072c1e0	5	
	0072c1f0	18	
	0072c210	6	
	0072c220	6	
	0072c230	32	
	0072c250	66	
	0072c2a0	53	
	0072c2e0	1	
	0072c2f0	1	
	0072c300	1	
	0072c310	5	
	0072c320	13	
	0072c330	3	
	0072c340	5	
	0072c350	57	
	0072c390	57	
	0072c3d0	19	
	0072c3f0	19	
	0072c410	742	
	0072c700	737	
	0072c9f0	243	
	0072caf0	3	
	0072cb00	6	
	0072cb10	6	
	0072cb20	35	
	0072cb50	25	
	0072cb70	219	
	0072cc50	46	
	0072cc80	37	
	0072ccb0	140	
	0072cd40	258	
	0072ce50	6	
	0072ce60	18	
	0072ce80	18	
	0072cea0	1	
	0072ceb0	30	
	0072ced0	669	
	0072d170	19	
	0072d190	1094	
	0072d5e0	22	
	0072d600	3	
	0072d610	452	
	0072d7e0	6	
	0072d7f0	99	
	0072d860	5	
	0072d870	63	
	0072d8b0	10	
	0072d8c0	13	
	0072d8d0	12	
	0072d8e0	21	
	0072d900	58	
	0072d940	3	
	0072d950	5	
	0072d960	5	
	0072d970	6	
	0072d980	6	
	0072d990	35	
	0072d9c0	73	
	0072da10	15	
	0072da20	115	
	0072daa0	170	
	0072db50	47	
	0072db80	14	
	0072db90	269	
	0072dca0	30	
	0072dcc0	102	
	0072dd30	25	
	0072dd50	12	
	0072dd60	5	
	0072dd70	11	
	0072dd80	5	
	0072dd90	19	
	0072ddb0	25	
	0072ddd0	12	
	0072dde0	5	
	0072ddf0	11	
	0072de00	5	
	0072de10	19	
	0072de30	30	
	0072de50	32	
	0072de70	369	
	0072dff0	165	
	0072e0a0	52	
	0072e0e0	25	
	0072e100	12	
	0072e110	5	
	0072e120	11	
	0072e130	10	
	0072e140	10	
	0072e150	12	
	0072e160	31	
	0072e180	10	
	0072e190	37	
	0072e1c0	18	
	0072e1e0	12	
	0072e1f0	48	
	0072e220	32	
	0072e240	16	
	0072e250	32	
	0072e270	11	
	0072e280	30	
	0072e2a0	103	
	0072e310	158	
	0072e3b0	64	
	0072e3f0	240	
	0072e4e0	108	
	0072e5c0	99	
	0072e630	174	
	0072e6e0	89	
	0072e740	151	
	0072e7e0	132	
	0072e870	16	
	0072e880	25	
	0072e8a0	12	
	0072e8b0	5	
	0072e8c0	19	
	0072e8e0	5	
	0072e8f0	11	
	0072e900	5	
	0072e910	23	
	0072e930	10	
	0072e940	146	
	0072e9e0	12	
	0072e9f0	13	
	0072ea00	5	
	0072ea10	19	
	0072ea30	10	
	0072ea40	27	
	0072ea60	12	
	0072ea70	10	
	0072ea80	36	
	0072eab0	4	
	0072eac0	6	
	0072ead0	6	
	0072eae0	32	
	0072eb00	145	
	0072eba0	33	
	0072ebd0	11	
	0072ebe0	266	
	0072ecf0	134	
	0072ed80	52	
	0072edc0	31	
	0072ede0	142	
	0072ee70	62	
	0072eeb0	4	
	0072eec0	72	
	0072ef10	65	
	0072ef60	69	
	0072efb0	2396	
	0072f910	31	
	0072f930	45	
	0072f960	25	
	0072f980	603	
	0072fbe0	308	
	0072fd20	163	
	0072fdd0	206	
	0072fea0	77	
	0072fef0	19	
	0072ff10	85	
	0072ff70	139	
	00730000	29	
	00730020	76	
	0073006e	2	
	00730070	231	
	00730160	14	
	00730170	12	
	00730180	41	
	007301b0	8	
	007301c0	11	
	007301d0	48	
	00730200	45	
	00730230	13	
	00730240	7	
	00730250	7	
	00730270	19	
	00730290	67	
	007302e0	72	
	00730330	42	
	00730360	28	
	00730380	45	
	007303b0	45	
	007303e0	156	
	00730480	227	
	00730570	119	
	007305f0	4	
	00730600	42	
	00730630	51	
	00730670	225	
	00730760	228	
	00730850	1	
	00730860	140	
	007308f0	109	
	00730960	54	
	007309a0	51	
	007309e0	77	
	00730a30	9	
	00730a40	17	
	00730a60	71	
	00730ab0	22	
	00730ad0	38	
	00730b00	740	
	00730df0	726	
	007310d0	5	
	007310e0	10	
	007310f0	63	
	00731130	12	
	00731140	31	
	00731160	64	
	007311a0	492	
	00731390	35	
	007313c0	155	
	00731460	118	
	007314e0	121	
	00731560	642	
	007317f0	658	
	00731a90	32	
	00731ab0	914	
	00731e50	863	
	007321b0	35	
	007321e0	29	
	00732200	24	
	00732220	458	
	007323f0	239	
	007324e0	239	
	007325d0	83	
	00732630	35	
	00732660	268	
	00732770	467	
	00732950	221	
	00732a30	118	
	00732ab0	10	
	00732ac0	10	
	00732ad0	4	
	00732ae0	4	
	00732af0	59	
	00732b30	25	
	00732b50	12	
	00732b60	5	
	00732b70	19	
	00732b90	99	
	00732c00	11	
	00732c10	20	
	00732c30	148	
	00732cd0	141	
	00732d60	282	
	00732e80	27	
	00732ea0	122	
	00732f30	36	
	00732f60	610	
	007331d0	139	
	00733260	54	
	007332a0	167	
	00733350	129	
	007333e0	20	
	00733400	20	
	00733420	293	
	00733550	128	
	007335d0	18	
	007335f0	183	
	007336b0	44	
	007336e0	70	
	00733730	18	
	00733750	126	
	007337d0	58	
	00733810	182	
	007338d0	67	
	00733920	63	
	00733960	106	
	007339d0	76	
	00733a20	28	
	00733a40	25	
	00733a60	12	
	00733a70	69	
	00733ac0	68	
	00733b10	126	
	00733b90	117	
	00733c10	32	
	00733c30	77	
	00733c80	8	
	00733c90	100	
	00733d00	32	
	00733d20	1	
	00733d30	289	
	00733e60	168	
	00733f10	153	
	00733fb0	63	
	00733ff0	32	
	00734010	281	
	00734130	37	
	00734160	11	
	00734170	3	
	00734180	40	
	007341b0	3	
	007341c0	6	
	007341d0	8	
	007341e0	415	
	00734380	343	
	007344e0	347	
	00734640	8	
	00734650	8	
	00734660	8	
	00734670	61	
	007346b0	25	
	007346d0	12	
	007346e0	216	
	007347c0	56	
	00734800	9	
	00734810	357	
	00734980	75	
	007349d0	3	
	007349e0	67	
	00734a30	62	
	00734a70	57	
	00734ab0	93	
	00734b10	207	
	00734be0	166	
	00734c90	166	
	00734d40	6	
	00734d50	5	
	00734d60	25	
	00734d80	12	
	00734d90	103	
	00734e00	86	
	00734e60	62	
	00734ea0	3	
	00734eb0	179	
	00734f70	64	
	00734fb0	74	
	00735000	34	
	00735030	39	
	00735060	7	
	00735070	148	
	00735110	39	
	00735140	19	
	00735160	19	
	00735180	13	
	00735190	25	
	007351b0	12	
	007351c0	5	
	007351d0	19	
	007351f0	10	
	00735200	37	
	00735230	18	
	00735250	12	
	00735260	48	
	00735290	32	
	007352b0	119	
	00735330	45	
	00735360	22	
	00735380	105	
	007353f0	26	
	00735410	25	
	00735430	12	
	00735440	85	
	007354a0	21	
	007354c0	52	
	00735500	55	
	00735540	44	
	00735570	40	
	007355a0	315	
	007356e0	375	
	00735860	25	
	00735880	12	
	00735890	83	
	007358f0	144	
	00735980	36	
	007359b0	52	
	007359f0	41	
	00735a20	94	
	00735a80	10	
	00735a90	83	
	00735af0	71	
	00735b40	56	
	00735b80	18	
	00735ba0	16	
	00735bb0	36	
	00735bf0	36	
	00735c30	2060	
	00736490	89	
	007364f0	117	
007364f0	007365cb	12	
	00736579	82	
	007365e0	1272	
	00736ae0	305	
	00736c20	838	
	00736f66	44	
	00736f92	36	
	00736fb6	16	
	00736fd0	220	
	007370b0	68	
	00737100	9	
	00737110	10	
	00737120	18	
	00737140	19	
	00737160	3	
	00737170	4	
	00737180	318	
	007372c0	68	
	00737310	25	
	00737330	12	
	00737340	5	
	00737350	19	
	00737365	11	
	00737370	5	
	00737380	11	
	00737390	124	
	00737410	20	
	00737430	27	
	00737450	52	
	00737490	35	
	007374c0	95	
	00737520	71	
	00737569	7	
	00737570	66	
	007375c0	31	
	007375e0	32	
	00737600	8	
	00737610	135	
	007376a0	140	
	00737730	34	
	00737760	23	
	00737780	3	
	00737790	51	
	007377d0	36	
	00737800	167	
	007378b0	167	
	00737960	25	
	00737980	12	
	00737990	5	
	007379a0	11	
	007379b0	5	
	007379c0	19	
	007379e0	5	
	007379f0	19	
	00737a10	5	
	00737a20	11	
	00737a30	10	
	00737a40	39	
	00737a70	7	
	00737a80	18	
	00737aa0	12	
	00737ab0	51	
	00737af0	35	
	00737b20	199	
	00737bf0	43	
	00737c20	24	
	00737c40	18	
	00737c60	38	
	00737c90	48	
	00737cc0	123	
	00737d40	3	
	00737d50	3	
	00737d60	476	
	00737f40	488	
	00738130	130	
	007381c0	115	
	00738240	18	
	00738260	7	
	00738270	507	
	00738470	7	
	00738480	15	
	00738490	60	
	007384d0	35	
	00738500	134	
	00738590	66	
	007385e0	79	
	00738630	89	
	00738690	8	
	007386a0	94	
	00738700	245	
	00738800	312	
	00738940	17	
	00738960	1349	
	00738eb0	6	
	00738ec0	25	
	00738ee0	12	
	00738ef0	5	
	00738f00	19	
	00738f20	5	
	00738f30	11	
	00738f40	10	
	00738f50	23	
	00738f70	18	
	00738f90	12	
	00738fa0	31	
	00738fc0	35	
	00738ff0	432	
	007391a0	41	
	007391d0	6	
	007391e0	3	
	007391f0	3	
	00739200	3	
	00739210	6	
	00739220	8	
	00739230	8	
	00739240	8	
	00739250	6	
	00739260	6	
	00739270	5	
	00739280	6	
	00739290	6	
	007392a0	6	
	007392b0	104	
	00739320	35	
	00739350	821	
	00739690	729	
	00739970	44	
	007399a0	116	
	00739a20	19	
	00739a40	19	
	00739a60	353	
	00739bd0	16	
	00739be0	301	
	00739d10	862	
	0073a070	19	
	0073a090	167	
	0073a140	88	
	0073a1a0	1042	
	0073a650	53	
	0073a690	13	
	0073a6a0	132	
	0073a730	146	
	0073a7d0	273	
	0073a8f0	204	
	0073a9c0	143	
	0073aa50	147	
	0073aaf0	416	
	0073ac90	380	
	0073ae10	165	
	0073aec0	26	
	0073aee0	69	
	0073af30	23	
	0073af50	19	
	0073af80	129	
	0073b010	46	
	0073b040	147	
	0073b0e0	137	
	0073b170	190	
	0073b230	35	
0073b260	0066c5c0	26	
	0073b260	98	
	0073b2d0	19	
	0073b2f0	51	
	0073b330	57	
	0073b370	87	
	0073b3d0	120	
	0073b450	120	
	0073b4d0	54	
	0073b510	86	
	0073b580	40	
	0073b5b0	27	
	0073b5d0	11	
	0073b5e0	60	
	0073b620	60	
	0073b660	82	
	0073b6c0	34	
	0073b6f0	38	
	0073b720	61	
	0073b760	56	
	0073b7a0	94	
	0073b800	86	
	0073b860	60	
	0073b8a0	60	
	0073b8e0	44	
	0073b910	118	
	0073b990	137	
	0073ba20	66	
	0073ba70	58	
	0073bab0	32	
	0073bad0	55	
	0073bb10	291	
	0073bc40	31	
	0073bc60	58	
	0073bca0	959	
	0073c060	133	
	0073c0f0	1170	
	0073c590	191	
	0073c650	180	
	0073c710	303	
	0073c840	19	
	0073c860	221	
	0073c940	7	
	0073c950	40	
	0073c980	40	
	0073c9b0	384	
	0073cb50	258	
	0073cc60	20	
	0073cc80	88	
	0073cce0	13	
	0073ccf0	38	
	0073cd20	51	
	0073cd60	61	
	0073cda0	72	
	0073cdf0	69	
	0073ce40	49	
	0073ce80	109	
	0073cef0	12	
	0073cf00	88	
	0073cf60	200	
	0073d030	68	
	0073d080	73	
	0073d0d0	122	
	0073d150	1	
	0073d160	85	
	0073d1c0	81	
	0073d220	128	
	0073d2a0	52	
	0073d2e0	56	
	0073d320	54	
	0073d360	26	
	0073d380	193	
	0073d450	165	
	0073d500	151	
	0073d5a0	73	
	0073d5f0	29	
	0073d610	18	
	0073d630	23	
	0073d650	53	
	0073d690	27	
	0073d6b0	48	
	0073d6e0	160	
	0073d780	33	
	0073d7b0	28	
	0073d7d0	33	
	0073d800	66	
	0073d850	78	
	0073d8a0	36	
	0073d8d0	168	
	0073d980	286	
	0073daa0	79	
	0073daf0	330	
	0073dc40	64	
	0073dc80	198	
	0073dd50	209	
	0073de30	136	
	0073dec0	379	
	0073e040	84	
	0073e0a0	45	
	0073e0d0	23	
	0073e0f0	101	
	0073e160	42	
	0073e190	50	
	0073e1d0	20	
	0073e1f0	13	
	0073e200	6	
	0073e210	212	
	0073e2f0	14	
	0073e300	81	
	0073e360	118	
	0073e3e0	7	
	0073e3f0	7	
	0073e400	28	
	0073e420	28	
	0073e440	101	
	0073e4b0	7	
	0073e4c0	151	
	0073e560	113	
	0073e5e0	29	
	0073e600	111	
	0073e670	112	
	0073e6e0	56	
	0073e720	47	
	0073e750	152	
	0073e7f0	124	
	0073e870	142	
	0073e900	328	
	0073ea50	11	
	0073ea60	83	
	0073eac0	62	
	0073eb00	265	
	0073ec10	285	
	0073ed30	1817	
	0073f450	1903	
	0073fbc0	7	
	0073fbd0	269	
	0073fce0	88	
	0073fd40	50	
	0073fd80	22	
	0073fda0	183	
	0073fe60	88	
	0073fec0	31	
	0073fee0	19	
	0073ff00	10	
	0073ff10	181	
	0073ffd0	89	
	0074002e	2	
	00740030	160	
	007400d0	47	
	00740100	59	
	00740140	59	
	00740180	68	
	007401d0	117	
	00740250	167	
	00740300	58	
	00740340	54	
	00740380	172	
	00740430	1	
	00740450	1110	
	007408b0	650	
	00740b40	98	
	00740bb0	50	
	00740bf0	94	
	00740c50	268	
	00740d60	8	
	00740d70	28	
	00740d90	128	
	00740e10	108	
	00740e80	30	
	00740ea0	46	
	00740ed0	171	
	00740f80	69	
	00740fd0	73	
	00741020	81	
	00741080	99	
	007410f0	108	
	00741160	189	
	00741220	125	
	007412a0	63	
	007412e0	1	
	007412f0	211	
	007413d0	290	
	00741500	64	
	00741540	627	
	007417c0	87	
	00741820	246	
	00741920	85	
	00741980	225	
	00741a70	113	
	00741af0	75	
	00741b40	423	
	00741cf0	482	
	00741ee0	71	
	00741f30	681	
	007421e0	77	
	00742230	34	
	00742260	71	
	007422b0	28	
	007422d0	55	
	00742310	125	
	00742390	77	
	007423e0	77	
	00742430	77	
	00742480	73	
	007424d0	81	
	00742530	81	
	00742590	151	
	00742630	151	
	007426d0	151	
	00742770	158	
	00742810	158	
	007428b0	148	
	00742950	73	
	007429a0	158	
	00742a40	148	
	00742ae0	73	
	00742b30	73	
	00742b80	250	
	00742c80	148	
	00742d20	186	
	00742de0	186	
	00742ea0	186	
	00742f60	187	
	00743020	187	
	007430e0	171	
	00743190	73	
	007431e0	187	
	007432a0	171	
	00743350	73	
	007433a0	73	
	007433f0	264	
	00743500	171	
	007435b0	90	
	00743610	76	
	00743660	25	
	00743680	12	
	00743690	8	
	007436a0	5	
	007436b0	19	
	007436d0	5	
	007436e0	11	
	007436f0	42	
	00743720	153	
	007437c0	15	
	007437d0	32	
	007437f0	520	
	00743a00	25	
	00743a20	12	
	00743a30	5	
	00743a40	19	
	00743a60	118	
	00743ae0	43	
	00743b10	36	
	00743b40	128	
	00743bc0	3	
	00743bd0	16	
	00743be0	173	
	00743c90	88	
	00743cf0	156	
	00743d90	13	
	00743da0	76	
	00743df0	128	
	00743e80	160	
	00743f20	64	
	00743f60	55	
	00743fa0	78	
	00743ff0	30	
	00744010	31	
	00744030	31	
	00744050	194	
	00744120	26	
	00744140	331	
	00744290	34	
	007442c0	89	
	00744320	81	
	00744380	18	
	007443a0	19	
	007443c0	76	
	00744410	74	
	00744460	47	
	00744490	60	
	007444d0	88	
	00744530	30	
	00744550	108	
	007445d0	55	
	00744610	364	
	00744780	19	
	007447a0	79	
	007447f0	53	
	00744830	65	
	00744880	63	
	007448c0	31	
	007448e0	87	
	00744940	147	
	007449e0	30	
	00744a00	44	
	00744a30	25	
	00744a50	12	
	00744a60	5	
	00744a70	11	
	00744a80	5	
	00744a90	19	
	00744ab0	5	
	00744ac0	19	
	00744ae0	10	
	00744af0	39	
	00744b20	18	
	00744b40	12	
	00744b50	51	
	00744b90	35	
	00744bc0	5	
	00744bd0	2876	
	00745710	25	
	00745730	35	
	00745760	11	
	00745770	13	
	00745780	49	
	007457c0	786	
	00745ae0	438	
	00745ca0	218	
	00745d80	207	
	00745e50	48	
	00745e80	32	
	00745ea0	32	
	00745ec0	182	
	00745f80	18	
	00745fa0	74	
	00745ff0	275	
	00746110	47	
	00746140	76	
	00746190	78	
	007461e0	60	
	00746220	74	
	00746270	41	
	007462a0	163	
	00746350	163	
	00746400	134	
	00746490	85	
	007464f0	125	
	0074656d	3	
	00746570	15	
	00746580	37	
	007465b0	7	
	007465c0	7	
	007465d0	17	
	007465f0	111	
	00746660	66	
	007466b0	20	
	007466d0	481	
	007468c0	25	
	007468e0	88	
	00746940	137	
	007469d0	37	
	00746a00	13	
	00746a10	3	
	00746a20	13	
	00746a30	792	
	00746d50	87	
	00746db0	15	
	00746dc0	27	
	00746de0	5	
	00746df0	208	
	00746ec0	9	
	00746ed0	12	
	00746ee0	12	
	00746ef0	12	
	00746f00	12	
	00746f10	281	
	00747030	273	
	00747150	110	
	007471c0	163	
	00747265	11	
	00747270	55	
	007472b0	60	
	00747310	25	
	00747330	12	
	00747340	8	
	00747350	5	
	00747360	19	
	00747380	627	
	00747600	93	
	00747660	228	
	00747750	33	
	00747780	27	
	007477a0	225	
	00747890	213	
	00747970	44	
	007479a0	61	
	007479e0	53	
	00747a20	28	
	00747a40	79	
	00747a90	81	
	00747af0	16	
	00747b00	87	
	00747b60	118	
	00747be0	118	
	00747c60	7	
	00747c70	49	
	00747cb0	13	
	00747cc0	41	
	00747cf0	7	
	00747d00	69	
	00747d50	7	
	00747d60	7	
	00747d70	88	
	00747dd0	5	
	00747de0	178	
	00747ea0	84	
	00747f00	230	
	00747ff0	530	
	00748210	271	
	00748320	7	
	00748330	243	
	00748430	454	
	00748600	49	
	00748640	75	
	00748690	7	
	007486a0	7	
	007486b0	119	
	00748730	7	
	00748740	108	
	007487b0	231	
	007488a0	7	
	007488b0	7	
	007488c0	156	
	00748960	93	
	007489c0	5	
	007489d0	27	
	007489f0	32	
	00748a10	25	
	00748a30	12	
	00748a40	5	
	00748a50	19	
	00748a70	87	
	00748ad0	11	
	00748ae0	53	
	00748b20	100	
	00748b90	32	
	00748bb0	37	
	00748be0	8	
	00748bf0	84	
	00748c50	11	
	00748c60	17	
	00748c80	45	
	00748cb0	103	
	00748d20	354	
	00748e90	22	
	00748eb0	28	
	00748ed0	43	
	00748f00	35	
	00748f30	40	
	00748f70	49	
	00748fb0	49	
	00748ff0	226	
	007490e0	210	
	007491c0	25	
	007491e0	12	
	007491f0	225	
	007492e0	211	
	007493c0	200	
	00749490	48	
	007494c0	55	
	00749500	55	
	00749540	561	
	00749780	112	
	007497f0	4	
	00749800	189	
	007498c0	206	
	00749990	204	
	00749a60	54	
	00749aa0	112	
	00749b10	54	
	00749b50	112	
	00749bc0	26	
	00749be0	58	
	00749c20	58	
	00749c60	18	
	00749c80	18	
	00749ca0	25	
	00749cc0	12	
	00749cd0	5	
	00749ce0	19	
	00749d00	5	
	00749d10	11	
	00749d20	10	
	00749d30	39	
	00749d60	18	
	00749d80	12	
	00749d90	51	
	00749dd0	35	
	00749e00	194	
	00749ed0	11	
	00749ee0	121	
	00749f60	13	
	00749f70	455	
	0074a140	54	
	0074a180	28	
	0074a1a0	50	
	0074a1e0	40	
	0074a210	122	
	0074a290	260	
	0074a3a0	77	
	0074a3f0	754	
	0074a6f0	86	
	0074a750	76	
	0074a7a0	20	
	0074a7c0	526	
	0074a9d0	297	
	0074ab00	1900	
	0074b270	302	
	0074b3a0	598	
	0074b600	6	
	0074b610	12	
	0074b620	7	
	0074b630	6	
	0074b640	6	
	0074b650	70	
	0074b6a0	3	
	0074b6b0	106	
	0074b720	6	
	0074b730	82	
	0074b790	6	
	0074b7a0	13	
	0074b7b0	85	
	0074b810	7	
	0074b820	6	
	0074b830	1058	
	0074bc60	192	
	0074bd20	45	
	0074bd50	76	
	0074bda0	556	
	0074bfd0	101	
	0074c040	92	
	0074c0a0	63	
	0074c0e0	77	
	0074c130	6	
	0074c140	13	
	0074c150	38	
	0074c180	36	
	0074c1b0	232	
	0074c2a0	232	
	0074c390	525	
	0074c5a0	22	
	0074c5c0	47	
	0074c5f0	85	
	0074c650	411	
	0074c7f0	3	
	0074c800	25	
	0074c820	12	
	0074c830	5	
	0074c840	11	
	0074c850	5	
	0074c860	19	
	0074c880	10	
	0074c890	37	
	0074c8c0	18	
	0074c8e0	12	
	0074c8f0	48	
	0074c920	32	
	0074c940	84	
	0074c9a0	25	
	0074c9c0	12	
	0074c9d0	5	
	0074c9e0	19	
	0074ca00	5	
	0074ca10	63	
	0074ca50	5	
	0074ca60	131	
	0074caf0	221	
	0074cbd0	193	
	0074cca0	5	
	0074ccb0	35	
	0074cce0	35	
	0074cd10	63	
	0074cd50	25	
	0074cd70	25	
	0074cd90	25	
	0074cdb0	44	
	0074cde0	45	
	0074ce10	50	
	0074ce50	46	
	0074ce80	70	
	0074ced0	93	
	0074cf30	70	
	0074cf80	129	
	0074d010	42	
	0074d040	77	
	0074d090	48	
	0074d0c0	305	
	0074d200	24	
	0074d220	29	
	0074d240	35	
	0074d270	41	
	0074d2a0	117	
	0074d320	25	
	0074d340	25	
	0074d360	27	
	0074d380	27	
	0074d3a0	30	
	0074d3c0	30	
	0074d3e0	30	
	0074d400	30	
	0074d420	33	
	0074d450	33	
	0074d480	139	
	0074d510	99	
	0074d580	153	
	0074d620	39	
	0074d650	68	
	0074d6a0	76	
	0074d6f0	69	
	0074d740	36	
	0074d770	102	
	0074d7e0	39	
	0074d810	158	
	0074d8b0	155	
	0074d950	27	
	0074d970	27	
	0074d990	146	
	0074da30	126	
	0074dab0	69	
	0074db00	129	
	0074db90	83	
	0074dbf0	60	
	0074dc30	21	
	0074dc50	38	
	0074dc80	21	
	0074dca0	17	
	0074dcc0	17	
	0074dce0	21	
	0074dd00	10	
	0074dd10	36	
	0074dd40	36	
	0074dd70	277	
	0074de90	267	
	0074dfa0	10	
	0074dfb0	13	
	0074dfc0	12	
	0074dfd0	21	
	0074dff0	62	
	0074e030	77	
	0074e080	53	
	0074e0c0	68	
	0074e110	27	
	0074e130	27	
	0074e150	93	
	0074e1d0	34	
	0074e200	34	
	0074e230	17	
	0074e250	17	
	0074e270	17	
	0074e290	23	
	0074e2b0	32	
	0074e2d0	14	
	0074e2e0	179	
	0074e3a0	76	
	0074e3f0	42	
	0074e420	5	
	0074e430	1	
	0074e440	5	
	0074e450	18	
	0074e470	68	
	0074e4c0	755	
	0074e7c0	128	
	0074e840	755	
	0074eb40	376	
	0074ecc0	153	
	0074ed60	177	
	0074ee20	134	
	0074eeb0	109	
	0074ef20	92	
	0074ef80	172	
	0074f030	35	
	0074f060	262	
	0074f170	155	
	0074f210	61	
	0074f250	54	
	0074f290	53	
	0074f2d0	58	
	0074f310	188	
	0074f3d0	186	
	0074f490	134	
	0074f520	29	
	0074f540	32	
	0074f560	25	
	0074f580	12	
	0074f590	129	
	0074f620	53	
	0074f660	20	
	0074f680	57	
	0074f6c0	82	
	0074f720	19	
	0074f780	10	
	0074f790	17	
	0074f7b0	12	
	0074f7c0	11	
	0074f7d0	5	
	0074f7e0	19	
	0074f800	5	
	0074f810	19	
	0074f830	10	
	0074f840	53	
	0074f880	7	
	0074f890	18	
	0074f8b0	12	
	0074f8c0	51	
	0074f900	35	
	0074f930	5	
	0074f940	11	
	0074f950	457	
	0074fb20	84	
	0074fb80	53	
	0074fbc0	31	
	0074fbe0	138	
	0074fc70	232	
	0074fd60	346	
	0074fec0	147	
	0074ff60	3	
	0074ff70	235	
	00750060	171	
	00750110	143	
	007501a0	251	
	007502a0	45	
	007502d0	27	
	007502f0	30	
	00750310	6	
	00750320	7	
	00750330	53	
	00750370	154	
	00750410	597	
	00750670	18	
	00750690	7	
	007506a0	18	
	007506c0	628	
	00750940	354	
	00750ab0	145	
	00750b50	83	
	00750bb0	553	
	00750de0	45	
	00750e10	178	
	00750ed0	353	
	00751040	1	
	00751050	184	
	00751110	20	
	00751130	96	
	00751190	23	
	007511b0	45	
	007511e0	96	
	00751240	96	
	007512a0	57	
	007512e0	270	
	007513f0	159	
	00751490	17	
	007514b0	20	
	007514d0	19	
	007514f0	19	
	00751510	13	
	00751520	80	
	00751570	72	
	007515c0	288	
	007516e0	52	
	00751720	538	
	00751970	3	
	00751980	95	
	007519e0	190	
	00751aa0	14	
	00751ab0	54	
	00751af0	510	
	00751cf0	38	
	00751d20	25	
	00751d40	3	
	00751d50	27	
	00751d70	51	
	00751db0	26	
	00751dd0	53	
	00751e10	64	
	00751e50	80	
	00751ea0	7	
	00751eb0	45	
	00751ee0	22	
	00751f00	7	
	00751f10	39	
	00751f40	34	
	00751f70	34	
	00751fa0	35	
	00751fd0	53	
	00752010	202	
	007520e0	50	
	00752120	59	
	00752160	7	
	00752170	63	
	007521b0	24	
	007521d0	55	
	00752210	33	
	00752240	65	
	00752290	37	
	007522c0	82	
	00752320	161	
	007523d0	105	
	00752440	132	
	007524d0	93	
	00752530	126	
	007525b0	32	
	007525d0	34	
	00752600	31	
	00752620	33	
	00752650	51	
	00752690	201	
	00752760	54	
	007527a0	62	
	007527e0	58	
	00752820	62	
	00752860	74	
	007528b0	11	
	007528c0	449	
	00752a90	233	
	00752b80	72	
	00752bd0	102	
	00752c40	985	
	00753020	18	
	00753040	57	
	00753080	135	
	00753110	33	
	00753140	84	
	007531a0	39	
	007531d0	360	
	00753340	65	
	00753390	124	
	00753410	28	
	00753430	48	
	00753460	13	
	00753470	196	
	00753540	26	
	00753560	295	
	00753690	170	
	00753740	21	
	00753760	1007	
	00753b50	263	
	00753c70	223	
	00753d50	116	
	00753dd0	41	
	00753e00	17	
	00753e20	213	
	00753f00	30	
	00753f20	112	
	00753f90	190	
	00754050	5	
	00754060	5	
	00754070	84	
	007540d0	105	
	00754140	61	
	00754180	244	
	00754280	756	
	00754580	744	
	00754870	47	
	007548a0	105	
	00754910	105	
	00754980	43	
	007549b0	77	
	00754a00	95	
	00754a60	95	
	00754ac0	146	
	00754b60	146	
	00754c00	87	
	00754c60	88	
	00754cc0	85	
	00754d20	86	
	00754d80	87	
	00754de0	88	
	00754e40	24	
	00754e60	24	
	00754e80	97	
	00754ef0	97	
	00754f60	221	
	00755040	217	
	00755120	146	
	007551c0	146	
	00755260	261	
	00755370	253	
	00755470	261	
	00755580	253	
	00755680	97	
	007556f0	97	
	00755760	27	
	00755780	27	
	007557a0	97	
	00755810	97	
	00755880	24	
	007558a0	24	
	007558c0	8	
	007558d0	8	
	007558e0	146	
	00755980	146	
	00755a20	95	
	00755a80	95	
	00755ae0	24	
	00755b00	24	
	00755b20	46	
	00755b50	46	
	00755b80	146	
	00755c20	146	
	00755cc0	146	
	00755d60	146	
	00755e00	146	
	00755ea0	146	
	00755f40	87	
	00755fa0	88	
	00756000	209	
	007560e0	144	
	00756170	144	
	00756230	1	
	00756240	121	
	007562c0	386	
	00756450	5	
	00756460	63	
	007564a0	17	
	007564c0	8	
	007564d0	72	
	00756520	9	
	00756530	13	
	00756540	37	
	00756570	8	
	00756580	8	
	00756590	138	
	00756620	149	
	007566c0	50	
	00756700	15	
	00756710	6	
	00756720	6	
	00756730	6	
	00756740	32	
	00756760	79	
	007567b0	11	
	007567c0	30	
	007567e0	139	
	00756870	46	
	007568a0	57	
	007568e0	57	
	00756920	110	
	00756990	1	
	007569a0	34	
	007569d0	39	
	00756a00	70	
	00756a50	35	
	00756a80	17	
	00756aa0	35	
	00756ad0	13	
	00756ae0	80	
	00756b30	15	
	00756b40	127	
	00756bc0	16	
	00756bd0	16	
	00756be0	114	
	00756c60	29	
	00756c80	25	
	00756ca0	12	
	00756cb0	5	
	00756cc0	11	
	00756cd0	5	
	00756ce0	19	
	00756d00	5	
	00756d10	19	
	00756d30	216	
	00756e10	8	
	00756e20	54	
	00756e80	762	
	00757180	135	
	00757210	78	
	00757260	3	
	00757270	425	
	00757420	355	
	00757590	122	
	00757610	120	
	00757690	138	
	00757720	3	
	00757730	6	
	00757740	6	
	00757750	3	
	00757760	187	
	00757820	33	
	00757850	3	
	00757860	25	
	00757880	12	
	00757890	5	
	007578a0	19	
	007578c0	291	
	007579f0	92	
	00757a50	551	
	00757c80	5	
	00757c90	486	
	00757e80	63	
	00757ec0	55	
	00757f00	11	
	00757f10	40	
	00757f40	78	
	00757f90	228	
	00758080	72	
	007580d0	66	
	00758120	25	
	00758140	12	
	00758150	5	
	00758160	19	
	00758180	30	
	007581a0	64	
	007581e0	268	
	007582f0	66	
	00758340	75	
	00758390	277	
	007584b0	120	
	00758530	100	
	007585a0	258	
	007586b0	46	
	007586e0	236	
	007587d0	387	
	00758960	37	
	00758990	107	
	00758a00	233	
	00758af0	335	
	00758c40	468	
	00758e20	10	
	00758e30	88	
	00758e90	86	
	00758ef0	6	
	00758f00	89	
	00758f60	265	
	00759070	5	
	00759080	18	
	007590a0	305	
	007591e0	253	
	007592e0	69	
	00759330	61	
	00759370	42	
	007593a0	168	
	00759450	203	
	00759520	181	
	007595e0	8	
	007595f0	3	
	00759600	8	
	00759610	308	
	00759750	83	
	007597b0	95	
	00759810	25	
	00759830	12	
	00759840	5	
	00759850	19	
	00759870	5	
	00759880	11	
	00759890	145	
	00759930	33	
	00759960	33	
	00759990	100	
	00759a00	135	
	00759a90	235	
	00759b80	14	
	00759b90	25	
	00759bb0	12	
	00759bc0	5	
	00759bd0	19	
	00759bf0	3	
	00759c00	57	
	00759c40	223	
	00759d20	287	
	00759e40	127	
	00759ec0	100	
	00759f30	792	
	0075a250	79	
	0075a2a0	108	
	0075a310	81	
	0075a370	25	
	0075a390	12	
	0075a3a0	5	
	0075a3b0	19	
	0075a3d0	108	
	0075a440	797	
	0075a760	1	
	0075a770	109	
	0075a7e0	675	
	0075aa90	268	
	0075aba0	162	
	0075ac50	313	
	0075ad90	43	
	0075adc0	188	
	0075ae80	169	
	0075af30	78	
	0075af80	82	
	0075afe0	19	
	0075b000	19	
	0075b020	331	
	0075b170	108	
	0075b1e0	489	
	0075b3d0	35	
	0075b400	92	
	0075b460	25	
	0075b480	12	
	0075b490	5	
	0075b4a0	19	
	0075b4c0	66	
	0075b510	71	
	0075b560	109	
	0075b5d0	148	
	0075b670	35	
	0075b6a0	376	
	0075b820	88	
	0075b880	85	
	0075b8e0	25	
	0075b900	12	
	0075b910	5	
	0075b920	19	
	0075b940	68	
	0075b990	330	
	0075bae0	15	
	0075baf0	6	
	0075bb00	75	
	0075bb50	13	
	0075bb60	54	
	0075bba0	24	
	0075bbc0	63	
	0075bc00	29	
	0075bc20	151	
	0075bcc0	567	
	0075bf00	25	
	0075bf20	217	
	0075c000	49	
	0075c040	73	
	0075c090	83	
	0075c0f0	6	
	0075c100	25	
	0075c120	12	
	0075c130	5	
	0075c140	19	
	0075c160	5	
	0075c170	11	
	0075c180	5	
	0075c190	1345	
	0075c6e0	5	
	0075c6f0	1406	
	0075cc70	5	
	0075cc80	1198	
	0075d130	54	
	0075d170	180	
	0075d230	160	
	0075d2d0	202	
	0075d3a0	347	
	0075d500	363	
	0075d670	478	
	0075d850	572	
	0075da90	226	
	0075db80	67	
	0075dbd0	66	
	0075dc20	351	
	0075dd80	54	
	0075ddc0	9	
	0075ddd0	155	
	0075de70	127	
	0075def0	9	
	0075df00	161	
	0075dfb0	253	
	0075e0b0	180	
	0075e170	160	
	0075e210	350	
	0075e370	13	
	0075e380	478	
	0075e560	49	
	0075e5a0	226	
	0075e690	67	
	0075e6e0	66	
	0075e730	347	
	0075e890	32	
	0075e8b0	32	
	0075e8d0	155	
	0075e970	26	
	0075e990	9	
	0075e9a0	13	
	0075e9b0	19	
	0075e9d0	54	
	0075ea10	160	
	0075eab0	180	
	0075eb70	212	
	0075ec50	13	
	0075ec60	100	
	0075ecd0	220	
	0075edb0	66	
	0075ee00	13	
	0075ee10	421	
	0075efc0	26	
	0075efe0	26	
	0075f000	26	
	0075f020	9	
	0075f030	13	
	0075f040	19	
	0075f060	13	
	0075f070	39	
	0075f0a0	44	
	0075f0d0	34	
	0075f100	37	
	0075f130	89	
	0075f190	89	
	0075f1f0	55	
	0075f230	55	
	0075f270	65	
	0075f2c0	37	
	0075f2f0	15	
	0075f300	126	
	0075f380	185	
	0075f440	25	
	0075f460	12	
	0075f470	5	
	0075f480	19	
	0075f4a0	112	
	0075f510	508	
	0075f710	5	
	0075f720	162	
	0075f7d0	338	
	0075f930	176	
	0075f9e0	198	
	0075fab0	6	
	0075fac0	123	
	0075fb40	19	
	0075fb60	34	
	0075fb90	5	
	0075fba0	5	
	0075fbb0	6	
	0075fbc0	97	
	0075fc30	194	
	0075fd00	273	
	0075fe20	18	
	0075fe40	25	
	0075fe60	12	
	0075fe70	5	
	0075fe80	19	
	0075fea0	210	
	0075ff80	45	
	0075ffb0	70	
	00760000	6	
	00760010	54	
	00760050	188	
	00760110	304	
	00760240	3	
	00760250	30	
	00760270	13	
	00760280	617	
	007604f0	493	
	007606e0	583	
	00760930	466	
	00760b10	11	
	00760b20	6	
	00760b30	34	
	00760b60	277	
	00760c80	25	
	00760ca0	201	
	00760d70	58	
	00760db0	159	
	00760e50	5	
	00760e60	115	
	00760ee0	106	
	00760f50	33	
	00760f80	6	
	00760f90	127	
	00761010	6	
	00761020	6	
	00761030	6	
	00761040	35	
	00761070	25	
	00761090	57	
	007610d0	61	
	00761110	106	
	00761180	34	
	007611b0	61	
	007611f0	47	
	00761220	31	
	00761240	224	
	00761320	57	
	00761360	138	
	007613f0	6	
	00761400	49	
	00761440	22	
	00761460	42	
	00761490	125	
	00761510	167	
	007615c0	576	
	00761800	14	
	00761810	161	
	007618c0	178	
	00761980	121	
	00761a00	221	
	00761ae0	91	
	00761b40	44	
	00761b70	16	
	00761b80	25	
	00761ba0	12	
	00761bb0	8	
	00761bc0	8	
	00761bd0	5	
	00761be0	19	
	00761c00	12	
	00761c10	42	
	00761c40	77	
	00761c90	72	
	00761ce0	122	
	00761d60	308	
	00761ea0	100	
	00761f10	73	
	00761f60	58	
	00761fa0	30	
	00761fc0	40	
	00761ff0	38	
	00762020	383	
	007621a0	114	
	00762220	513	
	00762430	98	
	007624a0	14	
	007624c0	167	
	00762570	34	
	007625a0	84	
	00762600	101	
	00762670	3	
	00762680	25	
	007626a0	12	
	007626b0	5	
	007626c0	19	
	007626e0	3	
	007626f0	25	
	00762710	12	
	00762720	92	
	00762780	93	
	007627e0	49	
	00762820	120	
	007628a0	92	
	00762900	103	
	00762970	110	
	007629e0	985	
	00762dc0	700	
	00763080	25	
	007630a0	12	
	007630b0	5	
	007630c0	19	
	007630e0	12	
	007630f0	6	
	00763100	6	
	00763110	6	
	00763120	11	
	00763130	3	
	00763140	36	
	00763170	61	
	007631b0	59	
	007631f0	143	
	00763280	129	
	00763310	25	
	00763330	12	
	00763340	5	
	00763350	19	
	00763370	5	
	00763380	11	
	00763390	128	
	00763410	45	
	00763440	37	
	00763470	76	
	007634c0	264	
	007635d0	500	
	007637d0	47	
	00763800	18	
	00763820	37	
	00763850	292	
	00763980	8	
	00763990	63	
	007639d0	204	
	00763aa0	18	
	00763ac0	18	
	00763ae0	21	
	00763b00	59	
	00763b40	356	
	00763cb0	219	
	00763d90	354	
	00763f00	117	
	00763f80	278	
	007640a0	54	
	007640e0	47	
	00764110	26	
	00764130	103	
	007641a0	142	
	00764230	132	
	007642c0	80	
	00764310	8	
	00764320	44	
	00764350	187	
	00764410	124	
	00764490	381	
	00764610	63	
	00764650	3	
	00764660	3	
	00764670	3	
	00764680	3	
	00764690	3	
	007646a0	48	
	007646d0	69	
	00764720	422	
	007648d0	66	
	00764920	377	
	00764aa0	170	
	00764b50	444	
	00764d10	82	
	00764d70	119	
	00764df0	360	
	00764f60	478	
	00765140	82	
	007651a0	184	
	00765260	187	
	00765320	195	
	007653f0	86	
	00765450	227	
	00765540	208	
	00765610	600	
	00765870	759	
	00765b70	61	
	00765bb0	175	
	00765c60	414	
	00765e00	519	
	00766010	280	
	00766130	197	
	00766200	70	
	00766250	150	
	007662f0	130	
	00766380	5	
	00766390	82	
	007663f0	77	
	00766440	103	
	007664b0	246	
	007665b0	98	
	00766620	81	
	00766680	124	
	00766700	266	
	00766810	50	
	00766850	101	
	007668c0	27	
	007668e0	6	
	007668f0	27	
	00766910	28	
	00766930	218	
	00766a10	8	
	00766a20	34	
	00766a50	8	
	00766a60	37	
	00766a90	453	
	00766c60	158	
	00766d00	88	
	00766d60	134	
	00766df0	59	
	00766e30	31	
	00766e50	349	
	00766fb0	23	
	00766fd0	429	
	00767180	87	
	007671e0	37	
	00767210	100	
	00767280	52	
	007672c0	38	
	007672f0	37	
	00767320	120	
	007673a0	102	
	00767410	8	
	00767420	8	
	00767430	88	
	00767490	28	
	007674b0	100	
	00767520	21	
	00767540	93	
	007675a0	8	
	007675b0	25	
	007675d0	12	
	007675e0	5	
	007675f0	19	
	00767610	5	
	00767620	11	
	00767630	144	
	007676e0	424	
	007678a0	206	
	00767970	140	
	00767a00	408	
	00767ba0	222	
	00767c80	95	
	00767ce0	209	
	00767dc0	56	
	00767e00	355	
	00767f70	108	
	00767fe0	237	
	007680d0	452	
	007682a0	325	
	007683f0	5	
	00768400	259	
	00768510	42	
	00768540	6	
	00768550	6	
	00768560	6	
	00768570	6	
	00768580	19	
	007685a0	16	
	007685b0	25	
	007685d0	12	
	007685e0	5	
	007685f0	19	
	00768610	5	
	00768620	11	
	00768630	13	
	00768640	49	
	00768680	80	
	007686d0	173	
	00768780	72	
	007687d0	21	
	007687f0	56	
	00768830	16	
	00768840	300	
	00768970	70	
	007689c0	16	
	007689d0	42	
	00768a00	7	
	00768a10	6	
	00768a20	346	
	00768b80	25	
	00768ba0	12	
	00768bb0	5	
	00768bc0	19	
	00768be0	80	
	00768c30	85	
	00768c90	48	
	00768cc0	261	
	00768dd0	89	
	00768e30	133	
	00768ec0	95	
	00768f20	47	
	00768f50	96	
	00768fb0	188	
	00769070	90	
	007690d0	6	
	007690e0	187	
	007691a0	488	
	00769390	152	
	00769430	39	
	00769460	6	
	00769470	25	
	00769490	12	
	007694a0	5	
	007694b0	11	
	007694c0	5	
	007694d0	19	
	007694f0	5	
	00769500	19	
	00769520	5	
	00769530	11	
	00769540	10	
	00769550	39	
	00769580	18	
	007695a0	12	
	007695b0	51	
	007695f0	35	
	00769620	174	
	007696d0	337	
	00769830	128	
	007698b0	30	
	007698d0	600	
	00769b30	67	
	00769b80	135	
	00769c10	3	
	00769c20	242	
	00769d20	148	
	00769dc0	215	
	00769ea0	62	
	00769ee0	710	
	0076a1b0	99	
	0076a220	114	
	0076a2a0	46	
	0076a2d0	19	
	0076a2f0	186	
	0076a3b0	260	
	0076a4c0	167	
	0076a570	100	
	0076a5e0	410	
	0076a780	87	
	0076a7e0	204	
	0076a8b0	22	
	0076a8d0	399	
	0076aa60	5	
	0076aa70	6	
	0076aa80	37	
	0076aab0	391	
	0076ac40	107	
	0076acb0	37	
	0076ace0	8	
	0076acf0	142	
	0076ad80	91	
	0076ade0	500	
	0076afe0	29	
	0076b000	43	
	0076b030	38	
	0076b060	44	
	0076b090	27	
	0076b0b0	28	
	0076b0d0	228	
	0076b1c0	60	
	0076b200	248	
	0076b300	128	
	0076b380	104	
	0076b3f0	236	
	0076b4e0	141	
	0076b570	22	
	0076b590	127	
	0076b610	456	
	0076b7e0	5	
	0076b7f0	5	
	0076b800	281	
	0076b920	25	
	0076b940	12	
	0076b950	5	
	0076b960	19	
	0076b980	6	
	0076b990	6	
	0076b9a0	3	
	0076b9b0	6	
	0076b9c0	3	
	0076b9d0	6	
	0076b9e0	25	
	0076ba00	12	
	0076ba10	5	
	0076ba20	19	
	0076ba40	5	
	0076ba50	11	
	0076ba60	124	
	0076bae0	311	
	0076bc20	148	
	0076bcc0	215	
	0076bda0	96	
	0076be00	180	
	0076bec0	202	
	0076bf90	11	
	0076bfa0	209	
	0076c080	116	
	0076c100	3	
	0076c110	6	
	0076c120	76	
	0076c170	126	
	0076c1f0	142	
	0076c280	66	
	0076c2d0	112	
	0076c340	76	
	0076c390	35	
	0076c3c0	43	
	0076c3f0	66	
	0076c440	125	
	0076c4c0	143	
	0076c550	138	
	0076c5e0	155	
	0076c680	83	
	0076c6e0	224	
	0076c7c0	57	
	0076c800	138	
	0076c890	58	
	0076c8d0	83	
	0076c930	108	
	0076c9a0	131	
	0076ca30	187	
	0076caf0	7	
	0076cb00	114	
	0076cb80	42	
	0076cbb0	42	
	0076cbe0	27	
	0076cc00	12	
	0076cc10	25	
	0076cc30	12	
	0076cc40	5	
	0076cc50	19	
	0076cc70	5	
	0076cc80	23	
	0076cca0	101	
	0076cd10	32	
	0076cd30	11	
	0076cd40	397	
	0076ced0	134	
	0076cf60	36	
	0076cf90	108	
	0076d000	525	
	0076d210	32	
	0076d230	7	
	0076d240	27	
	0076d260	49	
	0076d2a0	100	
	0076d310	27	
	0076d330	228	
	0076d420	13	
	0076d430	25	
	0076d450	12	
	0076d460	5	
	0076d470	19	
	0076d490	5	
	0076d4a0	23	
	0076d4c0	88	
	0076d520	352	
	0076d680	273	
	0076d7a0	460	
	0076d970	3	
	0076d980	342	
	0076dae0	332	
	0076dc30	1689	
	0076e2d0	1581	
	0076e900	47	
	0076e930	5	
	0076e940	5	
	0076e950	5	
	0076e960	3	
	0076e970	5	
	0076e980	6	
	0076e990	6	
	0076e9a0	35	
	0076e9d0	152	
	0076ea70	124	
	0076eaf0	47	
	0076eb20	209	
	0076ec00	51	
	0076ec40	6	
	0076ec50	1914	
	0076f3d0	3	
	0076f3e0	3	
	0076f3f0	476	
	0076f5d0	193	
	0076f6a0	261	
	0076f7b0	5	
	0076f7c0	5	
	0076f7d0	6	
	0076f7e0	3	
	0076f7f0	21	
	0076f810	25	
	0076f830	12	
	0076f840	25	
	0076f860	6	
	0076f870	32	
	0076f890	290	
	0076f9c0	55	
	0076fa00	65	
	0076fa50	180	
	0076fb10	35	
	0076fb40	633	
	0076fdc0	537	
	0076ffe0	149	
	00770080	25	
	007700a0	12	
	007700b0	139	
	00770140	368	
	007702b0	45	
	007702e0	28	
	00770300	38	
	00770330	118	
	007703b0	370	
	00770530	382	
	007706b0	461	
	00770880	482	
	00770a70	25	
	00770a90	12	
	00770aa0	25	
	00770ac0	12	
	00770ad0	73	
	00770b20	6	
	00770b30	6	
	00770b40	6	
	00770b50	32	
	00770b70	50	
	00770bb0	11	
	00770bc0	64	
	00770c00	86	
	00770c60	148	
	00770d00	40	
	00770d30	25	
	00770d50	12	
	00770d60	5	
	00770d70	19	
	00770d90	10	
	00770da0	37	
	00770dd0	18	
	00770df0	12	
	00770e00	48	
	00770e30	32	
	00770e50	35	
	00770e80	30	
	00770ea0	103	
	00770f10	43	
	00770f40	10	
	00770f50	39	
	00770f80	18	
	00770fa0	12	
	00770fb0	51	
	00770ff0	35	
	00771020	330	
	00771170	392	
	00771300	195	
	007713d0	11	
	007713e0	165	
	00771490	19	
	007714b0	56	
	007714f0	62	
	00771530	62	
	00771570	62	
	007715b0	68	
	00771600	49	
	00771640	1008	
	00771a30	73	
	00771a80	34	
	00771ab0	34	
	00771ae0	34	
	00771b10	76	
	00771b60	124	
	00771be0	1872	
	00772330	825	
	00772670	291	
	007727a0	982	
	00772b80	82	
	00772be0	537	
	00772e00	943	
	007731b0	77	
	00773200	140	
	00773290	64	
	007732d0	80	
	00773320	957	
	007736e0	997	
	00773ad0	13	
	00773ae0	52	
	00773b20	55	
	00773b60	68	
	00773bb0	68	
	00773c00	25	
	00773c20	12	
	00773c30	5	
	00773c40	19	
	00773c60	10	
	00773c70	23	
	00773c90	18	
	00773cb0	12	
	00773cc0	31	
	00773ce0	35	
	00773d10	18	
	00773d30	31	
	00773d50	14	
	00773d60	243	
	00773e60	25	
	00773e80	12	
	00773e90	5	
	00773ea0	19	
	00773ec0	12	
	00773ed0	105	
	00773f40	181	
	00774000	25	
	00774020	12	
	00774030	214	
	00774110	28	
	00774130	100	
	007741a0	79	
	007741f0	60	
	00774230	167	
	007742e0	85	
	00774340	22	
	00774360	6	
	00774370	134	
	00774400	87	
	00774460	22	
	00774480	118	
	00774500	29	
	00774520	36	
	00774550	33	
	00774580	17	
	007745a0	18	
	007745c0	541	
	007747e0	564	
	00774a20	25	
	00774a40	12	
	00774a50	5	
	00774a60	19	
	00774a80	15	
	00774a90	1	
	00774aa0	151	
	00774b40	25	
	00774b60	12	
	00774b70	5	
	00774b80	19	
	00774ba0	90	
	00774c00	79	
	00774c50	80	
	00774ca0	367	
	00774e10	32	
	00774e30	742	
	00775120	32	
	00775140	35	
	00775170	270	
	00775280	28	
	007752a0	19	
	007752c0	19	
	007752e0	5	
	007752f0	25	
	00775310	12	
	00775320	5	
	00775330	11	
	00775340	5	
	00775350	19	
	00775370	14	
	00775380	1	
	00775390	27	
	007753b0	38	
	007753e0	10	
	007753f0	97	
	00775460	703	
	00775720	26	
	00775740	19	
	00775760	130	
	007757f0	102	
	00775860	25	
	00775880	12	
	00775890	10	
	007758a0	1203	
	00775d60	12	
	00775d70	88	
	00775dd0	10	
	00775de0	41	
	00775e10	12	
	00775e20	108	
	00775e90	520	
	007760a0	826	
	007763e0	229	
	007764d0	161	
	00776580	14	
	00776590	312	
	007766d0	277	
	007767f0	467	
	007769d0	406	
	00776b70	48	
	00776ba0	490	
	00776d90	157	
	00776e30	409	
	00776fd0	47	
	00777000	27	
	00777020	169	
	007770d0	297	
	00777200	428	
	007773b0	572	
	007775f0	83	
	00777650	68	
	007776a0	346	
	00777800	441	
	007779c0	28	
	007779e0	481	
	00777bd0	118	
	00777c50	1017	
	00778050	59	
	00778090	611	
	00778300	330	
	00778450	88	
	007784b0	45	
	007784e0	82	
	00778540	86	
	007785a0	27	
	007785c0	81	
	00778620	67	
	00778670	200	
	00778740	24	
	00778760	354	
	007788d0	62	
	00778910	3	
	00778920	6	
	00778930	6	
	00778940	28	
	00778960	28	
	00778980	23	
	007789a0	31	
	007789c0	78	
	00778a10	102	
	00778a80	550	
	00778ca6	40	
	00778cd1	78	
	00778d20	89	
	00778d80	12	
	00778d90	12	
	00778da0	12	
	00778db0	12	
	00778dc0	1	
	00778dd0	5	
	00778de0	19	
	00778e00	64	
	00778e40	27	
	00778e60	20	
	00778e80	133	
	00778f20	5	
	00778f30	26	
	00778f50	98	
	00778fc0	98	
	00779030	7	
	00779040	26	
	00779060	11	
	00779070	13	
	00779080	98	
	007790f0	98	
	00779160	42	
	00779190	30	
	007791e0	25	
	00779200	12	
	00779210	5	
	00779220	19	
	00779240	101	
	007792b0	6	
	007792c0	6	
	007792d0	8	
	007792e0	5	
	007792f0	5	
	00779300	6	
	00779310	6	
	00779320	35	
	00779350	92	
	007793b0	43	
	007793e0	112	
	00779450	34	
	00779480	97	
	007794f0	145	
	00779590	105	
	00779600	7	
	00779610	22	
	00779630	93	
	00779690	141	
	00779720	42	
	00779750	72	
	007797b0	63	
	007797f0	171	
	007798a0	103	
	00779910	315	
	00779a50	6	
	00779a60	129	
	00779af0	34	
	00779b20	62	
	00779b60	48	
	00779b90	114	
	00779c10	74	
	00779c60	199	
	00779d30	20	
	00779d50	115	
	00779dd0	38	
	00779e00	181	
	00779ec0	96	
	00779f20	23	
	00779f40	496	
	0077a130	512	
	0077a330	5	
	0077a340	89	
	0077a3a0	116	
	0077a420	83	
	0077a480	167	
	0077a530	221	
	0077a610	29	
	0077a630	23	
	0077a650	38	
	0077a680	67	
	0077a6d0	57	
	0077a710	57	
	0077a750	25	
	0077a770	12	
	0077a780	25	
	0077a7a0	12	
	0077a7b0	5	
	0077a7c0	19	
	0077a7e0	5	
	0077a7f0	31	
	0077a810	5	
	0077a820	19	
	0077a840	5	
	0077a850	23	
	0077a870	10	
	0077a880	39	
	0077a8b0	18	
	0077a8d0	12	
	0077a8e0	51	
	0077a920	35	
	0077a950	7	
	0077a960	203	
	0077aa30	44	
	0077aa60	422	
	0077ac10	64	
	0077ac50	311	
	0077ad90	118	
	0077ae10	31	
	0077ae30	44	
	0077ae60	128	
	0077aee0	142	
	0077af70	64	
	0077afb0	7	
	0077afc0	149	
	0077b060	29	
	0077b080	207	
	0077b150	19	
	0077b170	52	
	0077b1b0	28	
	0077b1d0	240	
	0077b2c0	227	
	0077b3b0	252	
	0077b4b0	28	
	0077b4d0	454	
	0077b6a0	501	
	0077b8a0	30	
	0077b8d0	76	
	0077b920	56	
	0077b960	5	
	0077b970	3	
	0077b9a0	39	
	0077b9d0	466	
	0077bbb0	153	
	0077bc50	30	
	0077bc70	230	
	0077bd60	25	
	0077bd80	40	
	0077bdb0	22	
	0077bdd0	61	
	0077be10	140	
	0077bea0	54	
	0077bee0	6	
	0077bef0	6	
	0077bf00	6	
	0077bf10	32	
	0077bf30	95	
	0077bf90	95	
	0077bff0	123	
	0077c070	142	
	0077c100	24	
	0077c120	390	
	0077c2b0	37	
	0077c2e0	10	
	0077c2f0	22	
	0077c310	99	
	0077c390	60	
	0077c3d0	84	
	0077c430	31	
	0077c450	85	
	0077c4b0	21	
	0077c4d0	21	
	0077c4f0	35	
	0077c520	35	
	0077c550	123	
	0077c5d0	29	
	0077c5f0	113	
	0077c670	91	
	0077c6d0	111	
	0077c740	43	
	0077c770	10	
	0077c780	40	
	0077c7b0	65	
	0077c800	260	
	0077c910	59	
	0077c950	140	
	0077c9e0	187	
	0077caa0	114	
	0077cb20	158	
	0077cbc0	70	
	0077cc10	30	
	0077cc30	24	
	0077cc50	30	
	0077cc70	7	
	0077cc90	188	
	0077cd50	18	
	0077cd70	21	
	0077cd90	18	
	0077cdb0	170	
	0077ce60	15	
	0077ce70	18	
	0077ce90	18	
	0077ceb0	18	
	0077ced0	81	
	0077cf30	64	
	0077cf70	64	
	0077cfb0	18	
	0077d000	42	
	0077d030	1	
	0077d040	81	
	0077d0a0	102	
	0077d110	38	
	0077d140	38	
	0077d170	188	
	0077d2e0	6	
	0077d2f0	1030	
	0077d700	998	
	0077daf0	5	
	0077db00	173	
	0077dbb0	107	
	0077dc20	39	
	0077dc50	53	
	0077dc90	165	
	0077dd40	139	
	0077ddd0	7	
	0077dde0	39	
	0077de10	5	
	0077de20	74	
	0077de70	72	
	0077dec0	37	
	0077def0	65	
	0077df40	275	
	0077e060	61	
	0077e0a0	31	
	0077e0c0	257	
	0077e1d0	134	
	0077e260	7	
	0077e270	193	
	0077e340	190	
	0077e400	94	
	0077e460	20	
	0077e480	7	
	0077e490	736	
	0077e770	1	
	0077e780	45	
	0077e7b0	88	
	0077e810	81	
	0077e870	145	
	0077e910	290	
	0077ea40	90	
	0077eaa0	76	
	0077eaf0	22	
	0077eb10	25	
	0077eb30	12	
	0077eb40	10	
	0077eb50	23	
	0077eb70	18	
	0077eb90	12	
	0077eba0	31	
	0077ebc0	35	
	0077ebf0	105	
	0077ec60	7	
	0077ec70	41	
	0077eca0	112	
	0077ed10	95	
	0077ed70	4	
	0077ed80	66	
	0077edd0	110	
	0077ee40	47	
	0077ee70	32	
	0077ee90	4	
	0077eea0	131	
	0077ef30	111	
	0077efa0	27	
	0077efc0	25	
	0077efe0	12	
	0077eff0	5	
	0077f000	19	
	0077f020	104	
	0077f090	3	
	0077f0a0	7	
	0077f0b0	5	
	0077f0c0	7	
	0077f0d0	5	
	0077f0e0	9	
	0077f0f0	6	
	0077f100	6	
	0077f110	35	
	0077f140	147	
	0077f1e0	11	
	0077f1f0	57	
	0077f230	86	
	0077f290	24	
	0077f2b0	110	
	0077f320	100	
	0077f390	251	
	0077f490	67	
	0077f4e0	278	
	0077f670	7	
	0077f680	13	
	0077f690	52	
	0077f6d0	30	
	0077f6f0	96	
	0077f750	38	
	0077f780	72	
	0077f7d0	93	
	0077f840	51	
	0077f880	99	
	0077f8f0	95	
	0077f950	77	
	0077f9a0	83	
	0077fa00	164	
	0077fab0	137	
	0077fb40	84	
	0077fba0	69	
	0077fbf0	63	
	0077fc30	81	
	0077fc90	11	
	0077fca0	41	
	0077fcd0	13	
	0077fce0	120	
	0077fd60	54	
	0077fda0	102	
	0077fe10	46	
	0077fe40	54	
	0077fe80	81	
	0077fee0	44	
	0077ff10	38	
	0077ff40	41	
	0077ff80	621	
	007801f0	653	
	00780480	132	
	00780510	149	
	007805b0	136	
	00780640	25	
	00780660	12	
	00780670	5	
	00780680	11	
	00780690	5	
	007806a0	19	
	007806c0	5	
	007806d0	19	
	007806f0	5	
	00780700	11	
	00780710	5	
	00780720	23	
	00780740	69	
	00780790	6	
	007807a0	5	
	007807b0	13	
	007807c0	3	
	007807d0	5	
	007807e0	6	
	007807f0	6	
	00780800	6	
	00780810	48	
	00780840	147	
	007808e0	78	
	00780930	65	
	00780980	51	
	007809c0	38	
	007809f0	109	
	00780a60	10	
	00780a70	12	
	00780a80	14	
	00780a90	14	
	00780aa0	14	
	00780ab0	13	
	00780ad0	19	
	00780af0	25	
	00780b10	38	
	00780b40	145	
	00780be0	762	
	00780ee0	23	
	00780f00	5	
	00780f10	114	
	00780f90	114	
	00781010	21	
	00781030	25	
	00781050	12	
	00781060	16	
	00781070	5	
	00781080	51	
	007810c0	106	
	00781130	137	
	007811c0	5	
	007811d0	11	
	007811e0	5	
	007811f0	19	
	00781210	19	
	00781230	94	
	00781290	1	
	007812a0	205	
	00781370	53	
	007813b0	24	
	007813d0	24	
	007813f0	4	
	00781410	4	
	00781420	4	
	00781430	4	
	00781440	25	
	00781460	126	
	007814e0	704	
	007817a0	689	
	00781a60	271	
	00781b80	64	
	00781bc0	248	
	00781cc0	82	
	00781d20	5	
	00781d30	1086	
	00782170	58	
	007821b0	28	
	007821d0	28	
	007821f0	109	
	00782260	419	
	00782410	124	
	00782490	144	
	00782520	1	
	00782521	15	
	00782530	22	
	00782550	1	
	00782560	82	
	007825c0	1	
	007825d0	82	
	00782630	21	
	00782650	21	
	00782670	21	
	00782690	21	
	007826b0	21	
	007826d0	21	
	007826f0	21	
	00782710	21	
	00782730	21	
	00782750	21	
	00782770	21	
	00782790	21	
	007827b0	21	
	007827d0	21	
	007827f0	21	
	00782810	21	
	00782830	21	
	00782850	21	
	00782870	21	
	00782890	21	
	007828b0	21	
	007828d0	21	
	007828f0	21	
	00782910	21	
	00782930	21	
	00782950	21	
	00782970	21	
	00782990	21	
	007829b0	21	
	007829d0	21	
	007829f0	21	
	00782a10	21	
	00782a30	21	
	00782a50	21	
	00782a70	21	
	00782a90	21	
	00782ab0	21	
	00782ad0	21	
	00782af0	21	
	00782b10	21	
	00782b30	21	
	00782b50	21	
	00782b70	21	
	00782b90	21	
	00782bb0	21	
	00782bd0	21	
	00782bf0	21	
	00782c10	21	
	00782c30	21	
	00782c50	21	
	00782c70	21	
	00782c90	21	
	00782cb0	21	
	00782cd0	21	
	00782cf0	21	
	00782d10	21	
	00782d30	21	
	00782d50	21	
	00782d70	21	
	00782d90	21	
	00782db0	21	
	00782dd0	21	
	00782df0	21	
	00782e10	21	
	00782e30	21	
	00782e50	21	
	00782e70	21	
	00782e90	21	
	00782eb0	21	
	00782ed0	21	
	00782ef0	21	
	00782f10	21	
	00782f30	21	
	00782f50	21	
	00782f70	21	
	00782f90	21	
	00782fb0	21	
	00782fd0	21	
	00782ff0	21	
	00783010	21	
	00783030	21	
	00783050	21	
	00783070	21	
	00783090	21	
	007830b0	21	
	007830d0	21	
	007830f0	21	
	00783110	21	
	00783130	21	
	00783150	21	
	00783170	21	
	00783190	21	
	007831b0	21	
	007831d0	21	
	007831f0	21	
	00783210	21	
	00783230	21	
	00783250	21	
	00783270	21	
	00783290	21	
	007832b0	21	
	007832d0	21	
	007832f0	21	
	00783310	21	
	00783330	21	
	00783350	21	
	00783370	21	
	00783390	21	
	007833b0	21	
	007833d0	21	
	007833f0	21	
	00783410	21	
	00783430	21	
	00783450	21	
	00783470	21	
	00783490	21	
	007834b0	21	
	007834d0	21	
	007834f0	21	
	00783510	21	
	00783530	21	
	00783550	21	
	00783570	21	
	00783590	21	
	007835b0	21	
	007835d0	21	
	007835f0	21	
	00783610	21	
	00783630	21	
	00783650	21	
	00783670	21	
	00783690	21	
	007836b0	21	
	007836d0	21	
	007836f0	21	
	00783710	21	
	00783730	21	
	00783750	21	
	00783770	21	
	00783790	21	
	007837b0	21	
	007837d0	21	
	007837f0	21	
	00783810	21	
	00783830	21	
	00783850	21	
	00783870	21	
	00783890	21	
	007838b0	21	
	007838d0	21	
	007838f0	21	
	00783910	21	
	00783930	21	
	00783950	21	
	00783970	21	
	00783990	21	
	007839b0	21	
	007839d0	21	
	007839f0	21	
	00783a10	21	
	00783a30	21	
	00783a50	21	
	00783a70	21	
	00783a90	21	
	00783ab0	21	
	00783ad0	21	
	00783af0	21	
	00783b10	21	
	00783b30	21	
	00783b50	21	
	00783b70	21	
	00783b90	21	
	00783bb0	21	
	00783bd0	21	
	00783bf0	21	
	00783c10	21	
	00783c30	21	
	00783c50	21	
	00783c70	21	
	00783c90	21	
	00783cb0	21	
	00783cd0	21	
	00783cf0	21	
	00783d10	21	
	00783d30	21	
	00783d50	21	
	00783d70	21	
	00783d90	21	
	00783db0	21	
	00783dd0	21	
	00783df0	21	
	00783e10	21	
	00783e30	21	
	00783e50	21	
	00783e70	21	
	00783e90	21	
	00783eb0	21	
	00783ed0	21	
	00783ef0	21	
	00783f10	21	
	00783f30	21	
	00783f50	21	
	00783f70	21	
	00783f90	21	
	00783fb0	21	
	00783fd0	21	
	00783ff0	21	
	00784010	21	
	00784030	21	
	00784050	21	
	00784070	79	
	007840c0	57	
	00784100	261	
	00784210	371	
	00784390	81	
	007843f0	24	
	00784410	24	
	00784430	24	
	00784450	84	
	007844b0	84	
	00784510	84	
	00784570	204	
	00784640	72	
	00784690	144	
	00784720	44	
	00784750	44	
	00784780	516	
	00784990	6	
	007849a0	38	
	007849d0	83	
	00784a30	249	
	00784b30	43	
	00784b60	64	
	00784ba0	10	
	00784bb0	13	
	00784bc0	12	
	00784bd0	21	
	00784bf0	5	
	00784c00	1	
	00784c10	83	
	00784c70	148	
	00784d10	200	
	00784de0	192	
	00784ea0	86	
	00784f00	41	
	00784f30	6	
	00784f40	47	
	00784f70	46	
	00784fa0	170	
	00785050	170	
	00785100	164	
	007851b0	68	
	00785200	25	
	00785220	12	
	00785230	5	
	00785240	11	
	00785250	168	
	00785300	434	
	007854c0	5	
	007854d0	38	
	00785500	119	
	00785580	1091	
	007859d0	2780	
	007864b0	25	
	007864d0	12	
	007864e0	25	
	00786500	12	
	00786510	5	
	00786520	11	
	00786530	5	
	00786540	19	
	00786553	13	
	00786560	5	
	00786570	23	
	00786590	5	
	007865a0	1	
	007865b0	5	
	007865c0	1	
	007865d0	9	
	007865e0	180	
	007866a0	3	
	007866c0	228	
	007867b0	133	
	00786840	2235	
	00787120	49	
	00787160	23	
	00787180	18	
	007871a0	414	
	00787340	210	
	00787420	1198	
	007878e0	3344	
	007885f0	22	
	00788610	30	
	00788630	991	
	00788a10	511	
	00788c10	264	
	00788d20	837	
	00789070	838	
	007893c0	81	
	00789420	286	
	00789540	81	
	007895a0	291	
	007896d0	81	
	00789730	291	
	00789860	81	
	007898c0	291	
	007899f0	125	
	00789a70	181	
	00789b30	117	
	00789bb0	94	
	00789c10	263	
	00789d20	25	
	00789d40	12	
	00789d50	5	
	00789d60	11	
	00789d70	5	
	00789d80	19	
	00789da0	82	
	00789e00	5	
	00789e10	38	
	00789e40	253	
	00789f40	5	
	00789f50	31	
	00789f70	5	
	00789f80	31	
	00789fa0	284	
	0078a0c0	794	
	0078a3e0	3035	
	0078afc0	1	
	0078afd0	25	
	0078aff0	12	
	0078b000	25	
	0078b020	12	
	0078b030	25	
	0078b050	12	
	0078b060	5	
	0078b070	11	
	0078b080	5	
	0078b090	19	
	0078b0b0	381	
	0078b230	3	
	0078b240	33	
	0078b280	78	
	0078b2d0	561	
	0078b520	23	
	0078b540	18	
	0078b560	45	
	0078b590	225	
	0078b680	50	
	0078b6c0	225	
	0078b7b0	50	
	0078b7f0	225	
	0078b8e0	50	
	0078b920	225	
	0078ba10	50	
	0078ba50	225	
	0078bb40	50	
	0078bb80	225	
	0078bc70	50	
	0078bcb0	230	
	0078bda0	667	
	0078c040	207	
	0078c110	207	
	0078c1e0	207	
	0078c2b0	207	
	0078c380	207	
	0078c450	851	
	0078c7d0	730	
	0078cab0	297	
	0078cbe0	41	
	0078cc10	250	
	0078cd20	315	
	0078ce70	730	
	0078d150	714	
	0078d420	427	
	0078d5d0	25	
	0078d5f0	12	
	0078d600	25	
	0078d620	12	
	0078d630	5	
	0078d640	11	
	0078d650	5	
	0078d660	19	
	0078d680	333	
	0078d7d0	3	
	0078d7e0	20	
	0078d810	5	
	0078d820	23	
	0078d840	18	
	0078d860	134	
	0078d8f0	70	
	0078d940	25	
	0078d960	12	
	0078d970	25	
	0078d990	12	
	0078d9a0	103	
	0078da10	25	
	0078da30	12	
	0078da40	46	
	0078da70	7	
	0078da80	156	
	0078db20	48	
	0078db60	218	
	0078dc40	117	
	0078dcd0	5	
	0078dce0	48	
	0078dd20	164	
	0078ddd0	117	
	0078de60	5	
	0078de70	48	
	0078deb0	164	
	0078df60	117	
	0078dff0	5	
	0078e000	48	
	0078e040	23	
	0078e060	3	
	0078e070	5	
	0078e080	41	
	0078e0c0	196	
	0078e190	95	
	0078e1f0	5	
	0078e200	55	
	0078e250	203	
	0078e320	142	
	0078e3c0	5	
	0078e3d0	41	
	0078e410	196	
	0078e4e0	3	
	0078e4f0	137	
	0078e580	55	
	0078e5d0	203	
	0078e6a0	147	
	0078e750	5	
	0078e760	41	
	0078e7a0	166	
	0078e850	3	
	0078e860	5	
	0078e870	25	
	0078e890	12	
	0078e8a0	5	
	0078e8b0	11	
	0078e8c0	223	
	0078e9a0	1	
	0078e9b0	66	
	0078ea00	25	
	0078ea20	62	
	0078ea60	59	
	0078eaa0	59	
	0078eae0	59	
	0078eb20	59	
	0078eb60	110	
	0078ebd0	19	
	0078ebf0	14	
	0078ec00	295	
	0078ed30	200	
	0078ee00	55	
	0078ee40	33	
	0078ee70	33	
	0078eea0	33	
	0078eed0	33	
	0078ef00	33	
	0078ef30	33	
	0078ef60	94	
	0078efc0	257	
	0078f0d0	25	
	0078f0f0	12	
	0078f100	16	
	0078f110	191	
	0078f1d0	6	
	0078f1e0	11	
	0078f1f0	224	
	0078f2d0	80	
	0078f320	649	
	0078f5b0	30	
	0078f5d0	5	
	0078f5e0	28	
	0078f600	18	
	0078f620	52	
	0078f660	68	
	0078f6b0	25	
	0078f6d0	12	
	0078f6e0	5	
	0078f6f0	11	
	0078f700	5	
	0078f710	19	
	0078f730	37	
	0078f760	1	
	0078f770	495	
	0078f960	271	
	0078fa70	139	
	0078fb00	212	
	0078fbe0	303	
	0078fd10	1228	
	007901e0	87	
	00790240	1704	
	007908f0	5	
	00790900	23	
	00790920	18	
	00790940	24	
	00790960	24	
	00790980	24	
	007909a0	19	
	007909c0	84	
	00790a20	84	
	00790a80	84	
	00790ae0	76	
	00790b30	199	
	00790c00	885	
	00790f80	207	
	00791050	168	
	00791100	137	
	00791190	205	
	00791260	26	
	00791280	215	
	00791360	16	
	00791370	16	
	00791380	16	
	00791390	16	
	007913a0	16	
	007913b0	16	
	007913c0	16	
	007913d0	16	
	007913e0	16	
	007913f0	16	
	00791400	16	
	00791410	16	
	00791420	16	
	00791430	16	
	00791440	16	
	00791450	16	
	00791460	16	
	00791470	16	
	00791480	16	
	00791490	16	
	007914a0	16	
	007914b0	16	
	007914c0	16	
	007914d0	16	
	007914e0	16	
	007914f0	16	
	00791500	16	
	00791510	16	
	00791520	16	
	00791530	16	
	00791540	16	
	00791550	16	
	00791560	16	
	00791570	16	
	00791580	16	
	00791590	16	
	007915a0	16	
	007915b0	16	
	007915c0	16	
	007915d0	16	
	007915e0	16	
	007915f0	16	
	00791600	16	
	00791610	16	
	00791620	16	
	00791630	16	
	00791640	16	
	00791650	16	
	00791660	16	
	00791670	16	
	00791680	16	
	00791690	16	
	007916a0	16	
	007916b0	16	
	007916c0	16	
	007916d0	16	
	007916e0	16	
	007916f0	16	
	00791700	16	
	00791710	16	
	00791720	16	
	00791730	16	
	00791740	16	
	00791750	21	
	00791770	21	
	00791790	21	
	007917b0	21	
	007917d0	21	
	007917f0	21	
	00791810	21	
	00791830	21	
	00791850	21	
	00791870	21	
	00791890	21	
	007918b0	21	
	007918d0	21	
	007918f0	21	
	00791910	21	
	00791930	21	
	00791950	21	
	00791970	21	
	00791990	21	
	007919b0	21	
	007919d0	21	
	007919f0	16	
	00791a00	16	
	00791a10	16	
	00791a20	16	
	00791a30	16	
	00791a40	16	
	00791a50	16	
	00791a60	16	
	00791a70	16	
	00791a80	16	
	00791a90	16	
	00791aa0	16	
	00791ab0	16	
	00791ac0	16	
	00791ad0	16	
	00791ae0	16	
	00791af0	16	
	00791b00	16	
	00791b10	16	
	00791b20	16	
	00791b30	16	
	00791b40	16	
	00791b50	16	
	00791b60	16	
	00791b70	16	
	00791b80	16	
	00791b90	16	
	00791ba0	16	
	00791bb0	16	
	00791bc0	16	
	00791bd0	16	
	00791be0	16	
	00791bf0	16	
	00791c00	16	
	00791c10	16	
	00791c20	16	
	00791c30	16	
	00791c40	16	
	00791c50	16	
	00791c60	16	
	00791c70	16	
	00791c80	16	
	00791c90	16	
	00791ca0	16	
	00791cb0	16	
	00791cc0	16	
	00791cd0	16	
	00791ce0	16	
	00791cf0	16	
	00791d00	16	
	00791d10	16	
	00791d20	16	
	00791d30	16	
	00791d40	16	
	00791d50	16	
	00791d60	16	
	00791d70	16	
	00791d80	16	
	00791d90	16	
	00791da0	16	
	00791db0	16	
	00791dc0	16	
	00791dd0	16	
	00791de0	16	
	00791df0	16	
	00791e00	16	
	00791e10	16	
	00791e20	16	
	00791e30	16	
	00791e40	16	
	00791e50	16	
	00791e60	16	
	00791e70	16	
	00791e80	16	
	00791e90	16	
	00791ea0	16	
	00791eb0	16	
	00791ec0	16	
	00791ed0	16	
	00791ee0	16	
	00791ef0	16	
	00791f00	16	
	00791f10	16	
	00791f20	16	
	00791f30	81	
	00791f90	379	
	00792110	641	
	007923a0	43	
	007923d0	630	
	00792650	95	
	007926b0	72	
	00792700	121	
	00792780	204	
	00792850	75	
	007928a0	48	
	007928d0	57	
	00792910	266	
	00792a20	335	
	00792b70	86	
	00792bd0	86	
	00792c30	86	
	00792c90	16	
	00792ca0	769	
	00792fb0	629	
	00793230	330	
	00793380	314	
	007934c0	439	
	00793680	46	
	007936b0	253	
	007937b0	46	
	007937e0	48	
	00793810	10	
	00793820	13	
	00793830	12	
	00793840	21	
	00793860	128	
	007938e0	41	
	00793910	39	
	00793940	46	
	00793970	25	
	00793990	12	
	007939a0	25	
	007939c0	12	
	007939d0	5	
	007939e0	11	
	007939f0	5	
	00793a00	19	
	00793a20	5	
	00793a30	31	
	00793a50	5	
	00793a60	31	
	00793a80	5	
	00793a90	11	
	00793aa0	5	
	00793ab0	11	
	00793ac0	357	
	00793c30	47	
	00793c60	154	
	00793d00	137	
	00793d90	329	
	00793ee0	921	
	00794280	235	
	00794370	860	
	007946d0	181	
	00794790	36	
	007947c0	106	
	00794830	199	
	00794900	78	
	00794970	36	
	007949a0	8	
	007949b0	8	
	007949c0	25	
	007949e0	31	
	00794a00	30	
	00794a20	16	
	00794a30	69	
	00794a80	47	
	00794ab0	25	
	00794ad0	12	
	00794ae0	169	
	00794b90	169	
	00794c40	169	
	00794cf0	52	
	00794d30	247	
	00794e30	247	
	00794f30	60	
	00794f70	55	
	00794fb0	125	
	00795030	84	
	00795090	17	
	007950b0	139	
	00795140	193	
	00795210	168	
	007952c0	69	
	00795310	287	
	00795430	112	
	007954a0	207	
	00795570	580	
	007957c0	442	
	00795980	860	
	00795ce0	2319	
	007965f0	796	
	00796920	183	
	007969e0	374	
	00796b60	1491	
	00797140	729	
	00797420	113	
	007974a0	30	
	007974c0	11	
	007974d0	30	
	007974f0	23	
	00797510	18	
	00797530	91	
	00797590	209	
	00797661	240	
	00797760	63	
	007977a0	1890	
	00797f10	807	
	00798240	25	
	00798260	12	
	00798270	5	
	00798280	19	
	007982a0	5	
	007982b0	11	
	007982c0	5	
	007982d0	1	
	007982e0	5	
	007982f0	1	
	00798300	5	
	00798310	1	
	00798320	5	
	00798330	31	
	00798350	215	
	00798430	1082	
	00798870	286	
	00798990	1	
	007989a0	63	
	007989e0	258	
	00798af0	58	
	00798b30	1409	
	007990c0	73	
	00799110	117	
	00799190	41	
	007991c0	3116	
	00799df0	99	
	00799e60	99	
	00799ed0	99	
	00799f40	1	
	00799f50	46	
	00799f80	92	
	00799fe0	585	
	0079a230	81	
	0079a290	48	
	0079a2c0	216	
	0079a3a0	492	
	0079a5a0	37	
	0079a5d0	48	
	0079a600	25	
	0079a620	23	
	0079a640	58	
	0079a680	11	
	0079a690	11	
	0079a6a0	44	
	0079a6d0	5	
	0079a6e0	19	
	0079a700	5	
	0079a710	1	
	0079a720	219	
	0079a800	78	
	0079a850	25	
	0079a870	12	
	0079a880	5	
	0079a890	19	
	0079a8b0	5	
	0079a8c0	11	
	0079a8d0	58	
	0079a910	6879	
	0079c550	246	
	0079c650	274	
	0079c770	1281	
	0079cc80	46	
	0079ccb0	25	
	0079ccd0	12	
	0079cce0	5	
	0079ccf0	11	
	0079cd00	5	
	0079cd10	19	
	0079cd30	339	
	0079ce90	30	
	0079ceb0	3	
	0079ced0	200	
	0079cfa0	5	
	0079cfb0	23	
	0079cfd0	18	
	0079cff0	6	
	0079d000	159	
	0079d0a0	51	
	0079d0e0	25	
	0079d100	12	
	0079d110	25	
	0079d130	12	
	0079d140	5	
	0079d150	19	
	0079d170	5	
	0079d180	11	
	0079d190	5	
	0079d1a0	23	
	0079d1c0	149	
	0079d260	6	
	0079d280	1042	
	0079d6a0	30	
	0079d6c0	216	
	0079d7a0	134	
	0079d830	521	
	0079da40	98	
	0079dab0	519	
	0079dcd0	5	
	0079dce0	57	
	0079dd20	26	
	0079dd40	162	
	0079ddf0	340	
	0079df50	52	
	0079df90	111	
	0079e000	47	
	0079e030	270	
	0079e140	258	
	0079e250	36	
	0079e280	1659	
	0079e900	23	
	0079e920	18	
	0079e940	114	
	0079e9c0	108	
	0079ea30	114	
	0079eab0	114	
	0079eb30	114	
	0079ebb0	108	
	0079ec20	112	
	0079ec90	136	
	0079ed20	114	
	0079eda0	108	
	0079ee10	57	
	0079ee50	56	
	0079ee90	57	
	0079eed0	56	
	0079ef10	57	
	0079ef50	56	
	0079ef90	57	
	0079efd0	56	
	0079f010	57	
	0079f050	56	
	0079f090	71	
	0079f0e0	356	
	0079f250	470	
	0079f430	5	
	0079f440	368	
	0079f5d0	101	
	0079f640	335	
	0079f790	379	
	0079f910	25	
	0079f930	12	
	0079f940	5	
	0079f950	11	
	0079f960	207	
	0079fa30	5	
	0079fa40	324	
	0079fb90	38	
	0079fbc0	296	
	0079fcf0	5707	
	007a1360	1	
	007a1370	1	
	007a1380	1	
	007a1390	1	
	007a13a0	25	
	007a13c0	12	
	007a13d0	25	
	007a13f0	12	
	007a1400	121	
	007a1480	890	
	007a1800	1852	
007a1800	007a1f40	479	
007a1800	007a2120	587	
007a1800	007a2370	29	
007a1800	007a2390	31	
007a1800	007a23b0	363	
007a1800	007a2520	788	
007a1800	007a2840	582	
007a1800	007a2a90	21	
007a1800	007a2ab0	23	
007a1800	007a2ad0	24	
007a1800	007a2af0	314	
007a1800	007a2c30	1452	
007a1800	007a31e0	42	
007a1800	007a3210	1834	
007a1800	007a3940	272	
	007a3a50	412	
007a3a50	007a3bf0	88	
007a3a50	007a3c50	118	
007a3a50	007a3cd0	331	
007a3a50	007a3e20	92	
007a3a50	007a3e80	64	
	007a3ec0	674	
	007a4170	637	
	007a43f0	1543	
007a43f0	007a4a00	15	
007a43f0	007a4a10	466	
007a43f0	007a4bf0	786	
007a43f0	007a4f10	14	
007a43f0	007a4f20	470	
007a43f0	007a5100	338	
	007a5260	1005	
007a5260	007a5650	499	
007a5260	007a5850	222	
007a5260	007a5930	67	
007a5260	007a5f44	244	
007a5260	007a6040	1234	
007a5260	007a6520	14	
007a5260	007a6530	43	
007a5260	007a6560	42	
	007a5973	128	
007a5973	007a5a00	1211	
007a5973	007a5ec0	14	
007a5973	007a5ed0	116	
007a5973	007a658a	169	
007a5973	007a6640	259	
007a5973	007a6750	519	
	007a6960	1249	
007a6960	007a6e50	1220	
007a6960	007a7320	15	
007a6960	007a7330	643	
007a6960	007a75c0	1191	
007a6960	007a7a70	15	
007a6960	007a7a80	234	
007a6960	007a7b70	281	
007a6960	007a7c90	384	
	007a7e10	1133	
007a7e10	007a8280	75	
007a7e10	007a8650	457	
007a7e10	007a8820	857	
007a7e10	007a8d80	48	
	007a82cb	901	
007a82cb	007a8b79	519	
	007a8db0	1734	
007a8db0	007a9480	34	
007a8db0	007a94b0	39	
007a8db0	007a94e0	103	
007a8db0	007a9550	77	
007a8db0	007a95a0	775	
	007a98b0	837	
007a98b0	007a9c00	310	
007a98b0	007a9d40	219	
007a98b0	007a9e20	716	
007a98b0	007aa0f0	296	
007a98b0	007aa220	187	
007a98b0	007aa2e0	789	
007a98b0	007aa600	215	
007a98b0	007aa6e0	101	
007a98b0	007aa750	402	
	007aa8f0	869	
007aa8f0	007aac60	797	
007aa8f0	007aaf80	878	
007aa8f0	007ab2f0	209	
007aa8f0	007ab3d0	209	
	007ab4b0	207	
007ab4b0	007ab580	949	
007ab4b0	007ab940	558	
007ab4b0	007abb70	49	
007ab4b0	007abbb0	15	
007ab4b0	007abbc0	137	
007ab4b0	007abc50	49	
007ab4b0	007abc90	15	
007ab4b0	007abca0	138	
007ab4b0	007abd30	49	
007ab4b0	007abd70	15	
007ab4b0	007abd80	159	
007ab4b0	007abe20	15	
007ab4b0	007abe30	283	
007ab4b0	007abf50	51	
	007abf90	1329	
	007ac4d0	181	
007ac4d0	007ac590	167	
	007ac640	910	
	007ac9d0	1	
	007ac9e0	22	
	007aca00	119	
	007aca80	82	
	007acae0	81	
	007acb40	53	
	007acb80	54	
	007acbc0	54	
	007acc00	45	
	007acc30	43	
	007acc60	10	
	007acc70	12	
	007acc80	50	
	007accc0	20	
	007acce0	19	
	007acd00	19	
	007acd20	10	
	007acd2a	20	
	007acd3e	16	
	007acd4e	16	
	007acd5e	16	
	007acd70	17	
	007acd90	17	
	007acdb0	21	
	007acdc5	11	
	007acdd0	6	
	007acde0	6	
	007acdf0	5	
	007ace00	4	
	007ace10	6	
	007ace20	6	
	007ace26	10	
	007ace30	31	
	007ace50	270	
	007acf5e	2	
	007acf60	4	
	007acf70	218	
	007ad04a	6	
	007ad050	11	
	007ad060	10	
	007ad070	13	
	007ad080	12	
	007ad090	261	
	007ad1a0	130	
	007ad230	179	
	007ad2f0	112	
	007ad360	6	
	007ad370	70	
	007ad3c0	240	
	007ad4b0	3	
	007ad4c0	21	
	007ad4f0	2166	
	007add70	3	
	007add80	318	
	007adec0	261	
	007adfd0	266	
	007ae0e0	476	
	007ae2c0	481	
	007ae4b0	5	
	007ae4c0	11	
	007ae4d0	476	
	007ae6b0	55	
	007ae6f0	1202	
	007aebb0	6	
	007aebb6	6	
	007aebbc	6	
	007aebc2	6	
	007aebc8	6	
	007aebce	6	
	007aebd4	6	
	007aebda	6	
	007aebe0	6	
	007aebe6	6	
	007aebec	6	
	007aebf2	6	
	007aebf8	6	
	007aebfe	6	
	007aec04	6	
	007aec0a	6	
	007aec10	6	
	007aec16	6	
	007aec1c	6	
	007aec22	6	
	007aec28	6	
	007aec2e	6	
	007aec34	6	
	007aec3a	6	
	007aec40	6	
	007aec46	6	
	007aec4c	6	
	007aec52	6	
	007aec58	6	
	007aec5e	6	
	007aec64	6	
	007aec6a	6	
	007aec70	6	
	007aec82	6	
	007aec88	6	
	007aec8e	6	
	007aec94	6	
	007aec9a	6	
	007aeca0	6	
	007aeca6	6	
	007aecac	6	
	007aecb2	6	
	007aecb8	6	
	007aecbe	6	
	007aecc4	6	
	007aecca	6	
	007aecd0	6	
	007aecd6	6	
	007aecdc	6	
	007aece2	6	
	007aece8	6	
	007aecee	6	
	007aecf4	6	
	007aecfa	6	
	007aed00	6	
	007aed06	6	
	007aed0c	6	
	007aed12	6	
	007aed18	6	
	007aed1e	6	
	007aed24	6	
	007aed2a	6	
	007aed30	6	
	007aed36	6	
	007aed3c	6	
	007aed42	6	
	007aed48	6	
	007aed4e	6	
	007aed54	6	
	007aed5a	6	
	007aed60	6	
	007aed66	6	
	007aed6c	6	
	007aed72	6	
	007aed78	6	
	007aed7e	6	
	007aed84	6	
	007aed90	6	
	007aed96	6	
	007aed9c	6	
	007aeda2	6	
	007aeda8	6	
	007aedae	6	
	007aedb4	6	
	007aedba	6	
	007aedc0	6	
	007aedc6	6	
	007aedcc	6	
	007aedd2	6	
	007aedd8	6	
	007aede4	6	
	007aedea	6	
	007aedf0	6	
	007aedf6	6	
	007aedfc	6	
	007aee02	6	
	007aee08	6	
	007aee0e	6	
	007aee14	6	
	007aee1a	6	
	007aee20	6	
	007aee26	6	
	007aee2c	6	
	007aee32	6	
	007aee38	6	
	007aee3e	6	
	007aee44	6	
	007aee4a	6	
	007aee50	6	
	007aee56	6	
	007aee5c	6	
	007aee62	6	
	007aee68	6	
	007aee6e	6	
	007aee74	6	
	007aee7a	6	
	007aee80	6	
	007aee86	6	
	007aee8c	6	
	007aee92	6	
	007aee98	11	
	007aeea3	126	
	007aef21	30	
	007aef3f	21	
	007aef54	89	
	007aefae	100	
	007af012	13	
	007af01f	29	
	007af03c	61	
	007af079	28	
	007af095	93	
	007af0f2	61	
	007af12f	29	
	007af14c	28	
	007af168	24	
	007af180	89	
	007af1da	61	
	007af217	29	
	007af234	28	
	007af250	24	
	007af268	8	
	007af270	42	
	007af29a	12	
	007af2a6	12	
	007af2b2	1	
	007af2b3	140	
007af2b3	007af340	15	
	007af34f	100	
	007af3b3	13	
	007af3c0	29	
	007af3dd	61	
	007af41a	28	
	007af436	93	
	007af493	61	
	007af4d0	29	
	007af4ed	28	
	007af509	24	
	007af521	145	
	007af5b2	95	
	007af611	54	
	007af647	80	
	007af697	34	
	007af6b9	209	
	007af78a	78	
	007af7d8	56	
	007af810	46	
	007af83e	66	
	007af880	3	
	007af883	10	
	007af88d	1	
	007af88e	12	
	007af89a	10	
	007af8a4	32	
	007af8c4	71	
	007af90b	86	
	007af961	59	
	007af99c	207	
	007afa6b	55	
	007afaa2	202	
	007afb6c	74	
	007afbb6	114	
	007afc28	7	
	007afc2f	28	
	007afc4b	136	
	007afcd3	42	
	007afcfd	12	
	007afd09	12	
	007afd15	168	
	007afdbd	269	
	007afeca	54	
	007aff00	289	
	007b0021	131	
	007b00a4	251	
	007b019f	628	
	007b0413	7	
	007b041a	85	
	007b046f	32	
	007b048f	288	
	007b05af	179	
	007b0662	185	
	007b071b	119	
	007b0792	117	
	007b0807	111	
	007b0876	29	
	007b0898	9	
	007b08a8	44	
	007b08d4	748	
	007b0bc0	94	
	007b0c1e	691	
	007b0ed1	90	
	007b0f2b	661	
	007b11d7	23	
	007b11ee	73	
	007b1237	16	
	007b1247	16	
	007b1257	220	
	007b1333	220	
	007b140f	196	
	007b14d3	441	
	007b168c	33	
	007b16ad	7	
	007b16b4	42	
	007b16de	12	
	007b16ea	12	
	007b16f6	10	
	007b1700	13	
	007b170d	12	
	007b1719	10	
	007b1723	10	
	007b172d	13	
	007b173a	12	
	007b1746	10	
	007b1750	10	
	007b175a	15	
	007b1769	12	
	007b1775	31	
	007b1794	10	
	007b179e	15	
	007b17ad	12	
	007b17b9	10	
	007b17c3	21	
	007b17d8	10	
	007b17e2	13	
	007b17ef	12	
	007b17fb	10	
	007b1805	10	
	007b180f	15	
	007b181e	12	
	007b182a	10	
	007b1834	10	
	007b183e	15	
	007b184d	12	
	007b1859	10	
	007b1863	383	
	007b19e2	1	
	007b19e3	67	
	007b1a26	95	
	007b1a85	74	
	007b1acf	95	
	007b1b2e	11	
	007b1b39	64	
	007b1b79	58	
	007b1bb3	16	
	007b1bc3	39	
	007b1bea	77	
	007b1c37	42	
	007b1c61	12	
	007b1c6d	12	
	007b1c79	10	
	007b1c83	10	
	007b1c8d	12	
	007b1c99	10	
	007b1ca3	10	
	007b1cad	10	
	007b1cb7	12	
	007b1cc3	10	
	007b1ccd	10	
	007b1cd7	13	
	007b1ce4	12	
	007b1cf0	10	
	007b1cfa	10	
	007b1d04	13	
	007b1d11	12	
	007b1d1d	10	
	007b1d27	10	
	007b1d31	13	
	007b1d3e	12	
	007b1d4a	10	
	007b1d54	10	
	007b1d5e	15	
	007b1d6d	12	
	007b1d79	10	
	007b1d83	21	
	007b1d98	10	
	007b1da2	15	
	007b1db1	12	
	007b1dbd	10	
	007b1dc7	21	
	007b1ddc	10	
	007b1de6	15	
	007b1df5	12	
	007b1e01	10	
	007b1e0b	10	
	007b1e15	15	
	007b1e24	12	
	007b1e30	10	
	007b1e3a	385	
	007b1fbb	67	
	007b1ffe	106	
	007b2068	95	
	007b20c7	74	
	007b2111	11	
	007b211c	104	
	007b2184	95	
	007b21e3	96	
	007b2243	14	
	007b2251	7	
	007b2258	7	
	007b225f	3	
	007b2262	5	
	007b2267	33	
	007b2288	135	
	007b230f	136	
	007b2397	36	
	007b23bb	36	
	007b23df	5	
	007b23e4	3	
	007b23e7	3	
	007b23ea	11	
	007b23f5	101	
	007b245a	328	
	007b25a2	183	
	007b2659	46	
	007b2687	286	
	007b27a5	111	
	007b2814	175	
	007b28c3	46	
	007b28f1	25	
	007b290a	31	
	007b2929	28	
	007b2945	31	
	007b2964	28	
	007b2980	28	
	007b299c	74	
	007b29e6	20	
	007b29fa	17	
	007b2a0b	16	
	007b2a1b	20	
	007b2a2f	16	
	007b2a3f	39	
	007b2a66	86	
	007b2abc	66	
	007b2afe	42	
	007b2b28	12	
	007b2b34	12	
	007b2b40	127	
	007b2bbf	232	
	007b2ca7	168	
	007b2d4f	127	
	007b2dce	225	
	007b2eaf	60	
	007b2eeb	21	
	007b2f00	21	
	007b2f15	121	
	007b2f8e	42	
	007b2fb8	12	
	007b2fc4	12	
	007b2fd0	95	
	007b302f	115	
	007b30a2	84	
	007b30f6	31	
	007b3115	360	
	007b327d	46	
	007b32ab	75	
	007b32f6	25	
	007b330f	11	
	007b331a	29	
	007b3337	28	
	007b3353	24	
	007b336b	10	
	007b3375	1362	
	007b38c7	9	
	007b38d0	130	
	007b3952	211	
	007b3a25	79	
	007b3a74	3	
	007b3a77	4	
	007b3a7b	3	
	007b3a7e	28	
	007b3a9a	7	
	007b3aa1	7	
	007b3aa8	7	
	007b3aaf	39	
	007b3ad6	63	
	007b3b15	44	
	007b3b41	44	
	007b3b6d	49	
	007b3b9e	45	
	007b3bcb	49	
	007b3bfc	45	
	007b3c29	15	
	007b3c38	45	
	007b3c65	13	
	007b3c72	44	
	007b3c9e	220	
	007b3d7a	426	
	007b3f24	204	
	007b3ff0	200	
	007b40b8	174	
	007b4166	174	
	007b4214	170	
	007b42be	170	
	007b4368	170	
	007b4412	254	
	007b4510	435	
	007b46c3	88	
	007b471b	88	
	007b4773	126	
	007b47f1	126	
	007b486f	210	
	007b4941	5	
	007b4946	5	
	007b494b	54	
	007b4981	54	
	007b49b7	54	
	007b49ed	67	
	007b4a30	215	
	007b4b07	34	
	007b4b29	5	
	007b4b2e	113	
	007b4b9f	3	
	007b4ba2	309	
	007b4cd7	138	
	007b4d61	308	
	007b4e95	316	
	007b4fd1	5	
	007b4fd6	5	
	007b4fdb	54	
	007b5011	54	
	007b5047	54	
	007b507d	54	
	007b50b3	4	
	007b50b7	12	
	007b50c3	12	
	007b50cf	4	
	007b50d3	196	
	007b5197	305	
	007b52c8	62	
	007b5306	62	
	007b5344	102	
	007b53aa	28	
	007b53c6	32	
	007b53e6	28	
	007b5402	26	
	007b541c	28	
	007b5438	7	
	007b543f	28	
	007b545b	7	
	007b5462	28	
	007b547e	44	
	007b54aa	28	
	007b54c6	7	
	007b54cd	28	
	007b54e9	35	
	007b550c	28	
	007b5528	7	
	007b552f	28	
	007b554b	7	
	007b5552	28	
	007b556e	28	
	007b558a	28	
	007b55a6	35	
	007b55c9	5	
	007b55ce	52	
	007b5602	28	
	007b561e	5	
	007b5623	40	
	007b564b	24	
	007b5663	34	
	007b5685	49	
	007b56b6	975	
	007b5a85	843	
	007b5dd0	94	
	007b5e2e	741	
	007b6113	90	
	007b616d	686	
	007b641b	23	
	007b6432	23	
	007b6449	93	
	007b64a6	40	
	007b64ce	2222	
	007b6d7c	1486	
	007b734a	8	
	007b7352	105	
	007b73bb	38	
	007b73e1	64	
	007b7421	7	
	007b7428	51	
	007b745b	70	
	007b74a1	71	
	007b74e8	343	
	007b763f	35	
	007b7662	36	
	007b7686	39	
	007b76ad	31	
	007b76cc	23	
	007b76e3	66	
	007b7725	88	
	007b777d	149	
	007b7812	108	
	007b787e	44	
	007b78aa	23	
	007b78c1	23	
	007b78d8	23	
	007b78ef	23	
	007b7906	235	
	007b79f1	146	
	007b7a83	97	
	007b7ae4	196	
	007b7ba8	220	
	007b7c84	220	
	007b7d60	196	
	007b7e24	196	
	007b7ee8	196	
	007b7fac	220	
	007b8088	220	
	007b8164	207	
	007b8233	207	
	007b8302	196	
	007b83c6	196	
	007b848a	196	
	007b854e	84	
	007b85a2	460	
	007b876e	62	
	007b87ac	96	
	007b880c	109	
	007b8879	63	
	007b88b8	89	
	007b8911	84	
	007b8965	114	
	007b89d7	89	
	007b8a30	78	
	007b8a7e	78	
	007b8acc	78	
	007b8b1a	78	
	007b8b68	78	
	007b8bb6	78	
	007b8c04	78	
	007b8c52	78	
	007b8ca0	78	
	007b8cee	78	
	007b8d3c	78	
	007b8d8a	78	
	007b8dd8	78	
	007b8e26	95	
	007b8e85	77	
	007b8ed2	77	
	007b8f1f	77	
	007b8f6c	77	
	007b8fb9	77	
	007b9006	77	
	007b9053	77	
	007b90a0	77	
	007b90ed	77	
	007b913a	77	
	007b9187	77	
	007b91d4	77	
	007b9221	77	
	007b926e	33	
	007b928f	856	
	007b95e7	62	
	007b9625	207	
	007b96f4	33	
	007b9715	5	
	007b971a	113	
	007b978b	3	
	007b978e	302	
	007b98bc	138	
	007b9946	298	
	007b9a70	280	
	007b9b88	4	
	007b9b8c	4	
	007b9b90	54	
	007b9bc6	54	
	007b9bfc	54	
	007b9c32	54	
	007b9c68	4	
	007b9c6c	12	
	007b9c78	12	
	007b9c84	4	
	007b9c88	177	
	007b9d39	277	
	007b9e4e	62	
	007b9e8c	62	
	007b9eca	102	
	007b9f30	217	
	007ba009	28	
	007ba025	7	
	007ba02c	28	
	007ba048	35	
	007ba06b	28	
	007ba087	7	
	007ba08e	28	
	007ba0aa	7	
	007ba0b1	28	
	007ba0cd	28	
	007ba0e9	28	
	007ba105	35	
	007ba128	28	
	007ba144	26	
	007ba15e	5	
	007ba163	52	
	007ba197	28	
	007ba1b3	5	
	007ba1b8	38	
	007ba1de	40	
	007ba206	2165	
	007baa7b	1451	
	007bb026	64	
	007bb066	51	
	007bb099	311	
	007bb1d0	40	
	007bb1f8	127	
	007bb277	23	
	007bb28e	23	
	007bb2a5	23	
	007bb2bc	23	
	007bb2d3	218	
	007bb3ad	97	
	007bb40e	196	
	007bb4d2	196	
	007bb596	220	
	007bb672	220	
	007bb74e	207	
	007bb81d	207	
	007bb8ec	196	
	007bb9b0	196	
	007bba74	84	
	007bbac8	114	
	007bbb3a	89	
	007bbb93	109	
	007bbc00	78	
	007bbc4e	78	
	007bbc9c	78	
	007bbcea	78	
	007bbd38	78	
	007bbd86	78	
	007bbdd4	78	
	007bbe22	78	
	007bbe70	95	
	007bbecf	77	
	007bbf1c	77	
	007bbf69	77	
	007bbfb6	77	
	007bc003	77	
	007bc050	77	
	007bc09d	77	
	007bc0ea	77	
	007bc137	33	
	007bc158	99	
	007bc1bb	275	
	007bc2ce	65	
	007bc30f	107	
	007bc37a	145	
	007bc40b	245	
	007bc500	249	
	007bc5f9	84	
	007bc650	16	
	007bc660	30	
	007bc680	32	
	007bc6a0	90	
	007bc700	44	
	007bc730	163	
	007bc7e0	127	
	007bc860	30	
	007bc880	81	
	007bc8e0	58	
	007bc920	58	
	007bc960	358	
	007bcad0	5	
	007bcae0	40	
	007bcb10	133	
	007bcba0	91	
	007bcc00	29	
	007bcc20	28	
	007bcc40	23	
	007bcc60	385	
	007bcdf0	564	
	007bd030	144	
	007bd0c0	620	
	007bd330	5	
	007bd340	11	
	007bd350	53	
	007bd390	138	
	007bd420	99	
	007bd490	111	
	007bd500	555	
	007bd730	145	
	007bd7d0	352	
	007bd930	156	
	007bd9d0	80	
	007bda20	78	
	007bda70	28	
	007bda90	131	
	007bdb20	152	
	007bdbc0	156	
	007bdc60	98	
	007bdcd0	135	
	007bdd60	102	
	007bddd0	236	
	007bdec0	135	
	007bdf50	107	
	007bdfc0	63	
	007be000	50	
	007be040	74	
	007be090	129	
	007be120	143	
	007be1b0	54	
	007be1f0	134	
	007be290	169	
	007be340	31	
	007be360	156	
	007be400	63	
	007be440	61	
	007be480	45	
	007be4b0	86	
	007be510	30	
	007be530	62	
	007be570	128	
	007be5f0	117	
	007be670	47	
	007be6a0	945	
	007bea60	5	
	007bea70	1350	
	007bf030	147	
	007bf0d0	229	
	007bf1c0	10	
	007bf1d0	17	
	007bf1f0	12	
	007bf200	11	
	007bf210	37	
	007bf240	505	
	007bf440	250	
	007bf540	115	
	007bf5c0	202	
	007bf690	685	
	007bf940	47	
	007bf970	114	
	007bf9f0	170	
	007bfaa0	431	
	007bfc50	147	
	007bfcf0	343	
	007bfe50	290	
	007bff80	113	
	007c0000	813	
	007c0330	367	
	007c04a0	1066	
	007c08d0	66	
	007c0920	72	
	007c0970	270	
	007c0a80	26	
	007c0aa0	1015	
	007c0ed0	130	
	007c0f60	196	
	007c1030	38	
	007c1060	6	
	007c1070	21	
	007c1090	19	
	007c10b0	12	
	007c10c0	302	
	007c11f0	108	
	007c1260	1	
	007c1270	102	
	007c12e0	157	
	007c1380	597	
	007c15e0	494	
	007c17d0	563	
	007c1a10	209	
	007c1af0	545	
	007c1d20	115	
	007c1da0	111	
	007c1e10	231	
	007c1f00	613	
	007c2170	1397	
	007c26f0	171	
	007c27a0	1083	
	007c2be0	116	
	007c2c60	31	
	007c2c80	139	
	007c2d10	124	
	007c2d90	151	
	007c2e2e	2	
	007c2e30	123	
	007c2eb0	160	
	007c2f50	3263	
	007c3c50	57	
	007c3c90	49	
	007c3cd0	13	
	007c3ce0	57	
	007c3d20	1919	
	007c44d0	20	
	007c44f0	163	
	007c45a0	1225	
	007c4a70	393	
	007c4c00	46	
	007c4c30	306	
	007c4d70	911	
	007c5100	6	
	007c5106	6	
	007c510c	6	
	007c5112	6	
	007c5118	6	
	007c511e	6	
	007c5124	6	
	007c512a	6	
	007c5130	6	
	007c5136	6	
	007c513c	6	
	007c5142	6	
	007c5148	6	
	007c514e	6	
	007c5154	6	
	007c515a	6	
	007c5160	6	
	007c5166	6	
	007c516c	6	
	007c5172	6	
	007c5178	6	
	007c517e	6	
	007c5184	6	
	007c518a	6	
	007c5190	6	
	007c5196	6	
	007c519c	6	
	007c51a2	6	
	007c51a8	6	
	007c51ae	6	
	007c51b4	6	
	007c51c0	6	
	007c51c6	6	
	007c51d2	6	
	007c51d8	6	
	007c51de	6	
	007c51e4	6	
	007c51ea	6	
	007c51f0	6	
	007c51f6	6	
	007c51fc	6	
	007c5202	6	
	007c5208	6	
	007c520e	6	
	007c5214	6	
	007c5220	6	
	007c5226	6	
	007c522c	6	
	007c5232	6	
	007c5238	6	
	007c523e	6	
	007c5244	6	
	007c524a	6	
	007c5250	6	
	007c5256	6	
	007c525c	6	
	007c5262	6	
	007c5268	6	
	007c526e	6	
	007c5274	6	
	007c527a	6	
	007c5280	6	
	007c5286	6	
	007c528c	6	
	007c5292	6	
	007c5298	6	
	007c529e	6	
	007c52a4	6	
	007c52aa	6	
	007c52b0	6	
	007c52b6	6	
	007c52bc	6	
	007c52c2	6	
	007c52c8	6	
	007c52ce	6	
	007c52d4	6	
	007c52da	6	
	007c52e0	6	
	007c52e6	6	
	007c52ec	6	
	007c52f2	6	
	007c52f8	6	
	007c52fe	6	
	007c5304	6	
	007c530a	6	
	007c5310	6	
	007c5316	6	
	007c531c	6	
	007c5322	6	
	007c5328	6	
	007c532e	6	
	007c5334	6	
	007c533a	6	
	007c5340	6	
	007c5346	6	
	007c534c	6	
	007c5352	6	
	007c5358	6	
	007c535e	6	
	007c5364	6	
	007c536a	6	
	007c5370	6	
	007c5376	6	
	007c537c	6	
	007c5382	6	
	007c5388	6	
	007c538e	6	
	007c5394	6	
	007c539a	6	
	007c53a0	6	
	007c53a6	6	
	007c53ac	6	
	007c53b2	6	
	007c53b8	6	
	007c53be	6	
	007c53c4	6	
	007c53ca	6	
	007c53d0	6	
	007c53d6	6	
	007c53dc	6	
	007c53e2	6	
	007c53ee	6	
	007c53f4	6	
	007c53fa	6	
	007c5400	6	
	007c5406	6	
	007c540c	6	
	007c5412	6	
	007c5418	6	
	007c541e	6	
	007c5424	6	
	007c542a	6	
	007c5430	6	
	007c5436	6	
	007c543c	6	
	007c5442	6	
	007c544e	6	
	007c5454	6	
	007c545a	6	
	007c5460	6	
	007c5466	6	
	007c546c	6	
	007c5472	6	
	007c5478	6	
	007c547e	6	
	007c5484	6	
	007c548a	6	
	007c5490	6	
	007c5496	6	
	007c549c	6	
	007c54a2	6	
	007c54a8	6	
	007c54ae	6	
	007c54b4	6	
	007c54ba	6	
	007c54c0	6	
	007c54c6	6	
	007c54cc	6	
	007c54d2	6	
	007c54d8	6	
	007c54de	6	
	007c54e4	6	
	007c54ea	6	
	007c54f0	6	
	007c54f6	6	
	007c54fc	6	
	007c5502	6	
	007c5508	6	
	007c550e	6	
	007c5514	6	
	007c551a	6	
	007c5520	6	
	007c5526	6	
	007c552c	6	
	007c5532	6	
	007c5538	6	
	007c553e	6	
	007c5544	6	
	007c554a	6	
	007c5550	6	
	007c5556	6	
	007c555c	6	
	007c5562	6	
	007c5568	6	
	007c556e	6	
	007c5574	6	
	007c557a	6	
	007c5580	6	
	007c5586	6	
	007c558c	6	
	007c5592	6	
	007c5598	6	
	007c559e	6	
	007c55a4	6	
	007c55b0	6	
	007c55b6	6	
	007c55bc	6	
	007c55c2	6	
	007c55c8	6	
	007c55ce	6	
	007c55d4	6	
	007c55da	6	
	007c55e0	6	
	007c55e6	6	
	007c55ec	6	
	007c55f2	6	
	007c55f8	6	
	007c55fe	6	
	007c5604	23	
	007c561b	1	
	007c561c	56	
	007c5654	16	
	007c5664	41	
	007c568d	28	
	007c56a9	27	
	007c56c4	28	
	007c56e0	31	
	007c56ff	4	
	007c5703	11	
	007c570e	5	
	007c5713	126	
	007c5791	18	
	007c57a3	47	
	007c57d2	82	
	007c5824	80	
	007c5888	30	
	007c58a6	34	
	007c58c8	28	
	007c58e4	5	
	007c5901	24	
	007c5919	28	
	007c5935	5	
	007c593a	148	
	007c59ce	20	
	007c59e2	30	
	007c5a00	25	
	007c5a19	229	
	007c5afe	20	
	007c5b12	30	
	007c5b30	24	
	007c5b48	28	
	007c5b64	5	
	007c5b81	26	
	007c5b9b	90	
	007c5bf5	249	
	007c5cee	312	
	007c5e26	35	
	007c5e49	8	
	007c5e51	111	
	007c5ec0	204	
	007c5f8c	42	
	007c5fb6	37	
	007c5fdb	50	
	007c600d	50	
	007c603f	50	
	007c6071	53	
	007c60a6	53	
	007c60db	9	
	007c60f0	91	
007c60f0	007c614c	7	
007c60f0	007c6160	41	
007c60f0	007c6288	38	
007c60f0	007c62b0	9	
007c60f0	007c62bc	31	
007c60f0	007c62e8	29	
	007c618c	35	
	007c61b0	25	
	007c61ec	8	
	007c61f4	8	
	007c61fc	8	
	007c6204	8	
	007c620c	8	
	007c6214	8	
	007c621c	19	
	007c622f	7	
	007c6248	7	
	007c6250	11	
	007c625c	17	
	007c6270	23	
	007c6308	39	
	007c6330	49	
007c6330	007c6384	8	
	007c638c	8	
	007c6394	8	
	007c639c	8	
	007c63a4	8	
	007c63ac	8	
	007c63b4	19	
	007c63c7	7	
	007c63e0	7	
	007c63e8	13	
	007c63f8	19	
	007c640c	25	
	007c6425	61	
	007c6462	29	
	007c647f	111	
	007c64ee	14	
	007c64fc	139	
	007c6587	11	
	007c6592	186	
	007c664c	18	
	007c665e	44	
	007c668a	103	
007c668a	007c66fa	83	
007c668a	007c6759	45	
	007c66f1	9	
	007c6750	9	
	007c6786	106	
007c6786	007c67f9	79	
007c6786	007c6851	30	
	007c67f0	9	
	007c6848	9	
	007c686f	46	
	007c689d	40	
	007c68c5	40	
	007c68ed	40	
	007c6915	45	
	007c6942	40	
	007c696a	40	
	007c6992	46	
	007c69c0	46	
	007c69ee	46	
	007c6a1c	40	
	007c6a44	13	
	007c6a51	8	
	007c6a59	61	
	007c6a96	61	
	007c6ad3	52	
	007c6b07	21	
	007c6b1c	17	
	007c6b2d	14	
	007c6b3b	14	
	007c6b49	14	
	007c6b57	17	
	007c6b68	14	
	007c6b76	14	
	007c6b84	17	
	007c6b95	17	
	007c6ba6	17	
	007c6bb7	14	
	007c6bc5	12	
	007c6bd1	46	
	007c6bff	42	
	007c6c29	11	
	007c6c34	33	
	007c6c55	125	
	007c6ce0	208	
	007c6db0	60	
	007c6dec	49	
	007c6e1d	19	
	007c6e30	49	
	007c6e61	76	
	007c6eb0	47	
	007c6edf	53	
	007c6f14	33	
	007c6f35	37	
	007c6f5a	22	
	007c6f70	231	
	007c7057	661	
	007c72ec	20	
	007c7300	46	
	007c732e	146	
	007c73c0	20	
	007c73d4	9	
	007c73dd	174	142625522222222765652425426262225252522657656511
	007c748b	47	
	007c74ba	232	
	007c75a2	47	
	007c75d1	266	
	007c76e0	20	
	007c76f4	9	
	007c76fd	174	14262552222222227656524254262222225252522657656511
	007c77ab	202	
	007c7875	40	
	007c789d	352	
	007c79fd	220	
	007c7ae0	25	
	007c7af9	9	
	007c7b02	467	21462564665656436253227665576655114552122525225222254245425652422232133445313232655454624525438262225522625254225252522622655
	007c7cd5	40	2222312622223122121
	007c7d00	170	
	007c7daa	45	
	007c7dd7	49	
	007c7e08	11	
	007c7e13	81	
	007c7e64	340	
	007c7fb8	78	
	007c8006	44	
	007c8040	10	
	007c804a	10	
	007c8054	30	272225311221
	007c8072	207	
	007c8141	140	
	007c81cd	65	
	007c820e	45	
	007c8242	7	
	007c8249	7	
	007c8250	7	
	007c8257	79	
	007c82a6	54	
	007c82dc	26	
	007c82f6	84	
	007c834a	37	
	007c836f	182	
	007c8425	109	
007c8425	007c8495	5	
	007c849a	123	
	007c8518	32	
	007c8538	34	
	007c855a	88	
	007c85b2	16	
	007c85c2	35	
	007c85e5	9	
	007c85ee	24	
	007c8606	98	
	007c8668	327	
	007c87af	41	
	007c87d8	41	
	007c8801	41	
	007c882a	13	
	007c8837	34	
	007c8859	44	
	007c8885	141	
	007c8912	34	
	007c8934	353	
	007c8a95	78	
	007c8ae3	207	
	007c8bb2	17	
	007c8bc3	28	
	007c8bdf	61	
	007c8c1c	74	
	007c8c66	31	
	007c8c85	22	
	007c8c9b	13	
	007c8ca8	58	
	007c8cf0	62	
	007c8d30	165	
	007c8dd5	6	
	007c8ddb	23	
	007c8df2	517	
	007c8ff7	23	
	007c900e	115	
	007c9081	9	
	007c908a	9	
	007c90a0	254	
	007c91a0	56	
007c91f0	007c91e0	5	
	007c91f0	6	
	007c91f6	182	
	007c92ac	148	
007c92ac	007c934e	123	
007c92ac	007c93d7	18	
	007c9345	9	
	007c93ce	9	
	007c93e9	65	
	007c942a	164	
	007c94ce	87	
	007c9525	54	
	007c9560	128	
	007c95e0	8	
	007c95e8	111	
	007c9657	203	
	007c9722	56	
	007c975a	122	
	007c97d4	117	
	007c9849	23	
	007c9860	63	
	007c989f	387	
007c989f	007c9a33	319	
007c989f	007c9b83	75	
	007c9a2a	9	
	007c9b78	11	
	007c9bce	19	
	007c9be1	15	
	007c9bf0	39	
	007c9c17	19	121435111
	007c9c2a	20	
	007c9c3e	53	121143523223321513132111
	007c9c73	22	
	007c9c89	43	
	007c9cb4	146	
	007c9d46	137	
	007c9dcf	53	
	007c9e10	104	
	007c9e80	52	
	007c9eb4	45	
	007c9ee1	17	
	007c9ef2	17	
	007c9f03	15	
	007c9f12	15	
	007c9f21	163	
	007c9fc6	9	
	007c9fcf	9	
	007c9fd8	26	
	007ca000	33	
	007ca030	31	
	007ca050	178	
	007ca102	44	
	007ca12e	59	
	007ca169	16	
	007ca179	41	
	007ca1a2	110	
	007ca210	34	
	007ca232	24	
	007ca24a	175	
	007ca2f9	47	
	007ca328	46	
	007ca356	92	
	007ca3b2	9	
	007ca3bb	164	
	007ca45f	64	
	007ca49f	253	
	007ca59c	11	
	007ca5a7	34	
	007ca5c9	3	
	007ca5cc	35	
	007ca5f0	123	
	007ca66c	31	
	007ca690	91	
007ca690	007ca6ec	7	
007ca690	007ca828	38	
007ca690	007ca850	9	
007ca690	007ca85c	31	
007ca690	007ca888	29	
	007ca700	41	
	007ca72c	35	
	007ca750	25	
	007ca78c	8	
	007ca794	8	
	007ca79c	8	
	007ca7a4	8	
	007ca7ac	8	
	007ca7b4	8	
	007ca7bc	19	
	007ca7cf	7	
	007ca7e8	7	
	007ca7f0	11	
	007ca7fc	17	
	007ca810	23	
	007ca8a8	39	
	007ca8d0	49	
	007ca924	8	
	007ca92c	8	
	007ca934	8	
	007ca93c	8	
	007ca944	8	
	007ca94c	8	
	007ca954	19	
	007ca967	7	
	007ca980	7	
	007ca988	13	
	007ca998	19	
	007ca9ac	25	
	007ca9d0	172	
	007caa7c	582	
	007cacc2	283	
	007caddd	185	
	007cae96	280	
	007cafae	3	
	007cafb1	37	
	007cafd6	204	
	007cb0a2	83	
	007cb100	88	
	007cb158	168	
	007cb200	20	
	007cb214	47	
	007cb243	35	
	007cb266	47	
	007cb295	35	
	007cb2b8	42	
	007cb2e2	249	
	007cb3db	16	
	007cb3eb	42	
	007cb415	237	
	007cb502	35	
	007cb525	241	
	007cb616	11	
	007cb621	41	
	007cb64a	108	
	007cb6b6	97	
	007cb717	21	
	007cb72c	24	
	007cb744	272	
	007cb858	176	
	007cb90c	92	
	007cb968	43	
	007cb993	117	
	007cba08	170	
	007cbab2	143	
	007cbb41	149	
	007cbbd6	562	
	007cbe08	27	
	007cbe23	250	
	007cbf1d	1007	
	007cc30c	39	
	007cc333	111	
	007cc3a2	73	
	007cc3eb	719	
	007cc6ba	439	
	007cc875	107	
	007cc8e4	83	
	007cc937	43	
	007cc962	18	
	007cc974	62	
	007cc9b2	41	
	007cc9db	90	
	007cca35	78	
	007cca83	24	
	007cca9b	62	
	007ccad9	97	
	007ccb3a	194	
	007ccbfc	85	
	007ccc51	167	
	007cccf8	147	
	007ccd8b	81	
	007ccddc	37	
	007cce10	67	
007cce10	007cce54	6	
007cce10	007cce5c	56	
	007cce94	103	
007cce94	007ccf07	111	
	007ccefe	9	
	007ccf76	3	
	007ccf79	9	
	007ccf82	280	
	007cd09a	1825	
	007cd7db	53	
	007cd810	49	
	007cd841	56	
	007cd879	13	
	007cd886	16	
	007cd896	14	
	007cd8ac	189	
	007cd969	27	
	007cd984	45	
	007cd9b1	92	
	007cda0d	42	
	007cda37	27	
	007cda52	49	
	007cda83	134	
	007cdb09	27	
	007cdb24	1837	
	007ce271	32	
	007ce291	49	
	007ce2c2	57	
	007ce2fb	13	
	007ce308	16	
	007ce318	36	
	007ce33c	6	
	007ce342	27	
	007ce35d	45	
	007ce38a	328	
	007ce4d2	93	
	007ce52f	168	
	007ce5d7	31	
	007ce5f6	179	
	007ce6a9	72	
	007ce6f1	43	
	007ce71c	809	
	007cea45	777	
	007ced4e	177	
	007cedff	251	
	007ceefa	758	
	007cf1f0	209	
	007cf2c1	815	
	007cf5f6	28	
	007cf612	324	
	007cf756	86	
	007cf7ac	194	
	007cf86e	87	
	007cf8c5	69	
	007cf90a	520	
	007cfb12	292	
	007cfc36	169	
	007cfcdf	350	
	007cfe3d	2597	
	007d0862	55	
	007d0899	26	
	007d08b3	23	
	007d08ca	36	
	007d08ee	82	
	007d0940	16	
	007d0950	63	
	007d098f	110	
	007d09fd	141	
	007d0a8a	42	
	007d0ab4	368	
	007d0c24	200	
	007d0cec	93	
	007d0d49	131	
	007d0dcc	43	
	007d0df7	486	
	007d0fdd	41	
	007d1006	20	
	007d101a	44	
	007d1046	36	
	007d106a	90	
	007d10c4	193	
	007d1185	84	
	007d11d9	96	
	007d1239	152	
	007d12d1	165	
	007d1376	691	
	007d1629	535	
	007d1840	136	
	007d18c8	40	
	007d18f0	37	
	007d1915	45	
	007d1942	14	1214411
	007d1950	15	
	007d195f	35	121432323233411
	007d1982	86	121133263132363133263132222213223111
	007d19e0	103	42733224765267716222221362232
	007d1a47	140	4273322476526772627262222212222221222362232
	007d1ad8	2	
	007d1ada	3	
	007d1add	7	
	007d1ae4	2	
	007d1ae6	5	
	007d1aeb	7	
	007d1af2	43	
	007d1b1d	2	
	007d1b1f	40	
	007d1b47	63	
	007d1b86	2	
	007d1b99	10	
	007d1ba3	7	
	007d1bb0	23	
	007d1bc7	60	
	007d1c10	21	
	007d1c25	23	
	007d1c3c	25	
	007d1c55	67	
	007d1c98	22	
	007d1cae	13	
	007d1cbb	42	442423425511311
	007d1ce5	20	
	007d1cf9	163	334352524424234253251151131162222263152626222226315262
	007d1d9c	220	
	007d1e78	101	
	007d1edd	473	
	007d20b6	101	
	007d211b	395	
	007d22a6	84	
	007d22fa	30	
	007d2318	19	
	007d232b	103	
	007d2392	160	
	007d2432	6	
	007d243e	46	
	007d246c	22	
	007d2482	647	
	007d2709	33	
	007d272a	428	
	007d28d6	320	
	007d2a16	266	
	007d2b20	194	
	007d2bf0	17	
007d2bf0	007d2c0e	80	
007d2bf0	007d2c63	5	
	007d2c68	18	
	007d2c7a	26	222717221
	007d2c94	16	
	007d2d2f	18	
007d2d41	007d2cf4	5	
	007d2d41	13	
007d2d4e	007d2d00	47	12717226222175
	007d2d4e	67	226271722227162227221
	007d2d91	52	22231226222312515252
	007d2df7	304	
	007d2f27	101	
	007d2f90	62	1261717257511126232
	007d300b	72	12613353335377755111
	007d3053	7	
	007d305a	305	726622222222365742342a26117432422a622222631262a62222263126116167213611423311366116331531135
	007d31be	60	
	007d3200	279	
	007d3317	1183	
	007d37b6	19	
	007d37c9	19	
	007d37dc	76	
	007d3828	76	
	007d3874	52	
	007d38a8	52	
	007d38dc	76	
	007d3928	76	
	007d3974	52	
	007d39a8	52	
	007d39dc	21	
	007d39f1	21	
	007d3a06	518	
	007d3c0c	178	
	007d3cbe	518	
	007d3ec4	181	
	007d3f79	6	
	007d3f7f	6	
	007d3f85	3	
	007d3f88	3	
	007d3f8b	18	
	007d3f9d	155	
	007d4038	435	
	007d41eb	170	
	007d4295	93	
	007d42f2	103	
	007d4363	45	
	007d4390	22	
	007d43a6	123	
	007d4421	165	
	007d44c6	10	
	007d44d0	24	
	007d44ee	77	
	007d453b	1	
	007d453c	42	
	007d4566	440	
	007d471e	4	
	007d4722	8	
	007d472a	86	
	007d4780	9	
	007d4789	8	
	007d4791	35	
	007d47c0	76	
	007d480c	72	
	007d4858	16	
	007d4868	5	
	007d486d	24	
	007d4885	61	
	007d48c6	16	
	007d48d6	5	
	007d48db	429	
	007d4a88	74	
	007d4ad2	51	
	007d4b05	41	
	007d4b2e	389	
	007d4cb3	16	
	007d4cc3	28	
	007d4cdf	154	
	007d4d79	101	
	007d4dde	115	
	007d4e51	444	
	007d500d	84	
	007d5070	7	
	007d5080	224	
	007d5160	70	
	007d51a6	17	
	007d51b7	13	
	007d51c4	127	
	007d5243	2767	
	007d5d12	90	
	007d5d6c	11	
	007d5d77	25	
	007d5d90	37	
	007d5db5	258	
	007d5ebb	121	
	007d5f38	134	
	007d5fbe	48	
	007d5fee	386	
	007d6170	98	
	007d61d2	386	
	007d6354	61	
	007d6391	9	
	007d639a	9	
	007d63a3	57	
	007d63dc	339	
	007d652f	49	
	007d6560	68	
	007d65a4	40	
	007d65cc	400	
	007d675c	47	
	007d678b	145	
	007d681c	147	
	007d68af	318	
	007d69ed	58	
	007d6a27	88	
	007d6a7f	185	
	007d6b38	153	
	007d6bd1	436	
	007d6d85	306	
	007d6eb7	145	
	007d6f48	846	
	007d7296	400	
	007d7426	469	
	007d75fb	55	
	007d7632	203	
	007d76fd	290	
	007d781f	55	
	007d7856	78	
	007d78a4	581	
	007d7ae9	3	
	007d7af0	58	
	007d7b2a	381	
	007d7ca7	88	
	007d7cff	135	
	007d7d86	516	
	007d7f8a	86	
	007d7fe0	189	
	007d809d	55	
	007d80d4	134	
	007d815a	26	
	007d8174	102	
	007d81da	31	
	007d81f9	98	
	007d825b	54	
	007d8291	230	
	007d8377	57	
	007d83b0	33	
	007d83d1	129	
	007d8452	295	
	007d8579	89	
	007d85d2	105	
	007d863b	231	
	007d8722	93	
	007d877f	201	
	007d8848	249	
	007d8945	76	
	007d8991	1	
	007d8994	73	
	007d89dd	86	
	007d8a33	140	
	007d8abf	27	
	007d8ada	12	
	007d8ae6	27	
	007d8b01	141	
	007d8b8e	364	
	007d8cfa	22	
	007d8d10	22	
	007d8d26	122	
	007d8da0	45	
	007d8dcd	46	
	007d8dfb	45	
	007d8e28	119	
	007d8e9f	92	
	007d8efb	182	
	007d8fb1	9	
	007d8fba	41	
	007d8ff0	117	
	007d9065	236	
	007d9155	89	
	007d91b2	120	
	007d922a	391	
	007d93b1	88	
	007d9409	103	
	007d9470	23	
	007d9487	719	
	007d9756	291	
	007d9879	124	
	007d98f5	127	
	007d9974	66	
	007d99b6	167	
	007d9a5d	95	
	007d9abc	34	
	007d9ade	3	
	007d9ae1	208	
	007d9bb1	28	
	007d9bcd	28	
	007d9be9	24	
	007d9c01	1185	
	007da0d2	60	
	007da10e	93	
	007da16b	431	
	007da31a	47	
	007da349	137	
	007da3d2	113	
	007da443	133	
	007da4c8	17	
	007da4d9	17	
	007da4ea	17	
	007da4fb	20	
	007da50f	20	
	007da523	20	
	007da537	20	
	007da54b	17	
	007da55c	17	
	007da56d	17	
	007da57e	39	
	007da5a5	49	
	007da5d6	312	
	007da710	257	
	007da811	33	
	007da832	94	
	007da890	46	
	007da8be	45	
	007da8eb	199	
	007da9b2	659	
	007dac45	151	
	007dacdc	43	
	007dad07	89	
	007dad60	293	
	007dae85	544	
	007db0a5	124	
	007db121	185	
	007db1de	86	
	007db234	191	
	007db2f7	91	
	007db352	89	
	007db3ab	97	
	007db410	180	
	007db4d0	193	
	007db5a0	35	
	007db5d0	48	
	007db600	50	
	007db640	302	
	007db770	30	
	007db790	16	
	007db7a0	12	
	007db7b0	10	
	007db7c0	10	
	007db7d0	12	
	007db7e0	10	
007db7e0	007db7f0	8	
	007db800	148	
	007db8a0	55	
	007db8e0	15	
	007db8f0	20	
	007db910	36	
	007db940	180	
	007dba00	131	
	007dba90	415	
	007dbc30	192	
	007dbcf0	15	
	007dbd00	15	
	007dbd10	410	
	007dbeb0	27	
	007dbed0	70	
	007dbf20	1	
	007dbf30	1830	
	007dc8b0	108	
	007dc920	127	
	007dc9a0	258	
	007dcab0	27	
	007dcad0	28	
	007dcaf0	307	
	007dcc30	82	
	007dcc90	119	
	007dcd10	11	
	007dcd20	11	
	007dcd30	102	
	007dcda0	87	
	007dce00	5	
	007dce10	1	
	007dce20	406	
	007dcfc0	80	
	007dd010	1	
	007dd020	171	
	007dd0d0	81	
	007dd130	33	
	007dd160	168	
	007dd210	136	
	007dd2a0	183	
	007dd360	600	
	007dd5c0	643	
	007dd850	147	
	007dd8f0	64	
	007dd930	33	
	007dd960	85	
	007dd9c0	193	
	007dda90	63	
	007ddad0	46	
	007ddb00	8	
	007ddb10	138	
	007ddba0	151	
	007ddc40	108	
	007ddcb0	981	
	007de090	348	
	007de1f0	1	
	007de200	218	
	007de2e0	1	
	007de2f0	33	
	007de320	597	
	007de580	172	
	007de630	140	
	007de6c0	5	
	007de6d0	32	
	007de6f0	63	
	007de730	229	
	007de820	119	
	007de8a0	48	
	007de8d0	81	
	007de930	382	
	007deab0	48	
	007deae0	51	
	007deb20	78	
	007deb70	74	
	007debc0	62	
	007dec00	122	
	007dec80	64	
	007decc0	21	
	007dece0	43	
	007ded10	43	
	007ded40	3	
	007ded50	6	
	007ded60	19	
	007ded80	31	
	007deda0	33	
	007dedd0	48	
	007dee00	27	1213141631211
	007dee20	46	
	007dee50	156	
	007deef0	165	
	007defa0	188	
	007df060	966	
	007df430	1044	
	007df850	23	
	007df870	1530	
	007dfe70	1477	
	007e0440	10	
	007e0450	13	
	007e0460	12	
	007e0470	21	
	007e0490	62	
	007e04d0	120	
	007e0550	194	
	007e0620	267	
	007e0730	315	
	007e0870	122	
	007e08f0	108	
	007e0960	574	
	007e0ba0	613	
	007e0e10	45	
	007e0e40	82	
	007e0ea0	86	
	007e0f00	27	
	007e0f20	81	
	007e0f80	23	
	007e0fa0	98	
	007e1020	120	
	007e10a0	53	
	007e10e0	128	
	007e1160	98	
	007e11d0	33	
	007e1200	25	
	007e1220	19	
	007e1240	87	
	007e12a0	73	
	007e12f0	49	
	007e1330	66	
	007e1380	35	
	007e13b0	12	
	007e13c0	82	
	007e1420	25	
	007e1440	15	
	007e1450	12	
	007e1460	32	
	007e1480	33	
	007e14b0	75	
	007e1500	233	
	007e15f0	33	
	007e1620	9	
	007e1630	36	
	007e1660	16	
	007e1670	259	
	007e1780	20	
	007e17a0	137	
	007e1830	38	
	007e1860	38	
	007e1890	55	
	007e18d0	47	
	007e1900	27	
	007e1920	56	
	007e1960	51	
	007e19a0	13	
	007e19b0	42	
	007e19e0	10	
	007e19f0	26	
	007e1a10	63	
	007e1a50	38	
	007e1a80	155	
	007e1b20	156	
	007e1bc0	24	
	007e1be0	514	
	007e1df0	375	
	007e1f70	150	
	007e2010	178	
	007e20d0	64	
	007e2110	88	
	007e2170	11	
	007e2180	14	
	007e2190	975	
	007e2560	235	
	007e2650	59	
	007e2690	86	
	007e26f0	141	
	007e2780	27	
	007e27a0	67	
	007e27f0	23	
	007e2810	99	
	007e2880	140	
	007e2910	549	
	007e2b40	683	
	007e2df0	2111	
	007e3630	1517	
	007e3c20	216	
	007e3d00	22	
	007e3d20	135	
	007e3db0	74	
	007e3e00	82	
	007e3e60	845	
	007e41b0	1078	
	007e45f0	543	
	007e4810	176	
	007e48c0	147	
	007e4960	64	
	007e49a0	416	
	007e4b40	50	
	007e4b80	517	
	007e4e40	142	
	007e4ed0	75	
	007e4f20	112	
	007e4f90	785	
	007e52b0	108	
	007e5320	16	
	007e5330	128	
	007e53b0	404	
	007e5550	109	
	007e55c0	507	
	007e57c0	813	
	007e5af0	42	
	007e5b20	10	
	007e5b30	183	
	007e5bf0	674	
	007e5ea0	437	
	007e6070	530	
	007e6290	49	
	007e62d0	82	
	007e6330	27	
	007e6350	94	
	007e63b0	145	
	007e6450	77	
	007e64a0	28	
	007e64c0	60	
	007e6500	36	
	007e6530	96	
	007e6590	333	
	007e66e0	27	
	007e6700	22	
	007e6720	150	
	007e67c0	18	
	007e67e0	245	
	007e68e0	51	
	007e6920	56	
	007e6960	74	
	007e69b0	22	
	007e69d0	16	
	007e69e0	71	
	007e6a30	18	
	007e6a50	42	
	007e6a80	44	
	007e6ab0	44	
	007e6ae0	43	
	007e6b10	43	
	007e6b40	34	
	007e6b70	402	
	007e6d10	18	
	007e6d30	54	
	007e6d70	44	
	007e6da0	19	
	007e6dc0	59	
	007e6e00	19	
	007e6e20	19	
	007e6e40	19	
	007e6e60	19	
	007e6e80	19	
	007e6ea0	19	
	007e6ec0	19	
	007e6ee0	19	
	007e6f00	19	
	007e6f20	15	
	007e6f30	15	
	007e6f40	15	
	007e6f50	15	
	007e6f60	15	
	007e6f70	12	
	007e6f80	14	
	007e6f90	14	
	007e6fa0	19	
	007e6fc0	19	
	007e6fe0	14	
	007e6ff0	19	
	007e7010	19	
	007e7030	19	
	007e7050	19	
	007e7070	19	
	007e7090	19	
	007e70b0	19	
	007e70d0	19	
	007e70f0	19	
	007e7110	19	
	007e7130	14	
	007e7140	14	
	007e7150	14	
	007e7160	14	
	007e7170	14	
	007e7180	20	
	007e71a0	20	
	007e71c0	20	
	007e71e0	14	
	007e71f0	5	
	007e7200	14	
	007e7210	5	
	007e7220	24	
	007e7240	24	
	007e7260	86	
	007e72c0	86	
	007e7320	93	
	007e7380	73	
	007e73d0	40	
	007e7400	190	
	007e74c0	108	
	007e7530	7	
	007e7540	896	
	007e7900	86	
	007e7960	86	
	007e79c0	93	
	007e7a20	73	
	007e7a70	40	
	007e7aa0	196	
	007e7b70	111	
	007e7be0	7	
	007e7bf0	900	
	007e7fb0	180	
	007e8090	182	
	007e8170	195	
	007e8240	1860	
	007e89f0	16	
	007e8a00	23	
	007e8a20	4	
	007e8a90	544	
	007e8cb0	84	
	007e8d10	56	
	007e8d50	199	
	007e8e20	1860	
	007e95d0	665	
	007e9870	84	
	007e98d0	57	
	007e9910	241	
	007e9a10	178	
	007e9ad0	3	
	007e9ae0	241	
	007e9be0	181	
	007e9ca0	310	
	007e9df0	3	
	007e9e00	134	
	007e9eb0	312	
	007ea000	134	
	007ea0b0	396	
	007ea240	459	
	007ea410	91	
	007ea470	249	
	007ea570	664	
	007ea810	825	
	007eab50	5	
	007eab60	1	
	007eab70	5	
	007eab80	1	
	007eab90	105	
	007eac00	168	
	007eacb0	251	
	007eadb0	1177	
	007eb250	1565	
	007eb870	1384	
	007ebde0	1061	
	007ec210	1170	
	007ec6b0	1498	
	007ecc90	1089	
	007ed0e0	1172	
	007ed580	1549	
	007edb90	1202	
	007ee050	1258	
	007ee540	97	
	007ee5b0	102	
	007ee620	121	
	007ee6a0	64	
	007ee6e0	71	
	007ee730	43	
	007ee760	293	
	007ee890	367	
	007eea00	47	
	007eea30	452	
	007eec00	185	
	007eecc0	87	
	007eed20	587	
	007eef70	850	
	007ef2d0	666	
	007ef570	68	
	007ef5c0	83	
	007ef620	119	
	007ef6a0	114	
	007ef720	27	
	007ef750	15	
	007ef760	20	
	007ef780	9	
	007ef790	62	
	007ef7d0	9	
	007ef7e0	63	
	007ef820	156	
	007ef8c0	26	
	007ef8e0	627	
	007efb60	398	
	007efcf0	1222	
	007f01c0	72	
	007f0210	95	
	007f0270	325	
	007f03c0	260	
	007f04d0	278	
	007f05f0	339	
	007f0750	219	
	007f0830	213	
	007f0910	217	
	007f09f0	211	
	007f0ad0	217	
	007f0bb0	211	
	007f0c90	267	
	007f0da0	268	
	007f0eb0	64	
	007f0ef0	57	
	007f0f30	62	
	007f0f70	57	
	007f0fb0	62	
	007f0ff0	57	
	007f1030	62	
	007f1070	57	
	007f10b0	62	
	007f10f0	57	
	007f1130	62	
	007f1170	114	
	007f11f0	42	
	007f1220	121	
	007f12a0	16	
	007f12b0	36	
	007f12e0	64	
	007f1320	36	
	007f1350	41	
	007f1380	36	
	007f13b0	41	
	007f13e0	36	
	007f1410	41	
	007f1440	36	
	007f1470	41	
	007f14a0	36	
	007f14d0	41	
	007f1500	36	
	007f1530	41	
	007f1560	31	
	007f1580	26	
	007f15a0	25	
	007f15c0	36	
	007f15f0	11	
	007f1600	23	
	007f1620	80	
	007f1670	43	
	007f16a0	48	
	007f16d0	43	
	007f1700	48	
	007f1730	43	
	007f1760	48	
	007f1790	43	
	007f17c0	48	
	007f17f0	43	
	007f1820	48	
	007f1850	43	
	007f1880	48	
	007f18b0	38	
	007f18e0	19	
	007f1900	33	
	007f1930	33	
	007f1960	43	
	007f1990	1236	
	007f1e70	1334	
	007f23b0	1696	
	007f2a50	1236	
	007f2f30	1522	
	007f3530	1601	
	007f3b80	143	
	007f3c10	25	
	007f3c30	208	
	007f3d00	15	
	007f3d10	7	
	007f3d20	35	
	007f3d50	7	
	007f3d60	15	
	007f3d70	72	
	007f3dc0	22	
	007f3de0	51	
	007f3e20	28	
	007f3e40	637	
	007f40c0	480	
	007f42b0	66	
	007f4300	13	
	007f4310	19	
	007f4330	19	
	007f4350	76	
	007f43a0	56	
	007f43e0	345	
	007f4540	25	
007f4540	007f4560	12	
	007f4570	40	
	007f45a0	42	
	007f45d0	24	
	007f45f0	17	
	007f4610	77	
	007f4660	176	
	007f4710	45	
	007f4740	3	
	007f4750	38	
	007f4780	27	
	007f47a0	10	
	007f47b0	17	
	007f47d0	17	
	007f47f0	27	
	007f4810	100	
	007f4880	30	
	007f48a0	216	
	007f4980	8	
	007f4990	13	
	007f49b0	73	
	007f4a00	79	
	007f4a50	76	
	007f4aa0	358	
	007f4c10	117	
	007f4c90	84	
	007f4d00	132	
	007f4d90	227	
	007f4e80	180	
	007f4f40	231	
	007f5040	416	
	007f51e0	409	
	007f5450	417	
	007f5600	97	
	007f5670	314	
	007f57b0	382	
	007f5930	732	
	007f5c10	164	
	007f5cc0	96	
	007f5d20	142	
	007f5db0	107	
	007f5e20	27	
	007f5e40	45	
	007f5e70	4	
	007f5e90	90	
	007f5ef0	118	
	007f5f70	97	
	007f5fe0	34	
	007f6010	16	
	007f6020	325	
	007f6170	835	
	007f64c0	19	
	007f64e0	521	
	007f66f0	50	
	007f6730	67	
	007f6780	17	
	007f67a0	431	
	007f6950	15	
	007f6960	583	
	007f6bb0	520	
	007f6dc0	6	
	007f6dd0	25	
007f6dd0	007f6df0	12	
	007f6e00	149	
	007f6ea0	5	
	007f6eb0	1	
	007f6ec0	5	
	007f6ed0	1	
	007f6ee0	25	
	007f6f00	466	
	007f70e0	64	
	007f7120	46	
	007f7150	212	
	007f7230	124	
	007f72b0	962	
	007f7680	129	
	007f7710	568	
	007f7950	11	
	007f7960	980	
	007f7d40	231	
	007f7e30	155	
	007f7ed0	2158	
	007f8740	193	
	007f8810	328	
	007f8970	176	
	007f8a20	284	
	007f8b40	18	
	007f8b60	417	
	007f8d10	22	
	007f8d30	103	
	007f8da0	5	
	007f8db0	31	
	007f8dd0	5	
	007f8de0	31	
	007f8e00	1847	
	007f9540	31	
	007f9560	317	
	007f96a0	62	
	007f96e0	4	
	007f96f0	4	
	007f9700	18	
	007f9720	10	
	007f9730	58	
	007f9770	13	
	007f9780	4	
	007f9790	4	
	007f97a0	21	
	007f97c0	10	
	007f97d0	10	
	007f97e0	27	
	007f9800	10	
	007f9810	21	
	007f9830	10	
	007f9840	21	
	007f9860	10	
	007f9870	10	
	007f9880	27	
	007f98a0	10	
	007f98b0	27	
	007f98d0	10	
	007f98e0	21	
	007f9900	10	
	007f9910	27	
	007f9930	24	
	007f9950	10	
	007f9960	20	
	007f9980	10	
	007f9990	17	
	007f99b0	10	
	007f99c0	27	
	007f99e0	10	
	007f99f0	27	
	007f9a10	10	
	007f9a20	27	
	007f9a40	10	
	007f9a50	27	
	007f9a70	10	
	007f9a80	139	
	007f9b10	27	
	007f9b30	10	
	007f9b40	27	
	007f9b60	10	
	007f9b70	92	
	007f9bd0	3	
	007f9be0	3	
	007f9bf0	3	
	007f9c00	1	
	007f9c10	18	
	007f9c30	7	
	007f9c40	20	
	007f9c60	10	
	007f9c70	3	
	007f9c80	3	
	007f9c90	3	
	007f9ca0	3	
	007f9cb0	3	
	007f9cc0	3	
	007f9cd0	3	
	007f9ce0	3	
	007f9cf0	8	
	007f9d00	7	
	007f9d10	3	
	007f9d20	7	
	007f9d30	3	
	007f9d40	19	
	007f9d60	27	
	007f9d80	10	
	007f9d90	27	
	007f9db0	10	
	007f9dc0	27	
	007f9de0	27	
	007f9e00	10	
	007f9e10	92	
	007f9e70	4	
	007f9e80	141	
	007f9f10	156	
	007f9fb0	148	
	007fa050	301	
	007fa180	149	
	007fa220	45	
	007fa250	1	
	007fa260	3	
	007fa270	3	
	007fa280	3	
	007fa290	1	
	007fa2a0	3	
	007fa2b0	5	
	007fa2c0	5	
	007fa2d0	5	
	007fa2e0	10	
	007fa2f0	3	
	007fa300	1160	
	007fa790	96	
	007fa7f0	149	
	007fa890	205	
	007fa960	23	
	007fa980	8	
	007fa990	190	
	007faa50	72	
	007faaa0	74	
	007faaf0	57	
	007fab30	224	
	007fac10	171	
	007facc0	407	
	007fae60	394	
	007faff0	398	
	007fb180	258	
	007fb290	339	
	007fb3f0	457	
	007fb5c0	189	
	007fb680	167	
	007fb730	80	
	007fb780	140	
	007fb810	102	
	007fb880	565	
	007fbac0	23	
	007fbae0	1179	
	007fbf80	900	
	007fc310	1091	
	007fc760	976	
	007fcb30	77	
	007fcb80	758	
	007fce80	690	
	007fd140	182	
	007fd200	660	
	007fd4a0	48	
	007fd4d0	1420	
	007fda60	761	
	007fdd60	213	
	007fde40	1001	
	007fe230	5	
	007fe240	19	
	007fe260	1355	
	007fe7b0	5	
	007fe7c0	101	
	007fe830	5	
	007fe840	101	
	007fe8b0	5	
	007fe8c0	101	
	007fe930	5	
	007fe940	101	
	007fe9b0	5	
	007fe9c0	31	
	007fe9e0	5	
	007fe9f0	19	
	007fea10	5	
	007fea20	56	
	007fea60	59	
	007feaa0	34	
	007fead0	93	
	007feb30	485	
	007fed20	142	
	007fedb0	85	
	007fee10	68	
	007fee60	597	
	007ff0c0	31	
	007ff0e0	495	
	007ff2d0	542	
	007ff4f0	287	
	007ff610	431	
	007ff7c0	81	
	007ff820	124	
	007ff8a0	101	
	007ff910	99	
	007ff980	50	
	007ff9c0	50	
	007ffa10	262	
	007ffb20	1830	
	00800250	106	
	008002c0	2369	
	00800c10	24	
	00800c30	341	
	00800d90	10	
	00800da0	586	
	00800ff0	606	
	00801250	105	
	008012c0	730	
	008015a0	44	
	008015d0	661	
	00801870	499	
	00801a70	534	
	00801c90	1156	
	00802120	1057	
	00802550	303	
	00802680	2572	
	00803090	685	
	00803340	740	
	00803630	595	
	00803890	871	
	00803c00	2944	
	00804780	5	
	00804790	151	
	00804830	47	
	00804860	67	
	008048b0	22	
	008048d0	46	
	00804900	366	
	00804a70	489	
	00804c60	56	
	00804ca0	76	
	00804cf0	130	
	00804d80	222	
	00804e60	36	
	00804e90	5	
	00804ea0	1	
	00804eb0	5	
	00804ec0	1	
	00804ed0	3542	
	00805cb0	18	
	00805cd0	1932	
	00806460	897	
	008067f0	124	
	00806870	587	
	00806ac0	277	
	00806be0	274	
	00806d00	158	
	00806da0	434	
	00806f60	1981	
	00807720	269	
	00807830	133	
	008078c0	163	
	00807970	614	
	00807be0	120	
	00807c60	84	
	00807cc0	329	
	00807e10	37	
	00807e40	54	
	00807e80	168	
	00807f30	626	
	008081b0	471	
	00808390	84	
	008083f0	79	
	00808440	148	
	008084e0	129	
	00808570	54	
	008085b0	89	
	00808610	180	
	008086d0	180	
	00808790	118	
	00808810	118	
	00808888	8	
	00808890	3579	
	00809690	625	
	00809910	390	
	00809aa0	392	
	00809c30	324	
	00809d80	95	
	00809de0	111	
	00809e50	3536	
	0080ac20	1	
	0080ac30	290	
	0080ad60	37	
	0080ad90	168	
	0080ae40	313	
	0080af80	201	
	0080b050	249	
	0080b150	249	
	0080b250	71	
	0080b2a0	57	
	0080b2e0	110	
	0080b350	5	
	0080b360	31	
	0080b380	79	
	0080b3d0	43	
	0080b400	53	
	0080b440	62	
	0080b480	77	
	0080b4d0	881	
	0080b870	7	
	0080b880	7	
	0080b890	7	
	0080b8a0	7	
	0080b8b0	7	
	0080b8c0	7	
	0080b8d0	7	
	0080b8e0	13	
	0080b8f0	7	
	0080b900	6	
	0080b910	177	
	0080b9d0	1	
	0080b9e0	3	
	0080b9f0	6	
	0080ba00	7	
	0080ba10	6	
	0080ba20	23	
	0080ba40	1	
	0080ba50	1	
	0080ba60	1	
	0080ba70	3	
	0080ba80	3	
	0080ba90	6	
	0080baa0	73	
	0080baf0	66	
	0080bb40	7	
	0080bb50	73	
	0080bba0	7	
	0080bbb0	6	
	0080bbc0	6	
	0080bbd0	404	
	0080bd70	328	
	0080bec0	70	
	0080bf10	262	
	0080c020	46	
	0080c050	446	
	0080c210	1258	
	0080c700	141	
	0080c790	374	
	0080c910	565	
	0080cb50	692	
	0080ce10	416	
	0080cfb0	631	
	0080d230	409	
	0080d3d0	1337	
	0080d910	94	
	0080d970	59	
	0080d9b0	372	
	0080db30	2482	
	0080e4f0	94	
	0080e550	818	
	0080e890	173	
	0080e940	804	
	0080ec70	51	
	0080ecb0	458	
	0080ee80	158	
	0080ef20	383	
	0080f0a0	804	
	0080f3d0	804	
	0080f700	364	
	0080f870	282	
	0080f990	444	
	0080fb50	383	
	0080fcd0	297	
	0080fe00	282	
	0080ff20	483	
	00810110	412	
	008102b0	252	
	008103b0	248	
	008104b0	107	
	00810520	508	
	00810720	1522	
	00810d20	252	
	00810e20	492	
	00811010	430	
	008111c0	305	
	00811300	305	
	00811440	481	
	00811630	791	
	00811950	392	
	00811ae0	392	
	00811c70	503	
	00811e70	767	
	00812170	4128	
	00813190	338	
	008132f0	1	
	00813300	53	
	00813340	236	
	00813430	784	
	00813740	41	
	00813770	85	
	008137d0	964	
	00813ba0	1183	
	00814040	770	
	00814350	805	
	00814680	643	
	00814910	774	
	00814c20	596	
	00814e80	324	
	00814fd0	937	
	00815380	301	
	008154b0	3	
	008154c0	3	
	008154d0	1	
	008154e0	3	
	008154f0	133	
	00815580	1	
	00815590	8	
	008155a0	14	
	008155b0	22	
	008155d0	56	
	00815620	3	
	00815630	1	
	00815640	3	
	00815650	3	
	00815660	3	
	00815670	1	
	00815680	11	
	00815690	13	
	008156a0	13	
	008156b0	1	
	008156c0	1	
	008156d0	1	
	008156e0	1	
	008156f0	3	
	00815700	3	
	00815710	3	
	00815720	1	
	00815730	3	
	00815740	3	
	00815750	1	
	00815760	1	
	00815770	1	
	00815780	3	
	00815790	1	
	008157a0	3	
	008157b0	1	
	008157c0	1	
	008157d0	1	
	008157e0	3	
	008157f0	1	
	00815800	3	
	00815810	1	
	00815820	3	
	00815830	1	
	00815840	3	
	00815850	3	
	00815860	7	
	00815870	3	
	00815880	3	
	00815890	11	
	008158a0	11	
	008158b0	19	
	008158d0	1	
	008158e0	3	
	008158f0	1	
	00815900	1	
	00815910	1	
	00815920	1	
	00815930	3	
	00815940	1	
	00815950	3	
	00815960	1	
	00815970	3	
	00815980	228	
	00815a70	1278	
	00815f70	3	
	00815f80	3	
	00815f90	1	
	00815fa0	3	
	00815fb0	1	
	00815fc0	436	
	00816180	198	
	00816250	236	
	00816340	1	
	00816350	340	
	008164b0	143	
	00816540	24	
	00816560	23	
	00816580	57	
	008165c0	191	
	00816680	137	
	00816710	38	
	00816740	238	
	00816830	44	
	00816860	62	
	008168a0	23	
	008168c0	23	
	008168e0	1	
	008168f0	465	
	00816ad0	2306	
	008173e0	457	
	008175b0	887	
	00817930	3216	
	008185c0	7	
	008185d0	441	
	00818790	368	
	00818900	5	
	00818910	1	
	00818920	5	
	00818930	31	
	00818950	5	
	00818960	35	
	00818990	5	
	008189a0	31	
	008189c0	5	
	008189d0	31	
	008189f0	5	
	00818a00	383	
	00818b80	215	
	00818c60	962	
	00819030	159	
	008190d0	337	
	00819230	343	
	00819390	250	
	00819490	278	
	008195b0	188	
	00819670	5	
	00819680	1	
	00819690	639	
	00819910	1	
	00819920	1556	
	00819f40	1	
	00819f50	2046	
	0081a750	1	
	0081a760	842	
	0081aab0	818	
	0081adf0	1297	
	0081b370	213	
	0081b450	416	
	0081b5f0	168	
	0081b6a0	248	
	0081b7a0	179	
	0081b860	341	
	0081b9c0	519	
	0081bbd0	50	
	0081bc10	1144	
	0081c090	1326	
	0081c5c0	434	
	0081c780	1345	
	0081ccd0	1200	
	0081d180	38	
	0081d1b0	271	
	0081d2c0	551	
	0081d4f0	667	
	0081d790	1523	
	0081dd90	1004	
	0081e1f0	273	
	0081e320	5	
	0081e330	1	
	0081e340	5	
	0081e350	11	
	0081e360	84	
	0081e3c0	460	
	0081e590	417	
	0081e740	134	
	0081e7d0	8	
	0081e7e0	62	
	0081e820	68	
	0081e870	11	
	0081e880	47	
	0081e8b0	37	
	0081e8e0	61	
	0081e920	81	
	0081e980	85	
	0081e9e0	903	
	0081ed70	55	
	0081edb0	26	
	0081edd0	60	
	0081ee10	872	
	0081f180	27	
	0081f1a0	44	
	0081f1d0	230	
	0081f2d0	107	
	0081f340	21	
	0081f360	1195	
	0081f810	1	
	0081f820	443	
	0081f9e0	5	
	0081f9f0	1	
	0081fa00	5	
	0081fa10	1	
	0081fa20	5	
	0081fa30	1	
	0081fa40	5	
	0081fa50	31	
	0081fa70	5	
	0081fa80	31	
	0081faa0	875	
	0081fe10	63	
	0081fe50	402	
	0081fff0	2042	
	008207f0	184	
	008208b0	112	
	00820920	491	
	00820b10	6	
	00820b20	918	
	00820ec0	99	
	00820f30	136	
	00820fc0	131	
	00821050	97	
	008210c0	429	
	00821270	99	
	008212e0	5	
	008212f0	28	
	00821310	5	
	00821320	31	
	00821340	5	
	00821350	31	
	00821370	977	
	00821750	1533	
	00821d50	220	
	00821e30	72	
	00821e80	180	
	00821f40	493	
	00822130	75	
	00822180	8	
	00822190	455	
	00822360	326	
	008224b0	136	
	00822540	31	
	00822560	464	
	00822730	98	
	008227a0	364	
	00822910	156	
	008229b0	1502	
	00822f90	683	
	00823240	470	
	00823420	51	
	00823460	271	
	00823570	273	
	00823690	232	
	00823780	37	
	008237b0	796	
	00823ad0	448	
	00823c90	651	
	00823f20	65	
	00823f70	457	
	00824140	100	
	008241b0	579	
	00824400	74	
	00824450	633	
	008246d0	5	
	008246e0	31	
	00824700	22	
	00824720	30	
	00824740	408	
	008248e0	546	
	00824b10	116	
	00824b90	461	
	00824d60	35	
	00824d90	14	
	00824da0	746	
	00825090	95	
	008250f0	55	
	00825130	93	
	00825190	38	
	008251c0	36	
	008251f0	70	
	00825240	184	
	00825300	72	
	00825350	168	
	00825400	63	
	00825440	36	
	00825470	5	
	00825480	31	
	008254a0	140	
	00825530	2318	
	00825e40	43	
	00825e70	168	
	00825f20	601	
	00826180	80	
	008261d0	169	
	00826280	232	
	00826370	73	
	008263c0	167	
	00826470	97	
	008264e0	5	
	008264f0	31	
	00826510	5	
	00826520	198	
	008265f0	1481	
	00826bc0	142	
	00826c50	61	
	00826c90	780	
	00826fa0	146	
	00827040	207	
	00827110	245	
	00827210	59	
	00827250	498	
	00827450	66	
	008274a0	91	
	00827500	310	
	00827640	5	
	00827650	31	
	00827670	311	
	008277b0	107	
	00827820	545	
	00827a50	256	
	00827b50	57	
	00827b90	58	
	00827bd0	841	
	00827f20	946	
	008282e0	18	
	00828300	74	
	00828350	118	
	008283d0	899	
	00828760	34	
	00828790	360	
	00828900	66	
	00828950	58	
	00828990	178	
	00828a50	17	
	00828a70	817	
	00828db0	106	
	00828e20	37	
	00828e50	58	
	00828e90	95	
	00828ef0	58	
	00828f40	508	
	00829140	284	
	00829260	106	
	008292d0	81	
	00829330	96	
	00829390	508	
	00829590	121	
	00829610	78	
	00829660	5	
	00829670	31	
	00829690	59	
	008296d0	162	
	00829780	680	
	00829a30	226	
	00829b20	33	
	00829b50	105	
	00829bc0	405	
	00829d60	5	
	00829d70	1	
	00829d80	174	
	00829e30	1149	
	0082a2c0	1	
	0082a2d0	533	
	0082a4f0	1	
	0082a500	175	
	0082a5b0	626	
	0082a830	175	
	0082a8e0	605	
	0082ab40	582	
	0082ad90	64	
	0082add0	135	
	0082ae60	52	
	0082aea0	35	
	0082aed0	66	
	0082af30	446	
	0082b0f0	249	
	0082b1f0	5	
	0082b200	25	
	0082b220	99	
	0082b290	59	
	0082b2d0	146	
	0082b370	80	
	0082b3c0	421	
	0082b570	268	
	0082b680	269	
	0082b790	552	
	0082b9c0	68	
	0082ba10	419	
	0082bbc0	811	
	0082bf10	1239	
	0082c3f0	52	
	0082c430	480	
	0082c610	47	
	0082c640	61	
	0082c680	622	
	0082c8f0	1165	
	0082cd80	1648	
	0082d3f0	126	
	0082d470	326	
	0082d5c0	296	
	0082d6f0	296	
	0082d820	256	
	0082d920	378	
	0082daa0	369	
	0082dc20	367	
	0082dd90	378	
	0082df10	368	
	0082e080	544	
	0082e2a0	453	
	0082e470	555	
	0082e6a0	395	
	0082e830	399	
	0082e9c0	395	
	0082eb50	379	
	0082ecd0	369	
	0082ee50	24	
	0082ee70	217	
	0082ef50	393	
	0082f0e0	416	123115525666666663141455431666353333635622256266556616666666236665555665666262525113566111351535511211
	0082f280	49	
	0082f2c0	239	
	0082f3b0	163	
	0082f460	911	
	0082f7f0	5	
	0082f800	1	
	0082f810	271	
	0082f920	380	
	0082faa0	8	
	0082fab0	537	
	0082fcd0	87	
	0082fd30	59	
	0082fd70	309	
	0082feb0	27	
	0082fed0	57	
	0082ff10	52	
	0082ff50	54	
	0082ff90	104	
	00830000	66	
	00830050	10	
	00830060	17	
	00830080	12	
	00830090	11	
	008300a0	43	
	008300d0	13	
	008300e0	291	
	00830210	268	
	00830320	47	
	00830350	28	
	00830370	67	
	008303c0	650	
	00830650	71	
	008306a0	166	
	00830750	130	
	008307e0	924	
	00830b80	144	
	00830c10	843	
	00830f60	365	
	008310d0	95	
	00831130	583	
	00831380	452	
	00831550	85	
	008315b0	1057	
	008319e0	1026	
	00831df0	969	
	008321c0	2540	
	00832bb0	162	
	00832c60	2135	
	008334c0	1249	
	008339e0	1	
	008339f0	1	
	00833a00	69	
	00833a50	136	
	00833ae0	165	
	00833b90	283	
	00833cb0	62	
	00833cf0	5	
	00833d00	1	
	00833d10	136	
	00833da0	25	
	00833dc0	216	
	00833ea0	223	
	00833f80	409	
	00834120	141	
	008341b0	220	
	00834290	220	
	00834370	638	
	008345f0	271	
	00834700	106	
	00834770	276	
	00834890	43	
	008348c0	57	
	00834900	745	
	00834bf0	477	
	00834dd0	56	
	00834e10	12	
	00834e20	187	
	00834ee0	64	
	00834f20	95	
	00834f80	215	
	00835060	47	
	00835090	55	
	008350d0	176	
	00835180	1184	
	00835620	187	
	008356e0	178	
	008357a0	804	
	00835ad0	886	
	00835e50	239	
	00835f40	697	
	00836200	74	
	00836250	1095	
	008366a0	33	
	008366d0	194	
	008367a0	489	
	00836990	1156	
	00836e20	709	
	008370f0	17	
	00837110	219	
	008371f0	7	
	00837200	135	
	00837290	59	
	008372d0	44	
	00837300	34	
	00837330	10	
	00837340	16	
	00837350	130	
	008373e0	12	
	008373f0	10	
	00837400	979	
	008377e0	211	
	008378c0	111	
	00837930	162	
	008379e0	734	
	00837cf0	8	
	00837d00	55	
	00837d40	163	
	00837df0	1518	
	00838430	28	
	00838450	34	
	00838480	80	
	008384d0	39	
	00838500	42	
	00838530	42	
	00838560	27	
	00838580	216	
	00838660	1040	
	00838a70	117	
	00838af0	894	
	00838eb0	76	
	00838f00	263	
	00839010	16	
	00839020	361	
	00839190	1251	
	00839680	30	
	008396a0	329	
	008397f0	110	
	00839860	27	
	00839880	30	
	008398a0	1	
	008398b0	1	
	008398c0	10	
	008398d0	16	
	008398e0	12	
	008398f0	10	
	00839900	98	
	00839970	8	
	00839980	564	
	00839bc0	839	
	00839f10	139	
	00839fa0	117	
	0083a020	190	
	0083a0e0	85	
	0083a140	138	
	0083a1d0	296	
	0083a300	385	
	0083a490	376	
	0083a610	133	
	0083a6a0	36	
	0083a6d0	640	
	0083a950	219	
	0083aa30	315	
	0083ab70	115	
	0083abf0	10	
	0083ac00	111	
	0083ac70	350	
	0083add0	16	
	0083ade0	155	
	0083ae80	1013	
	0083b280	5	
	0083b290	19	
	0083b2b0	5	
	0083b2c0	19	
	0083b2e0	22	
	0083b300	20	
	0083b320	13	
	0083b330	65	
	0083b380	92	
	0083b3e0	105	
	0083b450	755	
	0083b750	20	
	0083b770	232	
	0083b860	379	
	0083b9e0	373	
	0083bb60	1826	
	0083c2d0	1361	
	0083c830	145	
	0083c8d0	73	
	0083c920	111	
	0083c990	1129	
	0083ce00	124	
	0083ce80	1274	
	0083d380	51	
	0083d3c0	235	
	0083d4b0	108	
	0083d520	513	
	0083d730	4	
	0083d740	9	
	0083d750	96	
	0083d7b0	25	
	0083d7d0	77	
	0083d820	43	
	0083d850	7	
	0083d860	110	
	0083d8d0	1405	
	0083de50	395	
	0083dfe0	1265	
	0083e4f0	281	
	0083e610	119	
	0083e690	26	
	0083e6b0	96	
	0083e710	425	
	0083e8c0	1816	
	0083efe0	97	
	0083f050	23	
	0083f070	81	
	0083f0d0	1	
	0083f0e0	17	
	0083f100	267	
	0083f210	83	
	0083f270	55	
	0083f2b0	63	
	0083f2f0	8	
	0083f310	156	
	0083f3b0	13	
	0083f3f0	159	
	0083f490	12	
	0083f4a0	50	
	0083f4e0	144	
	0083f570	30	
	0083f590	160	
	0083f630	182	
	0083f6f0	95	
	0083f750	86	
	0083f7b0	29	
	0083f7d0	16	
	0083f7e0	33	
	0083f810	33	
	0083f840	75	
	0083f890	30	
	0083f8b0	30	
	0083f8d0	40	
	0083f900	911	
	0083fc90	1089	
	008400e0	509	
	008402e0	444	
	008404a0	72	
	008404f0	48	
	00840520	8	
	00840530	1844	
	00840c70	73	
	00840cc0	1187	
	00841170	90	
	008411d0	92	
	00841230	5	
	00841240	25	
	00841260	40	
	00841290	31	
	008412b0	75	
	00841300	231	
	008413f0	59	
	00841430	240	
	00841520	113	
	008415a0	23	
	008415c0	13	
	008415d0	47	
	00841600	41	
	00841630	35	
	00841660	10	
	00841670	10	
	00841680	19	
	008416a0	24	
	008416c0	24	
	008416e0	112	
	00841750	96	
	008417b0	71	
	00841800	60	
	00841840	91	
	008418a0	91	
	00841900	91	
	00841960	71	
	008419b0	71	
	00841a00	71	
	00841a50	71	
	00841aa0	88	
	00841b00	67	
	00841b50	193	
	00841c20	962	
	00842030	32	
	00842050	155	
	008420f0	14	
	00842100	19	
	00842120	13	
	00842130	24	
	00842150	10	
	00842160	15	
	00842170	31	
	00842190	5	
	008421a0	11	
	008421b0	5	
	008421c0	11	
	008421d0	5	
	008421e0	11	
	008421f0	35	
	00842220	142	
	008422b0	77	
	00842300	10	
	00842310	98	
	00842380	22	
	008423a0	22	
	008423c0	55	
	00842400	136	
	00842490	10	
	008424a0	130	
	00842530	362	
	008427a0	50	
	008427e0	45	
	00842810	52	
	00842850	10	
	00842860	133	
	008428f0	44	
	00842920	46	
	00842950	5	
	00842960	1	
	00842970	364	
	00842ae0	38	
	00842b10	38	
	00842b40	78	
	00842b90	32	
	00842bb0	68	
	00842c00	39	
	00842c30	74	
	00842c80	26	
	00842ca0	21	
	00842cc0	23	
	00842ce0	123	
	00842d60	135	
	00842df0	44	
	00842e20	19	
	00842e40	5	
	00842e50	23	
	00842e70	158	
	00842f10	22	
	00842f30	47	
	00842f60	160	
00842f60	0084303e	8	
	00843000	62	
	00843050	793	
	00843370	111	
	008433e0	111	
	00843450	37	
	00843480	81	
	008434e0	29	
	00843500	573	
	00843740	16	
	00843750	94	
	008437b0	517	
	008439c0	307	
	00843b00	966	
	00843ed0	40	
	00843f00	893	
	00844280	738	
	00844570	176	
	00844620	47	
	00844650	29	
	00844670	18	
	00844690	56	
	008446d0	214	
	008447b0	624	
	00844a20	85	
	00844a80	27	
	00844aa0	23	
	00844ac0	123	
	00844b40	288	
	00844c60	24	
	00844c80	25	
	00844ca0	25	
	00844cc0	54	
	00844d00	38	
	00844d30	58	
	00844d70	183	
	00844e30	62	
	00844e70	569	
	008450b0	185	
	00845170	675	
	00845420	671	
	008456c0	124	
	00845740	997	
	00845b30	93	
	00845b90	15	
	00845ba0	5	
	00845bb0	23	
	00845bd0	5	
	00845be0	25	
	00845c00	5	
	00845c10	5	
	00845c20	37	
	00845c50	114	
	00845cd0	40	
	00845d00	37	
	00845d30	74	
	00845d80	110	
	00845df0	237	
	00845ee0	53	
	00845f20	118	
	00845fa0	107	
	00846010	617	
	00846280	794	
	008465a0	222	
	00846680	35	
	008466b0	7	
	008466f0	81	
	00846750	98	
	008467c0	2113	
	00847010	78	
	00847060	1698	
	00847710	92	
	00847770	86	
	008477d0	89	
	00847830	89	
	00847890	200	
	00847960	127	
	008479e0	95	
	00847a40	263	
	00847b50	309	
	00847c90	76	
	00847ce0	55	
	00847d20	89	
	00847d80	14	
	00847d90	25	
	00847db0	80	
	00847e18	40	
	00847e40	16	
	00847e68	40	
	00847e90	16	
	00847ea0	80	
	00847f31	14	
	00847f3f	22	
	00847f60	101	
	00847fd0	101	
	00848040	307	
	00848180	447	
	00848340	16	
	00848350	59	
	00848390	33	
	008483c0	242	
	008484c0	251	
	008485c0	22	
	008485e0	32	
	00848600	435	
	008487c0	107	
	00848830	318	
	00848970	839	
	00848cc0	87	
	00848d20	67	
	00848d70	540	
	00848f90	533	
	008491b0	2049	
	008499c0	1171	
	00849e60	26	
	00849e80	8	
	00849e90	383	
	0084a010	51	
	0084a050	143	
	0084a0e0	135	
	0084a170	28	
	0084a190	151	
	0084a230	275	
	0084a350	5	
	0084a360	31	
	0084a380	5	
	0084a390	41	
	0084a3c0	5	
	0084a3d0	41	
	0084a400	42	
	0084a430	116	
	0084a4b0	248	
	0084a5b0	278	
	0084a6d0	1144	
	0084ab50	109	
	0084abc0	85	
	0084ac20	473	
	0084ae00	466	
	0084afe0	1058	
	0084b410	149	
	0084b4b0	792	
	0084b7d0	694	
	0084ba90	2339	
	0084c3c0	1589	
	0084ca00	1043	
	0084ce20	1184	
	0084d2d0	1991	
	0084daa0	1888	
	0084e200	1932	
	0084e990	2358	
	0084f2f0	1518	
	0084f8e0	5	
	0084f8f0	31	
	0084f910	2172	
	008501b0	1865	
	00850900	950	
	00850cc0	727	
	00850fc0	2111	
	00851800	110	
	00851870	5059	
	00852c40	3590	
	00853a50	3036	
	00854630	3062	
	00855230	5	
	00855240	1	
	00855250	1	
	00855260	217	
	00855340	255	
	00855440	2089	
	00855c70	1369	
	008561d0	2095	
	00856a00	300	
	00856b30	526	
	00856d40	1723	
	00857400	1814	
	00857b20	3205	
	008587b0	501	
	008589b0	494	
	00858ba0	2445	
	00859530	2141	
	00859d90	2385	
	0085a6f0	1056	
	0085ab10	1844	
	0085b250	1119	
	0085b6b0	883	
	0085ba30	1231	
	0085bf00	453	
	0085c0d0	1	
	0085c0e0	1808	
	0085c7f0	1907	
	0085cf70	2042	
	0085d770	4	
	0085d780	104	
	0085d7f0	453	
	0085d9c0	59	
	0085da00	190	
	0085dac0	80	
	0085db10	116	
	0085db90	112	
	0085dc00	27	
	0085dc20	317	
	0085dd60	332	
	0085deb0	461	
	0085e080	661	
	0085e320	124	
	0085e3a0	214	
	0085e480	3	
	0085e490	5	
	0085e4a0	25	
	0085e4c0	385	
	0085e650	471	
	0085e830	405	
	0085e9d0	1381	
	0085ef40	1868	
	0085f690	1010	
	0085fa90	624	
	0085fd00	633	
	0085ff80	103	
	0085fff0	2146	
	00860860	525	
	00860a70	366	
	00860be0	78	
	00860c30	208	
	00860d00	194	
	00860dd0	33	
	00860e00	3061	
	00861a00	1233	
	00861ee0	2799	
	008629d0	1438	
	00862f70	185	
	00863030	401	
	008631d0	109	
	00863240	1844	
	00863980	5	
	00863990	19	
	008639b0	5	
	008639c0	19	
	008639e0	136	
	00863a70	5	
	00863a80	50	
	00863ac0	53	
	00863b00	102	
	00863b70	870	
	00863ef0	315	
	00864040	311	
	00864190	84	
	008641f0	194	
	008642c0	322	
	00864420	1139	
	008648b0	201	
	00864990	524	
	00864ba0	391	
	00864d30	644	
	00864fc0	5	
	00864fd0	1	
	00864fe0	5	
	00864ff0	1	
	00865000	31	
	00865020	2554	
	00865a20	731	
	00865d00	1369	
	00866260	977	
	00866640	1095	
	00866a90	259	
	00866ba0	349	
	00866d00	382	
	00866e80	5	
	00866e90	1	
	00866ea0	5	
	00866eb0	1	
	00866ec0	380	
	00867040	951	
	00867400	823	
	00867740	1025	
	00867b50	203	
	00867c20	226	
	00867d10	179	
	00867dd0	519	
	00867fe0	88	
	00868040	681	
	008682f0	1	
	00868300	79	
	00868350	98	
	008683c0	291	
	008684f0	1051	
	00868910	867	
	00868c80	831	
	00868fc0	5	
	00868fd0	19	
	00868ff0	5	
	00869000	19	
	00869020	38	
	00869050	66	
	008690a0	94	
	00869100	72	
	00869150	70	
	008691a0	31	
	008691c0	229	
	008692b0	49	
	008692f0	58	
	00869330	74	
	00869380	20	
	008693a0	129	
	00869430	34	
	00869460	61	
	008694a0	340	
	00869600	5	
	00869610	31	
	00869630	5	
	00869640	1	
	00869650	5	
	00869660	1	
	00869670	27	
	00869690	219	
	00869770	17	
	00869790	181	
	00869850	1871	
	00869fa0	39	
	00869fd0	283	
00869fd0	0086a0f1	11	
	0086a110	67	
	0086a160	67	
	0086a1b0	190	
	0086a270	70	
	0086a2c0	102	
	0086a330	115	
	0086a3b0	953	
	0086a770	115	
	0086a7f0	159	
	0086a890	155	
	0086a930	801	
	0086ac60	831	
	0086afa0	110	
	0086b010	1691	
	0086b6b0	311	
	0086b7f0	425	
	0086b9a0	433	
	0086bb60	402	
	0086bd00	787	
	0086c020	280	
	0086c140	217	
	0086c220	167	
	0086c2d0	652	
	0086c560	98	
	0086c5d0	462	
	0086c7a0	438	
	0086c960	214	
	0086ca40	59	
	0086ca80	242	
	0086cb80	19	
	0086cba0	940	
	0086cf50	156	
	0086cff0	69	
	0086d040	5	
	0086d050	1	
	0086d060	726	
	0086d360	46	
	0086d390	204	
	0086d460	56	
	0086d4a0	38	
	0086d4d0	8	
	0086d4e0	632	
	0086d760	743	
	0086da50	106	
	0086dac0	121	
	0086db40	654	
	0086ddd0	658	
	0086e070	5	
	0086e080	19	
	0086e0a0	5	
	0086e0b0	19	
	0086e0d0	26	
	0086e0f0	5	
	0086e100	172	
	0086e1b0	70	
	0086e200	79	
	0086e250	1383	
	0086e7c0	44	
	0086e7f0	148	
	0086e890	257	
	0086e9a0	2111	
	0086f1e0	422	
	0086f390	202	
	0086f460	3	
	0086f470	234	
	0086f560	1545	
	0086fb80	126	
	0086fc00	5	
	0086fc10	19	
	0086fc30	196	
	0086fd00	71	
	0086fd50	22	
	0086fd70	40	
	0086fda0	20	
	0086fdc0	33	
	0086fdf0	130	
	0086fe80	42	
	0086feb0	5	
	0086fec0	23	
	0086fee0	774	
	008701f0	59	
	00870230	64	
	00870270	155	
	00870310	104	
	00870380	144	
	00870410	97	
	00870480	45	
	008704c0	327	
	00870610	43	
	00870640	342	
	008707a0	357	
	00870910	4	
	00870920	107	
	00870990	64	
	008709d0	1493	
	00870fb0	109	
	00871020	156	
	008710c0	173	
	00871170	60	
	008711b0	3	
	008711c0	87	
	00871220	184	
	008712e0	262	
	008713f0	74	
	00871440	38	
00871440	00872610	1	
	00871470	74	
	008714c0	160	
	00871560	742	
	00871850	647	
	00871ae0	619	
	00871d50	28	
	00871d70	86	
	00871dd0	19	
	00871df0	94	
	00871e50	170	
	00871f00	327	
	00872050	333	
	008721a0	1107	
	00872600	13	
	00872620	115	
	008726a0	122	
	00872720	76	
	00872770	303	
	008728a0	525	
	00872ab0	631	
	00872d30	130	
	00872dc0	469	
	00872fa0	797	
	008732c0	1087	
	00873700	97	
	00873770	32	
	00873790	792	
	00873ab0	720	
	00873d80	1090	
	008741d0	616	
	00874440	348	
	008745a0	51	
	008745e0	31	
	00874600	590	
	00874850	575	
	00874a90	16	
	00874aa0	4531	
	00875c60	3234	
	00876910	2296	
	00877210	2804	
	00877d20	1258	
	00878210	306	
	00878350	890	
	008786d0	42	
	00878700	23	
	00878720	81	
	00878780	1253	
	00878c70	438	
	00878e30	316	
	00878f70	381	
	008790f0	488	
	008792e0	434	
	008794a0	90	
	00879500	750	
	008797f0	307	
	00879930	1880	
	0087a090	668	
	0087a330	1	
	0087a340	107	
	0087a3b0	30	
	0087a3d0	220	
	0087a4b0	292	
	0087a5e0	14	
	0087a5f0	282	
	0087a710	455	
	0087a8e0	573	
	0087ab20	220	
	0087ac00	220	
	0087ace0	118	
	0087ad60	414	
	0087af00	1460	
	0087b4c0	97	
	0087b530	84	
	0087b590	411	
	0087b730	704	
	0087b9f0	60	
	0087ba30	709	
	0087bd00	18	
	0087bd20	19	
	0087bd40	19	
	0087bd60	36	
	0087bd90	135	
	0087be20	81	
	0087be80	247	
	0087bf80	243	
	0087c080	275	
	0087c1a0	212	
	0087c280	302	
	0087c3b0	73	
	0087c400	780	
	0087c710	666	
	0087c9b0	1244	
	0087ce90	107	
	0087cf00	602	
	0087d160	597	
	0087d3c0	530	
	0087d5e0	310	
	0087d720	93	
	0087d780	268	
	0087d890	443	
	0087da50	121	
	0087dad0	117	
	0087db50	452	
	0087dd20	145	
	0087ddc0	30	
	0087dde0	30	
	0087de00	548	
	0087e030	581	
	0087e280	178	
	0087e340	170	
	0087e3f0	144	
	0087e480	739	
	0087e770	447	
	0087e930	537	
	0087eb50	399	
	0087ece0	228	
	0087edd0	210	
	0087eeb0	204	
	0087ef80	209	
	0087f070	16	
	0087f080	1	
	0087f090	13	
	0087f0a0	52	
	0087f0e0	77	
	0087f130	535	
	0087f360	100	
	0087f3e0	77	
	0087f430	92	
	0087f490	96	
	0087f4f0	280	
	0087f610	18	
	0087f630	46	
	0087f660	77	
	0087f6b0	18	
	0087f6d0	429	
	0087f880	48	
	0087f8b0	147	
	0087f950	37	
	0087f980	118	
	0087fa00	102	
	0087fa70	95	
	0087fad0	78	
	0087fb20	61	
	0087fb60	41	
	0087fb90	61	
	0087fbd0	114	
	0087fc50	5	
	0087fc60	5	
	0087fc70	6	
	0087fc80	5	
	0087fc90	10	
	0087fca0	10	
	0087fcb0	10	
	0087fcc0	10	
	0087fcd0	10	
	0087fce0	9	
	0087fcf0	10	
	0087fd00	1	
	0087fd10	12	
	0087fd20	12	
	0087fd30	10	
	0087fd40	10	
	0087fd50	434	
	0087ff07	9	
	0087ff10	96	
	0087ff70	222	
	00880050	372	
	008801d0	436	
	00880390	537	
	008805b0	442	
	00880770	143	
	00880800	106	
	00880870	406	
	00880a10	38	
	00880a40	1239	
	00880f20	157	
	00880fc0	108	
	00881030	23	
	00881050	49	
	00881090	1245	
	00881570	28	
	00881590	60	
	008815d0	28	
	008815f0	60	
	00881630	28	
	00881650	60	
	00881690	91	
	008816f0	90	
	00881750	91	
	008817b0	193	
	00881880	328	
	008819d0	144	
	00881a60	519	
	00881c70	365	
	00881de0	328	
	00881f30	328	
	00882080	302	
	008821b0	230	
	008822a0	1041	
	008826c0	105	
	00882730	653	
	008829c0	114	
	00882a40	124	
	00882ac0	16	
	00882ad0	63	
	00882b10	1419	
	008830a0	23	
	008830c0	17	
	008830e0	50	
	00883120	156	
	008831c0	490	
	008833b0	414	
	00883560	2356	
	00883ea0	348	
	00884000	215	
	008840e0	22	
	00884100	1128	
	00884570	59	
	008845b0	205	
	00884680	70	
	008846d0	124	
	00884750	139	
	008847e0	125	
	00884860	71	
	008848b0	6	
	008848b6	6	
	008848c0	174	
	00884970	308	
	00884ab0	51	
	00884af0	34	
	00884b20	69	
	00884b70	11	
	00884b80	307	
	00884cc0	87	
	00884d20	61	
	00884d60	65	
	00884db0	33	
	00884de0	91	
	00884e40	165	
	00884ef0	76	
	00884f40	20	
	00884f60	24	
	00884f80	166	
	00885030	21	
	00885050	124	
	008850d0	254	
	008851d0	261	
	008852e0	414	
	00885480	41	
	008854b0	41	
	008854e0	270	
	008855f0	115	
	00885670	208	
	00885740	80	
	00885790	112	
	00885800	73	
	00885850	60	
	00885890	240	
	00885980	89	
	008859e0	33	
	00885a10	33	
	00885a40	16	
	00885a50	110	
	00885ac0	46	
	00885af0	50	
	00885b30	29	
	00885b50	93	
	00885bb0	42	
	00885be0	210	
	00885cc0	210	
	00885da0	67	
	00885df0	65	
	00885e40	73	
	00885e90	64	
	00885ed0	25	
	00885ef0	138	
	00885f80	58	
	00885fc0	71	
	00886010	22	
	00886030	166	
	008860e0	166	
	00886190	276	
	008862b0	27	
	008862d0	257	
	008863e0	81	
	00886440	67	
	00886490	55	
	008864d0	137	
	00886570	132	
	00886600	114	
	00886680	9	
	00886690	13	
	008866a0	7	
	008866b0	11	
	008866c0	113	
	00886740	62	
	00886780	122	
	00886800	38	
	00886830	61	
	00886870	52	
	008868b0	52	
	008868f0	57	
	00886930	53	
	00886970	25	
	00886990	21	
	008869b0	56	
	008869f0	21	
	00886a10	23	
	00886a30	15	
	00886a40	14	
	00886a50	157	
	00886af0	543	
	00886d10	207	
	00886de0	92	
	00886e40	61	
	00886e80	61	
	00886ec0	127	
	00886f40	106	
	00886fb0	16	
	00886fc0	27	
	00886fe0	268	
	008870f0	49	
	00887130	21	
	00887150	105	
	008871c0	19	
	008871e0	90	
	00887240	120	
	008872c0	43	
	008872f0	206	
	008873c0	46	
	008873f0	177	
	008874b0	262	
	008875c0	238	
	008876b0	63	
	008876f0	147	
	00887790	91	
	008877f0	37	
	00887820	37	
	00887850	41	
	00887880	182	
	00887940	24	
	00887960	145	
	00887a00	91	
	00887a60	194	
	00887b30	91	
	00887b90	37	
	00887bc0	51	
	00887c00	48	
	00887c30	126	
	00887cb0	221	
	00887d90	71	
	00887de0	51	
	00887e20	32	
	00887e40	7	
	00887e50	18	
	00887e70	22	
	00887e90	101	
	00887f00	42	
	00887f30	50	
	00887f70	58	
	00887fb0	68	
	00888000	38	
	00888030	35	
	00888060	29	
	00888080	143	
	00888110	52	
	00888150	46	
	00888180	63	
	008881c0	36	
	008881f0	69	
	00888240	98	
	008882b0	6	
	008882c0	1	
	008882d0	24	
	008882f0	43	
	00888320	18	
	00888340	1	
	00888350	30	
	00888370	51	
	008883b0	86	
	00888410	15	
	00888420	50	
	00888460	94	
	008884c0	79	
	00888510	14	
	00888520	103	
	00888590	83	
	008885f0	52	
	00888630	15	
	00888640	30	
	00888660	61	
	008886a0	74	
	008886f0	15	
	00888700	42	
	00888730	78	
	00888780	55	
	008887c0	14	
	008887d0	34	
	00888800	62	
	00888840	51	
	00888880	14	
	00888890	34	
	008888c0	62	
	00888900	108	
	00888970	28	
	00888990	38	
	008889c0	83	
	00888a20	158	
	00888ac0	37	
	00888af0	38	
	00888b20	83	
	00888b80	18	
	00888ba0	1	
	00888bb0	26	
	00888bd0	53	
	00888c10	100	
	00888c80	27	
	00888ca0	34	
	00888cd0	75	
	00888d20	153	
	00888dc0	36	
	00888df0	34	
	00888e20	75	
	00888e70	55	
	00888eb0	14	
	00888ec0	30	
	00888ee0	67	
	00888f30	52	
	00888f70	15	
	00888f80	30	
	00888fa0	67	
	00888ff0	52	
	00889030	15	
	00889040	30	
	00889060	67	
	008890b0	52	
	008890f0	15	
	00889100	30	
	00889120	67	
	00889170	102	
	008891e0	28	
	00889200	34	
	00889230	75	
	00889280	18	
	008892a0	1	
	008892b0	26	
	008892d0	53	
	00889310	102	
	00889380	28	
	008893a0	34	
	008893d0	75	
	00889420	61	
	00889460	14	
	00889470	34	
	008894a0	75	
	008894f0	46	
	00889520	14	
	00889530	26	
	00889550	53	
	00889590	51	
	008895d0	14	
	008895e0	30	
	00889600	67	
	00889650	100	
	008896c0	27	
	008896e0	34	
	00889710	75	
	00889760	99	
	008897d0	27	
	008897f0	34	
	00889820	62	
	00889860	69	
	008898b0	34	
	008898e0	22	
	00889900	184	
	008899c0	99	
	00889a30	212	
	00889b10	55	
	00889b50	17	
	00889b70	59	
	00889bb0	36	
	00889be0	22	
	00889c00	78	
	00889c50	34	
	00889c80	63	
	00889cc0	23	
	00889ce0	222	
	00889dc0	127	
	00889e40	89	
	00889ea0	34	
	00889ed0	38	
	00889f00	233	
	00889ff0	142	
	0088a080	314	
	0088a1c0	197	
	0088a290	156	
	0088a330	313	
	0088a470	111	
	0088a4e0	64	
	0088a520	56	
	0088a560	168	
	0088a610	153	
	0088a6b0	185	
	0088a770	70	
	0088a7c0	70	
	0088a810	111	
	0088a880	70	
	0088a8d0	6	
	0088a8e0	12	
	0088a8f0	28	
	0088a910	5	
	0088a920	41	
	0088a950	42	
	0088a980	290	
	0088aab0	153	
	0088ab50	30	
	0088ab70	25	
	0088ab90	20	
	0088abb0	116	
	0088ac30	30	
	0088ac50	25	
	0088ac70	20	
	0088ac90	116	
	0088ad10	177	
	0088add0	128	
	0088ae50	243	
	0088af50	12	
	0088af60	15	
	0088af70	130	
	0088b000	168	
	0088b0b0	98	
	0088b120	653	
	0088b3b0	39	
	0088b3e0	12	
	0088b3f0	40	
	0088b420	92	
	0088b480	135	
	0088b510	257	
	0088b620	34	
	0088b650	70	
	0088b6a0	86	
	0088b700	95	
	0088b760	106	
	0088b7d0	17	
	0088b7e1	119	
	0088b860	28	
	0088b880	81	
	0088b8e0	102	
	0088b950	84	
	0088b9b0	197	
	0088ba80	66	
	0088bad0	200	
	0088bba0	147	
	0088bc40	168	
	0088bcf0	1	
	0088bd00	14	
	0088bd10	1	
	0088bd20	94	
	0088bd80	239	
	0088be70	53	
	0088beb0	614	
	0088c120	84	
	0088c180	108	
	0088c1f0	109	
	0088c260	87	
	0088c2c0	57	
	0088c300	176	
	0088c3b0	134	
	0088c440	25	
	0088c460	92	
	0088c4c0	147	
	0088c560	46	
	0088c590	122	
	0088c610	70	
	0088c660	49	
	0088c6a0	19	
	0088c6c0	1	
	0088c6d0	52	
	0088c710	115	
	0088c790	223	
	0088c870	131	
	0088c900	36	
	0088c930	108	
	0088c9a0	45	
	0088c9d0	38	
	0088ca00	93	
	0088ca60	51	
	0088caa0	69	
	0088caf0	37	
	0088cb20	30	
	0088cb40	100	
	0088cbb0	544	
	0088cdd0	32	
	0088cdf0	21	
	0088ce10	150	
	0088ceb0	113	
	0088cf30	25	
	0088cf50	93	
	0088cfb0	28	
	0088cfd0	160	
	0088d070	169	
	0088d120	43	
	0088d150	357	
	0088d2c0	19	
	0088d2e0	568	
	0088d540	254	
	0088d640	154	
	0088d6e0	102	
	0088d750	305	
	0088d890	102	
	0088d900	102	
	0088d970	102	
	0088d9e0	92	
	0088da40	270	
	0088db50	163	
	0088dc00	654	
	0088de90	29	
	0088deb0	115	
	0088df30	226	
	0088e020	724	
	0088e300	138	
	0088e390	65	
	0088e3e0	155	
	0088e480	63	
	0088e4c0	66	
	0088e510	158	
	0088e5b0	171	
	0088e660	64	
	0088e6a0	73	
	0088e6f0	107	
	0088e760	104	
	0088e7d0	424	
	0088e980	55	
	0088e9c0	108	
	0088ea30	62	
	0088ea70	144	
	0088eb00	191	
	0088ebc0	152	
	0088ec60	24	
	0088ec80	24	
	0088eca0	37	
	0088ecd0	57	
	0088ed10	40	
	0088ed40	145	
	0088ede0	19	
	0088ee00	19	
	0088ee20	40	
	0088ee50	167	
	0088ef00	110	
	0088ef70	2370	
	0088f8c0	73	
	0088f910	76	
	0088f960	31	
	0088f980	43	
	0088f9b0	46	
	0088f9e0	73	
	0088fa30	36	
	0088fa60	101	
	0088fad0	57	
	0088fb10	48	
	0088fb40	88	
	0088fba0	79	
	0088fbf0	74	
	0088fc40	54	
	0088fc80	54	
	0088fcc0	60	
	0088fd00	40	
	0088fd30	87	
	0088fd90	86	
	0088fdf0	49	
	0088fe30	14	
	0088fe40	210	
	0088ff20	218	
	00890000	28	
	00890020	118	
	008900a0	45	
	008900d0	337	
	00890230	127	
	008902b0	81	
	00890310	169	
	008903c0	92	
	00890420	213	
	00890500	131	
	00890590	52	
	008905d0	506	
	008907d0	928	
	00890b70	352	
	00890cd0	40	
	00890d00	15	
	00890d10	80	
	00890d60	836	
	00891120	2832	
	00891ca0	553	
	00891f40	221	
	00892020	29	
	00892040	78	
	00892090	100	
	00892100	14	
	00892110	50	
	00892150	19	
	00892170	39	
	008921a0	43	
	008921d0	95	
	00892230	19	
	00892250	84	
	008922b0	274	
	008923d0	14	
	008923e0	19	
	00892400	1	
	00892410	143	
	008924a0	29	
	008924c0	84	
	00892520	122	
	008925a0	168	
	00892650	25	
	00892670	63	
	008926b0	54	
	008926f0	113	
	00892770	30	
	00892790	33	
	008927c0	30	
	008927e0	59	
	00892820	29	
	00892840	245	
	00892940	103	
	008929b0	123	
	00892a30	54	
	00892a70	53	
	00892ab0	218	
	00892b90	323	
	00892ce0	37	
	00892d05	79	
	00892d60	40	
	00892d88	124	
	00892e10	69	
	00892e60	33	
	00892e90	119	
	00892f10	100	
	00892f80	153	
	00893020	72	
	00893070	26	
	00893090	95	
	008930f0	28	
	00893110	54	
	00893150	554	
	00893380	89	
	008933e0	43	
	00893410	974	
	008937e0	38	
	00893810	39	
	00893840	37	
	00893870	69	
	008938c0	201	
	00893990	138	
	00893a20	37	
	00893a50	65	
	00893aa0	92	
	00893b00	37	
	00893b30	37	
	00893b60	37	
	00893b90	40	
	00893bc0	87	
	00893c20	59	
	00893c60	40	
	00893c90	97	
	00893d00	365	
	00893f30	123	
	00893fd0	103	
	00894040	473	
	00894220	199	
	008942f0	199	
	008943c0	30	
	008943e0	172	
	00894490	160	
	00894530	440	
	008946f0	218	
	008947d0	313	
	00894910	167	
	008949c0	39	
	008949f0	167	
	00894aa0	39	
	00894ad0	100	
	00894b40	268	
	00894c50	98	
	00894cc0	80	
	00894d10	446	
	00894ed0	337	
	00895030	189	
	008950f0	183	
	008951b0	143	
	00895240	303	
	00895370	160	
	00895410	135	
	008954a0	58	
	008954e0	492	
	008956d0	105	
	00895740	273	
	00895860	374	
	008959e0	281	
	00895b00	150	
	00895ba0	179	
	00895c60	122	
	00895ce0	37	
	00895d10	165	
	00895dc0	106	
	00895e30	106	
	00895ea0	106	
	00895f10	106	
	00895f80	106	
	00895ff0	106	
	00896060	1	
	00896070	23	
	00896090	277	
	008961b0	51	
	008961f0	23	
	00896210	134	
	008962a0	104	
	00896310	162	
	008963c0	404	
	00896560	28	
	00896580	34	
	008965b0	98	
	00896620	70	
	00896670	125	
	008966f0	114	
	00896770	36	
	008967a0	88	
	00896800	41	
	00896830	372	
	008969b0	59	
	008969f0	64	
	00896a30	51	
	00896a80	246	
	00896b80	565	
	00896dc0	449	
	00896f90	64	
	00896fd0	53	
	00897010	807	
	00897340	52	
	00897380	19	
	008973a0	107	
	00897410	7	
	00897420	58	
	00897480	53	
	008974c0	17	
	008974e0	85	
	00897550	84	
	008975b0	142	
	00897640	135	
	008976d0	97	
	00897740	288	
	00897860	210	
	00897940	86	
	008979a0	34	
	008979d0	136	
	00897a60	186	
	00897b20	325	
	00897c70	128	
	00897cf0	101	
	00897d60	242	
	00897e60	29	
	00897e80	147	
	00897f20	62	
	00897f60	231	
	00898050	140	
	008980e0	82	
	00898140	23	
	00898160	33	
	00898190	120	
	00898210	126	
	00898290	254	
	00898390	6	
	00898396	6	
	0089839c	6	
	008983a2	6	
	008983a8	6	
	008983ae	6	
	008983b4	6	
	008983ba	6	
	008983c0	6	
	008983c6	6	
	008983cc	6	
	008983d2	6	
	008983d8	6	
	008983de	6	
	008983e4	6	
	008983ea	6	
	008983f0	6	
	008983f6	6	
	008983fc	6	
	00898402	6	
	00898408	6	
	0089840e	6	
	00898414	6	
	0089841a	6	
	00898420	6	
	00898426	6	
	0089842c	6	
	00898432	6	
	00898438	6	
	0089843e	6	
	00898450	48	
	00898480	30	
	008984a0	7	
	008984b0	78	
	00898500	45	
	00898530	117	
	008985b0	15	
	008985c0	198	
	00898690	12	
	008986a0	12	
	008986b0	78	
	00898700	258	
	00898810	127	
	00898890	83	
	008988f0	23	
	00898910	77	
	00898960	76	
	008989b0	27	
	008989d0	48	
	00898a00	58	
	00898a40	165	
	00898af0	17	
	00898b10	61	
	00898b50	38	
	00898b80	73	
	00898bd0	102	
	00898c40	218	
	00898d20	52	
	00898d60	56	
	00898da0	30	
	00898dc0	251	
	00898ec0	90	
	00898f20	157	
	00898fc0	95	
	00899040	730	
	00899340	432	
	008994f0	49	
	00899530	74	
	00899580	97	
	008995f0	117	
	00899670	196	
	00899740	203	
	00899810	315	
	00899950	303	
	00899a80	29	
	00899aa0	161	
	00899b50	168	
	00899c00	176	
	00899cb0	104	
	00899d20	104	
	00899d90	379	
	00899f10	321	
	0089a060	154	
	0089a100	332	
	0089a250	159	
	0089a2f0	252	
	0089a3f0	55	
	0089a430	56	
	0089a470	31	
	0089a490	28	
	0089a4b0	28	
	0089a4d0	81	
	0089a530	62	
	0089a570	32	
	0089a590	60	
	0089a5d0	40	
	0089a600	19	
	0089a620	74	
	0089a670	165	
	0089a720	146	
	0089a7c0	247	
	0089a8c0	211	
	0089a9a0	184	
	0089aa60	216	
	0089ab40	188	
	0089ac00	1	
	0089ac10	42	
	0089ac40	221	
	0089ad20	19	
	0089ad40	128	
	0089adc0	182	
	0089ae80	14	
	0089ae90	12	
	0089aea0	14	
	0089aeb0	12	
	0089aec0	5	
	0089aed0	20	
	0089aef0	3	
	0089af00	1	
	0089af10	16	
	0089af20	24	
	0089af40	70	
	0089af90	34	
	0089afc0	27	
	0089afe0	135	
	0089b070	75	
	0089b0c0	169	
	0089b170	196	
	0089b240	167	
	0089b2f0	78	
	0089b340	603	
	0089b5a0	580	
	0089b7f0	483	
	0089b9e0	527	
	0089bbf0	555	
	0089be20	59	
	0089be60	368	
	0089bfd0	303	
	0089c100	389	
	0089c290	195	
	0089c360	41	
	0089c390	137	
	0089c420	36	
	0089c450	127	
	0089c4d0	215	
	0089c5b0	217	
	0089c690	231	
	0089c780	56	
	0089c7c0	381	
	0089c940	344	
	0089caa0	213	
	0089cb80	60	
	0089cbc0	70	
	0089cc10	165	
	0089ccc0	28	
	0089cce0	123	
	0089cd60	49	
	0089cda0	466	
	0089cf80	187	
	0089d040	546	
	0089d270	64	
	0089d2b0	213	
	0089d390	145	
	0089d430	451	
	0089d600	409	
	0089d7a0	441	
	0089d960	172	
	0089da10	71	
	0089da60	381	
	0089dbe0	52	
	0089dc20	464	
	0089ddf0	292	
	0089df20	381	
	0089e0a0	1	
	0089e0b0	134	
	0089e140	300	
	0089e270	92	
	0089e2d0	70	
	0089e320	167	
	0089e3d0	218	
	0089e4b0	745	
	0089e7a0	415	
	0089e940	528	
	0089eb80	221	
	0089ec60	295	
	0089ed90	174	
	0089ee40	359	
	0089efb0	103	
	0089f020	147	
	0089f0c0	1	
	0089f0d0	188	
	0089f190	461	
	0089f360	941	
	0089f710	415	
	0089f8b0	255	
	0089f9b0	458	
	0089fb80	40	
	0089fbb0	120	
	0089fc30	1016	
	008a0030	577	
	008a0280	611	
	008a04f0	6	
	008a04f6	94	
	008a0554	28	
	008a0570	105	
	008a05d9	72	
	008a0621	74	
	008a066b	47	
	008a069a	59	
	008a06d5	49	
	008a0706	38	
	008a072c	150	
	008a07c2	43	
	008a07ed	201	
	008a08b6	153	
	008a094f	159	
	008a09ee	19	
	008a0a01	92	
	008a0a5d	46	
	008a0a8b	69	
	008a0ad0	83	
	008a0b23	88	
	008a0b7b	72	
	008a0bc3	53	
	008a0bf8	71	
	008a0c3f	72	
	008a0c87	26	
	008a0ca1	28	
	008a0cbd	31	
	008a0cdc	72	
	008a0d24	87	
	008a0d7b	99	
	008a0dde	113	
	008a0e4f	34	
	008a0e71	144	
	008a0f01	16	
	008a0f11	68	
	008a0f55	219	
	008a1030	100	
	008a1094	64	
	008a10d4	67	
	008a1117	11	
	008a1122	11	
	008a112d	11	
	008a1138	11	
	008a1143	111	
	008a11b2	43	
	008a11dd	117	
	008a1252	128	
	008a12d2	77	
	008a131f	116	
	008a1393	374	
	008a1571	76	
	008a15bd	55	
	008a15f4	57	
	008a162d	37	
	008a1652	72	
	008a169a	43	
	008a16c5	118	
	008a173b	127	
	008a17ba	15	
	008a17c9	152	
	008a1861	225	
	008a1942	188	
	008a19fe	48	
	008a1a2e	109	
	008a1a9b	37	
	008a1ac0	100	
	008a1b24	121	
	008a1b9d	91	
	008a1bf8	43	
	008a1c23	94	
	008a1c81	19	
	008a1c94	63	
	008a1cd3	28	
	008a1cef	99	
	008a1d52	48	
	008a1d82	52	
	008a1db6	86	
	008a1e0c	151	
	008a1ea3	23	
	008a1eba	30	
	008a1ed8	45	
	008a1f05	48	
	008a1f35	6	
	008a1f3b	18	
	008a1f4d	92	
	008a1fa9	116	
	008a201d	176	
	008a20cd	41	
	008a20f6	136	
	008a217e	54	
	008a21b4	43	
	008a21df	101	
	008a2244	110	
	008a22b2	15	
	008a22c1	134	
	008a2347	91	
	008a23a2	43	
	008a23cd	94	
	008a242b	19	
	008a243e	364	
	008a25b0	26	
	008a25d0	56	
	008a2610	241	
	008a2710	6	
	008a2716	6	
	008a271c	6	
	008a2722	6	
	008a2728	6	
	008a272e	6	
	008a2734	6	
	008a273a	6	
	008a2740	6	
	008a2746	6	
	008a274c	6	
	008a2752	6	
	008a2758	6	
	008a275e	6	
	008a2770	211	
	008a2850	144	
	008a28e0	184	
	008a29a0	189	
	008a2a60	208	
	008a2b30	138	
	008a2bc0	175	
	008a2c70	184	
	008a2d30	315	
	008a2e70	243	
	008a2f70	301	
	008a30a0	280	
	008a31c0	353	
	008a3330	307	
	008a3470	322	
	008a35c0	298	
	008a36f0	185	
	008a37b0	324	
	008a3900	323	
	008a3a50	248	
	008a3b50	69	
	008a3ba0	288	
	008a3cc0	251	
	008a3dc0	205	
	008a3e90	246	
	008a3f90	251	
	008a4090	212	
	008a4170	147	
	008a4210	185	
	008a42d0	179	
	008a4390	195	
	008a4460	164	
	008a4510	201	
	008a45e0	189	
	008a46a0	195	
	008a4770	167	
	008a4820	201	
	008a48f0	202	
	008a49c0	425	
	008a4b70	349	
	008a4cd0	413	
	008a4e70	412	
	008a5030	6	
	008a5036	6	
	008a503c	6	
	008a5042	6	
	008a5048	6	
	008a504e	6	
	008a5060	6	
	008a5066	6	
	008a506c	6	
	008a5072	6	
	008a5078	6	
	008a507e	6	
	008a5084	6	
	008a508a	6	
	008a5090	6	
	008a5096	6	
	008a509c	6	
	008a50a2	6	
	008a50a8	6	
	008a50ae	6	
	008a50b4	6	
	008a50ba	6	
	008a50c0	6	
	008a50c6	6	
	008a50cc	6	
	008a50d2	6	
	008a50d8	6	
	008a50de	6	
	008a50e4	6	
	008a50ea	6	
	008a50f0	6	
	008a50f6	6	
	008a50fc	6	
	008a5102	6	
	008a5108	6	
	008a510e	6	
	008a5114	6	
	008a511a	6	
	008a5120	6	
	008a5126	6	
	008a512c	6	
	008a5132	6	
	008a5138	6	
	008a513e	6	
	008a5144	6	
	008a514a	6	
	008a5150	6	
	008a5156	6	
	008a515c	6	
	008a5162	6	
	008a5168	6	
	008a516e	6	
	008a5174	6	
	008a517a	6	
	008a5180	6	
	008a5186	6	
	008a518c	6	
	008a5192	6	
	008a5198	6	
	008a519e	6	
	008a51a4	6	
	008a51aa	6	
	008a51b0	6	
	008a51b6	6	
	008a51bc	6	
	008a51c2	6	
	008a51c8	6	
	008a51ce	6	
	008a51d4	6	
	008a51da	6	
	008a51e0	6	
	008a51e6	6	
	008a51ec	6	
	008a51f2	6	
	008a51f8	6	
	008a51fe	6	
	008a5204	6	
	008a520a	6	
	008a5210	6	
	008a5216	6	
	008a521c	6	
	008a5228	6	
	008a522e	6	
	008a5234	6	
	008a523a	6	
	008a5240	6	
	008a5246	6	
	008a524c	6	
	008a5252	6	
	008a5258	6	
	008a525e	6	
	008a5264	6	
	008a526a	6	
	008a5270	6	
	008a5276	6	
	008a527c	6	
	008a5282	6	
	008a5288	6	
	008a528e	6	
	008a5294	6	
	008a529a	6	
	008a52a0	6	
	008a52a6	6	
	008a52ac	6	
	008a52b2	6	
	008a52b8	6	
	008a52be	6	
	008a52c4	6	
	008a52ca	6	
	008a52d0	6	
	008a52d6	6	
	008a52dc	6	
	008a52e2	6	
	008a52e8	6	
	008a52ee	6	
	008a52f4	6	
	008a52fa	6	
	008a5300	6	
	008a5306	6	
	008a530c	6	
	008a5312	6	
	008a5318	6	
	008a531e	6	
	008a5324	6	
	008a532a	6	
	008a5330	6	
	008a5336	6	
	008a533c	6	
	008a5342	6	
	008a5348	6	
	008a534e	6	
	008a5354	6	
	008a535a	6	
	008a5360	6	
	008a5366	6	
	008a536c	6	
	008a5372	6	
	008a5378	6	
	008a537e	6	
	008a5384	6	
	008a538a	6	
	008a5390	6	
	008a5396	6	
	008a539c	6	
	008a53a2	6	
	008a53a8	6	
	008a53ae	6	
	008a53b4	6	
	008a53ba	6	
	008a53c0	6	
	008a53c6	6	
	008a53cc	6	
	008a53d2	6	
	008a53d8	6	
	008a53de	6	
	008a53e4	6	
	008a53ea	6	
	008a53f0	6	
	008a53f6	6	
	008a53fc	6	
	008a5402	6	
	008a5408	6	
	008a540e	6	
	008a5414	6	
	008a541a	6	
	008a5420	6	
	008a5426	6	
	008a542c	6	
	008a5432	6	
	008a5440	60	
	008a5480	1	
	008a5490	45	
	008a54c0	45	
	008a54f0	106	
	008a5560	35	
	008a5590	1251	
	008a5a80	6	
	008a5b00	6	
	008a5b0c	46	
	008a5b3a	223	
	008a5c19	138	
	008a5ca3	8	
	008a5cab	248	
	008a5da3	134	
	008a5e29	308	
	008a5f5d	6	
	008a5f63	104	
	008a5fcb	24	
	008a5fe3	60	
	008a6029	24	
	008a6041	22	
	008a6060	62	
	008a609e	41	
	008a60c7	64	
	008a6107	62	
	008a6145	66	
	008a6187	106	
	008a61f1	24	
	008a6209	67	
	008a624c	53	
	008a6284	120	
	008a6300	123	
	008a637b	123	
	008a63f6	55	
	008a6441	26	
	008a6460	6	
	008a6466	6	
	008a6470	10	
	008a6480	10	
	008a6490	10	
	008a64a0	10	
	008a64b0	10	
	008a64c0	10	
	008a64d0	10	
	008a64e0	10	
	008a64f0	10	
	008a6500	10	
	008a6510	10	
	008a6520	10	
	008a6530	10	
	008a6540	10	
	008a6550	10	
	008a6560	10	
	008a6570	10	
	008a6580	10	
	008a6590	10	
	008a65a0	10	
	008a65b0	11	
	008a65bb	10	
	008a65c8	8	
	008a65d0	10	
	008a65dc	8	
	008a65e4	10	
	008a65f0	8	
	008a65f8	10	
	008a6604	8	
	008a660c	10	
	008a6618	8	
	008a6620	10	
	008a662c	8	
	008a6634	10	
	008a6640	8	
	008a6648	10	
	008a6654	8	
	008a665c	10	
	008a6668	8	
	008a6670	10	
	008a667c	8	
	008a6684	10	
	008a6690	8	
	008a6698	10	
	008a66a4	8	
	008a66ac	10	
	008a66b8	8	
	008a66c0	10	
	008a66cc	11	
	008a66d7	10	
	008a66e4	8	
	008a66ec	10	
	008a66f8	10	
	008a6702	10	
	008a670c	8	
	008a6714	8	
	008a671c	8	
	008a6724	10	
	008a6730	8	
	008a6738	10	
	008a6742	10	
	008a674c	8	
	008a6754	10	
	008a6760	8	
	008a6768	10	
	008a6774	8	
	008a677c	11	
	008a6787	8	
	008a678f	10	
	008a679c	10	
	008a67a6	8	
	008a67ae	10	
	008a67b8	10	
	008a67c2	8	
	008a67ca	8	
	008a67d2	8	
	008a67da	10	
	008a67e4	10	
	008a67ee	8	
	008a67f6	8	
	008a67fe	8	
	008a6806	10	
	008a6810	10	
	008a681a	10	
	008a6824	8	
	008a682c	8	
	008a6834	10	
	008a683e	23	
	008a6855	10	
	008a6860	8	
	008a6868	10	
	008a6872	8	
	008a687a	10	
	008a6884	8	
	008a688c	8	
	008a6894	10	
	008a68a0	8	
	008a68a8	11	
	008a68b3	8	
	008a68bb	8	
	008a68c3	8	
	008a68cb	10	
	008a68d8	8	
	008a68e0	10	
	008a68ec	8	
	008a68f4	11	
	008a68ff	11	
	008a690a	11	
	008a6915	10	
	008a6920	8	
	008a6928	11	
	008a6933	11	
	008a693e	11	
	008a6949	10	
	008a6954	8	
	008a695c	11	
	008a6967	11	
	008a6972	10	
	008a697c	8	
	008a6984	10	
	008a6990	8	
	008a6998	8	
	008a69a0	10	
	008a69ac	8	
	008a69b4	10	
	008a69be	8	
	008a69c6	10	
	008a69d0	8	
	008a69d8	10	
	008a69e2	8	
	008a69ea	10	
	008a69f4	8	
	008a69fc	10	
	008a6a06	10	
	008a6a10	8	
	008a6a18	10	
	008a6a24	16	
	008a6a34	16	
	008a6a44	16	
	008a6a54	16	
	008a6a64	16	
	008a6a74	16	
	008a6a84	16	
	008a6a94	10	
	008a6aa0	26	
	008a6aba	10	
	008a6ac4	26	
	008a6ade	10	
	008a6ae8	16	
	008a6af8	16	
	008a6b08	16	
	008a6b18	16	
	008a6b28	16	
	008a6b38	16	
	008a6b48	16	
	008a6b58	10	
	008a6b64	26	
	008a6b7e	10	
	008a6b88	26	
	008a6ba2	10	
	008a6bac	26	
	008a6bc6	10	
	008a6bd0	26	
	008a6bea	10	
	008a6bf4	11	
	008a6bff	8	
	008a6c07	11	
	008a6c12	10	
	008a6c1c	8	
	008a6c24	11	
	008a6c2f	10	
	008a6c3c	8	
	008a6c44	10	
	008a6c4e	8	
	008a6c56	10	
	008a6c60	8	
	008a6c68	10	
	008a6c72	10	
	008a6c7c	10	
	008a6c86	8	
	008a6c8e	10	
	008a6c98	8	
	008a6ca0	11	
	008a6cab	10	
	008a6cb8	8	
	008a6cc0	10	
	008a6ccc	8	
	008a6cd4	8	
	008a6cdc	8	
	008a6ce4	8	
	008a6cec	8	
	008a6cf4	10	
	008a6d00	8	
	008a6d08	10	
	008a6d14	8	
	008a6d1c	10	
	008a6d28	8	
	008a6d30	10	
	008a6d3c	8	
	008a6d44	10	
	008a6d50	8	
	008a6d58	10	
	008a6d64	8	
	008a6d6c	10	
	008a6d78	8	
	008a6d80	10	
	008a6d8c	8	
	008a6d94	10	
	008a6da0	8	
	008a6da8	8	
	008a6db0	8	
	008a6db8	8	
	008a6dc0	10	
	008a6dcc	8	
	008a6dd4	23	
	008a6deb	10	
	008a6df8	8	
	008a6e00	8	
	008a6e08	10	
	008a6e14	8	
	008a6e1c	10	
	008a6e28	8	
	008a6e30	10	
	008a6e3c	8	
	008a6e44	8	
	008a6e4c	10	
	008a6e58	8	
	008a6e60	8	
	008a6e68	10	
	008a6e74	8	
	008a6e7c	10	
	008a6e88	8	
	008a6e90	8	
	008a6e98	10	
	008a6ea4	8	
	008a6eac	8	
	008a6eb4	8	
	008a6ebc	8	
	008a6ec4	8	
	008a6ecc	11	
	008a6ed7	8	
	008a6edf	11	
	008a6eea	11	
	008a6ef5	11	
	008a6f00	11	
	008a6f0b	11	
	008a6f16	11	
	008a6f21	8	
	008a6f29	23	
	008a6f40	10	
	008a6f4c	8	
	008a6f54	8	
	008a6f5c	8	
	008a6f64	11	
	008a6f6f	8	
	008a6f77	8	
	008a6f7f	8	
	008a6f87	11	
	008a6f92	8	
	008a6f9a	10	
	008a6fa4	8	
	008a6fac	10	
	008a6fb8	8	
	008a6fc0	10	
	008a6fca	10	
	008a6fd4	8	
	008a6fdc	10	
	008a6fe6	8	
	008a6fee	10	
	008a6ff8	8	
	008a7000	10	
	008a700a	8	
	008a7012	10	
	008a701c	8	
	008a7024	10	
	008a702e	10	
	008a7038	8	
	008a7040	10	
	008a704a	10	
	008a7054	8	
	008a705c	10	
	008a7066	10	
	008a7070	8	
	008a7078	10	
	008a7082	8	
	008a708a	10	
	008a7094	8	
	008a709c	10	
	008a70a6	8	
	008a70ae	10	
	008a70b8	8	
	008a70c0	10	
	008a70ca	10	
	008a70d4	8	
	008a70dc	10	
	008a70e6	10	
	008a70f0	8	
	008a70f8	10	
	008a7102	10	
	008a710c	8	
	008a7114	10	
	008a711e	10	
	008a7128	8	
	008a7130	10	
	008a713a	10	
	008a7144	8	
	008a714c	10	
	008a7158	8	
	008a7160	10	
	008a716c	8	
	008a7174	10	
	008a7180	8	
	008a7188	11	
	008a7193	10	
	008a71a0	8	
	008a71a8	8	
	008a71b0	10	
	008a71bc	8	
	008a71c4	10	
	008a71d0	8	
	008a71d8	8	
	008a71e0	10	
	008a71ec	8	
	008a71f4	8	
	008a71fc	10	
	008a7208	8	
	008a7210	10	
	008a721c	8	
	008a7224	10	
	008a7230	8	
	008a7238	10	
	008a7244	8	
	008a724c	10	
	008a7258	8	
	008a7260	10	
	008a726c	8	
	008a7274	10	
	008a7280	8	
	008a7288	10	
	008a7294	8	
	008a729c	10	
	008a72a8	8	
	008a72b0	10	
	008a72bc	8	
	008a72c4	10	
	008a72d0	8	
	008a72d8	10	
	008a72e4	8	
	008a72ec	10	
	008a72f8	8	
	008a7300	10	
	008a730c	8	
	008a7314	8	
	008a731c	10	
	008a7328	8	
	008a7330	10	
	008a733c	8	
	008a7344	10	
	008a7350	8	
	008a7358	10	
	008a7364	8	
	008a736c	10	
	008a7378	8	
	008a7380	10	
	008a738c	8	
	008a7394	10	
	008a73a0	8	
	008a73a8	10	
	008a73b4	8	
	008a73bc	10	
	008a73c8	8	
	008a73d0	10	
	008a73dc	8	
	008a73e4	10	
	008a73f0	8	
	008a73f8	10	
	008a7404	8	
	008a740c	10	
	008a7418	8	
	008a7420	10	
	008a742c	8	
	008a7434	10	
	008a743e	8	
	008a7446	10	
	008a7450	10	
	008a745a	10	
	008a7464	8	
	008a746c	10	
	008a7476	8	
	008a747e	11	
	008a7489	10	
	008a7494	8	
	008a749c	23	
	008a74b3	10	
	008a74c0	8	
	008a74c8	8	
	008a74d0	10	
	008a74dc	8	
	008a74e4	10	
	008a74f0	8	
	008a74f8	10	
	008a7504	8	
	008a750c	8	
	008a7514	10	
	008a7520	8	
	008a7528	10	
	008a7534	8	
	008a753c	8	
	008a7544	8	
	008a754c	8	
	008a7554	8	
	008a755c	11	
	008a7567	8	
	008a756f	11	
	008a757a	11	
	008a7585	11	
	008a7590	11	
	008a759b	11	
	008a75a6	11	
	008a75b1	8	
	008a75b9	10	
	008a75c4	8	
	008a75cc	8	
	008a75d4	8	
	008a75dc	11	
	008a75e7	8	
	008a75ef	8	
	008a75f7	8	
	008a75ff	11	
	008a760a	8	
	008a7612	10	
	008a761c	8	
	008a7624	10	
	008a7630	8	
	008a7638	10	
	008a7642	10	
	008a764c	8	
	008a7654	10	
	008a765e	10	
	008a7668	8	
	008a7670	10	
	008a767a	8	
	008a7682	10	
	008a768c	8	
	008a7694	10	
	008a769e	8	
	008a76a6	10	
	008a76b0	8	
	008a76b8	10	
	008a76c2	10	
	008a76cc	8	
	008a76d4	10	
	008a76de	10	
	008a76e8	8	
	008a76f0	10	
	008a76fa	10	
	008a7704	8	
	008a770c	10	
	008a7716	10	
	008a7720	8	
	008a7728	10	
	008a7734	8	
	008a773c	8	
	008a7744	10	
	008a7750	8	
	008a7758	8	
	008a7760	10	
	008a776c	8	
	008a7774	11	
	008a777f	10	
	008a778c	8	
	008a7794	10	
	008a77a0	8	
	008a77a8	10	
	008a77b4	8	
	008a77bc	10	
	008a77c8	8	
	008a77d0	10	
	008a77dc	8	
	008a77e4	10	
	008a77f0	8	
	008a77f8	10	
	008a7804	8	
	008a780c	10	
	008a7818	8	
	008a7820	10	
	008a782c	8	
	008a7834	8	
	008a783c	10	
	008a7848	8	
	008a7850	10	
	008a785c	8	
	008a7864	10	
	008a7870	8	
	008a7878	10	
	008a7884	8	
	008a788c	10	
	008a7898	8	
	008a78a0	10	
	008a78ac	8	
	008a78b4	10	
	008a78c0	8	
	008a78c8	10	
	008a78d4	8	
	008a78dc	10	
	008a78f0	11	
	008a78fb	10	
	008a7910	11	
	008a791b	10	
	008a7930	11	
	008a793b	10	
008a7950	007be280	1	
	008a7950	11	
	008a795b	10	
	008a7970	11	
	008a797b	10	
	008a7990	23	
	008a79a7	10	
	008a79c0	11	
	008a79cb	10	
008a79e0	007e1010	1	
	008a79e0	11	
	008a79eb	10	
	008a7a00	20	
	008a7a14	10	
	008a7a20	8	
	008a7a28	10	
	008a7a40	23	
	008a7a57	10	
	008a7a70	23	
	008a7a87	10	
	008a7aa0	23	
	008a7ab7	23	
	008a7ace	10	
	008a7ae0	11	
	008a7aeb	10	
	008a7b00	11	
	008a7b0b	10	
	008a7b20	23	
	008a7b37	23	
	008a7b4e	10	
	008a7b60	11	
	008a7b6b	10	
	008a7b80	23	
	008a7b97	23	
	008a7bae	10	
	008a7bc0	11	
	008a7bcb	10	
	008a7be0	8	
	008a7be8	10	
	008a7c00	8	
	008a7c08	10	
	008a7c20	8	
	008a7c28	10	
	008a7c40	8	
	008a7c48	8	
	008a7c50	10	
	008a7c60	8	
	008a7c68	8	
	008a7c70	10	
	008a7c80	8	
	008a7c88	8	
	008a7c90	8	
	008a7c98	10	
	008a7cb0	8	
	008a7cb8	10	
	008a7cd0	8	
	008a7cd8	10	
	008a7cf0	17	
	008a7d01	17	
	008a7d12	10	
	008a7d20	11	
	008a7d2b	10	
	008a7d40	11	
	008a7d4b	10	
	008a7d60	11	
	008a7d6b	10	
	008a7d80	8	
	008a7d88	10	
	008a7da0	8	
	008a7da8	10	
	008a7dc0	8	
	008a7dc8	10	
	008a7de0	11	
	008a7deb	11	
	008a7df6	11	
	008a7e01	10	
	008a7e10	8	
	008a7e18	10	
	008a7e30	11	
	008a7e3b	11	
	008a7e46	11	
	008a7e51	10	
	008a7e60	11	
	008a7e6b	11	
	008a7e76	11	
	008a7e81	11	
	008a7e8c	11	
	008a7e97	11	
	008a7ea2	11	
	008a7ead	11	
	008a7eb8	11	
	008a7ec3	10	
	008a7ed0	8	
	008a7ed8	10	
	008a7ef0	8	
	008a7ef8	10	
	008a7f10	8	
	008a7f18	8	
	008a7f20	10	
	008a7f30	8	
	008a7f38	8	
	008a7f40	10	
	008a7f50	8	
	008a7f58	10	
	008a7f70	8	
	008a7f78	8	
	008a7f80	10	
	008a7f90	11	
	008a7f9b	11	
	008a7fa6	10	
	008a7fb0	11	
	008a7fbb	10	
	008a7fd0	11	
	008a7fdb	10	
	008a7ff0	11	
	008a7ffb	11	
	008a8006	10	
	008a8010	11	
	008a801b	11	
	008a8026	11	
	008a8031	11	
	008a803c	10	
	008a8050	11	
	008a805b	10	
	008a8070	11	
	008a807b	14	
	008a8089	10	
	008a80a0	14	
	008a80ae	14	
	008a80bc	10	
	008a80d0	8	
	008a80d8	10	
	008a80f0	11	
	008a80fb	11	
	008a8106	11	
	008a8111	10	
	008a8120	11	
	008a812b	11	
	008a8136	11	
	008a8141	10	
	008a8150	11	
	008a815b	10	
	008a8170	11	
	008a817b	10	
	008a8190	11	
	008a819b	10	
	008a81b0	11	
	008a81bb	10	
	008a81d0	11	
	008a81db	10	
	008a81f0	11	
	008a81fb	10	
	008a8210	11	
	008a821b	10	
	008a8230	11	
	008a823b	10	
	008a8250	11	
	008a825b	11	
	008a8266	10	
	008a8270	8	
	008a8278	14	
	008a8286	10	
	008a8290	11	
	008a829b	11	
	008a82a6	11	
	008a82b1	11	
	008a82bc	11	
	008a82c7	11	
	008a82d2	11	
	008a82dd	11	
	008a82e8	11	
	008a82f3	10	
	008a8300	11	
	008a830b	11	
	008a8316	11	
	008a8321	11	
	008a832c	11	
	008a8337	11	
	008a8342	11	
	008a834d	11	
	008a8358	11	
	008a8363	11	
	008a836e	10	
	008a8380	8	
	008a8388	14	
	008a8396	14	
	008a83a4	14	
	008a83b2	14	
	008a83c0	10	
	008a83d0	11	
	008a83db	10	
	008a83f0	25	
	008a8409	10	
	008a8420	25	
	008a8439	10	
	008a8450	14	
	008a845e	14	
	008a846c	14	
008a847a	0087f350	1	
	008a847a	14	
	008a8488	10	
	008a84a0	14	
	008a84ae	14	
	008a84bc	14	
	008a84ca	14	
	008a84d8	10	
	008a84f0	11	
	008a84fb	11	
	008a8506	10	
	008a8510	11	
	008a851b	11	
	008a8526	11	
	008a8531	11	
	008a853c	11	
	008a8547	10	
	008a8560	14	
	008a856e	11	
	008a8579	10	
	008a8590	11	
	008a859b	10	
	008a85b0	11	
	008a85bb	11	
	008a85c6	10	
008a85d0	0087f060	1	
	008a85d0	11	
	008a85db	11	
	008a85e6	10	
	008a85f0	11	
	008a85fb	11	
	008a8606	10	
008a8610	0087f3d0	1	
	008a8610	8	
	008a8618	10	
	008a8630	11	
	008a863b	10	
	008a8648	26	
	008a8662	10	
	008a866c	10	
	008a8678	26	
	008a8692	10	
	008a869c	11	
	008a86a7	10	
	008a86b4	26	
	008a86ce	10	
	008a86d8	10	
	008a86e4	26	
	008a86fe	10	
	008a8708	10	
	008a8714	8	
	008a871c	10	
	008a8728	8	
	008a8730	10	
	008a873c	26	
	008a8756	11	
	008a8761	10	
	008a876c	26	
	008a8786	11	
	008a8791	10	
	008a879c	26	
	008a87b6	11	
	008a87c1	10	
	008a87cc	11	
	008a87d7	10	
	008a87e4	26	
	008a87fe	10	
	008a8808	26	
	008a8822	10	
	008a882c	8	
	008a8834	10	
	008a8840	26	
	008a885a	10	
	008a8864	26	
	008a887e	10	
	008a8888	26	
	008a88a2	10	
	008a88ac	26	
	008a88c6	10	
	008a88d0	8	
	008a88d8	10	
	008a88e4	26	
	008a88fe	10	
	008a8908	26	
	008a8922	10	
	008a8930	11	
	008a893b	10	
	008a8945	24	
	00fc1285	30	
